1 0.815621 0.979412 0.814341 0.982353 0.811780 0.982353 0.810499 0.985294 0.809219 0.982353 0.809219 0.991176 0.810499 0.994118 0.810499 0.997059 0.810499 0.994118 0.809219 0.991176 0.809219 0.988235 0.810499 0.985294 0.811780 0.985294 0.813060 0.988235 0.814341 0.988235 0.816901 0.994118 0.819462 0.994118 0.820743 0.997059 0.850192 0.997059 0.847631 0.997059 0.846351 0.994118 0.843790 0.994118 0.842510 0.991176 0.841229 0.991176 0.839949 0.988235 0.836108 0.988235 0.834827 0.985294 0.828425 0.985294 0.827145 0.982353 0.818182 0.982353 0.816901 0.979412
1 0.078105 0.958824 0.076825 0.961765 0.074264 0.961765 0.072983 0.964706 0.067862 0.964706 0.067862 0.973529 0.066581 0.976471 0.066581 0.979412 0.067862 0.976471 0.069142 0.979412 0.067862 0.976471 0.069142 0.973529 0.071703 0.973529 0.072983 0.970588 0.075544 0.970588 0.076825 0.967647 0.078105 0.967647 0.079385 0.964706 0.079385 0.961765 0.080666 0.958824
1 0.115237 0.938235 0.113956 0.941176 0.111396 0.941176 0.111396 0.944118 0.110115 0.947059 0.108835 0.944118 0.108835 0.941176 0.107554 0.944118 0.103713 0.944118 0.102433 0.947059 0.102433 0.950000 0.104994 0.950000 0.106274 0.947059 0.107554 0.947059 0.108835 0.944118 0.110115 0.947059 0.111396 0.944118 0.113956 0.944118 0.115237 0.941176
1 0.533931 0.914706 0.533931 0.920588 0.532650 0.923529 0.532650 0.929412 0.531370 0.932353 0.531370 0.941176 0.530090 0.944118 0.530090 0.950000 0.528809 0.952941 0.528809 0.958824 0.527529 0.961765 0.527529 0.967647 0.526248 0.970588 0.526248 0.982353 0.524968 0.985294 0.524968 0.997059 0.531370 0.997059 0.532650 0.994118 0.532650 0.961765 0.533931 0.958824 0.533931 0.955882 0.532650 0.952941 0.533931 0.950000
1 0.070423 0.914706 0.070423 0.929412 0.069142 0.932353 0.069142 0.947059 0.067862 0.950000 0.067862 0.958824 0.069142 0.955882 0.070423 0.955882 0.072983 0.950000 0.074264 0.950000 0.075544 0.947059 0.076825 0.947059 0.079385 0.941176 0.080666 0.941176 0.080666 0.938235 0.079385 0.935294 0.079385 0.932353 0.078105 0.929412 0.079385 0.932353 0.078105 0.935294 0.076825 0.935294 0.075544 0.938235 0.074264 0.935294 0.074264 0.926471 0.071703 0.920588 0.071703 0.917647
1 0.174136 0.911765 0.174136 0.929412 0.175416 0.932353 0.175416 0.950000 0.176697 0.952941 0.176697 0.964706 0.177977 0.967647 0.177977 0.982353 0.179257 0.985294 0.179257 0.997059 0.183099 0.997059 0.181818 0.994118 0.181818 0.979412 0.180538 0.976471 0.180538 0.967647 0.179257 0.964706 0.179257 0.955882 0.177977 0.952941 0.177977 0.944118 0.176697 0.941176 0.176697 0.932353 0.175416 0.929412 0.175416 0.923529 0.174136 0.920588
1 0.414853 0.864706 0.414853 0.873529 0.413572 0.876471 0.412292 0.873529 0.411012 0.873529 0.409731 0.870588 0.408451 0.870588 0.407170 0.867647 0.408451 0.870588 0.408451 0.876471 0.409731 0.879412 0.409731 0.882353 0.408451 0.885294 0.405890 0.885294 0.404609 0.882353 0.407170 0.888235 0.407170 0.891176 0.405890 0.894118 0.404609 0.894118 0.403329 0.891176 0.402049 0.891176 0.403329 0.894118 0.403329 0.897059 0.404609 0.897059 0.405890 0.900000 0.403329 0.905882 0.402049 0.905882 0.400768 0.902941 0.398207 0.902941 0.400768 0.908824 0.400768 0.917647 0.399488 0.920588 0.395647 0.920588 0.394366 0.917647 0.399488 0.929412 0.398207 0.932353 0.399488 0.935294 0.399488 0.938235 0.398207 0.941176 0.396927 0.941176 0.395647 0.938235 0.393086 0.938235 0.393086 0.944118 0.389245 0.952941 0.387964 0.952941 0.386684 0.950000 0.386684 0.935294 0.385403 0.935294 0.384123 0.932353 0.384123 0.935294 0.382843 0.938235 0.381562 0.938235 0.379001 0.932353 0.380282 0.935294 0.380282 0.938235 0.381562 0.941176 0.381562 0.947059 0.379001 0.952941 0.377721 0.952941 0.380282 0.958824 0.382843 0.958824 0.384123 0.961765 0.384123 0.967647 0.382843 0.970588 0.386684 0.961765 0.387964 0.961765 0.389245 0.964706 0.389245 0.973529 0.387964 0.976471 0.389245 0.973529 0.389245 0.970588 0.390525 0.967647 0.391805 0.970588 0.394366 0.970588 0.395647 0.973529 0.395647 0.976471 0.394366 0.979412 0.394366 0.982353 0.393086 0.985294 0.393086 0.991176 0.391805 0.994118 0.391805 0.997059 0.391805 0.994118 0.393086 0.991176 0.393086 0.985294 0.394366 0.982353 0.394366 0.979412 0.395647 0.976471 0.396927 0.979412 0.399488 0.973529 0.400768 0.976471 0.400768 0.982353 0.402049 0.985294 0.402049 0.988235 0.400768 0.991176 0.402049 0.988235 0.403329 0.988235 0.403329 0.979412 0.404609 0.976471 0.405890 0.976471 0.407170 0.979412 0.407170 0.985294 0.407170 0.982353 0.408451 0.979412 0.408451 0.958824 0.409731 0.955882 0.411012 0.958824 0.411012 0.964706 0.412292 0.967647 0.411012 0.970588 0.411012 0.979412 0.412292 0.979412 0.413572 0.982353 0.413572 0.976471 0.416133 0.970588 0.417414 0.970588 0.418694 0.973529 0.418694 0.970588 0.417414 0.967647 0.417414 0.964706 0.418694 0.961765 0.419974 0.961765 0.418694 0.961765 0.417414 0.958824 0.418694 0.955882 0.419974 0.955882 0.421255 0.952941 0.423816 0.952941 0.425096 0.950000 0.421255 0.950000 0.419974 0.952941 0.418694 0.950000 0.417414 0.950000 0.416133 0.947059 0.417414 0.944118 0.416133 0.947059 0.414853 0.944118 0.414853 0.935294 0.413572 0.932353 0.413572 0.929412 0.414853 0.926471 0.416133 0.926471 0.414853 0.926471 0.413572 0.923529 0.412292 0.923529 0.411012 0.920588 0.411012 0.917647 0.412292 0.914706 0.414853 0.914706 0.414853 0.911765 0.416133 0.908824 0.417414 0.908824 0.416133 0.905882 0.417414 0.902941 0.418694 0.902941 0.417414 0.900000 0.416133 0.900000 0.414853 0.897059 0.414853 0.894118 0.416133 0.891176 0.421255 0.891176 0.418694 0.891176 0.417414 0.888235 0.419974 0.882353 0.421255 0.882353 0.419974 0.882353 0.417414 0.876471 0.417414 0.873529 0.418694 0.870588 0.418694 0.867647 0.417414 0.870588 0.416133 0.870588 0.414853 0.867647
1 0.454545 0.844118 0.453265 0.847059 0.451985 0.847059 0.450704 0.850000 0.451985 0.852941 0.450704 0.855882 0.450704 0.864706 0.449424 0.867647 0.450704 0.870588 0.450704 0.873529 0.449424 0.876471 0.449424 0.879412 0.450704 0.882353 0.450704 0.885294 0.451985 0.888235 0.453265 0.888235 0.454545 0.885294 0.455826 0.885294 0.455826 0.882353 0.457106 0.879412 0.455826 0.876471 0.457106 0.873529 0.458387 0.873529 0.458387 0.864706 0.457106 0.861765 0.457106 0.858824 0.458387 0.855882 0.457106 0.852941 0.458387 0.850000 0.455826 0.844118
1 0.034571 0.844118 0.030730 0.852941 0.029449 0.850000 0.028169 0.850000 0.028169 0.852941 0.025608 0.858824 0.024328 0.855882 0.024328 0.858824 0.023047 0.861765 0.021767 0.861765 0.020487 0.858824 0.019206 0.861765 0.016645 0.855882 0.014085 0.861765 0.014085 0.864706 0.011524 0.870588 0.011524 0.876471 0.008963 0.882353 0.008963 0.885294 0.011524 0.885294 0.012804 0.888235 0.011524 0.891176 0.010243 0.891176 0.015365 0.891176 0.016645 0.894118 0.014085 0.900000 0.015365 0.900000 0.016645 0.897059 0.017926 0.897059 0.019206 0.900000 0.019206 0.902941 0.020487 0.905882 0.017926 0.911765 0.016645 0.911765 0.017926 0.914706 0.015365 0.920588 0.014085 0.917647 0.012804 0.917647 0.012804 0.920588 0.011524 0.923529 0.010243 0.923529 0.008963 0.920588 0.007682 0.920588 0.006402 0.923529 0.005122 0.920588 0.005122 0.923529 0.003841 0.926471 0.001280 0.926471 0.000000 0.929412 0.000000 0.941176 0.001280 0.938235 0.002561 0.938235 0.003841 0.941176 0.002561 0.944118 0.007682 0.932353 0.010243 0.932353 0.011524 0.935294 0.011524 0.938235 0.012804 0.938235 0.012804 0.935294 0.015365 0.929412 0.016645 0.929412 0.017926 0.932353 0.017926 0.938235 0.014085 0.947059 0.007682 0.947059 0.010243 0.947059 0.011524 0.950000 0.011524 0.952941 0.010243 0.955882 0.008963 0.955882 0.010243 0.955882 0.011524 0.952941 0.012804 0.955882 0.014085 0.955882 0.015365 0.958824 0.015365 0.961765 0.015365 0.958824 0.016645 0.955882 0.016645 0.947059 0.017926 0.944118 0.016645 0.941176 0.017926 0.938235 0.017926 0.935294 0.019206 0.932353 0.019206 0.923529 0.021767 0.917647 0.023047 0.920588 0.024328 0.920588 0.025608 0.923529 0.026889 0.923529 0.030730 0.932353 0.030730 0.935294 0.032010 0.935294 0.033291 0.938235 0.033291 0.941176 0.035851 0.947059 0.035851 0.952941 0.033291 0.958824 0.030730 0.952941 0.030730 0.947059 0.029449 0.947059 0.025608 0.955882 0.024328 0.955882 0.023047 0.952941 0.023047 0.947059 0.025608 0.941176 0.026889 0.944118 0.025608 0.941176 0.025608 0.938235 0.023047 0.938235 0.021767 0.941176 0.023047 0.944118 0.021767 0.947059 0.021767 0.961765 0.023047 0.964706 0.024328 0.961765 0.024328 0.958824 0.028169 0.950000 0.029449 0.952941 0.029449 0.955882 0.026889 0.961765 0.026889 0.964706 0.025608 0.967647 0.025608 0.970588 0.023047 0.976471 0.026889 0.976471 0.029449 0.982353 0.028169 0.985294 0.028169 0.988235 0.026889 0.991176 0.025608 0.988235 0.024328 0.988235 0.025608 0.991176 0.024328 0.994118 0.023047 0.994118 0.023047 0.997059 0.026889 0.997059 0.026889 0.991176 0.029449 0.985294 0.030730 0.988235 0.030730 0.994118 0.030730 0.991176 0.033291 0.985294 0.034571 0.988235 0.035851 0.988235 0.037132 0.991176 0.037132 0.988235 0.035851 0.985294 0.037132 0.982353 0.037132 0.979412 0.038412 0.976471 0.038412 0.970588 0.039693 0.967647 0.039693 0.958824 0.040973 0.955882 0.040973 0.938235 0.038412 0.932353 0.038412 0.929412 0.035851 0.923529 0.035851 0.920588 0.037132 0.917647 0.042254 0.917647 0.042254 0.914706 0.043534 0.911765 0.044814 0.911765 0.044814 0.894118 0.046095 0.891176 0.046095 0.885294 0.047375 0.882353 0.047375 0.879412 0.044814 0.885294 0.043534 0.885294 0.042254 0.882353 0.039693 0.888235 0.038412 0.888235 0.038412 0.891176 0.039693 0.894118 0.037132 0.900000 0.035851 0.900000 0.033291 0.894118 0.028169 0.894118 0.026889 0.891176 0.028169 0.888235 0.029449 0.888235 0.030730 0.885294 0.029449 0.885294 0.028169 0.882353 0.028169 0.879412 0.026889 0.879412 0.025608 0.882353 0.021767 0.873529 0.024328 0.867647 0.025608 0.870588 0.028169 0.870588 0.030730 0.864706 0.032010 0.864706 0.033291 0.867647 0.032010 0.864706 0.032010 0.861765 0.033291 0.858824 0.037132 0.858824 0.038412 0.861765 0.037132 0.858824 0.038412 0.855882 0.040973 0.855882 0.039693 0.855882 0.038412 0.852941 0.040973 0.847059 0.042254 0.847059 0.040973 0.847059 0.039693 0.850000 0.037132 0.850000 0.035851 0.852941 0.034571 0.850000
1 0.000000 0.820588 0.001280 0.823529 0.000000 0.826471 0.000000 0.852941 0.000000 0.850000 0.003841 0.841176 0.003841 0.835294 0.005122 0.832353 0.005122 0.829412 0.003841 0.826471 0.005122 0.823529 0.003841 0.826471 0.002561 0.826471
1 0.687580 0.814706 0.687580 0.817647 0.686300 0.820588 0.687580 0.823529 0.687580 0.826471 0.686300 0.829412 0.685019 0.829412 0.687580 0.835294 0.686300 0.838235 0.683739 0.838235 0.685019 0.838235 0.686300 0.841176 0.686300 0.844118 0.683739 0.850000 0.682458 0.847059 0.682458 0.844118 0.681178 0.847059 0.683739 0.852941 0.685019 0.852941 0.686300 0.855882 0.686300 0.864706 0.685019 0.867647 0.683739 0.864706 0.682458 0.867647 0.683739 0.867647 0.687580 0.876471 0.687580 0.879412 0.686300 0.882353 0.687580 0.882353 0.688860 0.879412 0.690141 0.882353 0.690141 0.888235 0.692702 0.882353 0.692702 0.879412 0.693982 0.876471 0.695262 0.876471 0.696543 0.879412 0.695262 0.882353 0.695262 0.888235 0.696543 0.885294 0.696543 0.879412 0.697823 0.876471 0.699104 0.879412 0.696543 0.873529 0.697823 0.870588 0.700384 0.870588 0.701665 0.873529 0.700384 0.870588 0.702945 0.864706 0.702945 0.861765 0.701665 0.864706 0.700384 0.864706 0.699104 0.861765 0.697823 0.864706 0.695262 0.858824 0.695262 0.855882 0.696543 0.852941 0.697823 0.852941 0.695262 0.852941 0.693982 0.850000 0.693982 0.847059 0.695262 0.844118 0.692702 0.844118 0.691421 0.841176 0.692702 0.838235 0.693982 0.838235 0.692702 0.838235 0.691421 0.835294 0.693982 0.829412 0.692702 0.832353 0.691421 0.832353 0.690141 0.829412 0.691421 0.826471 0.690141 0.826471 0.688860 0.823529 0.688860 0.820588 0.690141 0.817647 0.690141 0.814706 0.688860 0.817647
1 0.987196 0.794118 0.987196 0.797059 0.988476 0.797059 0.989757 0.800000 0.991037 0.800000 0.992318 0.802941 0.994878 0.802941 0.996159 0.805882 0.997439 0.805882 0.998720 0.808824 0.997439 0.811765 0.996159 0.811765 0.998720 0.811765 0.998720 0.800000 0.994878 0.800000 0.993598 0.797059 0.988476 0.797059
1 0.098592 0.779412 0.099872 0.782353 0.099872 0.788235 0.098592 0.791176 0.096031 0.791176 0.094750 0.788235 0.092190 0.794118 0.093470 0.797059 0.092190 0.800000 0.087068 0.800000 0.088348 0.802941 0.087068 0.805882 0.081946 0.805882 0.085787 0.805882 0.087068 0.808824 0.085787 0.811765 0.085787 0.814706 0.084507 0.817647 0.085787 0.814706 0.087068 0.814706 0.085787 0.811765 0.087068 0.808824 0.088348 0.808824 0.089629 0.811765 0.090909 0.811765 0.092190 0.814706 0.092190 0.820588 0.090909 0.823529 0.090909 0.826471 0.085787 0.838235 0.085787 0.841176 0.084507 0.844118 0.084507 0.847059 0.085787 0.844118 0.090909 0.844118 0.092190 0.847059 0.092190 0.850000 0.089629 0.855882 0.092190 0.850000 0.093470 0.852941 0.093470 0.855882 0.093470 0.852941 0.094750 0.850000 0.096031 0.852941 0.096031 0.855882 0.097311 0.855882 0.098592 0.858824 0.099872 0.858824 0.102433 0.852941 0.104994 0.852941 0.106274 0.855882 0.104994 0.852941 0.104994 0.850000 0.106274 0.847059 0.107554 0.850000 0.106274 0.847059 0.106274 0.841176 0.107554 0.838235 0.108835 0.838235 0.107554 0.838235 0.106274 0.841176 0.104994 0.841176 0.103713 0.838235 0.103713 0.835294 0.102433 0.838235 0.097311 0.838235 0.094750 0.832353 0.096031 0.829412 0.101152 0.829412 0.099872 0.826471 0.101152 0.823529 0.102433 0.823529 0.099872 0.823529 0.097311 0.817647 0.098592 0.814706 0.101152 0.814706 0.098592 0.814706 0.097311 0.811765 0.097311 0.808824 0.099872 0.802941 0.101152 0.802941 0.104994 0.794118 0.103713 0.794118 0.102433 0.791176 0.102433 0.788235 0.103713 0.785294 0.104994 0.785294 0.103713 0.782353 0.104994 0.779412 0.103713 0.779412 0.102433 0.782353 0.101152 0.782353 0.099872 0.779412
1 0.266325 0.750000 0.267606 0.752941 0.266325 0.755882 0.267606 0.758824 0.266325 0.761765 0.266325 0.764706 0.267606 0.764706 0.268886 0.761765 0.270166 0.764706 0.270166 0.767647 0.268886 0.770588 0.268886 0.776471 0.268886 0.773529 0.270166 0.770588 0.271447 0.773529 0.272727 0.770588 0.274008 0.770588 0.275288 0.767647 0.274008 0.767647 0.272727 0.770588 0.271447 0.767647 0.271447 0.764706 0.270166 0.764706 0.268886 0.761765 0.268886 0.752941 0.267606 0.750000
1 0.444302 0.697059 0.444302 0.702941 0.445583 0.705882 0.445583 0.711765 0.446863 0.714706 0.446863 0.723529 0.448143 0.726471 0.446863 0.729412 0.448143 0.732353 0.448143 0.735294 0.449424 0.738235 0.449424 0.744118 0.450704 0.747059 0.450704 0.752941 0.451985 0.755882 0.451985 0.767647 0.453265 0.770588 0.453265 0.776471 0.454545 0.779412 0.454545 0.788235 0.455826 0.791176 0.455826 0.802941 0.457106 0.805882 0.457106 0.811765 0.458387 0.814706 0.458387 0.823529 0.459667 0.826471 0.459667 0.832353 0.458387 0.835294 0.455826 0.829412 0.455826 0.823529 0.454545 0.826471 0.453265 0.823529 0.457106 0.832353 0.457106 0.835294 0.455826 0.838235 0.457106 0.835294 0.459667 0.841176 0.459667 0.844118 0.459667 0.814706 0.458387 0.811765 0.458387 0.800000 0.457106 0.797059 0.457106 0.791176 0.455826 0.788235 0.455826 0.779412 0.454545 0.776471 0.454545 0.770588 0.453265 0.767647 0.453265 0.761765 0.451985 0.758824 0.451985 0.752941 0.450704 0.750000 0.450704 0.744118 0.449424 0.741176 0.449424 0.735294 0.448143 0.732353 0.448143 0.726471 0.446863 0.723529 0.446863 0.714706 0.445583 0.711765 0.445583 0.705882 0.444302 0.702941
1 0.658131 0.694118 0.658131 0.697059 0.656850 0.700000 0.654289 0.700000 0.656850 0.700000 0.659411 0.705882 0.659411 0.708824 0.660691 0.708824 0.661972 0.711765 0.660691 0.714706 0.660691 0.717647 0.661972 0.714706 0.663252 0.714706 0.660691 0.708824 0.660691 0.705882 0.661972 0.702941 0.663252 0.705882 0.667093 0.705882 0.668374 0.708824 0.670935 0.708824 0.668374 0.702941 0.667093 0.702941 0.665813 0.705882 0.664533 0.705882 0.661972 0.700000 0.663252 0.697059 0.661972 0.697059 0.659411 0.702941 0.658131 0.702941 0.656850 0.700000 0.658131 0.697059
1 0.645327 0.676471 0.645327 0.682353 0.647887 0.688235 0.646607 0.691176 0.646607 0.694118 0.649168 0.694118 0.650448 0.697059 0.649168 0.694118 0.650448 0.691176 0.651729 0.691176 0.653009 0.688235 0.651729 0.685294 0.649168 0.685294
1 0.468630 0.670588 0.468630 0.679412 0.466069 0.685294 0.466069 0.688235 0.464789 0.691176 0.466069 0.688235 0.467350 0.688235 0.469910 0.694118 0.471191 0.691176 0.471191 0.685294 0.469910 0.682353 0.469910 0.676471 0.468630 0.673529
1 0.851472 0.661765 0.851472 0.691176 0.850192 0.694118 0.850192 0.697059 0.848912 0.700000 0.851472 0.694118 0.852753 0.697059 0.852753 0.700000 0.850192 0.705882 0.851472 0.708824 0.851472 0.714706 0.852753 0.717647 0.852753 0.720588 0.854033 0.723529 0.854033 0.729412 0.855314 0.732353 0.855314 0.741176 0.856594 0.744118 0.856594 0.752941 0.857875 0.750000 0.859155 0.752941 0.859155 0.758824 0.857875 0.761765 0.857875 0.764706 0.859155 0.767647 0.859155 0.782353 0.860435 0.785294 0.860435 0.788235 0.860435 0.785294 0.859155 0.782353 0.859155 0.750000 0.857875 0.747059 0.857875 0.741176 0.856594 0.741176 0.855314 0.738235 0.855314 0.732353 0.854033 0.729412 0.854033 0.697059 0.852753 0.694118 0.854033 0.691176 0.852753 0.688235 0.852753 0.667647 0.851472 0.664706
1 0.243278 0.661765 0.236876 0.676471 0.235595 0.673529 0.235595 0.676471 0.234315 0.679412 0.238156 0.688235 0.239437 0.685294 0.243278 0.685294 0.244558 0.688235 0.243278 0.691176 0.244558 0.688235 0.245839 0.688235 0.247119 0.685294 0.248399 0.685294 0.249680 0.682353 0.250960 0.682353 0.252241 0.679412 0.253521 0.679412 0.252241 0.679412 0.250960 0.682353 0.249680 0.682353 0.248399 0.685294 0.247119 0.685294 0.245839 0.688235 0.244558 0.685294 0.244558 0.682353 0.241997 0.682353 0.240717 0.679412 0.240717 0.673529 0.241997 0.670588 0.243278 0.670588 0.244558 0.667647 0.244558 0.664706
1 0.270166 0.644118 0.270166 0.658824 0.268886 0.661765 0.268886 0.664706 0.267606 0.667647 0.265045 0.667647 0.263764 0.670588 0.261204 0.670588 0.259923 0.673529 0.258643 0.673529 0.257362 0.676471 0.256082 0.676471 0.257362 0.676471 0.258643 0.673529 0.259923 0.673529 0.261204 0.670588 0.263764 0.670588 0.265045 0.667647 0.266325 0.667647 0.267606 0.670588 0.267606 0.685294 0.266325 0.688235 0.266325 0.694118 0.267606 0.691176 0.267606 0.682353 0.268886 0.679412 0.268886 0.667647 0.270166 0.664706 0.271447 0.664706 0.270166 0.661765
1 0.230474 0.644118 0.230474 0.661765 0.229193 0.664706 0.229193 0.682353 0.227913 0.685294 0.229193 0.688235 0.229193 0.726471 0.227913 0.729412 0.226633 0.729412 0.227913 0.729412 0.229193 0.726471 0.230474 0.729412 0.230474 0.776471 0.231754 0.779412 0.231754 0.802941 0.233035 0.805882 0.233035 0.820588 0.233035 0.805882 0.231754 0.802941 0.231754 0.779412 0.230474 0.776471 0.230474 0.750000 0.231754 0.747059 0.231754 0.735294 0.230474 0.732353 0.230474 0.726471 0.231754 0.723529 0.229193 0.717647 0.229193 0.697059 0.230474 0.694118 0.229193 0.691176 0.229193 0.688235 0.230474 0.685294 0.230474 0.658824 0.231754 0.655882 0.231754 0.650000 0.230474 0.647059 0.231754 0.644118
1 0.303457 0.638235 0.303457 0.644118 0.302177 0.647059 0.302177 0.658824 0.300896 0.661765 0.300896 0.664706 0.302177 0.667647 0.302177 0.685294 0.300896 0.688235 0.300896 0.691176 0.302177 0.694118 0.300896 0.697059 0.300896 0.711765 0.299616 0.714706 0.299616 0.726471 0.298335 0.729412 0.298335 0.732353 0.299616 0.735294 0.299616 0.741176 0.298335 0.744118 0.298335 0.750000 0.295775 0.755882 0.295775 0.770588 0.294494 0.773529 0.294494 0.785294 0.291933 0.791176 0.293214 0.794118 0.293214 0.800000 0.291933 0.802941 0.291933 0.814706 0.290653 0.817647 0.289373 0.817647 0.288092 0.814706 0.289373 0.811765 0.288092 0.808824 0.289373 0.805882 0.288092 0.808824 0.289373 0.811765 0.288092 0.814706 0.288092 0.817647 0.286812 0.820588 0.286812 0.823529 0.288092 0.823529 0.288092 0.820588 0.289373 0.817647 0.290653 0.820588 0.290653 0.882353 0.291933 0.885294 0.291933 0.891176 0.290653 0.894118 0.288092 0.894118 0.285531 0.888235 0.285531 0.885294 0.286812 0.882353 0.285531 0.885294 0.284251 0.885294 0.281690 0.891176 0.280410 0.888235 0.280410 0.885294 0.281690 0.882353 0.281690 0.879412 0.282971 0.876471 0.282971 0.870588 0.281690 0.873529 0.280410 0.873529 0.279129 0.870588 0.280410 0.867647 0.279129 0.870588 0.277849 0.870588 0.276569 0.873529 0.274008 0.867647 0.274008 0.870588 0.270166 0.879412 0.267606 0.879412 0.266325 0.876471 0.263764 0.876471 0.266325 0.882353 0.266325 0.885294 0.263764 0.891176 0.263764 0.894118 0.265045 0.897059 0.266325 0.894118 0.267606 0.897059 0.268886 0.897059 0.270166 0.900000 0.270166 0.905882 0.266325 0.914706 0.265045 0.914706 0.266325 0.914706 0.267606 0.917647 0.267606 0.920588 0.266325 0.923529 0.266325 0.926471 0.268886 0.926471 0.270166 0.923529 0.272727 0.923529 0.274008 0.926471 0.274008 0.929412 0.271447 0.935294 0.270166 0.935294 0.268886 0.938235 0.267606 0.938235 0.266325 0.941176 0.267606 0.938235 0.268886 0.938235 0.270166 0.941176 0.268886 0.944118 0.277849 0.944118 0.279129 0.947059 0.279129 0.950000 0.276569 0.955882 0.276569 0.961765 0.275288 0.964706 0.274008 0.964706 0.272727 0.967647 0.271447 0.967647 0.272727 0.967647 0.274008 0.964706 0.277849 0.964706 0.279129 0.967647 0.279129 0.970588 0.277849 0.973529 0.276569 0.973529 0.275288 0.976471 0.271447 0.976471 0.270166 0.979412 0.266325 0.979412 0.268886 0.979412 0.270166 0.982353 0.271447 0.982353 0.272727 0.985294 0.272727 0.991176 0.270166 0.997059 0.295775 0.997059 0.295775 0.994118 0.297055 0.991176 0.299616 0.997059 0.298335 0.994118 0.298335 0.988235 0.299616 0.985294 0.300896 0.985294 0.302177 0.982353 0.308579 0.982353 0.309859 0.979412 0.312420 0.979412 0.313700 0.982353 0.311140 0.988235 0.309859 0.988235 0.311140 0.991176 0.309859 0.994118 0.307298 0.994118 0.306018 0.997059 0.304738 0.997059 0.322663 0.997059 0.322663 0.994118 0.325224 0.988235 0.325224 0.985294 0.326504 0.982353 0.320102 0.982353 0.318822 0.979412 0.321383 0.973529 0.321383 0.970588 0.320102 0.967647 0.322663 0.961765 0.322663 0.958824 0.321383 0.958824 0.320102 0.961765 0.317542 0.955882 0.320102 0.950000 0.321383 0.952941 0.322663 0.952941 0.321383 0.950000 0.323944 0.944118 0.326504 0.944118 0.325224 0.941176 0.326504 0.938235 0.327785 0.938235 0.329065 0.941176 0.332907 0.941176 0.331626 0.941176 0.326504 0.929412 0.327785 0.926471 0.327785 0.923529 0.330346 0.917647 0.331626 0.917647 0.332907 0.914706 0.334187 0.914706 0.336748 0.908824 0.335467 0.905882 0.334187 0.908824 0.332907 0.908824 0.331626 0.911765 0.330346 0.911765 0.329065 0.914706 0.326504 0.914706 0.323944 0.908824 0.323944 0.902941 0.323944 0.908824 0.322663 0.911765 0.321383 0.911765 0.318822 0.917647 0.318822 0.920588 0.317542 0.923529 0.316261 0.923529 0.314981 0.926471 0.313700 0.926471 0.311140 0.920588 0.311140 0.917647 0.311140 0.920588 0.309859 0.923529 0.308579 0.920588 0.306018 0.926471 0.303457 0.926471 0.303457 0.929412 0.302177 0.932353 0.302177 0.935294 0.300896 0.938235 0.294494 0.938235 0.293214 0.935294 0.293214 0.926471 0.294494 0.923529 0.295775 0.923529 0.297055 0.920588 0.295775 0.923529 0.293214 0.923529 0.291933 0.926471 0.290653 0.926471 0.289373 0.929412 0.286812 0.929412 0.284251 0.923529 0.284251 0.920588 0.288092 0.911765 0.288092 0.908824 0.289373 0.905882 0.289373 0.902941 0.290653 0.900000 0.290653 0.897059 0.291933 0.894118 0.291933 0.885294 0.290653 0.882353 0.290653 0.820588 0.291933 0.817647 0.291933 0.805882 0.293214 0.802941 0.293214 0.794118 0.294494 0.791176 0.294494 0.782353 0.295775 0.779412 0.295775 0.770588 0.297055 0.767647 0.297055 0.755882 0.298335 0.752941 0.298335 0.744118 0.299616 0.741176 0.299616 0.726471 0.300896 0.723529 0.300896 0.702941 0.302177 0.700000 0.302177 0.679412 0.303457 0.676471 0.303457 0.664706 0.304738 0.661765 0.304738 0.655882 0.303457 0.652941
1 0.535211 0.629412 0.535211 0.635294 0.536492 0.638235 0.536492 0.661765 0.537772 0.664706 0.537772 0.679412 0.536492 0.682353 0.537772 0.685294 0.537772 0.697059 0.539052 0.700000 0.539052 0.673529 0.537772 0.670588 0.539052 0.667647 0.539052 0.664706 0.537772 0.661765 0.537772 0.641176 0.536492 0.638235 0.536492 0.629412
1 0.839949 0.611765 0.839949 0.617647 0.841229 0.620588 0.841229 0.626471 0.842510 0.629412 0.842510 0.638235 0.843790 0.641176 0.843790 0.647059 0.845070 0.650000 0.845070 0.658824 0.846351 0.661765 0.846351 0.667647 0.847631 0.670588 0.846351 0.667647 0.846351 0.652941 0.845070 0.650000 0.845070 0.641176 0.843790 0.638235 0.843790 0.629412 0.842510 0.626471 0.842510 0.620588 0.841229 0.617647 0.841229 0.614706
1 0.450704 0.570588 0.450704 0.576471 0.449424 0.579412 0.449424 0.632353 0.450704 0.635294 0.449424 0.638235 0.449424 0.658824 0.450704 0.661765 0.450704 0.667647 0.451985 0.670588 0.450704 0.673529 0.450704 0.691176 0.449424 0.694118 0.446863 0.688235 0.446863 0.679412 0.446863 0.682353 0.445583 0.685294 0.446863 0.688235 0.446863 0.697059 0.449424 0.697059 0.450704 0.700000 0.450704 0.702941 0.450704 0.697059 0.451985 0.694118 0.451985 0.667647 0.450704 0.664706 0.450704 0.661765 0.451985 0.658824 0.451985 0.644118 0.450704 0.641176 0.450704 0.600000 0.449424 0.597059 0.450704 0.594118
1 0.567222 0.567647 0.567222 0.608824 0.568502 0.611765 0.568502 0.617647 0.567222 0.620588 0.567222 0.635294 0.568502 0.638235 0.568502 0.588235 0.567222 0.585294 0.568502 0.582353 0.567222 0.579412
1 0.380282 0.564706 0.380282 0.579412 0.381562 0.582353 0.380282 0.585294 0.380282 0.597059 0.379001 0.600000 0.380282 0.602941 0.380282 0.623529 0.381562 0.626471 0.380282 0.629412 0.380282 0.638235 0.381562 0.641176 0.381562 0.644118 0.380282 0.647059 0.380282 0.652941 0.379001 0.655882 0.377721 0.652941 0.377721 0.650000 0.376440 0.647059 0.376440 0.632353 0.376440 0.644118 0.375160 0.647059 0.375160 0.667647 0.373880 0.670588 0.373880 0.679412 0.373880 0.676471 0.375160 0.673529 0.377721 0.679412 0.375160 0.685294 0.373880 0.685294 0.372599 0.688235 0.371319 0.685294 0.371319 0.682353 0.370038 0.679412 0.370038 0.673529 0.368758 0.673529 0.368758 0.676471 0.367478 0.679412 0.368758 0.682353 0.368758 0.685294 0.370038 0.688235 0.370038 0.691176 0.367478 0.697059 0.366197 0.697059 0.366197 0.700000 0.367478 0.697059 0.368758 0.697059 0.370038 0.700000 0.370038 0.705882 0.368758 0.708824 0.367478 0.708824 0.370038 0.714706 0.368758 0.717647 0.368758 0.726471 0.368758 0.723529 0.371319 0.717647 0.372599 0.717647 0.372599 0.714706 0.373880 0.711765 0.373880 0.705882 0.372599 0.702941 0.372599 0.694118 0.375160 0.688235 0.376440 0.688235 0.377721 0.691176 0.376440 0.694118 0.376440 0.697059 0.377721 0.700000 0.377721 0.702941 0.379001 0.700000 0.380282 0.700000 0.381562 0.702941 0.380282 0.705882 0.381562 0.702941 0.382843 0.702941 0.384123 0.705882 0.384123 0.708824 0.382843 0.711765 0.382843 0.714706 0.381562 0.717647 0.381562 0.720588 0.382843 0.723529 0.382843 0.726471 0.381562 0.729412 0.381562 0.732353 0.382843 0.735294 0.381562 0.738235 0.381562 0.741176 0.380282 0.744118 0.380282 0.767647 0.379001 0.770588 0.380282 0.773529 0.380282 0.776471 0.379001 0.779412 0.380282 0.782353 0.380282 0.785294 0.380282 0.782353 0.381562 0.779412 0.381562 0.741176 0.382843 0.738235 0.385403 0.738235 0.385403 0.735294 0.387964 0.729412 0.389245 0.732353 0.389245 0.747059 0.389245 0.732353 0.390525 0.729412 0.390525 0.723529 0.389245 0.720588 0.389245 0.711765 0.390525 0.708824 0.393086 0.708824 0.391805 0.705882 0.393086 0.702941 0.391805 0.700000 0.393086 0.697059 0.391805 0.694118 0.391805 0.691176 0.393086 0.688235 0.393086 0.685294 0.391805 0.688235 0.390525 0.688235 0.389245 0.685294 0.389245 0.664706 0.387964 0.661765 0.387964 0.638235 0.386684 0.635294 0.386684 0.650000 0.387964 0.652941 0.387964 0.673529 0.386684 0.676471 0.385403 0.673529 0.387964 0.679412 0.386684 0.682353 0.387964 0.685294 0.387964 0.697059 0.386684 0.700000 0.385403 0.697059 0.385403 0.688235 0.384123 0.691176 0.382843 0.691176 0.381562 0.688235 0.381562 0.685294 0.382843 0.682353 0.382843 0.676471 0.381562 0.673529 0.382843 0.670588 0.382843 0.611765 0.381562 0.608824 0.382843 0.605882 0.381562 0.602941 0.381562 0.597059 0.382843 0.594118 0.381562 0.591176 0.381562 0.570588 0.380282 0.567647
1 0.781050 0.558824 0.781050 0.600000 0.782330 0.602941 0.782330 0.608824 0.782330 0.573529 0.781050 0.570588 0.781050 0.561765 0.782330 0.558824
1 0.673496 0.547059 0.673496 0.561765 0.674776 0.564706 0.674776 0.585294 0.676056 0.588235 0.676056 0.600000 0.677337 0.602941 0.677337 0.623529 0.678617 0.626471 0.677337 0.629412 0.677337 0.632353 0.678617 0.635294 0.678617 0.647059 0.679898 0.650000 0.679898 0.655882 0.678617 0.658824 0.677337 0.658824 0.678617 0.661765 0.678617 0.673529 0.679898 0.676471 0.679898 0.682353 0.682458 0.676471 0.682458 0.664706 0.683739 0.661765 0.683739 0.655882 0.683739 0.661765 0.682458 0.664706 0.682458 0.673529 0.681178 0.676471 0.679898 0.673529 0.679898 0.658824 0.681178 0.655882 0.681178 0.638235 0.679898 0.635294 0.679898 0.623529 0.678617 0.620588 0.678617 0.600000 0.677337 0.597059 0.677337 0.588235 0.676056 0.585294 0.676056 0.576471 0.674776 0.573529 0.674776 0.550000
1 0.571063 0.532353 0.571063 0.561765 0.572343 0.564706 0.571063 0.567647 0.571063 0.570588 0.572343 0.573529 0.572343 0.576471 0.573624 0.579412 0.572343 0.582353 0.572343 0.585294 0.573624 0.588235 0.573624 0.594118 0.572343 0.597059 0.573624 0.600000 0.573624 0.617647 0.572343 0.620588 0.572343 0.623529 0.573624 0.626471 0.573624 0.635294 0.574904 0.638235 0.574904 0.644118 0.572343 0.650000 0.572343 0.652941 0.571063 0.655882 0.571063 0.658824 0.569782 0.661765 0.571063 0.661765 0.573624 0.667647 0.573624 0.676471 0.574904 0.679412 0.574904 0.697059 0.573624 0.700000 0.572343 0.700000 0.572343 0.702941 0.571063 0.705882 0.571063 0.723529 0.571063 0.714706 0.572343 0.711765 0.573624 0.714706 0.573624 0.726471 0.572343 0.729412 0.572343 0.738235 0.572343 0.735294 0.573624 0.732353 0.573624 0.700000 0.574904 0.697059 0.574904 0.682353 0.576184 0.679412 0.576184 0.664706 0.576184 0.673529 0.574904 0.676471 0.573624 0.673529 0.573624 0.661765 0.572343 0.658824 0.572343 0.652941 0.573624 0.650000 0.574904 0.650000 0.574904 0.644118 0.576184 0.641176 0.577465 0.644118 0.577465 0.658824 0.577465 0.632353 0.574904 0.626471 0.574904 0.602941 0.573624 0.600000 0.574904 0.597059 0.574904 0.588235 0.573624 0.585294 0.574904 0.582353 0.573624 0.579412 0.573624 0.567647 0.572343 0.564706 0.573624 0.561765 0.572343 0.558824 0.572343 0.544118 0.571063 0.541176
1 0.332907 0.517647 0.332907 0.523529 0.331626 0.526471 0.331626 0.529412 0.330346 0.532353 0.330346 0.535294 0.329065 0.538235 0.330346 0.541176 0.330346 0.544118 0.329065 0.547059 0.329065 0.552941 0.330346 0.555882 0.329065 0.558824 0.329065 0.561765 0.330346 0.564706 0.329065 0.567647 0.329065 0.582353 0.327785 0.585294 0.327785 0.588235 0.329065 0.591176 0.327785 0.594118 0.327785 0.597059 0.329065 0.600000 0.329065 0.611765 0.327785 0.614706 0.327785 0.617647 0.329065 0.620588 0.329065 0.623529 0.327785 0.626471 0.327785 0.629412 0.329065 0.632353 0.327785 0.635294 0.329065 0.638235 0.329065 0.644118 0.327785 0.647059 0.327785 0.658824 0.329065 0.661765 0.329065 0.673529 0.327785 0.676471 0.329065 0.679412 0.327785 0.682353 0.327785 0.694118 0.326504 0.697059 0.325224 0.694118 0.325224 0.685294 0.323944 0.682353 0.323944 0.676471 0.322663 0.673529 0.322663 0.664706 0.321383 0.661765 0.321383 0.652941 0.321383 0.685294 0.322663 0.688235 0.322663 0.700000 0.323944 0.702941 0.323944 0.708824 0.325224 0.711765 0.325224 0.717647 0.326504 0.720588 0.326504 0.729412 0.327785 0.732353 0.327785 0.738235 0.329065 0.738235 0.329065 0.717647 0.330346 0.714706 0.330346 0.711765 0.329065 0.708824 0.329065 0.705882 0.330346 0.702941 0.330346 0.694118 0.329065 0.691176 0.329065 0.685294 0.330346 0.682353 0.331626 0.682353 0.331626 0.655882 0.332907 0.652941 0.332907 0.632353 0.331626 0.629412 0.331626 0.620588 0.332907 0.617647 0.332907 0.614706 0.331626 0.611765 0.331626 0.591176 0.332907 0.588235 0.332907 0.579412 0.331626 0.576471 0.331626 0.558824 0.332907 0.555882 0.332907 0.552941 0.331626 0.550000 0.332907 0.547059 0.332907 0.523529 0.334187 0.520588
1 0.308579 0.517647 0.308579 0.570588 0.307298 0.573529 0.307298 0.608824 0.308579 0.605882 0.308579 0.597059 0.309859 0.594118 0.309859 0.573529 0.311140 0.570588 0.309859 0.567647 0.311140 0.564706 0.311140 0.520588 0.309859 0.517647
1 0.498079 0.497059 0.498079 0.505882 0.496799 0.508824 0.496799 0.514706 0.498079 0.517647 0.498079 0.532353 0.496799 0.535294 0.498079 0.538235 0.498079 0.541176 0.499360 0.544118 0.499360 0.564706 0.498079 0.567647 0.499360 0.570588 0.498079 0.573529 0.498079 0.579412 0.495519 0.585294 0.495519 0.588235 0.494238 0.591176 0.494238 0.602941 0.495519 0.605882 0.495519 0.611765 0.494238 0.614706 0.495519 0.617647 0.495519 0.650000 0.496799 0.652941 0.495519 0.655882 0.496799 0.658824 0.496799 0.667647 0.495519 0.670588 0.494238 0.667647 0.494238 0.664706 0.494238 0.667647 0.492958 0.670588 0.492958 0.673529 0.489117 0.682353 0.489117 0.688235 0.490397 0.688235 0.492958 0.694118 0.489117 0.702941 0.487836 0.702941 0.489117 0.705882 0.489117 0.708824 0.489117 0.705882 0.490397 0.702941 0.491677 0.702941 0.490397 0.700000 0.491677 0.697059 0.492958 0.697059 0.495519 0.702941 0.495519 0.705882 0.496799 0.708824 0.495519 0.705882 0.495519 0.702941 0.496799 0.700000 0.498079 0.700000 0.499360 0.697059 0.501921 0.702941 0.501921 0.714706 0.500640 0.717647 0.501921 0.720588 0.501921 0.750000 0.500640 0.752941 0.500640 0.758824 0.501921 0.761765 0.501921 0.770588 0.500640 0.773529 0.500640 0.797059 0.499360 0.800000 0.499360 0.817647 0.498079 0.820588 0.498079 0.826471 0.496799 0.829412 0.496799 0.844118 0.498079 0.847059 0.498079 0.861765 0.496799 0.864706 0.498079 0.867647 0.498079 0.882353 0.494238 0.891176 0.492958 0.891176 0.487836 0.902941 0.486556 0.902941 0.481434 0.914706 0.480154 0.914706 0.476312 0.923529 0.475032 0.923529 0.473752 0.920588 0.475032 0.917647 0.473752 0.914706 0.473752 0.929412 0.472471 0.932353 0.471191 0.929412 0.471191 0.911765 0.471191 0.914706 0.469910 0.917647 0.468630 0.914706 0.468630 0.908824 0.468630 0.914706 0.469910 0.917647 0.468630 0.920588 0.468630 0.923529 0.469910 0.926471 0.469910 0.935294 0.457106 0.964706 0.455826 0.964706 0.441741 0.997059 0.453265 0.997059 0.459667 0.982353 0.459667 0.979412 0.462228 0.973529 0.463508 0.973529 0.471191 0.955882 0.472471 0.955882 0.473752 0.958824 0.473752 0.970588 0.473752 0.955882 0.472471 0.952941 0.475032 0.947059 0.476312 0.947059 0.490397 0.914706 0.491677 0.914706 0.492958 0.911765 0.494238 0.914706 0.494238 0.923529 0.495519 0.926471 0.495519 0.929412 0.494238 0.932353 0.494238 0.941176 0.495519 0.944118 0.495519 0.979412 0.496799 0.982353 0.496799 0.988235 0.498079 0.991176 0.498079 0.997059 0.508323 0.997059 0.508323 0.991176 0.509603 0.988235 0.509603 0.985294 0.510883 0.982353 0.510883 0.973529 0.512164 0.970588 0.512164 0.952941 0.510883 0.950000 0.508323 0.955882 0.507042 0.955882 0.505762 0.952941 0.505762 0.950000 0.504481 0.947059 0.504481 0.938235 0.505762 0.935294 0.507042 0.935294 0.508323 0.932353 0.508323 0.917647 0.509603 0.914706 0.509603 0.879412 0.516005 0.864706 0.517286 0.864706 0.526248 0.844118 0.524968 0.844118 0.522407 0.850000 0.519846 0.850000 0.518566 0.852941 0.518566 0.855882 0.517286 0.858824 0.514725 0.858824 0.513444 0.861765 0.512164 0.861765 0.510883 0.864706 0.509603 0.861765 0.509603 0.852941 0.508323 0.850000 0.508323 0.844118 0.509603 0.841176 0.510883 0.841176 0.510883 0.838235 0.512164 0.835294 0.512164 0.826471 0.513444 0.823529 0.513444 0.820588 0.512164 0.820588 0.510883 0.823529 0.507042 0.814706 0.507042 0.808824 0.508323 0.805882 0.509603 0.805882 0.512164 0.800000 0.512164 0.785294 0.509603 0.785294 0.508323 0.782353 0.508323 0.773529 0.512164 0.764706 0.512164 0.758824 0.513444 0.755882 0.512164 0.755882 0.510883 0.752941 0.510883 0.750000 0.508323 0.750000 0.507042 0.747059 0.507042 0.744118 0.508323 0.741176 0.509603 0.741176 0.510883 0.744118 0.509603 0.741176 0.510883 0.738235 0.510883 0.735294 0.512164 0.732353 0.512164 0.720588 0.510883 0.717647 0.510883 0.702941 0.512164 0.700000 0.510883 0.697059 0.512164 0.694118 0.512164 0.691176 0.510883 0.688235 0.510883 0.685294 0.508323 0.679412 0.508323 0.670588 0.509603 0.667647 0.510883 0.667647 0.510883 0.658824 0.509603 0.655882 0.509603 0.650000 0.508323 0.647059 0.509603 0.644118 0.509603 0.629412 0.508323 0.629412 0.507042 0.632353 0.505762 0.629412 0.505762 0.623529 0.507042 0.620588 0.509603 0.620588 0.509603 0.588235 0.507042 0.582353 0.507042 0.579412 0.508323 0.576471 0.507042 0.573529 0.509603 0.567647 0.509603 0.564706 0.505762 0.555882 0.505762 0.544118 0.504481 0.541176 0.504481 0.526471 0.503201 0.523529 0.503201 0.520588 0.501921 0.517647 0.501921 0.511765 0.500640 0.508824 0.500640 0.497059
1 0.221511 0.444118 0.220230 0.447059 0.220230 0.452941 0.218950 0.455882 0.218950 0.464706 0.217670 0.467647 0.216389 0.467647 0.216389 0.470588 0.217670 0.473529 0.217670 0.476471 0.215109 0.482353 0.215109 0.494118 0.217670 0.500000 0.215109 0.505882 0.213828 0.502941 0.212548 0.505882 0.212548 0.508824 0.211268 0.511765 0.211268 0.514706 0.209987 0.517647 0.209987 0.520588 0.208707 0.523529 0.208707 0.526471 0.209987 0.529412 0.209987 0.532353 0.208707 0.535294 0.208707 0.544118 0.209987 0.547059 0.209987 0.550000 0.208707 0.552941 0.208707 0.564706 0.207426 0.567647 0.207426 0.570588 0.208707 0.573529 0.207426 0.576471 0.207426 0.585294 0.206146 0.588235 0.206146 0.591176 0.208707 0.597059 0.207426 0.600000 0.207426 0.608824 0.206146 0.611765 0.206146 0.614706 0.207426 0.617647 0.207426 0.620588 0.206146 0.623529 0.206146 0.644118 0.207426 0.647059 0.207426 0.650000 0.206146 0.652941 0.204866 0.652941 0.203585 0.650000 0.201024 0.650000 0.202305 0.652941 0.201024 0.655882 0.199744 0.655882 0.198464 0.652941 0.198464 0.647059 0.198464 0.661765 0.199744 0.664706 0.199744 0.670588 0.198464 0.673529 0.197183 0.670588 0.197183 0.673529 0.198464 0.676471 0.198464 0.697059 0.199744 0.700000 0.199744 0.711765 0.201024 0.714706 0.201024 0.729412 0.199744 0.732353 0.199744 0.735294 0.198464 0.738235 0.199744 0.741176 0.198464 0.744118 0.198464 0.752941 0.199744 0.752941 0.199744 0.750000 0.198464 0.747059 0.199744 0.744118 0.199744 0.741176 0.198464 0.738235 0.201024 0.732353 0.202305 0.735294 0.202305 0.738235 0.203585 0.741176 0.203585 0.764706 0.201024 0.770588 0.201024 0.776471 0.202305 0.779412 0.202305 0.785294 0.201024 0.788235 0.202305 0.791176 0.201024 0.794118 0.201024 0.802941 0.199744 0.805882 0.199744 0.808824 0.203585 0.817647 0.203585 0.852941 0.204866 0.855882 0.204866 0.882353 0.206146 0.879412 0.209987 0.879412 0.209987 0.861765 0.208707 0.858824 0.208707 0.855882 0.209987 0.852941 0.209987 0.850000 0.211268 0.847059 0.211268 0.841176 0.212548 0.838235 0.212548 0.808824 0.213828 0.805882 0.213828 0.776471 0.217670 0.767647 0.217670 0.764706 0.218950 0.761765 0.217670 0.758824 0.217670 0.755882 0.218950 0.752941 0.218950 0.750000 0.220230 0.747059 0.218950 0.744118 0.218950 0.741176 0.220230 0.738235 0.220230 0.735294 0.218950 0.732353 0.220230 0.729412 0.221511 0.729412 0.220230 0.726471 0.220230 0.705882 0.221511 0.702941 0.221511 0.700000 0.220230 0.697059 0.221511 0.694118 0.222791 0.694118 0.222791 0.670588 0.221511 0.670588 0.220230 0.667647 0.220230 0.661765 0.221511 0.658824 0.221511 0.650000 0.222791 0.647059 0.222791 0.641176 0.224072 0.638235 0.222791 0.635294 0.222791 0.632353 0.220230 0.626471 0.220230 0.611765 0.221511 0.608824 0.221511 0.605882 0.222791 0.602941 0.222791 0.600000 0.220230 0.594118 0.220230 0.588235 0.221511 0.585294 0.221511 0.561765 0.220230 0.558824 0.220230 0.552941 0.221511 0.550000 0.221511 0.535294 0.222791 0.532353 0.221511 0.529412 0.221511 0.526471 0.220230 0.523529 0.220230 0.511765 0.221511 0.508824 0.221511 0.491176 0.222791 0.488235 0.222791 0.485294 0.224072 0.482353 0.224072 0.458824 0.225352 0.455882 0.224072 0.452941 0.225352 0.450000 0.224072 0.447059 0.224072 0.444118
1 0.111396 0.329412 0.111396 0.338235 0.112676 0.341176 0.111396 0.344118 0.111396 0.355882 0.110115 0.358824 0.110115 0.370588 0.111396 0.373529 0.111396 0.379412 0.110115 0.382353 0.110115 0.391176 0.111396 0.394118 0.110115 0.397059 0.110115 0.444118 0.111396 0.447059 0.111396 0.464706 0.110115 0.467647 0.111396 0.470588 0.111396 0.476471 0.110115 0.479412 0.110115 0.482353 0.111396 0.485294 0.111396 0.491176 0.112676 0.494118 0.112676 0.497059 0.113956 0.500000 0.113956 0.585294 0.112676 0.588235 0.111396 0.585294 0.111396 0.579412 0.110115 0.576471 0.110115 0.570588 0.108835 0.567647 0.108835 0.558824 0.107554 0.555882 0.107554 0.547059 0.107554 0.564706 0.108835 0.567647 0.108835 0.582353 0.110115 0.585294 0.110115 0.594118 0.111396 0.597059 0.111396 0.611765 0.112676 0.614706 0.112676 0.638235 0.113956 0.641176 0.113956 0.644118 0.115237 0.647059 0.115237 0.655882 0.116517 0.658824 0.116517 0.741176 0.117798 0.744118 0.117798 0.776471 0.119078 0.779412 0.119078 0.805882 0.120359 0.808824 0.120359 0.829412 0.121639 0.832353 0.121639 0.867647 0.121639 0.864706 0.122919 0.861765 0.122919 0.847059 0.124200 0.844118 0.122919 0.841176 0.122919 0.788235 0.121639 0.785294 0.121639 0.720588 0.120359 0.717647 0.120359 0.688235 0.119078 0.685294 0.119078 0.661765 0.117798 0.658824 0.117798 0.617647 0.116517 0.614706 0.116517 0.608824 0.115237 0.605882 0.115237 0.558824 0.113956 0.555882 0.113956 0.511765 0.115237 0.508824 0.115237 0.467647 0.116517 0.464706 0.116517 0.441176 0.117798 0.438235 0.117798 0.435294 0.116517 0.432353 0.117798 0.429412 0.116517 0.426471 0.117798 0.423529 0.116517 0.420588 0.116517 0.391176 0.117798 0.388235 0.117798 0.382353 0.116517 0.379412 0.116517 0.376471 0.117798 0.373529 0.116517 0.370588 0.116517 0.344118 0.115237 0.344118 0.112676 0.338235 0.112676 0.332353
1 0.907810 0.302941 0.909091 0.305882 0.909091 0.314706 0.905250 0.323529 0.903969 0.323529 0.902689 0.320588 0.903969 0.323529 0.903969 0.329412 0.905250 0.332353 0.905250 0.335294 0.903969 0.338235 0.902689 0.338235 0.902689 0.341176 0.903969 0.344118 0.903969 0.358824 0.902689 0.361765 0.903969 0.364706 0.903969 0.370588 0.905250 0.373529 0.905250 0.379412 0.906530 0.382353 0.906530 0.394118 0.905250 0.397059 0.906530 0.400000 0.906530 0.402941 0.905250 0.405882 0.906530 0.408824 0.906530 0.414706 0.905250 0.417647 0.907810 0.423529 0.907810 0.426471 0.905250 0.432353 0.906530 0.435294 0.907810 0.435294 0.909091 0.438235 0.909091 0.455882 0.907810 0.458824 0.907810 0.464706 0.906530 0.467647 0.906530 0.476471 0.905250 0.479412 0.905250 0.482353 0.906530 0.485294 0.906530 0.502941 0.907810 0.505882 0.907810 0.517647 0.909091 0.520588 0.909091 0.544118 0.910371 0.544118 0.911652 0.547059 0.910371 0.550000 0.910371 0.552941 0.912932 0.558824 0.911652 0.561765 0.911652 0.564706 0.914213 0.570588 0.912932 0.573529 0.911652 0.573529 0.912932 0.576471 0.912932 0.579412 0.914213 0.582353 0.914213 0.591176 0.915493 0.594118 0.915493 0.602941 0.916773 0.605882 0.916773 0.608824 0.919334 0.614706 0.918054 0.617647 0.916773 0.617647 0.916773 0.623529 0.919334 0.629412 0.919334 0.638235 0.920615 0.641176 0.920615 0.650000 0.921895 0.652941 0.921895 0.661765 0.923175 0.664706 0.923175 0.673529 0.921895 0.676471 0.920615 0.673529 0.920615 0.670588 0.918054 0.664706 0.918054 0.661765 0.916773 0.658824 0.916773 0.655882 0.912932 0.647059 0.912932 0.644118 0.911652 0.641176 0.911652 0.638235 0.909091 0.632353 0.909091 0.629412 0.907810 0.626471 0.907810 0.623529 0.905250 0.617647 0.905250 0.614706 0.903969 0.611765 0.903969 0.614706 0.905250 0.617647 0.905250 0.623529 0.906530 0.626471 0.906530 0.632353 0.907810 0.635294 0.907810 0.641176 0.909091 0.644118 0.909091 0.647059 0.910371 0.650000 0.910371 0.655882 0.911652 0.658824 0.911652 0.661765 0.914213 0.667647 0.914213 0.670588 0.916773 0.676471 0.916773 0.679412 0.919334 0.685294 0.919334 0.688235 0.921895 0.694118 0.921895 0.697059 0.924456 0.702941 0.924456 0.705882 0.925736 0.708824 0.925736 0.711765 0.927017 0.714706 0.927017 0.717647 0.928297 0.720588 0.928297 0.723529 0.929577 0.726471 0.929577 0.729412 0.930858 0.732353 0.930858 0.750000 0.932138 0.752941 0.932138 0.767647 0.933419 0.770588 0.933419 0.779412 0.934699 0.779412 0.935980 0.782353 0.934699 0.785294 0.933419 0.785294 0.932138 0.788235 0.929577 0.788235 0.928297 0.791176 0.927017 0.791176 0.925736 0.788235 0.927017 0.785294 0.924456 0.785294 0.923175 0.782353 0.921895 0.782353 0.920615 0.785294 0.916773 0.776471 0.916773 0.773529 0.918054 0.770588 0.918054 0.767647 0.921895 0.758824 0.923175 0.761765 0.923175 0.767647 0.924456 0.767647 0.924456 0.764706 0.923175 0.761765 0.923175 0.758824 0.921895 0.755882 0.921895 0.752941 0.920615 0.750000 0.920615 0.747059 0.919334 0.744118 0.919334 0.738235 0.918054 0.735294 0.919334 0.738235 0.919334 0.744118 0.920615 0.747059 0.920615 0.752941 0.921895 0.755882 0.920615 0.758824 0.919334 0.758824 0.916773 0.764706 0.915493 0.764706 0.914213 0.761765 0.914213 0.755882 0.912932 0.752941 0.912932 0.744118 0.911652 0.741176 0.911652 0.738235 0.910371 0.738235 0.909091 0.735294 0.910371 0.732353 0.910371 0.708824 0.907810 0.702941 0.907810 0.700000 0.906530 0.697059 0.906530 0.685294 0.905250 0.685294 0.903969 0.682353 0.905250 0.679412 0.905250 0.673529 0.902689 0.673529 0.901408 0.670588 0.901408 0.664706 0.902689 0.661765 0.901408 0.661765 0.900128 0.658824 0.901408 0.655882 0.902689 0.655882 0.902689 0.652941 0.898848 0.644118 0.898848 0.626471 0.897567 0.623529 0.897567 0.620588 0.896287 0.617647 0.896287 0.614706 0.895006 0.611765 0.896287 0.608824 0.897567 0.608824 0.897567 0.602941 0.896287 0.600000 0.896287 0.588235 0.895006 0.585294 0.895006 0.579412 0.893726 0.579412 0.891165 0.573529 0.892446 0.570588 0.892446 0.564706 0.895006 0.558824 0.893726 0.555882 0.892446 0.555882 0.891165 0.552941 0.889885 0.552941 0.888604 0.550000 0.888604 0.541176 0.887324 0.538235 0.887324 0.535294 0.884763 0.529412 0.884763 0.526471 0.883483 0.523529 0.883483 0.520588 0.882202 0.517647 0.882202 0.514706 0.879641 0.508824 0.879641 0.505882 0.878361 0.502941 0.878361 0.500000 0.874520 0.500000 0.874520 0.502941 0.875800 0.505882 0.873239 0.511765 0.874520 0.514706 0.874520 0.517647 0.877081 0.523529 0.875800 0.526471 0.877081 0.529412 0.877081 0.538235 0.878361 0.538235 0.879641 0.541176 0.879641 0.547059 0.878361 0.550000 0.879641 0.552941 0.879641 0.558824 0.878361 0.561765 0.879641 0.564706 0.879641 0.570588 0.878361 0.573529 0.878361 0.579412 0.880922 0.585294 0.880922 0.588235 0.887324 0.602941 0.884763 0.608824 0.883483 0.605882 0.879641 0.605882 0.878361 0.608824 0.879641 0.611765 0.882202 0.611765 0.883483 0.614706 0.883483 0.617647 0.882202 0.620588 0.884763 0.626471 0.886044 0.626471 0.887324 0.629412 0.887324 0.638235 0.888604 0.641176 0.888604 0.647059 0.887324 0.650000 0.887324 0.661765 0.888604 0.664706 0.888604 0.667647 0.889885 0.670588 0.888604 0.673529 0.887324 0.673529 0.889885 0.679412 0.889885 0.682353 0.891165 0.685294 0.891165 0.705882 0.892446 0.708824 0.892446 0.717647 0.891165 0.720588 0.888604 0.714706 0.891165 0.720588 0.891165 0.723529 0.892446 0.726471 0.892446 0.732353 0.893726 0.735294 0.893726 0.738235 0.892446 0.741176 0.892446 0.747059 0.893726 0.750000 0.893726 0.752941 0.892446 0.755882 0.889885 0.755882 0.891165 0.755882 0.893726 0.761765 0.893726 0.764706 0.895006 0.767647 0.893726 0.770588 0.893726 0.773529 0.892446 0.776471 0.891165 0.773529 0.889885 0.773529 0.891165 0.773529 0.893726 0.779412 0.892446 0.782353 0.891165 0.782353 0.891165 0.791176 0.889885 0.794118 0.891165 0.797059 0.891165 0.802941 0.892446 0.805882 0.892446 0.811765 0.893726 0.814706 0.893726 0.826471 0.895006 0.829412 0.895006 0.835294 0.896287 0.838235 0.896287 0.841176 0.895006 0.844118 0.892446 0.844118 0.891165 0.847059 0.891165 0.861765 0.892446 0.864706 0.892446 0.870588 0.893726 0.873529 0.893726 0.888235 0.896287 0.894118 0.896287 0.914706 0.895006 0.917647 0.893726 0.917647 0.891165 0.911765 0.891165 0.908824 0.888604 0.908824 0.887324 0.905882 0.884763 0.905882 0.882202 0.900000 0.880922 0.900000 0.879641 0.897059 0.878361 0.897059 0.877081 0.894118 0.875800 0.894118 0.873239 0.888235 0.874520 0.885294 0.874520 0.882353 0.877081 0.876471 0.874520 0.876471 0.873239 0.879412 0.869398 0.879412 0.868118 0.876471 0.868118 0.873529 0.865557 0.873529 0.864277 0.876471 0.862996 0.873529 0.862996 0.867647 0.861716 0.864706 0.861716 0.861765 0.860435 0.858824 0.860435 0.852941 0.859155 0.850000 0.859155 0.844118 0.857875 0.841176 0.857875 0.835294 0.856594 0.832353 0.856594 0.829412 0.855314 0.826471 0.855314 0.820588 0.854033 0.817647 0.854033 0.811765 0.852753 0.808824 0.852753 0.805882 0.851472 0.802941 0.851472 0.800000 0.850192 0.797059 0.850192 0.791176 0.848912 0.788235 0.848912 0.785294 0.847631 0.782353 0.847631 0.779412 0.848912 0.776471 0.848912 0.773529 0.847631 0.770588 0.848912 0.767647 0.847631 0.767647 0.846351 0.764706 0.847631 0.761765 0.848912 0.761765 0.850192 0.758824 0.847631 0.758824 0.846351 0.755882 0.845070 0.755882 0.842510 0.750000 0.846351 0.741176 0.850192 0.741176 0.850192 0.738235 0.846351 0.729412 0.847631 0.726471 0.847631 0.723529 0.848912 0.720588 0.848912 0.717647 0.847631 0.720588 0.846351 0.720588 0.845070 0.723529 0.839949 0.723529 0.838668 0.720588 0.838668 0.717647 0.837388 0.714706 0.837388 0.711765 0.836108 0.708824 0.836108 0.705882 0.834827 0.702941 0.834827 0.700000 0.830986 0.691176 0.830986 0.688235 0.829706 0.685294 0.829706 0.682353 0.828425 0.679412 0.828425 0.673529 0.827145 0.670588 0.827145 0.664706 0.825864 0.661765 0.825864 0.655882 0.824584 0.652941 0.824584 0.647059 0.823303 0.644118 0.823303 0.641176 0.822023 0.638235 0.822023 0.632353 0.820743 0.629412 0.820743 0.620588 0.819462 0.617647 0.819462 0.608824 0.818182 0.605882 0.818182 0.600000 0.816901 0.597059 0.816901 0.588235 0.815621 0.585294 0.815621 0.570588 0.814341 0.567647 0.814341 0.558824 0.813060 0.555882 0.813060 0.544118 0.811780 0.541176 0.811780 0.532353 0.810499 0.529412 0.810499 0.523529 0.809219 0.520588 0.809219 0.511765 0.807939 0.508824 0.807939 0.502941 0.809219 0.500000 0.806658 0.494118 0.806658 0.488235 0.805378 0.485294 0.805378 0.482353 0.804097 0.479412 0.804097 0.467647 0.802817 0.464706 0.801536 0.464706 0.800256 0.461765 0.798976 0.464706 0.798976 0.467647 0.800256 0.470588 0.800256 0.473529 0.798976 0.476471 0.800256 0.479412 0.800256 0.485294 0.801536 0.488235 0.801536 0.491176 0.802817 0.494118 0.802817 0.505882 0.804097 0.508824 0.804097 0.520588 0.805378 0.523529 0.805378 0.529412 0.806658 0.532353 0.806658 0.541176 0.807939 0.544118 0.807939 0.552941 0.809219 0.555882 0.809219 0.558824 0.810499 0.561765 0.810499 0.570588 0.811780 0.573529 0.811780 0.579412 0.813060 0.582353 0.813060 0.585294 0.814341 0.588235 0.813060 0.591176 0.815621 0.597059 0.815621 0.600000 0.818182 0.605882 0.818182 0.608824 0.819462 0.611765 0.819462 0.620588 0.820743 0.623529 0.820743 0.629412 0.822023 0.632353 0.822023 0.638235 0.823303 0.641176 0.823303 0.647059 0.824584 0.650000 0.824584 0.655882 0.825864 0.658824 0.825864 0.664706 0.824584 0.667647 0.823303 0.664706 0.823303 0.661765 0.822023 0.658824 0.822023 0.655882 0.820743 0.652941 0.820743 0.650000 0.819462 0.647059 0.819462 0.650000 0.820743 0.652941 0.820743 0.655882 0.822023 0.658824 0.822023 0.664706 0.823303 0.667647 0.823303 0.670588 0.824584 0.673529 0.824584 0.676471 0.825864 0.679412 0.825864 0.682353 0.827145 0.685294 0.827145 0.688235 0.828425 0.691176 0.828425 0.697059 0.829706 0.700000 0.829706 0.702941 0.830986 0.705882 0.830986 0.708824 0.832266 0.711765 0.832266 0.717647 0.830986 0.720588 0.829706 0.720588 0.828425 0.717647 0.827145 0.717647 0.825864 0.714706 0.825864 0.723529 0.827145 0.726471 0.827145 0.729412 0.828425 0.732353 0.828425 0.744118 0.827145 0.747059 0.825864 0.744118 0.823303 0.744118 0.822023 0.741176 0.820743 0.741176 0.819462 0.738235 0.816901 0.738235 0.818182 0.741176 0.818182 0.744118 0.816901 0.747059 0.814341 0.747059 0.813060 0.744118 0.811780 0.747059 0.811780 0.750000 0.813060 0.750000 0.819462 0.764706 0.818182 0.767647 0.815621 0.767647 0.813060 0.761765 0.813060 0.758824 0.813060 0.761765 0.811780 0.764706 0.810499 0.764706 0.813060 0.770588 0.815621 0.770588 0.816901 0.773529 0.818182 0.773529 0.820743 0.779412 0.819462 0.782353 0.816901 0.782353 0.815621 0.785294 0.814341 0.782353 0.813060 0.782353 0.811780 0.779412 0.809219 0.779412 0.807939 0.776471 0.806658 0.776471 0.809219 0.782353 0.810499 0.782353 0.813060 0.788235 0.814341 0.788235 0.815621 0.791176 0.815621 0.797059 0.814341 0.800000 0.810499 0.800000 0.809219 0.797059 0.805378 0.797059 0.806658 0.800000 0.805378 0.802941 0.802817 0.802941 0.801536 0.800000 0.802817 0.797059 0.802817 0.791176 0.804097 0.788235 0.804097 0.785294 0.802817 0.788235 0.801536 0.788235 0.798976 0.794118 0.796415 0.794118 0.795134 0.791176 0.795134 0.788235 0.802817 0.770588 0.800256 0.776471 0.798976 0.776471 0.797695 0.779412 0.796415 0.779412 0.795134 0.782353 0.793854 0.782353 0.792574 0.779412 0.792574 0.767647 0.793854 0.764706 0.793854 0.758824 0.792574 0.755882 0.791293 0.755882 0.790013 0.752941 0.788732 0.752941 0.786172 0.758824 0.783611 0.758824 0.782330 0.761765 0.781050 0.761765 0.777209 0.752941 0.775928 0.752941 0.777209 0.755882 0.777209 0.758824 0.778489 0.761765 0.777209 0.764706 0.775928 0.764706 0.774648 0.761765 0.770807 0.761765 0.769526 0.758824 0.768246 0.758824 0.769526 0.758824 0.772087 0.764706 0.773367 0.764706 0.774648 0.767647 0.778489 0.767647 0.779770 0.770588 0.779770 0.773529 0.778489 0.776471 0.774648 0.776471 0.773367 0.773529 0.769526 0.773529 0.768246 0.770588 0.766965 0.770588 0.765685 0.767647 0.764405 0.767647 0.760563 0.758824 0.760563 0.741176 0.759283 0.738235 0.759283 0.723529 0.758003 0.720588 0.758003 0.676471 0.756722 0.673529 0.756722 0.661765 0.755442 0.658824 0.755442 0.647059 0.754161 0.644118 0.754161 0.638235 0.756722 0.632353 0.756722 0.626471 0.755442 0.623529 0.755442 0.614706 0.754161 0.611765 0.754161 0.564706 0.751601 0.558824 0.751601 0.550000 0.750320 0.547059 0.751601 0.544118 0.751601 0.535294 0.750320 0.532353 0.749040 0.532353 0.747759 0.529412 0.747759 0.511765 0.746479 0.508824 0.746479 0.502941 0.745198 0.500000 0.746479 0.497059 0.746479 0.494118 0.745198 0.491176 0.745198 0.482353 0.743918 0.479412 0.743918 0.450000 0.745198 0.447059 0.742638 0.447059 0.741357 0.444118 0.742638 0.441176 0.742638 0.417647 0.741357 0.414706 0.742638 0.411765 0.742638 0.405882 0.741357 0.402941 0.742638 0.400000 0.741357 0.397059 0.741357 0.394118 0.740077 0.394118 0.740077 0.397059 0.738796 0.400000 0.738796 0.408824 0.737516 0.411765 0.737516 0.420588 0.736236 0.423529 0.736236 0.426471 0.738796 0.432353 0.738796 0.435294 0.737516 0.438235 0.737516 0.447059 0.740077 0.452941 0.738796 0.455882 0.738796 0.461765 0.740077 0.461765 0.741357 0.464706 0.740077 0.467647 0.740077 0.485294 0.741357 0.488235 0.741357 0.491176 0.740077 0.494118 0.740077 0.497059 0.742638 0.502941 0.741357 0.505882 0.741357 0.511765 0.743918 0.517647 0.743918 0.532353 0.745198 0.535294 0.743918 0.538235 0.743918 0.541176 0.745198 0.544118 0.745198 0.558824 0.746479 0.561765 0.746479 0.570588 0.747759 0.573529 0.746479 0.576471 0.747759 0.579412 0.747759 0.582353 0.749040 0.582353 0.750320 0.585294 0.749040 0.588235 0.747759 0.588235 0.747759 0.594118 0.749040 0.597059 0.749040 0.602941 0.750320 0.605882 0.750320 0.623529 0.751601 0.626471 0.751601 0.629412 0.750320 0.632353 0.750320 0.641176 0.749040 0.644118 0.747759 0.641176 0.747759 0.638235 0.746479 0.635294 0.746479 0.632353 0.743918 0.626471 0.743918 0.623529 0.742638 0.620588 0.742638 0.614706 0.741357 0.611765 0.741357 0.608824 0.740077 0.605882 0.740077 0.600000 0.738796 0.597059 0.738796 0.594118 0.737516 0.591176 0.737516 0.588235 0.736236 0.585294 0.736236 0.582353 0.734955 0.579412 0.736236 0.582353 0.736236 0.588235 0.737516 0.591176 0.737516 0.600000 0.738796 0.602941 0.738796 0.608824 0.740077 0.611765 0.740077 0.623529 0.741357 0.626471 0.741357 0.635294 0.742638 0.638235 0.742638 0.644118 0.743918 0.647059 0.743918 0.652941 0.745198 0.655882 0.745198 0.661765 0.746479 0.664706 0.746479 0.667647 0.747759 0.670588 0.747759 0.673529 0.749040 0.676471 0.749040 0.679412 0.750320 0.682353 0.750320 0.685294 0.751601 0.688235 0.751601 0.691176 0.752881 0.694118 0.752881 0.697059 0.754161 0.700000 0.754161 0.705882 0.755442 0.708824 0.755442 0.714706 0.756722 0.717647 0.756722 0.723529 0.758003 0.726471 0.758003 0.750000 0.759283 0.752941 0.759283 0.758824 0.758003 0.761765 0.756722 0.761765 0.755442 0.758824 0.752881 0.758824 0.751601 0.755882 0.749040 0.755882 0.747759 0.752941 0.745198 0.752941 0.742638 0.747059 0.742638 0.741176 0.741357 0.738235 0.741357 0.735294 0.741357 0.738235 0.742638 0.741176 0.742638 0.747059 0.741357 0.750000 0.740077 0.747059 0.737516 0.747059 0.736236 0.744118 0.732394 0.744118 0.731114 0.741176 0.725992 0.741176 0.724712 0.738235 0.723431 0.738235 0.722151 0.735294 0.718310 0.735294 0.717029 0.732353 0.713188 0.732353 0.711908 0.729412 0.709347 0.729412 0.708067 0.726471 0.704225 0.726471 0.702945 0.723529 0.702945 0.720588 0.701665 0.717647 0.700384 0.717647 0.701665 0.717647 0.702945 0.720588 0.702945 0.726471 0.706786 0.726471 0.708067 0.729412 0.710627 0.729412 0.711908 0.732353 0.713188 0.732353 0.714469 0.735294 0.717029 0.735294 0.718310 0.738235 0.719590 0.738235 0.720871 0.741176 0.723431 0.741176 0.724712 0.744118 0.727273 0.744118 0.728553 0.747059 0.731114 0.747059 0.732394 0.750000 0.734955 0.750000 0.736236 0.752941 0.738796 0.752941 0.740077 0.755882 0.741357 0.755882 0.742638 0.758824 0.743918 0.758824 0.745198 0.761765 0.745198 0.764706 0.746479 0.767647 0.746479 0.773529 0.747759 0.776471 0.747759 0.782353 0.749040 0.785294 0.749040 0.791176 0.750320 0.794118 0.750320 0.800000 0.751601 0.802941 0.751601 0.808824 0.752881 0.811765 0.752881 0.820588 0.754161 0.823529 0.754161 0.829412 0.755442 0.832353 0.755442 0.838235 0.756722 0.841176 0.756722 0.850000 0.755442 0.852941 0.755442 0.855882 0.755442 0.852941 0.756722 0.850000 0.758003 0.852941 0.758003 0.858824 0.756722 0.861765 0.756722 0.864706 0.756722 0.861765 0.758003 0.858824 0.758003 0.847059 0.756722 0.844118 0.758003 0.841176 0.758003 0.838235 0.756722 0.835294 0.756722 0.829412 0.755442 0.826471 0.755442 0.820588 0.754161 0.817647 0.754161 0.811765 0.752881 0.808824 0.752881 0.805882 0.751601 0.802941 0.751601 0.797059 0.750320 0.794118 0.750320 0.785294 0.749040 0.782353 0.749040 0.779412 0.747759 0.776471 0.747759 0.770588 0.746479 0.767647 0.746479 0.764706 0.747759 0.761765 0.749040 0.764706 0.751601 0.764706 0.752881 0.767647 0.754161 0.767647 0.755442 0.770588 0.758003 0.770588 0.759283 0.773529 0.759283 0.785294 0.761844 0.791176 0.761844 0.794118 0.760563 0.797059 0.760563 0.808824 0.760563 0.805882 0.761844 0.802941 0.763124 0.805882 0.763124 0.814706 0.761844 0.817647 0.760563 0.817647 0.761844 0.817647 0.763124 0.814706 0.764405 0.817647 0.764405 0.823529 0.764405 0.817647 0.763124 0.814706 0.763124 0.802941 0.764405 0.800000 0.765685 0.802941 0.766965 0.802941 0.770807 0.811765 0.769526 0.814706 0.768246 0.814706 0.769526 0.814706 0.770807 0.817647 0.774648 0.817647 0.775928 0.820588 0.777209 0.820588 0.779770 0.826471 0.779770 0.832353 0.778489 0.835294 0.778489 0.844118 0.779770 0.841176 0.781050 0.841176 0.783611 0.835294 0.784891 0.835294 0.786172 0.838235 0.787452 0.838235 0.788732 0.841176 0.788732 0.844118 0.790013 0.847059 0.790013 0.850000 0.791293 0.850000 0.792574 0.847059 0.793854 0.847059 0.795134 0.844118 0.800256 0.844118 0.802817 0.850000 0.802817 0.852941 0.801536 0.855882 0.802817 0.858824 0.802817 0.867647 0.802817 0.864706 0.804097 0.861765 0.804097 0.858824 0.805378 0.855882 0.806658 0.855882 0.807939 0.858824 0.807939 0.864706 0.806658 0.867647 0.806658 0.873529 0.805378 0.876471 0.805378 0.879412 0.802817 0.885294 0.802817 0.891176 0.801536 0.894118 0.801536 0.897059 0.800256 0.900000 0.800256 0.902941 0.798976 0.905882 0.798976 0.908824 0.797695 0.911765 0.797695 0.914706 0.796415 0.917647 0.796415 0.920588 0.795134 0.923529 0.795134 0.929412 0.793854 0.932353 0.793854 0.935294 0.792574 0.938235 0.792574 0.941176 0.791293 0.944118 0.791293 0.947059 0.790013 0.950000 0.787452 0.944118 0.787452 0.938235 0.786172 0.935294 0.786172 0.932353 0.786172 0.935294 0.787452 0.938235 0.787452 0.944118 0.788732 0.947059 0.788732 0.958824 0.787452 0.961765 0.787452 0.964706 0.786172 0.967647 0.786172 0.970588 0.784891 0.973529 0.784891 0.976471 0.783611 0.979412 0.783611 0.982353 0.782330 0.985294 0.781050 0.982353 0.781050 0.961765 0.779770 0.964706 0.778489 0.964706 0.777209 0.961765 0.775928 0.964706 0.774648 0.964706 0.772087 0.970588 0.769526 0.964706 0.769526 0.958824 0.770807 0.955882 0.772087 0.955882 0.773367 0.952941 0.772087 0.952941 0.770807 0.950000 0.770807 0.947059 0.769526 0.944118 0.769526 0.941176 0.765685 0.941176 0.764405 0.938235 0.764405 0.935294 0.763124 0.932353 0.763124 0.926471 0.761844 0.923529 0.761844 0.920588 0.761844 0.929412 0.763124 0.932353 0.761844 0.935294 0.760563 0.935294 0.760563 0.938235 0.761844 0.941176 0.760563 0.944118 0.759283 0.944118 0.758003 0.941176 0.756722 0.941176 0.755442 0.938235 0.754161 0.938235 0.752881 0.935294 0.755442 0.941176 0.754161 0.944118 0.755442 0.947059 0.755442 0.950000 0.758003 0.955882 0.758003 0.958824 0.759283 0.961765 0.758003 0.964706 0.755442 0.964706 0.754161 0.961765 0.752881 0.961765 0.751601 0.958824 0.746479 0.958824 0.745198 0.955882 0.746479 0.952941 0.751601 0.952941 0.750320 0.950000 0.749040 0.950000 0.745198 0.941176 0.745198 0.932353 0.746479 0.929412 0.746479 0.926471 0.747759 0.923529 0.747759 0.920588 0.745198 0.926471 0.742638 0.920588 0.742638 0.917647 0.743918 0.914706 0.742638 0.911765 0.743918 0.908824 0.741357 0.902941 0.741357 0.897059 0.741357 0.900000 0.740077 0.902941 0.738796 0.902941 0.737516 0.900000 0.740077 0.905882 0.738796 0.908824 0.737516 0.908824 0.736236 0.905882 0.737516 0.908824 0.736236 0.911765 0.733675 0.911765 0.732394 0.914706 0.729834 0.914706 0.728553 0.917647 0.725992 0.917647 0.723431 0.911765 0.723431 0.905882 0.724712 0.902941 0.725992 0.902941 0.728553 0.897059 0.729834 0.897059 0.731114 0.894118 0.729834 0.894118 0.728553 0.897059 0.724712 0.897059 0.723431 0.894118 0.719590 0.894118 0.718310 0.891176 0.718310 0.885294 0.717029 0.885294 0.715749 0.882353 0.717029 0.879412 0.717029 0.873529 0.715749 0.870588 0.715749 0.858824 0.715749 0.879412 0.714469 0.882353 0.710627 0.882353 0.706786 0.873529 0.709347 0.879412 0.709347 0.882353 0.711908 0.888235 0.710627 0.891176 0.705506 0.891176 0.705506 0.894118 0.709347 0.894118 0.711908 0.900000 0.710627 0.902941 0.706786 0.902941 0.705506 0.900000 0.701665 0.900000 0.702945 0.900000 0.704225 0.902941 0.705506 0.902941 0.706786 0.905882 0.708067 0.905882 0.709347 0.908824 0.709347 0.917647 0.708067 0.920588 0.704225 0.920588 0.705506 0.920588 0.708067 0.926471 0.705506 0.932353 0.702945 0.932353 0.709347 0.932353 0.710627 0.935294 0.709347 0.938235 0.702945 0.938235 0.705506 0.938235 0.706786 0.941176 0.706786 0.944118 0.708067 0.947059 0.708067 0.950000 0.710627 0.950000 0.711908 0.952941 0.711908 0.958824 0.713188 0.955882 0.714469 0.958824 0.714469 0.961765 0.713188 0.964706 0.719590 0.979412 0.718310 0.982353 0.717029 0.982353 0.715749 0.979412 0.714469 0.979412 0.714469 0.985294 0.710627 0.994118 0.709347 0.994118 0.702945 0.979412 0.702945 0.982353 0.701665 0.985294 0.697823 0.985294 0.696543 0.982353 0.696543 0.976471 0.695262 0.979412 0.693982 0.976471 0.693982 0.979412 0.695262 0.982353 0.695262 0.985294 0.693982 0.988235 0.691421 0.982353 0.691421 0.979412 0.688860 0.973529 0.688860 0.970588 0.690141 0.967647 0.688860 0.970588 0.686300 0.970588 0.686300 0.976471 0.685019 0.979412 0.681178 0.970588 0.681178 0.967647 0.677337 0.958824 0.677337 0.955882 0.672215 0.944118 0.672215 0.941176 0.665813 0.926471 0.665813 0.923529 0.659411 0.908824 0.659411 0.905882 0.660691 0.902941 0.661972 0.902941 0.663252 0.905882 0.663252 0.908824 0.664533 0.908824 0.664533 0.905882 0.663252 0.902941 0.663252 0.900000 0.661972 0.897059 0.661972 0.888235 0.660691 0.885294 0.660691 0.876471 0.659411 0.873529 0.659411 0.870588 0.660691 0.867647 0.661972 0.867647 0.663252 0.870588 0.664533 0.870588 0.665813 0.873529 0.668374 0.873529 0.669654 0.876471 0.668374 0.873529 0.668374 0.867647 0.669654 0.864706 0.670935 0.867647 0.669654 0.864706 0.669654 0.861765 0.667093 0.861765 0.665813 0.858824 0.664533 0.858824 0.663252 0.855882 0.664533 0.852941 0.668374 0.852941 0.669654 0.855882 0.669654 0.850000 0.670935 0.847059 0.673496 0.847059 0.674776 0.850000 0.673496 0.847059 0.672215 0.847059 0.669654 0.841176 0.669654 0.835294 0.672215 0.829412 0.670935 0.829412 0.669654 0.832353 0.668374 0.832353 0.667093 0.829412 0.667093 0.826471 0.667093 0.829412 0.668374 0.832353 0.667093 0.835294 0.663252 0.835294 0.661972 0.832353 0.661972 0.829412 0.661972 0.832353 0.660691 0.835294 0.658131 0.835294 0.659411 0.838235 0.659411 0.841176 0.658131 0.844118 0.656850 0.844118 0.654289 0.838235 0.654289 0.841176 0.655570 0.844118 0.654289 0.847059 0.655570 0.850000 0.655570 0.852941 0.654289 0.855882 0.653009 0.855882 0.650448 0.861765 0.649168 0.858824 0.649168 0.855882 0.647887 0.855882 0.646607 0.852941 0.646607 0.838235 0.647887 0.835294 0.646607 0.838235 0.645327 0.838235 0.644046 0.841176 0.642766 0.841176 0.641485 0.838235 0.641485 0.832353 0.642766 0.829412 0.644046 0.832353 0.642766 0.829412 0.645327 0.823529 0.644046 0.823529 0.642766 0.826471 0.641485 0.823529 0.641485 0.820588 0.642766 0.817647 0.642766 0.814706 0.641485 0.811765 0.642766 0.808824 0.641485 0.805882 0.640205 0.805882 0.638924 0.802941 0.640205 0.800000 0.640205 0.797059 0.641485 0.794118 0.640205 0.794118 0.638924 0.791176 0.638924 0.788235 0.637644 0.788235 0.637644 0.794118 0.636364 0.797059 0.633803 0.797059 0.632522 0.794118 0.631242 0.797059 0.629962 0.794118 0.629962 0.785294 0.631242 0.782353 0.631242 0.779412 0.629962 0.776471 0.629962 0.773529 0.632522 0.767647 0.631242 0.767647 0.629962 0.764706 0.629962 0.761765 0.628681 0.758824 0.628681 0.752941 0.627401 0.752941 0.627401 0.770588 0.626120 0.773529 0.624840 0.770588 0.623560 0.773529 0.622279 0.770588 0.622279 0.761765 0.620999 0.758824 0.620999 0.755882 0.620999 0.758824 0.622279 0.761765 0.622279 0.767647 0.618438 0.776471 0.617157 0.773529 0.617157 0.761765 0.618438 0.758824 0.618438 0.750000 0.619718 0.747059 0.619718 0.744118 0.620999 0.741176 0.620999 0.738235 0.622279 0.735294 0.622279 0.705882 0.623560 0.702941 0.623560 0.685294 0.624840 0.682353 0.624840 0.670588 0.626120 0.667647 0.626120 0.655882 0.627401 0.652941 0.627401 0.605882 0.628681 0.602941 0.628681 0.582353 0.629962 0.579412 0.629962 0.573529 0.631242 0.570588 0.631242 0.558824 0.632522 0.555882 0.632522 0.550000 0.633803 0.547059 0.632522 0.544118 0.632522 0.517647 0.633803 0.514706 0.632522 0.511765 0.633803 0.508824 0.633803 0.467647 0.635083 0.464706 0.633803 0.461765 0.633803 0.458824 0.635083 0.455882 0.635083 0.452941 0.633803 0.450000 0.633803 0.408824 0.632522 0.405882 0.632522 0.400000 0.631242 0.397059 0.631242 0.391176 0.631242 0.397059 0.629962 0.400000 0.629962 0.405882 0.628681 0.408824 0.628681 0.511765 0.627401 0.514706 0.628681 0.517647 0.628681 0.600000 0.627401 0.602941 0.627401 0.623529 0.626120 0.626471 0.626120 0.641176 0.624840 0.644118 0.624840 0.650000 0.623560 0.652941 0.623560 0.658824 0.620999 0.664706 0.618438 0.658824 0.618438 0.655882 0.619718 0.652941 0.619718 0.650000 0.617157 0.655882 0.615877 0.655882 0.614597 0.658824 0.612036 0.658824 0.613316 0.661765 0.613316 0.673529 0.614597 0.673529 0.615877 0.670588 0.617157 0.670588 0.618438 0.667647 0.619718 0.667647 0.620999 0.670588 0.620999 0.673529 0.619718 0.676471 0.619718 0.682353 0.618438 0.685294 0.618438 0.688235 0.617157 0.691176 0.617157 0.705882 0.615877 0.708824 0.615877 0.726471 0.614597 0.729412 0.615877 0.732353 0.615877 0.750000 0.617157 0.752941 0.615877 0.755882 0.615877 0.767647 0.614597 0.770588 0.612036 0.770588 0.613316 0.773529 0.613316 0.776471 0.614597 0.779412 0.614597 0.785294 0.613316 0.788235 0.613316 0.794118 0.612036 0.797059 0.613316 0.800000 0.612036 0.802941 0.612036 0.814706 0.610755 0.817647 0.606914 0.808824 0.605634 0.808824 0.596671 0.788235 0.595391 0.788235 0.592830 0.782353 0.594110 0.779412 0.594110 0.773529 0.595391 0.770588 0.595391 0.764706 0.596671 0.761765 0.596671 0.755882 0.597951 0.752941 0.600512 0.758824 0.600512 0.741176 0.599232 0.738235 0.599232 0.735294 0.600512 0.732353 0.600512 0.697059 0.601793 0.694118 0.601793 0.676471 0.601793 0.679412 0.600512 0.682353 0.599232 0.679412 0.599232 0.600000 0.597951 0.597059 0.597951 0.591176 0.599232 0.588235 0.597951 0.585294 0.597951 0.582353 0.596671 0.579412 0.596671 0.576471 0.597951 0.573529 0.596671 0.570588 0.596671 0.558824 0.595391 0.555882 0.596671 0.552941 0.595391 0.550000 0.595391 0.514706 0.594110 0.517647 0.594110 0.523529 0.592830 0.526471 0.591549 0.523529 0.591549 0.517647 0.590269 0.514706 0.590269 0.511765 0.588988 0.508824 0.588988 0.502941 0.587708 0.500000 0.587708 0.535294 0.588988 0.538235 0.588988 0.544118 0.590269 0.547059 0.588988 0.550000 0.587708 0.550000 0.588988 0.552941 0.588988 0.570588 0.590269 0.573529 0.588988 0.576471 0.588988 0.594118 0.590269 0.597059 0.588988 0.600000 0.588988 0.626471 0.587708 0.629412 0.587708 0.650000 0.588988 0.652941 0.587708 0.655882 0.586428 0.655882 0.586428 0.676471 0.587708 0.679412 0.587708 0.691176 0.588988 0.694118 0.587708 0.697059 0.587708 0.723529 0.588988 0.723529 0.590269 0.726471 0.590269 0.735294 0.588988 0.738235 0.588988 0.752941 0.590269 0.755882 0.588988 0.758824 0.588988 0.770588 0.587708 0.773529 0.586428 0.770588 0.585147 0.770588 0.581306 0.761765 0.580026 0.761765 0.578745 0.758824 0.577465 0.758824 0.574904 0.752941 0.573624 0.752941 0.571063 0.747059 0.569782 0.747059 0.568502 0.744118 0.567222 0.744118 0.565941 0.741176 0.564661 0.741176 0.563380 0.738235 0.562100 0.738235 0.560819 0.735294 0.559539 0.735294 0.560819 0.735294 0.563380 0.741176 0.564661 0.741176 0.565941 0.744118 0.567222 0.744118 0.568502 0.747059 0.569782 0.747059 0.573624 0.755882 0.573624 0.761765 0.573624 0.758824 0.574904 0.755882 0.576184 0.755882 0.580026 0.764706 0.581306 0.764706 0.585147 0.773529 0.586428 0.773529 0.590269 0.782353 0.590269 0.814706 0.591549 0.817647 0.591549 0.797059 0.592830 0.794118 0.592830 0.791176 0.594110 0.788235 0.595391 0.791176 0.596671 0.791176 0.603073 0.805882 0.604353 0.805882 0.610755 0.820588 0.610755 0.835294 0.609475 0.838235 0.609475 0.852941 0.608195 0.855882 0.608195 0.870588 0.606914 0.873529 0.606914 0.888235 0.605634 0.891176 0.604353 0.888235 0.601793 0.888235 0.603073 0.888235 0.604353 0.891176 0.601793 0.897059 0.604353 0.897059 0.605634 0.900000 0.605634 0.905882 0.604353 0.908824 0.604353 0.917647 0.603073 0.920588 0.603073 0.932353 0.601793 0.935294 0.601793 0.947059 0.600512 0.950000 0.600512 0.961765 0.599232 0.964706 0.599232 0.973529 0.597951 0.976471 0.597951 0.985294 0.596671 0.988235 0.596671 0.997059 0.597951 0.997059 0.597951 0.994118 0.599232 0.991176 0.599232 0.979412 0.600512 0.976471 0.600512 0.967647 0.604353 0.958824 0.604353 0.955882 0.603073 0.952941 0.604353 0.950000 0.605634 0.950000 0.605634 0.947059 0.606914 0.944118 0.606914 0.941176 0.608195 0.938235 0.608195 0.932353 0.606914 0.935294 0.606914 0.938235 0.605634 0.941176 0.604353 0.938235 0.604353 0.929412 0.605634 0.926471 0.605634 0.914706 0.606914 0.911765 0.606914 0.902941 0.608195 0.900000 0.609475 0.902941 0.609475 0.905882 0.610755 0.902941 0.612036 0.902941 0.613316 0.905882 0.613316 0.908824 0.614597 0.911765 0.614597 0.917647 0.617157 0.911765 0.624840 0.929412 0.623560 0.932353 0.622279 0.932353 0.620999 0.935294 0.619718 0.932353 0.618438 0.935294 0.615877 0.929412 0.612036 0.929412 0.613316 0.929412 0.614597 0.932353 0.615877 0.932353 0.617157 0.935294 0.615877 0.938235 0.617157 0.938235 0.618438 0.935294 0.622279 0.944118 0.624840 0.944118 0.626120 0.947059 0.628681 0.947059 0.632522 0.955882 0.633803 0.955882 0.636364 0.961765 0.637644 0.961765 0.640205 0.967647 0.640205 0.997059 0.642766 0.997059 0.642766 0.976471 0.641485 0.973529 0.641485 0.964706 0.644046 0.958824 0.645327 0.961765 0.645327 0.967647 0.647887 0.967647 0.649168 0.970588 0.649168 0.973529 0.647887 0.976471 0.647887 0.979412 0.649168 0.976471 0.649168 0.970588 0.647887 0.967647 0.649168 0.964706 0.649168 0.958824 0.650448 0.955882 0.651729 0.955882 0.650448 0.952941 0.650448 0.950000 0.647887 0.944118 0.647887 0.941176 0.646607 0.938235 0.644046 0.944118 0.642766 0.941176 0.642766 0.929412 0.640205 0.923529 0.641485 0.920588 0.640205 0.920588 0.638924 0.917647 0.640205 0.914706 0.640205 0.905882 0.641485 0.902941 0.642766 0.905882 0.644046 0.902941 0.645327 0.905882 0.645327 0.908824 0.644046 0.911765 0.645327 0.914706 0.647887 0.914706 0.649168 0.917647 0.649168 0.920588 0.647887 0.923529 0.649168 0.923529 0.650448 0.920588 0.651729 0.923529 0.651729 0.926471 0.650448 0.929412 0.651729 0.932353 0.651729 0.935294 0.653009 0.938235 0.653009 0.941176 0.654289 0.944118 0.655570 0.941176 0.656850 0.941176 0.658131 0.938235 0.659411 0.941176 0.659411 0.944118 0.668374 0.964706 0.668374 0.967647 0.676056 0.985294 0.676056 0.988235 0.679898 0.997059 0.685019 0.997059 0.686300 0.994118 0.687580 0.997059 0.688860 0.994118 0.690141 0.997059 0.692702 0.997059 0.692702 0.991176 0.693982 0.988235 0.695262 0.991176 0.695262 0.997059 0.697823 0.997059 0.696543 0.994118 0.697823 0.991176 0.701665 0.991176 0.702945 0.994118 0.702945 0.997059 0.787452 0.997059 0.787452 0.991176 0.790013 0.985294 0.791293 0.985294 0.792574 0.982353 0.795134 0.988235 0.795134 0.991176 0.796415 0.994118 0.796415 0.997059 0.797695 0.997059 0.796415 0.994118 0.796415 0.991176 0.795134 0.988235 0.795134 0.985294 0.793854 0.982353 0.793854 0.976471 0.792574 0.973529 0.792574 0.970588 0.791293 0.967647 0.791293 0.961765 0.790013 0.958824 0.790013 0.955882 0.792574 0.950000 0.792574 0.947059 0.793854 0.944118 0.793854 0.941176 0.795134 0.938235 0.795134 0.935294 0.796415 0.932353 0.796415 0.929412 0.797695 0.926471 0.797695 0.923529 0.798976 0.920588 0.798976 0.917647 0.800256 0.914706 0.801536 0.917647 0.800256 0.914706 0.800256 0.911765 0.801536 0.908824 0.801536 0.905882 0.804097 0.900000 0.804097 0.897059 0.805378 0.894118 0.805378 0.888235 0.809219 0.879412 0.810499 0.879412 0.811780 0.882353 0.811780 0.891176 0.813060 0.891176 0.819462 0.876471 0.820743 0.876471 0.822023 0.873529 0.823303 0.873529 0.829706 0.888235 0.829706 0.891176 0.830986 0.894118 0.830986 0.900000 0.832266 0.902941 0.832266 0.905882 0.833547 0.908824 0.834827 0.905882 0.836108 0.908824 0.836108 0.911765 0.837388 0.908824 0.837388 0.905882 0.839949 0.900000 0.841229 0.900000 0.845070 0.908824 0.845070 0.911765 0.848912 0.920588 0.848912 0.902941 0.850192 0.900000 0.854033 0.908824 0.854033 0.911765 0.855314 0.911765 0.856594 0.908824 0.857875 0.911765 0.857875 0.914706 0.859155 0.917647 0.859155 0.920588 0.861716 0.926471 0.870679 0.926471 0.871959 0.929412 0.871959 0.935294 0.873239 0.938235 0.873239 0.941176 0.874520 0.944118 0.874520 0.947059 0.875800 0.950000 0.875800 0.955882 0.877081 0.958824 0.877081 0.961765 0.878361 0.964706 0.878361 0.967647 0.879641 0.970588 0.879641 0.973529 0.880922 0.976471 0.880922 0.982353 0.882202 0.985294 0.882202 0.997059 0.882202 0.973529 0.880922 0.970588 0.880922 0.967647 0.879641 0.964706 0.879641 0.961765 0.878361 0.958824 0.878361 0.955882 0.877081 0.952941 0.877081 0.947059 0.875800 0.944118 0.875800 0.941176 0.874520 0.938235 0.874520 0.935294 0.873239 0.932353 0.873239 0.908824 0.874520 0.905882 0.879641 0.905882 0.880922 0.908824 0.882202 0.908824 0.884763 0.914706 0.886044 0.914706 0.887324 0.917647 0.888604 0.917647 0.889885 0.920588 0.891165 0.920588 0.893726 0.926471 0.895006 0.926471 0.896287 0.929412 0.897567 0.929412 0.898848 0.932353 0.900128 0.932353 0.901408 0.935294 0.901408 0.952941 0.900128 0.955882 0.900128 0.964706 0.901408 0.967647 0.901408 0.970588 0.900128 0.973529 0.900128 0.985294 0.901408 0.988235 0.901408 0.994118 0.902689 0.997059 0.914213 0.997059 0.916773 0.991176 0.916773 0.979412 0.915493 0.976471 0.915493 0.958824 0.916773 0.955882 0.918054 0.958824 0.919334 0.958824 0.921895 0.964706 0.921895 0.997059 0.923175 0.994118 0.923175 0.988235 0.921895 0.985294 0.923175 0.982353 0.924456 0.982353 0.924456 0.979412 0.923175 0.976471 0.925736 0.970588 0.927017 0.973529 0.928297 0.970588 0.929577 0.970588 0.932138 0.976471 0.933419 0.976471 0.934699 0.979412 0.934699 0.991176 0.933419 0.994118 0.933419 0.997059 0.955186 0.997059 0.953905 0.997059 0.951344 0.991176 0.950064 0.991176 0.947503 0.985294 0.947503 0.982353 0.948784 0.979412 0.948784 0.973529 0.947503 0.970588 0.947503 0.967647 0.948784 0.964706 0.948784 0.914706 0.947503 0.911765 0.948784 0.908824 0.951344 0.908824 0.950064 0.905882 0.952625 0.900000 0.956466 0.900000 0.975672 0.944118 0.975672 0.952941 0.976953 0.955882 0.976953 0.958824 0.978233 0.961765 0.978233 0.967647 0.979513 0.970588 0.979513 0.976471 0.980794 0.979412 0.980794 0.985294 0.979513 0.988235 0.978233 0.988235 0.976953 0.985294 0.975672 0.985294 0.974392 0.982353 0.971831 0.982353 0.970551 0.979412 0.969270 0.979412 0.970551 0.982353 0.971831 0.982353 0.973111 0.985294 0.974392 0.985294 0.975672 0.988235 0.976953 0.988235 0.978233 0.991176 0.979513 0.991176 0.980794 0.994118 0.982074 0.994118 0.983355 0.997059 0.998720 0.997059 0.998720 0.994118 0.987196 0.967647 0.987196 0.964706 0.985915 0.961765 0.985915 0.958824 0.984635 0.955882 0.984635 0.950000 0.983355 0.947059 0.983355 0.944118 0.982074 0.941176 0.982074 0.938235 0.980794 0.935294 0.980794 0.932353 0.979513 0.929412 0.979513 0.923529 0.978233 0.920588 0.978233 0.914706 0.976953 0.911765 0.976953 0.908824 0.978233 0.905882 0.982074 0.914706 0.980794 0.911765 0.980794 0.905882 0.979513 0.902941 0.979513 0.900000 0.980794 0.897059 0.983355 0.897059 0.984635 0.900000 0.985915 0.900000 0.988476 0.905882 0.992318 0.897059 0.993598 0.897059 0.994878 0.900000 0.996159 0.900000 0.998720 0.905882 0.998720 0.885294 0.996159 0.879412 0.989757 0.879412 0.987196 0.873529 0.989757 0.867647 0.988476 0.867647 0.987196 0.870588 0.980794 0.870588 0.979513 0.867647 0.979513 0.861765 0.980794 0.858824 0.979513 0.858824 0.978233 0.861765 0.975672 0.855882 0.974392 0.858824 0.974392 0.861765 0.973111 0.864706 0.971831 0.864706 0.970551 0.861765 0.970551 0.858824 0.969270 0.855882 0.969270 0.852941 0.967990 0.850000 0.967990 0.844118 0.966709 0.841176 0.966709 0.835294 0.965429 0.832353 0.965429 0.829412 0.966709 0.826471 0.966709 0.823529 0.965429 0.820588 0.965429 0.800000 0.964149 0.797059 0.964149 0.779412 0.962868 0.776471 0.962868 0.738235 0.961588 0.735294 0.961588 0.732353 0.960307 0.729412 0.960307 0.726471 0.959027 0.723529 0.959027 0.717647 0.957746 0.714706 0.957746 0.711765 0.956466 0.708824 0.956466 0.705882 0.955186 0.702941 0.955186 0.700000 0.953905 0.697059 0.953905 0.691176 0.952625 0.688235 0.952625 0.685294 0.951344 0.682353 0.951344 0.679412 0.950064 0.676471 0.950064 0.673529 0.948784 0.670588 0.948784 0.667647 0.946223 0.661765 0.946223 0.658824 0.943662 0.652941 0.943662 0.664706 0.944942 0.667647 0.943662 0.670588 0.944942 0.673529 0.944942 0.691176 0.946223 0.694118 0.946223 0.700000 0.947503 0.702941 0.947503 0.708824 0.948784 0.711765 0.948784 0.723529 0.947503 0.726471 0.946223 0.723529 0.946223 0.717647 0.944942 0.714706 0.944942 0.711765 0.943662 0.708824 0.943662 0.700000 0.942382 0.697059 0.942382 0.691176 0.941101 0.688235 0.941101 0.682353 0.939821 0.679412 0.939821 0.673529 0.938540 0.670588 0.938540 0.664706 0.937260 0.661765 0.937260 0.655882 0.935980 0.652941 0.935980 0.647059 0.934699 0.644118 0.934699 0.638235 0.933419 0.635294 0.933419 0.629412 0.932138 0.626471 0.932138 0.614706 0.930858 0.611765 0.930858 0.605882 0.929577 0.602941 0.929577 0.597059 0.928297 0.594118 0.928297 0.588235 0.927017 0.585294 0.927017 0.573529 0.928297 0.570588 0.928297 0.558824 0.927017 0.555882 0.927017 0.535294 0.928297 0.532353 0.925736 0.526471 0.925736 0.523529 0.924456 0.520588 0.927017 0.514706 0.924456 0.508824 0.924456 0.497059 0.923175 0.494118 0.923175 0.473529 0.921895 0.470588 0.921895 0.467647 0.923175 0.464706 0.923175 0.461765 0.920615 0.455882 0.920615 0.438235 0.921895 0.435294 0.920615 0.432353 0.920615 0.429412 0.919334 0.426471 0.919334 0.414706 0.918054 0.411765 0.918054 0.402941 0.916773 0.400000 0.916773 0.394118 0.918054 0.391176 0.918054 0.388235 0.915493 0.382353 0.915493 0.373529 0.916773 0.370588 0.915493 0.367647 0.915493 0.364706 0.916773 0.361765 0.916773 0.355882 0.914213 0.350000 0.914213 0.314706 0.911652 0.314706 0.909091 0.308824 0.909091 0.302941
2 0.792574 0.985294 0.791293 0.988235 0.790013 0.988235 0.788732 0.991176 0.788732 0.997059 0.795134 0.997059 0.795134 0.994118 0.793854 0.991176 0.793854 0.988235
2 0.459667 0.985294 0.455826 0.994118 0.455826 0.997059 0.457106 0.994118 0.458387 0.997059 0.460948 0.997059 0.460948 0.994118 0.462228 0.991176 0.462228 0.988235 0.460948 0.985294
2 0.302177 0.985294 0.300896 0.988235 0.299616 0.988235 0.299616 0.994118 0.298335 0.997059 0.299616 0.994118 0.300896 0.997059 0.300896 0.994118 0.302177 0.991176 0.303457 0.994118 0.303457 0.997059 0.304738 0.994118 0.306018 0.994118 0.307298 0.991176 0.307298 0.985294 0.304738 0.985294 0.304738 0.988235 0.303457 0.991176 0.302177 0.988235
2 0.932138 0.979412 0.930858 0.982353 0.930858 0.985294 0.929577 0.988235 0.929577 0.991176 0.928297 0.994118 0.928297 0.997059 0.930858 0.997059 0.933419 0.991176 0.933419 0.979412
2 0.416133 0.973529 0.414853 0.976471 0.414853 0.982353 0.413572 0.985294 0.412292 0.982353 0.411012 0.982353 0.411012 0.997059 0.419974 0.997059 0.419974 0.994118 0.418694 0.991176 0.418694 0.976471 0.417414 0.973529
2 0.644046 0.961765 0.642766 0.964706 0.642766 0.973529 0.644046 0.976471 0.644046 0.997059 0.645327 0.994118 0.646607 0.997059 0.646607 0.988235 0.647887 0.985294 0.649168 0.988235 0.650448 0.988235 0.649168 0.985294 0.649168 0.979412 0.647887 0.982353 0.645327 0.976471 0.645327 0.973529 0.646607 0.970588 0.647887 0.973529 0.647887 0.970588 0.649168 0.967647 0.647887 0.970588 0.645327 0.970588 0.644046 0.967647
2 0.618438 0.938235 0.617157 0.941176 0.612036 0.941176 0.612036 0.947059 0.613316 0.950000 0.612036 0.952941 0.610755 0.952941 0.610755 0.961765 0.609475 0.964706 0.608195 0.961765 0.608195 0.950000 0.606914 0.950000 0.606914 0.952941 0.605634 0.955882 0.604353 0.952941 0.605634 0.955882 0.605634 0.961765 0.604353 0.964706 0.603073 0.964706 0.601793 0.967647 0.601793 0.976471 0.600512 0.979412 0.600512 0.991176 0.599232 0.994118 0.599232 0.997059 0.614597 0.997059 0.614597 0.994118 0.615877 0.991176 0.614597 0.988235 0.614597 0.985294 0.615877 0.982353 0.619718 0.991176 0.619718 0.994118 0.618438 0.997059 0.619718 0.994118 0.619718 0.985294 0.620999 0.982353 0.622279 0.985294 0.622279 0.988235 0.623560 0.991176 0.622279 0.994118 0.622279 0.997059 0.623560 0.994118 0.624840 0.997059 0.635083 0.997059 0.635083 0.988235 0.636364 0.985294 0.637644 0.988235 0.637644 0.997059 0.638924 0.997059 0.638924 0.970588 0.637644 0.970588 0.636364 0.967647 0.637644 0.964706 0.636364 0.964706 0.633803 0.958824 0.635083 0.961765 0.633803 0.964706 0.632522 0.964706 0.631242 0.961765 0.631242 0.958824 0.629962 0.955882 0.629962 0.952941 0.628681 0.950000 0.628681 0.952941 0.627401 0.955882 0.627401 0.958824 0.624840 0.964706 0.623560 0.964706 0.622279 0.961765 0.624840 0.955882 0.624840 0.947059 0.622279 0.947059
2 0.030730 0.938235 0.030730 0.941176 0.029449 0.944118 0.028169 0.944118 0.028169 0.947059 0.026889 0.950000 0.028169 0.952941 0.025608 0.958824 0.025608 0.961765 0.023047 0.967647 0.019206 0.958824 0.020487 0.961765 0.020487 0.976471 0.019206 0.979412 0.019206 0.991176 0.017926 0.994118 0.016645 0.991176 0.016645 0.985294 0.012804 0.976471 0.014085 0.973529 0.014085 0.970588 0.015365 0.967647 0.015365 0.964706 0.014085 0.961765 0.014085 0.958824 0.012804 0.958824 0.012804 0.973529 0.008963 0.982353 0.007682 0.982353 0.006402 0.985294 0.006402 0.991176 0.005122 0.994118 0.003841 0.991176 0.002561 0.994118 0.001280 0.994118 0.000000 0.991176 0.001280 0.988235 0.001280 0.982353 0.003841 0.976471 0.005122 0.976471 0.007682 0.970588 0.006402 0.967647 0.007682 0.964706 0.007682 0.961765 0.008963 0.958824 0.007682 0.955882 0.008963 0.952941 0.010243 0.952941 0.010243 0.950000 0.007682 0.950000 0.007682 0.952941 0.006402 0.955882 0.005122 0.952941 0.005122 0.950000 0.003841 0.947059 0.003841 0.944118 0.002561 0.941176 0.001280 0.941176 0.000000 0.944118 0.000000 0.976471 0.001280 0.979412 0.000000 0.982353 0.000000 0.985294 0.001280 0.988235 0.000000 0.991176 0.000000 0.997059 0.015365 0.997059 0.015365 0.994118 0.016645 0.991176 0.017926 0.994118 0.017926 0.997059 0.021767 0.997059 0.020487 0.994118 0.021767 0.991176 0.021767 0.988235 0.023047 0.985294 0.023047 0.982353 0.021767 0.979412 0.021767 0.976471 0.024328 0.970588 0.025608 0.973529 0.024328 0.970588 0.024328 0.967647 0.025608 0.964706 0.025608 0.961765 0.028169 0.955882 0.028169 0.952941 0.026889 0.950000 0.029449 0.944118 0.030730 0.944118 0.032010 0.947059 0.032010 0.952941 0.030730 0.955882 0.032010 0.952941 0.032010 0.950000 0.033291 0.947059 0.034571 0.950000 0.034571 0.952941 0.034571 0.947059
2 0.934699 0.914706 0.934699 0.923529 0.935980 0.926471 0.935980 0.929412 0.938540 0.935294 0.937260 0.938235 0.935980 0.938235 0.933419 0.932353 0.932138 0.932353 0.930858 0.929412 0.930858 0.938235 0.929577 0.941176 0.927017 0.941176 0.927017 0.950000 0.928297 0.952941 0.928297 0.955882 0.927017 0.958824 0.928297 0.955882 0.929577 0.958824 0.929577 0.961765 0.930858 0.961765 0.932138 0.964706 0.933419 0.961765 0.933419 0.958824 0.935980 0.952941 0.937260 0.955882 0.937260 0.958824 0.935980 0.961765 0.935980 0.964706 0.934699 0.967647 0.935980 0.967647 0.935980 0.961765 0.937260 0.958824 0.937260 0.955882 0.935980 0.952941 0.937260 0.950000 0.937260 0.944118 0.938540 0.941176 0.937260 0.938235 0.938540 0.935294 0.938540 0.932353 0.939821 0.929412 0.939821 0.926471 0.941101 0.923529 0.941101 0.920588 0.939821 0.917647 0.939821 0.914706
2 0.492958 0.914706 0.490397 0.920588 0.489117 0.920588 0.475032 0.952941 0.473752 0.952941 0.475032 0.955882 0.475032 0.970588 0.473752 0.973529 0.472471 0.970588 0.472471 0.958824 0.472471 0.979412 0.471191 0.982353 0.469910 0.979412 0.469910 0.961765 0.469910 0.976471 0.468630 0.979412 0.466069 0.979412 0.464789 0.976471 0.466069 0.973529 0.467350 0.973529 0.466069 0.970588 0.467350 0.967647 0.464789 0.973529 0.464789 0.985294 0.466069 0.985294 0.467350 0.988235 0.467350 0.991176 0.466069 0.994118 0.466069 0.997059 0.467350 0.997059 0.467350 0.988235 0.466069 0.985294 0.466069 0.982353 0.467350 0.979412 0.468630 0.979412 0.471191 0.985294 0.469910 0.988235 0.469910 0.991176 0.471191 0.994118 0.471191 0.997059 0.477593 0.997059 0.478873 0.994118 0.480154 0.997059 0.483995 0.997059 0.483995 0.994118 0.482714 0.991176 0.482714 0.982353 0.483995 0.979412 0.487836 0.988235 0.487836 0.994118 0.486556 0.997059 0.496799 0.997059 0.496799 0.991176 0.495519 0.988235 0.495519 0.982353 0.494238 0.979412 0.494238 0.944118 0.492958 0.941176 0.492958 0.932353 0.494238 0.929412 0.494238 0.926471 0.492958 0.923529
2 0.921895 0.911765 0.921895 0.926471 0.924456 0.932353 0.923175 0.935294 0.924456 0.938235 0.924456 0.941176 0.924456 0.938235 0.923175 0.935294 0.924456 0.932353 0.925736 0.932353 0.925736 0.917647 0.924456 0.914706 0.923175 0.914706
2 0.874520 0.908824 0.874520 0.932353 0.875800 0.935294 0.875800 0.938235 0.877081 0.941176 0.877081 0.944118 0.878361 0.947059 0.878361 0.952941 0.879641 0.955882 0.879641 0.958824 0.880922 0.961765 0.880922 0.964706 0.882202 0.967647 0.882202 0.970588 0.882202 0.952941 0.880922 0.950000 0.880922 0.920588 0.882202 0.917647 0.883483 0.920588 0.883483 0.932353 0.884763 0.935294 0.884763 0.947059 0.886044 0.950000 0.886044 0.961765 0.887324 0.964706 0.887324 0.976471 0.888604 0.979412 0.888604 0.991176 0.889885 0.994118 0.889885 0.997059 0.892446 0.997059 0.891165 0.994118 0.891165 0.973529 0.892446 0.970588 0.892446 0.955882 0.893726 0.952941 0.893726 0.938235 0.895006 0.935294 0.896287 0.938235 0.896287 0.944118 0.897567 0.947059 0.896287 0.950000 0.896287 0.970588 0.898848 0.976471 0.898848 0.979412 0.898848 0.970588 0.897567 0.970588 0.896287 0.967647 0.897567 0.964706 0.897567 0.961765 0.896287 0.958824 0.897567 0.955882 0.897567 0.947059 0.898848 0.944118 0.897567 0.941176 0.900128 0.935294 0.898848 0.938235 0.897567 0.935294 0.897567 0.932353 0.897567 0.935294 0.896287 0.938235 0.895006 0.935294 0.895006 0.929412 0.893726 0.929412 0.891165 0.923529 0.889885 0.923529 0.888604 0.920588 0.887324 0.920588 0.886044 0.917647 0.884763 0.917647 0.882202 0.911765 0.880922 0.911765 0.879641 0.908824
2 0.641485 0.905882 0.641485 0.914706 0.640205 0.917647 0.641485 0.917647 0.642766 0.920588 0.641485 0.923529 0.642766 0.926471 0.641485 0.929412 0.642766 0.926471 0.644046 0.929412 0.644046 0.941176 0.645327 0.938235 0.646607 0.941176 0.647887 0.938235 0.649168 0.938235 0.650448 0.941176 0.649168 0.944118 0.651729 0.950000 0.651729 0.952941 0.653009 0.955882 0.651729 0.958824 0.650448 0.958824 0.653009 0.964706 0.651729 0.967647 0.651729 0.970588 0.653009 0.970588 0.654289 0.973529 0.653009 0.970588 0.653009 0.964706 0.651729 0.961765 0.651729 0.958824 0.653009 0.955882 0.654289 0.955882 0.655570 0.952941 0.656850 0.952941 0.658131 0.955882 0.658131 0.961765 0.659411 0.964706 0.659411 0.970588 0.660691 0.973529 0.660691 0.976471 0.661972 0.979412 0.661972 0.985294 0.663252 0.988235 0.663252 0.994118 0.663252 0.982353 0.664533 0.979412 0.665813 0.982353 0.665813 0.991176 0.667093 0.994118 0.667093 0.997059 0.669654 0.997059 0.670935 0.994118 0.672215 0.997059 0.674776 0.997059 0.676056 0.994118 0.677337 0.997059 0.677337 0.994118 0.674776 0.988235 0.674776 0.985294 0.673496 0.982353 0.673496 0.985294 0.672215 0.988235 0.670935 0.985294 0.670935 0.979412 0.669654 0.976471 0.669654 0.973529 0.669654 0.982353 0.670935 0.985294 0.670935 0.994118 0.669654 0.997059 0.668374 0.997059 0.667093 0.994118 0.667093 0.991176 0.668374 0.988235 0.667093 0.985294 0.667093 0.976471 0.665813 0.973529 0.667093 0.970588 0.665813 0.967647 0.665813 0.961765 0.663252 0.955882 0.661972 0.955882 0.660691 0.952941 0.660691 0.950000 0.658131 0.944118 0.658131 0.941176 0.656850 0.944118 0.655570 0.944118 0.654289 0.947059 0.651729 0.941176 0.651729 0.938235 0.649168 0.932353 0.649168 0.929412 0.646607 0.923529 0.647887 0.920588 0.647887 0.917647 0.645327 0.917647 0.642766 0.911765 0.644046 0.908824 0.644046 0.905882 0.642766 0.908824
2 0.985915 0.902941 0.985915 0.917647 0.984635 0.920588 0.985915 0.923529 0.984635 0.926471 0.984635 0.932353 0.985915 0.935294 0.985915 0.941176 0.987196 0.944118 0.987196 0.950000 0.988476 0.952941 0.988476 0.958824 0.989757 0.961765 0.989757 0.967647 0.991037 0.970588 0.991037 0.973529 0.994878 0.982353 0.994878 0.970588 0.996159 0.967647 0.998720 0.973529 0.997439 0.976471 0.997439 0.988235 0.998720 0.991176 0.998720 0.982353 0.997439 0.979412 0.997439 0.976471 0.998720 0.973529 0.998720 0.955882 0.996159 0.950000 0.998720 0.944118 0.997439 0.947059 0.996159 0.947059 0.994878 0.950000 0.993598 0.947059 0.993598 0.944118 0.996159 0.938235 0.998720 0.938235 0.997439 0.938235 0.996159 0.935294 0.994878 0.938235 0.993598 0.938235 0.992318 0.935294 0.993598 0.932353 0.993598 0.926471 0.991037 0.926471 0.989757 0.923529 0.992318 0.917647 0.993598 0.920588 0.993598 0.917647 0.992318 0.917647 0.991037 0.914706 0.991037 0.902941 0.988476 0.908824
2 0.952625 0.902941 0.951344 0.905882 0.952625 0.908824 0.951344 0.911765 0.948784 0.911765 0.950064 0.914706 0.950064 0.935294 0.951344 0.938235 0.950064 0.941176 0.951344 0.944118 0.950064 0.947059 0.950064 0.964706 0.948784 0.967647 0.948784 0.970588 0.950064 0.973529 0.950064 0.979412 0.948784 0.982353 0.948784 0.985294 0.950064 0.988235 0.951344 0.988235 0.953905 0.994118 0.955186 0.994118 0.956466 0.997059 0.956466 0.994118 0.957746 0.991176 0.959027 0.994118 0.959027 0.997059 0.974392 0.997059 0.975672 0.994118 0.975672 0.991176 0.974392 0.988235 0.973111 0.988235 0.971831 0.985294 0.970551 0.985294 0.967990 0.979412 0.969270 0.976471 0.970551 0.976471 0.971831 0.979412 0.971831 0.973529 0.973111 0.970588 0.974392 0.973529 0.974392 0.976471 0.975672 0.979412 0.978233 0.979412 0.979513 0.982353 0.979513 0.985294 0.979513 0.982353 0.978233 0.979412 0.978233 0.973529 0.976953 0.970588 0.976953 0.961765 0.975672 0.958824 0.975672 0.955882 0.974392 0.952941 0.974392 0.944118 0.967990 0.929412 0.966709 0.929412 0.965429 0.926471 0.965429 0.923529 0.964149 0.923529 0.962868 0.920588 0.962868 0.917647 0.956466 0.902941
2 0.608195 0.902941 0.608195 0.911765 0.606914 0.914706 0.606914 0.926471 0.605634 0.929412 0.605634 0.938235 0.605634 0.935294 0.606914 0.932353 0.606914 0.926471 0.608195 0.923529 0.609475 0.926471 0.609475 0.941176 0.609475 0.908824 0.608195 0.905882
2 0.653009 0.897059 0.653009 0.902941 0.654289 0.905882 0.654289 0.911765 0.655570 0.908824 0.656850 0.911765 0.656850 0.914706 0.658131 0.914706 0.659411 0.917647 0.656850 0.923529 0.659411 0.929412 0.660691 0.929412 0.663252 0.935294 0.663252 0.938235 0.664533 0.941176 0.664533 0.932353 0.663252 0.929412 0.664533 0.926471 0.655570 0.905882 0.655570 0.902941 0.654289 0.905882 0.653009 0.902941
2 0.012804 0.894118 0.012804 0.905882 0.014085 0.908824 0.014085 0.914706 0.015365 0.917647 0.016645 0.914706 0.015365 0.914706 0.014085 0.911765 0.014085 0.908824 0.015365 0.905882 0.016645 0.908824 0.017926 0.908824 0.017926 0.900000 0.019206 0.897059 0.017926 0.900000 0.016645 0.900000 0.015365 0.902941 0.014085 0.902941 0.012804 0.900000 0.015365 0.894118
2 0.956466 0.888235 0.956466 0.894118 0.960307 0.902941 0.961588 0.900000 0.962868 0.902941 0.962868 0.908824 0.971831 0.929412 0.970551 0.926471 0.970551 0.917647 0.969270 0.914706 0.969270 0.908824 0.961588 0.891176 0.960307 0.891176 0.959027 0.888235
2 0.941101 0.888235 0.941101 0.891176 0.939821 0.894118 0.941101 0.897059 0.942382 0.897059 0.943662 0.900000 0.944942 0.900000 0.944942 0.894118 0.946223 0.891176 0.944942 0.891176 0.943662 0.888235
2 0.822023 0.876471 0.820743 0.879412 0.822023 0.882353 0.822023 0.885294 0.823303 0.885294 0.824584 0.888235 0.824584 0.894118 0.823303 0.897059 0.822023 0.894118 0.820743 0.894118 0.818182 0.888235 0.818182 0.885294 0.816901 0.885294 0.813060 0.894118 0.811780 0.894118 0.810499 0.891176 0.810499 0.882353 0.809219 0.882353 0.806658 0.888235 0.806658 0.894118 0.805378 0.897059 0.805378 0.900000 0.802817 0.905882 0.802817 0.908824 0.801536 0.911765 0.801536 0.914706 0.800256 0.917647 0.800256 0.920588 0.798976 0.923529 0.798976 0.926471 0.797695 0.929412 0.797695 0.932353 0.796415 0.935294 0.796415 0.938235 0.795134 0.941176 0.795134 0.944118 0.793854 0.947059 0.793854 0.950000 0.791293 0.955882 0.791293 0.958824 0.792574 0.961765 0.792574 0.967647 0.793854 0.970588 0.793854 0.973529 0.795134 0.976471 0.795134 0.982353 0.796415 0.985294 0.796415 0.988235 0.797695 0.991176 0.797695 0.994118 0.798976 0.997059 0.809219 0.997059 0.809219 0.994118 0.807939 0.991176 0.807939 0.976471 0.806658 0.973529 0.806658 0.970588 0.807939 0.967647 0.809219 0.967647 0.810499 0.970588 0.810499 0.973529 0.811780 0.973529 0.813060 0.976471 0.813060 0.979412 0.814341 0.979412 0.814341 0.967647 0.813060 0.964706 0.813060 0.958824 0.814341 0.955882 0.815621 0.955882 0.816901 0.958824 0.816901 0.967647 0.818182 0.964706 0.818182 0.952941 0.816901 0.950000 0.819462 0.944118 0.820743 0.947059 0.820743 0.955882 0.822023 0.952941 0.823303 0.955882 0.823303 0.958824 0.824584 0.961765 0.824584 0.964706 0.823303 0.967647 0.823303 0.970588 0.822023 0.973529 0.822023 0.976471 0.820743 0.979412 0.827145 0.979412 0.828425 0.982353 0.834827 0.982353 0.836108 0.985294 0.839949 0.985294 0.841229 0.988235 0.842510 0.988235 0.843790 0.991176 0.846351 0.991176 0.847631 0.994118 0.848912 0.991176 0.851472 0.997059 0.879641 0.997059 0.880922 0.994118 0.880922 0.985294 0.879641 0.982353 0.879641 0.976471 0.878361 0.973529 0.878361 0.970588 0.877081 0.967647 0.877081 0.964706 0.875800 0.961765 0.875800 0.958824 0.874520 0.955882 0.874520 0.950000 0.873239 0.947059 0.873239 0.944118 0.871959 0.941176 0.871959 0.938235 0.870679 0.935294 0.870679 0.929412 0.861716 0.929412 0.860435 0.926471 0.860435 0.935294 0.861716 0.938235 0.861716 0.941176 0.860435 0.944118 0.857875 0.938235 0.857875 0.932353 0.855314 0.926471 0.855314 0.914706 0.856594 0.911765 0.855314 0.914706 0.855314 0.917647 0.854033 0.920588 0.854033 0.926471 0.852753 0.929412 0.851472 0.926471 0.851472 0.920588 0.850192 0.917647 0.852753 0.911765 0.852753 0.908824 0.850192 0.902941 0.850192 0.920588 0.848912 0.923529 0.843790 0.911765 0.843790 0.908824 0.841229 0.902941 0.839949 0.902941 0.838668 0.905882 0.838668 0.908824 0.836108 0.914706 0.834827 0.911765 0.834827 0.908824 0.833547 0.911765 0.830986 0.905882 0.830986 0.902941 0.829706 0.900000 0.829706 0.894118 0.828425 0.891176 0.828425 0.888235 0.823303 0.876471
2 0.957746 0.852941 0.959027 0.855882 0.959027 0.864706 0.961588 0.870588 0.962868 0.870588 0.964149 0.873529 0.964149 0.870588 0.962868 0.867647 0.962868 0.861765 0.961588 0.858824 0.961588 0.855882 0.960307 0.855882 0.959027 0.852941
2 0.614597 0.832353 0.614597 0.850000 0.615877 0.852941 0.615877 0.864706 0.617157 0.867647 0.617157 0.870588 0.618438 0.873529 0.618438 0.876471 0.619718 0.879412 0.620999 0.876471 0.622279 0.879412 0.620999 0.876471 0.622279 0.873529 0.620999 0.870588 0.620999 0.867647 0.622279 0.864706 0.626120 0.873529 0.626120 0.876471 0.626120 0.870588 0.624840 0.867647 0.624840 0.864706 0.626120 0.861765 0.623560 0.855882 0.623560 0.852941
2 0.615877 0.811765 0.615877 0.826471 0.617157 0.829412 0.618438 0.829412 0.619718 0.832353 0.619718 0.835294 0.624840 0.847059 0.624840 0.844118 0.626120 0.841176 0.624840 0.838235 0.623560 0.838235 0.622279 0.835294 0.623560 0.832353 0.624840 0.832353 0.624840 0.829412 0.623560 0.829412 0.622279 0.826471 0.620999 0.826471 0.619718 0.823529 0.619718 0.817647 0.617157 0.817647 0.615877 0.814706
2 0.934699 0.788235 0.930858 0.797059 0.929577 0.797059 0.930858 0.797059 0.932138 0.800000 0.934699 0.800000 0.935980 0.797059 0.935980 0.788235
2 0.947503 0.779412 0.948784 0.782353 0.948784 0.785294 0.947503 0.788235 0.946223 0.788235 0.944942 0.785294 0.943662 0.788235 0.942382 0.788235 0.939821 0.794118 0.938540 0.794118 0.939821 0.794118 0.941101 0.797059 0.937260 0.805882 0.937260 0.808824 0.944942 0.808824 0.946223 0.811765 0.944942 0.814706 0.943662 0.814706 0.942382 0.817647 0.941101 0.817647 0.939821 0.820588 0.939821 0.823529 0.941101 0.820588 0.942382 0.820588 0.943662 0.823529 0.946223 0.823529 0.947503 0.820588 0.950064 0.820588 0.951344 0.823529 0.947503 0.832353 0.946223 0.832353 0.944942 0.835294 0.946223 0.835294 0.947503 0.838235 0.946223 0.841176 0.942382 0.841176 0.943662 0.844118 0.943662 0.847059 0.944942 0.850000 0.947503 0.850000 0.947503 0.847059 0.951344 0.838235 0.955186 0.838235 0.956466 0.841176 0.956466 0.838235 0.955186 0.835294 0.955186 0.832353 0.953905 0.829412 0.955186 0.826471 0.955186 0.823529 0.956466 0.820588 0.956466 0.817647 0.957746 0.814706 0.956466 0.811765 0.956466 0.808824 0.955186 0.805882 0.955186 0.800000 0.953905 0.797059 0.953905 0.788235 0.952625 0.785294 0.950064 0.785294
2 0.838668 0.779412 0.839949 0.782353 0.839949 0.791176 0.841229 0.788235 0.842510 0.791176 0.842510 0.794118 0.843790 0.791176 0.846351 0.797059 0.846351 0.800000 0.845070 0.802941 0.842510 0.802941 0.843790 0.805882 0.842510 0.808824 0.842510 0.814706 0.841229 0.817647 0.841229 0.820588 0.838668 0.826471 0.837388 0.823529 0.837388 0.814706 0.836108 0.811765 0.834827 0.814706 0.833547 0.811765 0.829706 0.811765 0.829706 0.814706 0.830986 0.817647 0.832266 0.817647 0.833547 0.820588 0.834827 0.820588 0.836108 0.823529 0.837388 0.823529 0.838668 0.826471 0.841229 0.820588 0.841229 0.817647 0.842510 0.814706 0.843790 0.817647 0.843790 0.820588 0.845070 0.823529 0.845070 0.829412 0.843790 0.832353 0.842510 0.832353 0.842510 0.838235 0.843790 0.841176 0.843790 0.850000 0.845070 0.852941 0.846351 0.852941 0.847631 0.855882 0.848912 0.855882 0.850192 0.858824 0.851472 0.858824 0.852753 0.855882 0.854033 0.858824 0.854033 0.861765 0.855314 0.864706 0.856594 0.864706 0.857875 0.867647 0.857875 0.861765 0.856594 0.858824 0.856594 0.855882 0.855314 0.855882 0.854033 0.852941 0.854033 0.841176 0.852753 0.838235 0.852753 0.835294 0.851472 0.832353 0.851472 0.826471 0.850192 0.823529 0.850192 0.820588 0.848912 0.820588 0.847631 0.817647 0.847631 0.814706 0.846351 0.811765 0.847631 0.808824 0.847631 0.802941 0.846351 0.800000 0.846351 0.797059 0.845070 0.794118 0.845070 0.791176 0.843790 0.788235 0.843790 0.785294 0.842510 0.782353 0.842510 0.779412
2 0.763124 0.779412 0.763124 0.785294 0.764405 0.788235 0.764405 0.797059 0.766965 0.797059 0.768246 0.800000 0.769526 0.800000 0.769526 0.797059 0.770807 0.794118 0.772087 0.797059 0.772087 0.800000 0.774648 0.800000 0.774648 0.794118 0.773367 0.791176 0.773367 0.788235 0.772087 0.788235 0.770807 0.785294 0.768246 0.785294 0.766965 0.782353 0.765685 0.782353 0.764405 0.779412
2 0.927017 0.767647 0.927017 0.773529 0.925736 0.776471 0.924456 0.773529 0.924456 0.770588 0.923175 0.773529 0.921895 0.773529 0.920615 0.770588 0.919334 0.770588 0.919334 0.773529 0.920615 0.776471 0.920615 0.782353 0.921895 0.779412 0.923175 0.779412 0.924456 0.782353 0.927017 0.782353 0.928297 0.785294 0.927017 0.788235 0.928297 0.788235 0.929577 0.785294 0.932138 0.785294 0.933419 0.782353 0.932138 0.779412 0.930858 0.779412 0.929577 0.776471 0.929577 0.770588 0.928297 0.767647
2 0.078105 0.735294 0.078105 0.747059 0.079385 0.750000 0.079385 0.752941 0.080666 0.755882 0.081946 0.755882 0.083227 0.758824 0.083227 0.761765 0.085787 0.767647 0.085787 0.770588 0.087068 0.773529 0.087068 0.776471 0.085787 0.779412 0.085787 0.782353 0.087068 0.779412 0.088348 0.782353 0.088348 0.791176 0.089629 0.794118 0.089629 0.797059 0.092190 0.797059 0.090909 0.794118 0.094750 0.785294 0.096031 0.788235 0.098592 0.788235 0.098592 0.782353 0.097311 0.779412 0.098592 0.776471 0.099872 0.776471 0.098592 0.773529 0.099872 0.770588 0.099872 0.764706 0.098592 0.761765 0.097311 0.761765 0.096031 0.758824 0.096031 0.755882 0.094750 0.758824 0.092190 0.752941 0.090909 0.752941 0.089629 0.750000 0.092190 0.744118 0.092190 0.741176 0.090909 0.744118 0.089629 0.744118 0.088348 0.747059 0.087068 0.744118 0.087068 0.741176 0.085787 0.738235 0.083227 0.738235 0.081946 0.735294
2 0.061460 0.729412 0.060179 0.732353 0.055058 0.732353 0.055058 0.741176 0.057618 0.747059 0.057618 0.752941 0.058899 0.755882 0.058899 0.758824 0.060179 0.761765 0.061460 0.758824 0.062740 0.761765 0.062740 0.764706 0.064020 0.767647 0.064020 0.773529 0.065301 0.776471 0.065301 0.788235 0.062740 0.794118 0.064020 0.791176 0.065301 0.794118 0.065301 0.797059 0.064020 0.800000 0.061460 0.800000 0.060179 0.802941 0.061460 0.800000 0.062740 0.802941 0.064020 0.802941 0.065301 0.805882 0.065301 0.808824 0.066581 0.811765 0.066581 0.814706 0.067862 0.817647 0.066581 0.820588 0.066581 0.826471 0.065301 0.829412 0.065301 0.832353 0.064020 0.835294 0.062740 0.832353 0.062740 0.817647 0.061460 0.814706 0.062740 0.811765 0.061460 0.808824 0.061460 0.811765 0.060179 0.814706 0.058899 0.811765 0.057618 0.811765 0.051216 0.826471 0.049936 0.823529 0.049936 0.820588 0.049936 0.826471 0.048656 0.829412 0.047375 0.829412 0.046095 0.826471 0.046095 0.808824 0.047375 0.805882 0.049936 0.811765 0.049936 0.814706 0.049936 0.805882 0.048656 0.802941 0.048656 0.797059 0.047375 0.794118 0.048656 0.791176 0.047375 0.788235 0.047375 0.782353 0.046095 0.779412 0.047375 0.776471 0.047375 0.770588 0.046095 0.773529 0.044814 0.773529 0.043534 0.770588 0.043534 0.761765 0.042254 0.761765 0.040973 0.758824 0.040973 0.755882 0.042254 0.752941 0.042254 0.747059 0.040973 0.744118 0.035851 0.744118 0.034571 0.741176 0.033291 0.741176 0.032010 0.738235 0.030730 0.741176 0.026889 0.741176 0.026889 0.750000 0.028169 0.752941 0.028169 0.755882 0.026889 0.758824 0.024328 0.752941 0.021767 0.752941 0.020487 0.755882 0.016645 0.755882 0.016645 0.770588 0.015365 0.773529 0.016645 0.776471 0.016645 0.791176 0.015365 0.794118 0.014085 0.791176 0.014085 0.785294 0.012804 0.788235 0.012804 0.800000 0.011524 0.802941 0.010243 0.802941 0.010243 0.814706 0.007682 0.820588 0.006402 0.820588 0.005122 0.817647 0.006402 0.814706 0.005122 0.814706 0.002561 0.820588 0.002561 0.823529 0.003841 0.823529 0.006402 0.829412 0.006402 0.832353 0.005122 0.835294 0.005122 0.841176 0.001280 0.850000 0.001280 0.852941 0.000000 0.855882 0.000000 0.926471 0.001280 0.923529 0.002561 0.923529 0.002561 0.920588 0.003841 0.917647 0.003841 0.908824 0.006402 0.902941 0.007682 0.905882 0.007682 0.911765 0.008963 0.914706 0.008963 0.917647 0.010243 0.920588 0.010243 0.914706 0.008963 0.911765 0.008963 0.891176 0.010243 0.888235 0.011524 0.888235 0.008963 0.888235 0.007682 0.885294 0.007682 0.882353 0.010243 0.876471 0.010243 0.870588 0.012804 0.864706 0.012804 0.861765 0.016645 0.852941 0.019206 0.858824 0.021767 0.852941 0.023047 0.855882 0.023047 0.858824 0.023047 0.852941 0.024328 0.850000 0.024328 0.832353 0.025608 0.829412 0.025608 0.823529 0.024328 0.820588 0.024328 0.814706 0.023047 0.811765 0.023047 0.805882 0.021767 0.802941 0.021767 0.800000 0.023047 0.797059 0.025608 0.802941 0.025608 0.805882 0.026889 0.808824 0.028169 0.808824 0.029449 0.811765 0.029449 0.814706 0.030730 0.817647 0.030730 0.820588 0.029449 0.823529 0.029449 0.832353 0.028169 0.835294 0.028169 0.844118 0.026889 0.847059 0.028169 0.844118 0.030730 0.850000 0.034571 0.841176 0.035851 0.844118 0.035851 0.847059 0.037132 0.844118 0.038412 0.847059 0.039693 0.847059 0.040973 0.850000 0.039693 0.852941 0.040973 0.852941 0.042254 0.855882 0.040973 0.858824 0.038412 0.858824 0.035851 0.864706 0.034571 0.861765 0.033291 0.861765 0.033291 0.864706 0.032010 0.867647 0.030730 0.867647 0.028169 0.873529 0.026889 0.873529 0.026889 0.876471 0.029449 0.876471 0.032010 0.882353 0.032010 0.885294 0.029449 0.891176 0.030730 0.891176 0.032010 0.888235 0.035851 0.897059 0.037132 0.897059 0.038412 0.894118 0.035851 0.888235 0.037132 0.885294 0.039693 0.885294 0.042254 0.879412 0.043534 0.882353 0.044814 0.882353 0.047375 0.876471 0.048656 0.879412 0.048656 0.882353 0.047375 0.885294 0.047375 0.897059 0.046095 0.900000 0.046095 0.911765 0.044814 0.914706 0.044814 0.917647 0.043534 0.920588 0.037132 0.920588 0.035851 0.917647 0.037132 0.920588 0.037132 0.923529 0.040973 0.932353 0.040973 0.935294 0.042254 0.938235 0.042254 0.955882 0.040973 0.958824 0.040973 0.967647 0.039693 0.970588 0.039693 0.976471 0.038412 0.979412 0.038412 0.991176 0.037132 0.994118 0.035851 0.991176 0.034571 0.991176 0.033291 0.988235 0.032010 0.991176 0.032010 0.994118 0.030730 0.997059 0.029449 0.994118 0.029449 0.988235 0.029449 0.994118 0.030730 0.997059 0.044814 0.997059 0.047375 0.991176 0.048656 0.991176 0.049936 0.994118 0.049936 0.997059 0.061460 0.997059 0.061460 0.991176 0.062740 0.988235 0.062740 0.967647 0.064020 0.964706 0.064020 0.947059 0.065301 0.944118 0.065301 0.923529 0.066581 0.920588 0.067862 0.923529 0.067862 0.947059 0.067862 0.932353 0.069142 0.929412 0.069142 0.914706 0.070423 0.911765 0.072983 0.917647 0.072983 0.920588 0.075544 0.926471 0.075544 0.935294 0.076825 0.932353 0.078105 0.932353 0.079385 0.929412 0.080666 0.932353 0.080666 0.935294 0.081946 0.938235 0.081946 0.941176 0.080666 0.944118 0.080666 0.947059 0.079385 0.950000 0.078105 0.947059 0.076825 0.950000 0.075544 0.950000 0.074264 0.952941 0.072983 0.952941 0.070423 0.958824 0.069142 0.958824 0.069142 0.961765 0.071703 0.961765 0.072983 0.958824 0.076825 0.958824 0.078105 0.955882 0.079385 0.955882 0.079385 0.952941 0.080666 0.950000 0.081946 0.952941 0.081946 0.958824 0.080666 0.961765 0.080666 0.964706 0.078105 0.970588 0.076825 0.970588 0.075544 0.973529 0.074264 0.973529 0.074264 0.976471 0.075544 0.979412 0.075544 0.982353 0.072983 0.988235 0.072983 0.991176 0.070423 0.997059 0.069142 0.994118 0.069142 0.982353 0.067862 0.979412 0.069142 0.976471 0.066581 0.982353 0.066581 0.988235 0.067862 0.991176 0.067862 0.997059 0.078105 0.997059 0.078105 0.994118 0.079385 0.991176 0.079385 0.985294 0.080666 0.982353 0.080666 0.976471 0.081946 0.973529 0.083227 0.976471 0.083227 0.994118 0.084507 0.997059 0.102433 0.997059 0.102433 0.985294 0.103713 0.982353 0.104994 0.985294 0.104994 0.991176 0.106274 0.994118 0.106274 0.997059 0.106274 0.994118 0.104994 0.991176 0.104994 0.985294 0.106274 0.982353 0.107554 0.982353 0.107554 0.976471 0.108835 0.973529 0.108835 0.952941 0.110115 0.950000 0.108835 0.947059 0.110115 0.944118 0.110115 0.941176 0.111396 0.938235 0.113956 0.938235 0.115237 0.935294 0.116517 0.938235 0.116517 0.929412 0.117798 0.926471 0.117798 0.917647 0.116517 0.914706 0.116517 0.911765 0.117798 0.908824 0.119078 0.908824 0.119078 0.905882 0.117798 0.902941 0.117798 0.900000 0.120359 0.894118 0.120359 0.879412 0.121639 0.876471 0.121639 0.870588 0.120359 0.867647 0.120359 0.832353 0.119078 0.829412 0.119078 0.808824 0.117798 0.805882 0.116517 0.805882 0.115237 0.802941 0.116517 0.800000 0.115237 0.797059 0.117798 0.791176 0.116517 0.794118 0.115237 0.791176 0.115237 0.788235 0.116517 0.785294 0.117798 0.785294 0.117798 0.782353 0.116517 0.779412 0.116517 0.770588 0.115237 0.767647 0.116517 0.764706 0.116517 0.758824 0.116517 0.764706 0.115237 0.767647 0.115237 0.773529 0.113956 0.776471 0.113956 0.782353 0.115237 0.785294 0.115237 0.791176 0.113956 0.794118 0.112676 0.791176 0.112676 0.788235 0.110115 0.794118 0.108835 0.791176 0.108835 0.785294 0.107554 0.782353 0.107554 0.758824 0.107554 0.782353 0.106274 0.785294 0.106274 0.788235 0.104994 0.791176 0.103713 0.788235 0.103713 0.791176 0.104994 0.791176 0.106274 0.794118 0.101152 0.805882 0.099872 0.805882 0.098592 0.808824 0.098592 0.811765 0.101152 0.811765 0.102433 0.814706 0.101152 0.817647 0.098592 0.817647 0.097311 0.820588 0.098592 0.817647 0.099872 0.820588 0.102433 0.820588 0.103713 0.823529 0.102433 0.826471 0.101152 0.826471 0.102433 0.829412 0.101152 0.832353 0.096031 0.832353 0.097311 0.835294 0.102433 0.835294 0.102433 0.832353 0.103713 0.829412 0.104994 0.832353 0.104994 0.838235 0.106274 0.838235 0.106274 0.829412 0.107554 0.826471 0.107554 0.823529 0.108835 0.820588 0.108835 0.811765 0.110115 0.808824 0.110115 0.802941 0.111396 0.800000 0.111396 0.794118 0.112676 0.791176 0.113956 0.794118 0.113956 0.802941 0.112676 0.805882 0.112676 0.811765 0.111396 0.814706 0.111396 0.820588 0.112676 0.820588 0.113956 0.823529 0.113956 0.835294 0.111396 0.841176 0.110115 0.838235 0.110115 0.832353 0.110115 0.838235 0.108835 0.841176 0.108835 0.850000 0.107554 0.852941 0.108835 0.855882 0.108835 0.861765 0.103713 0.873529 0.102433 0.873529 0.102433 0.876471 0.101152 0.879412 0.099872 0.879412 0.101152 0.882353 0.101152 0.888235 0.099872 0.891176 0.098592 0.891176 0.098592 0.897059 0.096031 0.902941 0.094750 0.902941 0.093470 0.900000 0.093470 0.897059 0.094750 0.894118 0.094750 0.891176 0.096031 0.888235 0.096031 0.885294 0.097311 0.882353 0.097311 0.876471 0.098592 0.873529 0.098592 0.870588 0.099872 0.867647 0.101152 0.867647 0.102433 0.864706 0.102433 0.855882 0.099872 0.861765 0.098592 0.861765 0.097311 0.858824 0.096031 0.858824 0.094750 0.855882 0.094750 0.852941 0.094750 0.855882 0.093470 0.858824 0.092190 0.855882 0.092190 0.852941 0.090909 0.850000 0.090909 0.847059 0.085787 0.847059 0.084507 0.850000 0.083227 0.847059 0.083227 0.841176 0.089629 0.826471 0.089629 0.823529 0.090909 0.820588 0.090909 0.814706 0.088348 0.814706 0.085787 0.808824 0.080666 0.808824 0.079385 0.811765 0.075544 0.802941 0.075544 0.800000 0.074264 0.797059 0.074264 0.791176 0.072983 0.788235 0.072983 0.770588 0.074264 0.767647 0.074264 0.761765 0.072983 0.764706 0.071703 0.761765 0.071703 0.755882 0.069142 0.750000 0.069142 0.747059 0.070423 0.744118 0.070423 0.738235 0.069142 0.735294 0.065301 0.744118 0.062740 0.738235 0.062740 0.732353
2 0.880922 0.726471 0.880922 0.729412 0.882202 0.732353 0.882202 0.735294 0.883483 0.738235 0.884763 0.738235 0.886044 0.741176 0.886044 0.744118 0.889885 0.752941 0.892446 0.752941 0.892446 0.750000 0.891165 0.747059 0.891165 0.741176 0.889885 0.738235 0.889885 0.735294 0.886044 0.726471
2 0.869398 0.726471 0.868118 0.729412 0.866837 0.729412 0.866837 0.732353 0.865557 0.735294 0.862996 0.729412 0.861716 0.732353 0.861716 0.738235 0.862996 0.741176 0.862996 0.744118 0.861716 0.747059 0.860435 0.747059 0.859155 0.744118 0.859155 0.747059 0.860435 0.750000 0.860435 0.782353 0.857875 0.788235 0.856594 0.785294 0.855314 0.788235 0.854033 0.785294 0.854033 0.782353 0.854033 0.785294 0.852753 0.788235 0.851472 0.785294 0.851472 0.761765 0.851472 0.770588 0.850192 0.773529 0.848912 0.770588 0.850192 0.773529 0.850192 0.776471 0.848912 0.779412 0.848912 0.782353 0.850192 0.785294 0.850192 0.788235 0.851472 0.791176 0.851472 0.797059 0.852753 0.800000 0.852753 0.802941 0.854033 0.805882 0.854033 0.808824 0.855314 0.811765 0.855314 0.817647 0.856594 0.820588 0.856594 0.826471 0.857875 0.829412 0.857875 0.832353 0.859155 0.835294 0.859155 0.841176 0.860435 0.844118 0.860435 0.850000 0.861716 0.852941 0.861716 0.858824 0.862996 0.861765 0.862996 0.864706 0.864277 0.867647 0.864277 0.873529 0.865557 0.870588 0.868118 0.870588 0.869398 0.873529 0.869398 0.876471 0.873239 0.876471 0.874520 0.873529 0.877081 0.873529 0.878361 0.876471 0.875800 0.882353 0.875800 0.885294 0.874520 0.888235 0.875800 0.891176 0.877081 0.891176 0.878361 0.894118 0.879641 0.894118 0.880922 0.897059 0.882202 0.897059 0.884763 0.902941 0.888604 0.902941 0.889885 0.905882 0.891165 0.905882 0.892446 0.908824 0.892446 0.911765 0.893726 0.914706 0.895006 0.914706 0.896287 0.917647 0.895006 0.914706 0.895006 0.897059 0.893726 0.894118 0.893726 0.891176 0.892446 0.888235 0.892446 0.873529 0.891165 0.870588 0.891165 0.864706 0.889885 0.861765 0.889885 0.847059 0.892446 0.841176 0.895006 0.841176 0.895006 0.838235 0.893726 0.835294 0.893726 0.829412 0.892446 0.826471 0.892446 0.820588 0.891165 0.817647 0.891165 0.814706 0.889885 0.811765 0.889885 0.805882 0.888604 0.802941 0.889885 0.800000 0.889885 0.797059 0.888604 0.794118 0.889885 0.791176 0.889885 0.782353 0.891165 0.779412 0.892446 0.779412 0.891165 0.776471 0.892446 0.773529 0.892446 0.770588 0.893726 0.767647 0.892446 0.764706 0.892446 0.761765 0.891165 0.758824 0.889885 0.758824 0.887324 0.764706 0.886044 0.761765 0.884763 0.761765 0.883483 0.758824 0.882202 0.761765 0.880922 0.758824 0.879641 0.761765 0.877081 0.761765 0.875800 0.758824 0.874520 0.758824 0.874520 0.761765 0.873239 0.764706 0.871959 0.764706 0.870679 0.761765 0.870679 0.758824 0.870679 0.770588 0.869398 0.773529 0.868118 0.770588 0.868118 0.767647 0.866837 0.767647 0.865557 0.764706 0.865557 0.761765 0.866837 0.758824 0.865557 0.755882 0.866837 0.752941 0.868118 0.752941 0.868118 0.750000 0.870679 0.744118 0.870679 0.741176 0.871959 0.738235 0.871959 0.729412 0.870679 0.726471
2 0.778489 0.717647 0.778489 0.723529 0.777209 0.726471 0.777209 0.744118 0.775928 0.747059 0.775928 0.750000 0.777209 0.750000 0.777209 0.741176 0.778489 0.738235 0.779770 0.741176 0.779770 0.747059 0.781050 0.750000 0.781050 0.752941 0.779770 0.755882 0.781050 0.752941 0.782330 0.755882 0.784891 0.755882 0.784891 0.752941 0.783611 0.750000 0.783611 0.738235 0.784891 0.735294 0.784891 0.732353 0.782330 0.732353 0.781050 0.729412 0.781050 0.726471 0.779770 0.729412 0.778489 0.726471
2 0.209987 0.714706 0.209987 0.717647 0.207426 0.723529 0.207426 0.732353 0.208707 0.735294 0.208707 0.750000 0.209987 0.752941 0.209987 0.770588 0.211268 0.773529 0.211268 0.776471 0.212548 0.779412 0.212548 0.782353 0.211268 0.785294 0.212548 0.788235 0.212548 0.791176 0.212548 0.770588 0.209987 0.764706 0.209987 0.758824 0.211268 0.755882 0.211268 0.750000 0.212548 0.747059 0.211268 0.744118 0.212548 0.741176 0.212548 0.735294 0.213828 0.732353 0.212548 0.729412 0.208707 0.729412 0.207426 0.726471 0.207426 0.723529 0.208707 0.720588 0.209987 0.723529
2 0.957746 0.708824 0.959027 0.711765 0.959027 0.714706 0.960307 0.717647 0.960307 0.723529 0.961588 0.726471 0.961588 0.729412 0.962868 0.732353 0.962868 0.735294 0.964149 0.738235 0.964149 0.750000 0.966709 0.755882 0.965429 0.758824 0.966709 0.761765 0.966709 0.764706 0.967990 0.767647 0.967990 0.770588 0.969270 0.773529 0.969270 0.800000 0.970551 0.802941 0.969270 0.805882 0.969270 0.811765 0.970551 0.814706 0.970551 0.829412 0.971831 0.832353 0.971831 0.838235 0.973111 0.841176 0.973111 0.847059 0.974392 0.844118 0.973111 0.841176 0.973111 0.838235 0.974392 0.835294 0.971831 0.829412 0.971831 0.814706 0.970551 0.811765 0.970551 0.808824 0.969270 0.805882 0.971831 0.800000 0.973111 0.802941 0.973111 0.805882 0.974392 0.808824 0.974392 0.814706 0.983355 0.835294 0.983355 0.823529 0.984635 0.820588 0.985915 0.823529 0.985915 0.838235 0.984635 0.841176 0.984635 0.850000 0.983355 0.852941 0.982074 0.850000 0.982074 0.847059 0.979513 0.841176 0.979513 0.838235 0.976953 0.832353 0.976953 0.829412 0.976953 0.835294 0.978233 0.838235 0.978233 0.852941 0.976953 0.855882 0.978233 0.858824 0.978233 0.855882 0.979513 0.852941 0.982074 0.858824 0.980794 0.861765 0.980794 0.867647 0.984635 0.867647 0.984635 0.844118 0.985915 0.841176 0.991037 0.852941 0.989757 0.855882 0.987196 0.855882 0.987196 0.858824 0.988476 0.861765 0.988476 0.864706 0.989757 0.864706 0.991037 0.867647 0.989757 0.870588 0.989757 0.876471 0.996159 0.876471 0.997439 0.879412 0.994878 0.885294 0.993598 0.882353 0.989757 0.882353 0.989757 0.888235 0.989757 0.885294 0.991037 0.882353 0.992318 0.885294 0.992318 0.888235 0.993598 0.891176 0.997439 0.891176 0.997439 0.888235 0.996159 0.885294 0.996159 0.882353 0.997439 0.879412 0.998720 0.882353 0.998720 0.847059 0.997439 0.844118 0.997439 0.835294 0.996159 0.832353 0.996159 0.829412 0.997439 0.826471 0.998720 0.829412 0.998720 0.814706 0.996159 0.814706 0.994878 0.811765 0.996159 0.808824 0.997439 0.808824 0.996159 0.808824 0.994878 0.805882 0.992318 0.805882 0.991037 0.802941 0.989757 0.802941 0.988476 0.800000 0.987196 0.802941 0.985915 0.800000 0.985915 0.794118 0.987196 0.791176 0.988476 0.794118 0.993598 0.794118 0.994878 0.797059 0.998720 0.797059 0.998720 0.794118 0.997439 0.791176 0.998720 0.788235 0.998720 0.785294 0.997439 0.782353 0.997439 0.776471 0.998720 0.773529 0.998720 0.750000 0.997439 0.747059 0.996159 0.750000 0.996159 0.752941 0.994878 0.755882 0.994878 0.758824 0.993598 0.761765 0.992318 0.758824 0.992318 0.755882 0.991037 0.752941 0.989757 0.752941 0.988476 0.755882 0.987196 0.755882 0.987196 0.758824 0.985915 0.761765 0.980794 0.750000 0.980794 0.747059 0.978233 0.741176 0.975672 0.741176 0.974392 0.738235 0.974392 0.735294 0.973111 0.732353 0.973111 0.729412 0.971831 0.732353 0.970551 0.732353 0.967990 0.726471 0.967990 0.720588 0.969270 0.717647 0.969270 0.714706 0.967990 0.714706 0.966709 0.717647 0.965429 0.717647 0.961588 0.708824 0.960307 0.708824 0.959027 0.711765
2 0.777209 0.694118 0.777209 0.700000 0.781050 0.708824 0.779770 0.711765 0.781050 0.708824 0.782330 0.711765 0.782330 0.714706 0.783611 0.717647 0.783611 0.720588 0.784891 0.723529 0.784891 0.726471 0.786172 0.726471 0.787452 0.729412 0.787452 0.735294 0.788732 0.738235 0.787452 0.741176 0.787452 0.747059 0.788732 0.750000 0.787452 0.752941 0.788732 0.750000 0.790013 0.750000 0.791293 0.752941 0.792574 0.752941 0.795134 0.758824 0.795134 0.764706 0.793854 0.767647 0.793854 0.779412 0.795134 0.779412 0.796415 0.776471 0.797695 0.776471 0.798976 0.773529 0.800256 0.773529 0.801536 0.776471 0.796415 0.788235 0.796415 0.791176 0.798976 0.791176 0.801536 0.785294 0.802817 0.785294 0.804097 0.782353 0.806658 0.788235 0.804097 0.794118 0.804097 0.797059 0.802817 0.800000 0.805378 0.800000 0.804097 0.797059 0.805378 0.794118 0.809219 0.794118 0.810499 0.797059 0.814341 0.797059 0.814341 0.791176 0.813060 0.791176 0.810499 0.785294 0.809219 0.785294 0.807939 0.788235 0.806658 0.785294 0.806658 0.779412 0.805378 0.776471 0.806658 0.773529 0.809219 0.773529 0.810499 0.776471 0.811780 0.776471 0.813060 0.779412 0.814341 0.779412 0.815621 0.782353 0.816901 0.779412 0.819462 0.779412 0.820743 0.782353 0.818182 0.776471 0.816901 0.776471 0.815621 0.773529 0.813060 0.773529 0.810499 0.767647 0.809219 0.767647 0.807939 0.764706 0.809219 0.761765 0.809219 0.758824 0.810499 0.755882 0.811780 0.758824 0.811780 0.761765 0.811780 0.758824 0.813060 0.755882 0.814341 0.758824 0.814341 0.761765 0.815621 0.764706 0.818182 0.764706 0.813060 0.752941 0.811780 0.752941 0.810499 0.750000 0.810499 0.747059 0.813060 0.741176 0.814341 0.744118 0.816901 0.744118 0.816901 0.741176 0.815621 0.738235 0.816901 0.735294 0.819462 0.735294 0.820743 0.738235 0.822023 0.738235 0.823303 0.741176 0.825864 0.741176 0.827145 0.744118 0.825864 0.741176 0.824584 0.741176 0.823303 0.738235 0.823303 0.735294 0.824584 0.732353 0.824584 0.729412 0.822023 0.729412 0.820743 0.726471 0.820743 0.729412 0.818182 0.735294 0.816901 0.732353 0.816901 0.729412 0.815621 0.726471 0.816901 0.723529 0.815621 0.726471 0.815621 0.729412 0.814341 0.732353 0.813060 0.729412 0.813060 0.717647 0.813060 0.732353 0.811780 0.735294 0.810499 0.732353 0.810499 0.714706 0.809219 0.717647 0.807939 0.714706 0.807939 0.711765 0.802817 0.711765 0.802817 0.735294 0.801536 0.738235 0.801536 0.747059 0.800256 0.750000 0.798976 0.750000 0.797695 0.747059 0.796415 0.747059 0.795134 0.744118 0.795134 0.741176 0.796415 0.738235 0.796415 0.735294 0.796415 0.738235 0.793854 0.744118 0.791293 0.738235 0.791293 0.732353 0.788732 0.726471 0.788732 0.717647 0.788732 0.726471 0.787452 0.729412 0.786172 0.726471 0.786172 0.708824 0.784891 0.708824 0.783611 0.705882 0.783611 0.700000 0.782330 0.700000 0.781050 0.697059 0.779770 0.700000 0.778489 0.697059 0.778489 0.694118
2 0.772087 0.691176 0.770807 0.694118 0.768246 0.694118 0.766965 0.697059 0.765685 0.697059 0.764405 0.700000 0.763124 0.700000 0.764405 0.702941 0.764405 0.705882 0.763124 0.708824 0.763124 0.711765 0.761844 0.714706 0.760563 0.711765 0.760563 0.708824 0.759283 0.711765 0.759283 0.720588 0.760563 0.723529 0.760563 0.738235 0.761844 0.741176 0.761844 0.758824 0.764405 0.764706 0.765685 0.764706 0.766965 0.767647 0.768246 0.767647 0.769526 0.770588 0.770807 0.767647 0.772087 0.770588 0.773367 0.770588 0.774648 0.773529 0.775928 0.770588 0.774648 0.770588 0.773367 0.767647 0.772087 0.767647 0.769526 0.761765 0.770807 0.758824 0.770807 0.752941 0.772087 0.750000 0.772087 0.747059 0.773367 0.744118 0.773367 0.738235 0.773367 0.741176 0.772087 0.744118 0.770807 0.741176 0.770807 0.720588 0.772087 0.717647 0.772087 0.708824 0.773367 0.705882 0.773367 0.694118
2 0.335467 0.682353 0.334187 0.685294 0.330346 0.685294 0.330346 0.691176 0.331626 0.694118 0.331626 0.702941 0.330346 0.705882 0.330346 0.708824 0.331626 0.705882 0.331626 0.702941 0.332907 0.700000 0.332907 0.697059 0.334187 0.694118 0.334187 0.691176 0.336748 0.685294 0.336748 0.682353
2 0.596671 0.679412 0.596671 0.682353 0.595391 0.685294 0.595391 0.688235 0.596671 0.691176 0.595391 0.694118 0.594110 0.694118 0.595391 0.697059 0.594110 0.700000 0.594110 0.702941 0.592830 0.705882 0.592830 0.717647 0.594110 0.720588 0.594110 0.732353 0.594110 0.726471 0.595391 0.723529 0.595391 0.717647 0.596671 0.714706 0.596671 0.708824 0.597951 0.705882 0.597951 0.697059 0.599232 0.694118 0.597951 0.694118 0.595391 0.688235 0.596671 0.685294 0.597951 0.685294 0.596671 0.682353 0.597951 0.679412
2 0.691421 0.670588 0.690141 0.673529 0.688860 0.673529 0.688860 0.676471 0.687580 0.679412 0.686300 0.676471 0.686300 0.682353 0.683739 0.688235 0.681178 0.682353 0.679898 0.685294 0.678617 0.682353 0.677337 0.682353 0.674776 0.676471 0.674776 0.673529 0.673496 0.673529 0.672215 0.676471 0.670935 0.676471 0.672215 0.679412 0.672215 0.682353 0.673496 0.685294 0.672215 0.688235 0.672215 0.694118 0.670935 0.697059 0.669654 0.694118 0.669654 0.691176 0.668374 0.691176 0.667093 0.688235 0.667093 0.682353 0.661972 0.682353 0.660691 0.679412 0.660691 0.676471 0.659411 0.673529 0.658131 0.673529 0.658131 0.679412 0.659411 0.682353 0.659411 0.691176 0.660691 0.694118 0.658131 0.700000 0.656850 0.697059 0.656850 0.691176 0.655570 0.688235 0.655570 0.682353 0.654289 0.685294 0.653009 0.682353 0.653009 0.679412 0.651729 0.679412 0.651729 0.682353 0.653009 0.685294 0.651729 0.688235 0.653009 0.691176 0.653009 0.700000 0.651729 0.702941 0.650448 0.700000 0.650448 0.708824 0.646607 0.717647 0.645327 0.714706 0.645327 0.702941 0.646607 0.700000 0.646607 0.697059 0.645327 0.694118 0.645327 0.688235 0.644046 0.685294 0.644046 0.682353 0.642766 0.679412 0.641485 0.679412 0.641485 0.694118 0.640205 0.697059 0.637644 0.691176 0.637644 0.688235 0.636364 0.691176 0.635083 0.688235 0.633803 0.688235 0.632522 0.685294 0.633803 0.682353 0.632522 0.685294 0.631242 0.682353 0.631242 0.676471 0.629962 0.676471 0.628681 0.673529 0.627401 0.676471 0.627401 0.682353 0.624840 0.688235 0.624840 0.702941 0.623560 0.705882 0.623560 0.729412 0.624840 0.732353 0.622279 0.738235 0.622279 0.741176 0.620999 0.744118 0.620999 0.747059 0.619718 0.750000 0.619718 0.758824 0.618438 0.761765 0.618438 0.773529 0.620999 0.767647 0.620999 0.761765 0.622279 0.758824 0.623560 0.761765 0.623560 0.770588 0.622279 0.773529 0.624840 0.767647 0.626120 0.770588 0.626120 0.752941 0.627401 0.750000 0.628681 0.750000 0.631242 0.744118 0.632522 0.744118 0.633803 0.747059 0.633803 0.752941 0.632522 0.755882 0.631242 0.752941 0.629962 0.755882 0.629962 0.758824 0.631242 0.761765 0.631242 0.764706 0.632522 0.764706 0.633803 0.767647 0.631242 0.773529 0.631242 0.776471 0.632522 0.779412 0.632522 0.782353 0.631242 0.785294 0.631242 0.794118 0.632522 0.791176 0.633803 0.794118 0.636364 0.794118 0.636364 0.782353 0.637644 0.779412 0.638924 0.782353 0.638924 0.785294 0.641485 0.791176 0.642766 0.791176 0.644046 0.794118 0.644046 0.797059 0.642766 0.800000 0.642766 0.802941 0.645327 0.802941 0.647887 0.808824 0.647887 0.814706 0.649168 0.811765 0.650448 0.814706 0.650448 0.823529 0.647887 0.829412 0.644046 0.829412 0.642766 0.832353 0.642766 0.838235 0.641485 0.841176 0.642766 0.838235 0.644046 0.838235 0.645327 0.835294 0.646607 0.835294 0.647887 0.838235 0.647887 0.852941 0.649168 0.852941 0.650448 0.855882 0.650448 0.858824 0.653009 0.852941 0.654289 0.852941 0.654289 0.850000 0.653009 0.847059 0.654289 0.844118 0.653009 0.841176 0.653009 0.838235 0.654289 0.835294 0.656850 0.841176 0.658131 0.841176 0.658131 0.838235 0.656850 0.835294 0.658131 0.832353 0.660691 0.832353 0.660691 0.829412 0.661972 0.826471 0.663252 0.829412 0.663252 0.832353 0.667093 0.832353 0.668374 0.829412 0.668374 0.808824 0.669654 0.805882 0.669654 0.794118 0.668374 0.791176 0.667093 0.791176 0.665813 0.788235 0.665813 0.773529 0.664533 0.770588 0.665813 0.767647 0.667093 0.767647 0.668374 0.770588 0.668374 0.776471 0.669654 0.779412 0.669654 0.782353 0.670935 0.785294 0.670935 0.788235 0.672215 0.791176 0.672215 0.794118 0.673496 0.797059 0.673496 0.800000 0.672215 0.802941 0.672215 0.808824 0.672215 0.805882 0.673496 0.802941 0.674776 0.805882 0.674776 0.808824 0.676056 0.811765 0.674776 0.814706 0.673496 0.814706 0.673496 0.829412 0.670935 0.835294 0.670935 0.841176 0.672215 0.841176 0.674776 0.847059 0.673496 0.850000 0.670935 0.850000 0.670935 0.855882 0.669654 0.858824 0.668374 0.855882 0.664533 0.855882 0.665813 0.855882 0.667093 0.858824 0.669654 0.858824 0.670935 0.861765 0.670935 0.864706 0.669654 0.867647 0.669654 0.873529 0.668374 0.876471 0.665813 0.876471 0.664533 0.873529 0.663252 0.873529 0.661972 0.870588 0.660691 0.870588 0.660691 0.873529 0.661972 0.876471 0.661972 0.885294 0.663252 0.888235 0.663252 0.897059 0.664533 0.900000 0.664533 0.902941 0.665813 0.905882 0.665813 0.908824 0.664533 0.911765 0.663252 0.911765 0.661972 0.908824 0.661972 0.905882 0.660691 0.905882 0.661972 0.908824 0.661972 0.911765 0.667093 0.923529 0.667093 0.926471 0.673496 0.941176 0.673496 0.944118 0.679898 0.958824 0.679898 0.961765 0.682458 0.967647 0.682458 0.970588 0.681178 0.973529 0.676056 0.961765 0.676056 0.958824 0.670935 0.947059 0.670935 0.944118 0.667093 0.935294 0.667093 0.938235 0.668374 0.941176 0.668374 0.952941 0.678617 0.976471 0.679898 0.973529 0.681178 0.976471 0.681178 0.982353 0.682458 0.985294 0.682458 0.988235 0.686300 0.997059 0.687580 0.994118 0.688860 0.997059 0.685019 0.988235 0.685019 0.985294 0.681178 0.976471 0.681178 0.973529 0.682458 0.970588 0.685019 0.976471 0.685019 0.970588 0.686300 0.967647 0.688860 0.967647 0.690141 0.970588 0.690141 0.973529 0.691421 0.973529 0.692702 0.976471 0.692702 0.982353 0.693982 0.985294 0.692702 0.988235 0.693982 0.991176 0.693982 0.997059 0.693982 0.991176 0.692702 0.988235 0.693982 0.985294 0.693982 0.982353 0.692702 0.979412 0.692702 0.976471 0.693982 0.973529 0.695262 0.976471 0.696543 0.973529 0.697823 0.976471 0.697823 0.982353 0.697823 0.970588 0.699104 0.967647 0.700384 0.970588 0.700384 0.973529 0.700384 0.970588 0.701665 0.967647 0.704225 0.973529 0.702945 0.976471 0.705506 0.982353 0.706786 0.982353 0.708067 0.985294 0.708067 0.988235 0.709347 0.991176 0.710627 0.991176 0.713188 0.985294 0.713188 0.979412 0.714469 0.976471 0.715749 0.976471 0.717029 0.979412 0.717029 0.976471 0.715749 0.976471 0.714469 0.973529 0.714469 0.970588 0.711908 0.964706 0.711908 0.961765 0.710627 0.958824 0.710627 0.952941 0.708067 0.952941 0.706786 0.950000 0.705506 0.952941 0.704225 0.950000 0.704225 0.947059 0.705506 0.944118 0.705506 0.941176 0.702945 0.941176 0.701665 0.938235 0.702945 0.935294 0.705506 0.935294 0.702945 0.935294 0.701665 0.932353 0.702945 0.929412 0.705506 0.929412 0.705506 0.923529 0.704225 0.923529 0.702945 0.920588 0.704225 0.917647 0.706786 0.917647 0.706786 0.908824 0.705506 0.908824 0.705506 0.911765 0.704225 0.914706 0.704225 0.917647 0.702945 0.920588 0.701665 0.917647 0.701665 0.911765 0.702945 0.908824 0.702945 0.902941 0.701665 0.902941 0.700384 0.905882 0.699104 0.902941 0.699104 0.900000 0.697823 0.897059 0.697823 0.879412 0.699104 0.876471 0.701665 0.882353 0.701665 0.897059 0.705506 0.897059 0.706786 0.900000 0.706786 0.897059 0.705506 0.897059 0.704225 0.894118 0.704225 0.888235 0.705506 0.885294 0.706786 0.888235 0.706786 0.876471 0.705506 0.873529 0.706786 0.870588 0.706786 0.847059 0.708067 0.844118 0.708067 0.823529 0.709347 0.820588 0.710627 0.823529 0.710627 0.847059 0.711908 0.850000 0.711908 0.867647 0.713188 0.870588 0.713188 0.876471 0.714469 0.879412 0.714469 0.858824 0.715749 0.855882 0.717029 0.858824 0.717029 0.870588 0.718310 0.873529 0.718310 0.879412 0.717029 0.882353 0.718310 0.882353 0.719590 0.885294 0.719590 0.891176 0.720871 0.888235 0.722151 0.891176 0.723431 0.891176 0.724712 0.894118 0.728553 0.894118 0.728553 0.879412 0.729834 0.876471 0.731114 0.876471 0.732394 0.879412 0.732394 0.882353 0.731114 0.885294 0.731114 0.891176 0.732394 0.894118 0.731114 0.897059 0.731114 0.900000 0.729834 0.902941 0.728553 0.900000 0.725992 0.905882 0.724712 0.905882 0.724712 0.911765 0.725992 0.914706 0.728553 0.914706 0.731114 0.908824 0.733675 0.914706 0.732394 0.911765 0.733675 0.908824 0.736236 0.908824 0.737516 0.905882 0.738796 0.905882 0.737516 0.902941 0.738796 0.900000 0.738796 0.897059 0.737516 0.894118 0.737516 0.891176 0.736236 0.888235 0.736236 0.885294 0.737516 0.882353 0.738796 0.882353 0.738796 0.873529 0.740077 0.870588 0.741357 0.873529 0.741357 0.879412 0.742638 0.882353 0.742638 0.891176 0.741357 0.894118 0.742638 0.897059 0.742638 0.902941 0.742638 0.867647 0.743918 0.864706 0.745198 0.867647 0.745198 0.870588 0.746479 0.873529 0.745198 0.876471 0.745198 0.897059 0.746479 0.900000 0.746479 0.905882 0.747759 0.908824 0.747759 0.911765 0.750320 0.917647 0.750320 0.923529 0.750320 0.920588 0.751601 0.917647 0.752881 0.920588 0.752881 0.923529 0.754161 0.926471 0.754161 0.929412 0.755442 0.932353 0.754161 0.935294 0.755442 0.935294 0.756722 0.938235 0.758003 0.938235 0.759283 0.941176 0.760563 0.941176 0.759283 0.941176 0.756722 0.935294 0.756722 0.932353 0.755442 0.929412 0.755442 0.923529 0.754161 0.920588 0.754161 0.914706 0.752881 0.914706 0.751601 0.911765 0.751601 0.900000 0.750320 0.897059 0.750320 0.894118 0.749040 0.891176 0.749040 0.885294 0.747759 0.882353 0.747759 0.876471 0.749040 0.873529 0.750320 0.873529 0.750320 0.867647 0.749040 0.864706 0.751601 0.858824 0.752881 0.861765 0.752881 0.876471 0.751601 0.879412 0.751601 0.885294 0.754161 0.891176 0.754161 0.894118 0.755442 0.891176 0.756722 0.891176 0.758003 0.894118 0.756722 0.897059 0.758003 0.900000 0.758003 0.911765 0.760563 0.917647 0.760563 0.920588 0.761844 0.917647 0.763124 0.920588 0.763124 0.923529 0.764405 0.926471 0.764405 0.932353 0.765685 0.935294 0.765685 0.938235 0.766965 0.938235 0.766965 0.935294 0.768246 0.932353 0.769526 0.935294 0.769526 0.938235 0.770807 0.941176 0.770807 0.944118 0.772087 0.947059 0.772087 0.950000 0.773367 0.950000 0.773367 0.941176 0.774648 0.938235 0.775928 0.941176 0.775928 0.955882 0.774648 0.958824 0.773367 0.955882 0.772087 0.958824 0.770807 0.958824 0.770807 0.964706 0.772087 0.967647 0.772087 0.958824 0.773367 0.955882 0.774648 0.958824 0.774648 0.961765 0.775928 0.961765 0.777209 0.958824 0.778489 0.961765 0.779770 0.961765 0.781050 0.958824 0.782330 0.961765 0.782330 0.967647 0.783611 0.970588 0.783611 0.976471 0.783611 0.964706 0.782330 0.961765 0.783611 0.958824 0.784891 0.958824 0.786172 0.955882 0.786172 0.947059 0.784891 0.944118 0.784891 0.941176 0.783611 0.938235 0.783611 0.929412 0.782330 0.926471 0.782330 0.923529 0.781050 0.920588 0.779770 0.923529 0.778489 0.920588 0.778489 0.917647 0.779770 0.914706 0.779770 0.911765 0.781050 0.908824 0.779770 0.905882 0.779770 0.897059 0.781050 0.894118 0.783611 0.894118 0.784891 0.897059 0.784891 0.900000 0.786172 0.902941 0.783611 0.908824 0.784891 0.905882 0.787452 0.911765 0.784891 0.917647 0.786172 0.920588 0.786172 0.926471 0.787452 0.929412 0.787452 0.935294 0.788732 0.938235 0.788732 0.944118 0.790013 0.947059 0.790013 0.944118 0.791293 0.941176 0.791293 0.938235 0.792574 0.935294 0.792574 0.932353 0.793854 0.929412 0.793854 0.923529 0.795134 0.920588 0.795134 0.917647 0.796415 0.914706 0.796415 0.911765 0.797695 0.908824 0.797695 0.905882 0.798976 0.902941 0.798976 0.900000 0.800256 0.897059 0.800256 0.894118 0.801536 0.891176 0.801536 0.885294 0.804097 0.879412 0.804097 0.876471 0.805378 0.873529 0.805378 0.867647 0.806658 0.864706 0.806658 0.858824 0.804097 0.864706 0.804097 0.867647 0.802817 0.870588 0.801536 0.867647 0.801536 0.858824 0.800256 0.855882 0.801536 0.852941 0.801536 0.850000 0.800256 0.847059 0.795134 0.847059 0.793854 0.850000 0.792574 0.850000 0.791293 0.852941 0.790013 0.852941 0.788732 0.850000 0.788732 0.847059 0.787452 0.844118 0.787452 0.841176 0.786172 0.841176 0.784891 0.838235 0.783611 0.838235 0.781050 0.844118 0.779770 0.844118 0.778489 0.847059 0.778489 0.858824 0.777209 0.861765 0.777209 0.867647 0.778489 0.870588 0.778489 0.876471 0.775928 0.882353 0.774648 0.879412 0.774648 0.876471 0.773367 0.873529 0.773367 0.867647 0.774648 0.864706 0.774648 0.858824 0.773367 0.855882 0.773367 0.852941 0.774648 0.850000 0.775928 0.852941 0.775928 0.850000 0.774648 0.847059 0.774648 0.844118 0.775928 0.841176 0.777209 0.841176 0.777209 0.823529 0.774648 0.823529 0.773367 0.820588 0.770807 0.820588 0.769526 0.817647 0.768246 0.817647 0.766965 0.814706 0.768246 0.811765 0.769526 0.811765 0.766965 0.805882 0.765685 0.805882 0.764405 0.802941 0.764405 0.814706 0.763124 0.817647 0.761844 0.814706 0.761844 0.805882 0.761844 0.808824 0.760563 0.811765 0.759283 0.808824 0.759283 0.797059 0.760563 0.794118 0.760563 0.791176 0.758003 0.785294 0.758003 0.773529 0.755442 0.773529 0.754161 0.770588 0.752881 0.770588 0.751601 0.767647 0.749040 0.767647 0.747759 0.764706 0.747759 0.767647 0.749040 0.770588 0.749040 0.776471 0.750320 0.779412 0.750320 0.782353 0.751601 0.785294 0.751601 0.794118 0.752881 0.797059 0.752881 0.802941 0.754161 0.805882 0.754161 0.808824 0.755442 0.811765 0.755442 0.814706 0.756722 0.817647 0.756722 0.826471 0.758003 0.829412 0.758003 0.835294 0.759283 0.838235 0.759283 0.841176 0.758003 0.844118 0.759283 0.847059 0.759283 0.858824 0.758003 0.861765 0.756722 0.858824 0.756722 0.852941 0.755442 0.850000 0.755442 0.841176 0.752881 0.835294 0.752881 0.823529 0.751601 0.820588 0.751601 0.811765 0.750320 0.808824 0.750320 0.802941 0.749040 0.805882 0.747759 0.802941 0.747759 0.800000 0.749040 0.797059 0.749040 0.794118 0.747759 0.797059 0.747759 0.802941 0.746479 0.805882 0.743918 0.800000 0.743918 0.782353 0.745198 0.779412 0.747759 0.785294 0.747759 0.788235 0.747759 0.785294 0.746479 0.782353 0.746479 0.776471 0.745198 0.773529 0.745198 0.767647 0.743918 0.764706 0.743918 0.761765 0.743918 0.776471 0.742638 0.779412 0.740077 0.773529 0.741357 0.770588 0.741357 0.767647 0.740077 0.764706 0.740077 0.761765 0.741357 0.758824 0.738796 0.758824 0.737516 0.755882 0.734955 0.755882 0.733675 0.752941 0.733675 0.764706 0.732394 0.767647 0.731114 0.764706 0.731114 0.750000 0.728553 0.750000 0.727273 0.747059 0.727273 0.750000 0.725992 0.752941 0.724712 0.750000 0.724712 0.747059 0.723431 0.744118 0.720871 0.744118 0.719590 0.741176 0.718310 0.741176 0.717029 0.738235 0.714469 0.738235 0.713188 0.735294 0.711908 0.735294 0.710627 0.732353 0.708067 0.732353 0.706786 0.729412 0.702945 0.729412 0.701665 0.726471 0.701665 0.720588 0.702945 0.717647 0.704225 0.720588 0.704225 0.723529 0.708067 0.723529 0.709347 0.726471 0.711908 0.726471 0.713188 0.729412 0.717029 0.729412 0.718310 0.732353 0.719590 0.729412 0.720871 0.729412 0.723431 0.735294 0.724712 0.735294 0.725992 0.738235 0.731114 0.738235 0.732394 0.735294 0.734955 0.741176 0.736236 0.741176 0.737516 0.744118 0.740077 0.744118 0.741357 0.747059 0.740077 0.744118 0.740077 0.735294 0.741357 0.732353 0.740077 0.729412 0.741357 0.726471 0.741357 0.711765 0.742638 0.708824 0.742638 0.702941 0.743918 0.700000 0.743918 0.697059 0.745198 0.694118 0.745198 0.682353 0.746479 0.679412 0.747759 0.682353 0.747759 0.685294 0.750320 0.691176 0.750320 0.694118 0.752881 0.700000 0.752881 0.705882 0.754161 0.708824 0.754161 0.717647 0.752881 0.720588 0.751601 0.717647 0.750320 0.720588 0.750320 0.726471 0.749040 0.729412 0.746479 0.723529 0.746479 0.714706 0.745198 0.717647 0.743918 0.714706 0.746479 0.720588 0.746479 0.723529 0.745198 0.726471 0.743918 0.723529 0.743918 0.747059 0.745198 0.750000 0.747759 0.750000 0.749040 0.752941 0.751601 0.752941 0.752881 0.755882 0.755442 0.755882 0.755442 0.747059 0.756722 0.744118 0.756722 0.726471 0.755442 0.723529 0.755442 0.717647 0.754161 0.714706 0.754161 0.708824 0.752881 0.705882 0.752881 0.700000 0.751601 0.697059 0.751601 0.694118 0.750320 0.691176 0.750320 0.688235 0.749040 0.685294 0.749040 0.682353 0.747759 0.679412 0.747759 0.676471 0.743918 0.685294 0.742638 0.682353 0.741357 0.685294 0.740077 0.685294 0.737516 0.691176 0.736236 0.691176 0.733675 0.697059 0.732394 0.694118 0.732394 0.697059 0.731114 0.700000 0.729834 0.700000 0.731114 0.702941 0.731114 0.708824 0.729834 0.711765 0.728553 0.708824 0.728553 0.726471 0.727273 0.729412 0.725992 0.726471 0.725992 0.723529 0.724712 0.723529 0.723431 0.720588 0.723431 0.705882 0.722151 0.702941 0.719590 0.702941 0.717029 0.697059 0.718310 0.694118 0.719590 0.694118 0.719590 0.691176 0.720871 0.688235 0.720871 0.679412 0.719590 0.679412 0.719590 0.682353 0.718310 0.685294 0.717029 0.682353 0.717029 0.691176 0.715749 0.694118 0.714469 0.691176 0.715749 0.694118 0.714469 0.697059 0.714469 0.708824 0.711908 0.714706 0.710627 0.714706 0.709347 0.711765 0.710627 0.708824 0.710627 0.705882 0.710627 0.708824 0.709347 0.711765 0.704225 0.700000 0.704225 0.685294 0.702945 0.685294 0.700384 0.679412 0.700384 0.670588 0.699104 0.670588 0.699104 0.673529 0.697823 0.676471 0.696543 0.673529 0.696543 0.676471 0.695262 0.679412 0.695262 0.688235 0.693982 0.691176 0.691421 0.691176 0.690141 0.688235 0.690141 0.682353 0.688860 0.679412 0.688860 0.676471
2 0.524968 0.667647 0.523688 0.670588 0.522407 0.670588 0.521127 0.673529 0.521127 0.679412 0.519846 0.682353 0.519846 0.685294 0.518566 0.688235 0.518566 0.691176 0.517286 0.694118 0.516005 0.691176 0.516005 0.688235 0.514725 0.691176 0.513444 0.688235 0.513444 0.682353 0.513444 0.694118 0.512164 0.697059 0.513444 0.700000 0.512164 0.702941 0.512164 0.717647 0.513444 0.720588 0.513444 0.747059 0.514725 0.750000 0.513444 0.752941 0.514725 0.755882 0.513444 0.758824 0.514725 0.761765 0.512164 0.767647 0.512164 0.770588 0.510883 0.773529 0.509603 0.773529 0.509603 0.782353 0.512164 0.782353 0.513444 0.785294 0.513444 0.788235 0.514725 0.791176 0.514725 0.794118 0.513444 0.797059 0.513444 0.800000 0.509603 0.808824 0.508323 0.808824 0.508323 0.814706 0.510883 0.820588 0.512164 0.817647 0.513444 0.817647 0.514725 0.820588 0.514725 0.823529 0.513444 0.826471 0.513444 0.835294 0.512164 0.838235 0.512164 0.841176 0.510883 0.844118 0.509603 0.844118 0.509603 0.850000 0.510883 0.852941 0.510883 0.861765 0.512164 0.858824 0.513444 0.858824 0.514725 0.855882 0.517286 0.855882 0.517286 0.852941 0.519846 0.847059 0.522407 0.847059 0.526248 0.838235 0.526248 0.835294 0.527529 0.832353 0.526248 0.832353 0.524968 0.829412 0.524968 0.817647 0.526248 0.814706 0.527529 0.817647 0.527529 0.826471 0.527529 0.808824 0.528809 0.805882 0.530090 0.808824 0.530090 0.835294 0.531370 0.838235 0.530090 0.841176 0.530090 0.847059 0.528809 0.850000 0.527529 0.847059 0.527529 0.844118 0.517286 0.867647 0.516005 0.867647 0.516005 0.876471 0.513444 0.882353 0.512164 0.879412 0.512164 0.876471 0.510883 0.879412 0.510883 0.914706 0.509603 0.917647 0.509603 0.929412 0.510883 0.932353 0.509603 0.935294 0.508323 0.935294 0.507042 0.938235 0.505762 0.938235 0.505762 0.947059 0.507042 0.950000 0.507042 0.952941 0.508323 0.952941 0.510883 0.947059 0.510883 0.938235 0.512164 0.935294 0.513444 0.938235 0.513444 0.947059 0.514725 0.944118 0.516005 0.947059 0.516005 0.950000 0.514725 0.952941 0.513444 0.952941 0.513444 0.955882 0.514725 0.958824 0.514725 0.964706 0.513444 0.967647 0.513444 0.970588 0.512164 0.973529 0.512164 0.982353 0.510883 0.985294 0.510883 0.988235 0.509603 0.991176 0.509603 0.997059 0.518566 0.997059 0.518566 0.985294 0.517286 0.982353 0.518566 0.979412 0.518566 0.973529 0.519846 0.970588 0.521127 0.973529 0.521127 0.997059 0.521127 0.958824 0.522407 0.955882 0.523688 0.958824 0.523688 0.997059 0.523688 0.985294 0.524968 0.982353 0.524968 0.970588 0.526248 0.967647 0.526248 0.961765 0.527529 0.958824 0.527529 0.938235 0.528809 0.935294 0.530090 0.938235 0.530090 0.941176 0.530090 0.938235 0.528809 0.935294 0.528809 0.923529 0.530090 0.920588 0.530090 0.917647 0.531370 0.914706 0.532650 0.917647 0.532650 0.920588 0.532650 0.914706 0.533931 0.911765 0.535211 0.914706 0.535211 0.950000 0.533931 0.952941 0.535211 0.955882 0.535211 0.958824 0.533931 0.961765 0.533931 0.994118 0.535211 0.997059 0.578745 0.997059 0.580026 0.994118 0.581306 0.997059 0.582586 0.997059 0.582586 0.991176 0.582586 0.994118 0.581306 0.997059 0.580026 0.994118 0.580026 0.985294 0.581306 0.982353 0.581306 0.979412 0.583867 0.973529 0.585147 0.976471 0.585147 0.979412 0.586428 0.979412 0.587708 0.982353 0.587708 0.985294 0.586428 0.988235 0.587708 0.991176 0.586428 0.994118 0.587708 0.994118 0.588988 0.997059 0.588988 0.991176 0.590269 0.988235 0.591549 0.991176 0.591549 0.997059 0.592830 0.997059 0.594110 0.994118 0.595391 0.997059 0.595391 0.988235 0.596671 0.985294 0.596671 0.976471 0.597951 0.973529 0.597951 0.964706 0.599232 0.961765 0.599232 0.950000 0.600512 0.947059 0.600512 0.935294 0.601793 0.932353 0.601793 0.920588 0.603073 0.917647 0.603073 0.908824 0.604353 0.905882 0.604353 0.900000 0.603073 0.902941 0.603073 0.914706 0.601793 0.917647 0.600512 0.914706 0.600512 0.905882 0.599232 0.902941 0.600512 0.900000 0.599232 0.897059 0.600512 0.894118 0.600512 0.888235 0.603073 0.882353 0.605634 0.888235 0.605634 0.885294 0.604353 0.882353 0.605634 0.879412 0.605634 0.873529 0.606914 0.870588 0.606914 0.855882 0.608195 0.852941 0.608195 0.838235 0.609475 0.835294 0.609475 0.820588 0.604353 0.808824 0.605634 0.805882 0.606914 0.805882 0.610755 0.814706 0.610755 0.802941 0.612036 0.800000 0.610755 0.797059 0.612036 0.794118 0.612036 0.788235 0.613316 0.785294 0.613316 0.779412 0.612036 0.776471 0.612036 0.773529 0.610755 0.770588 0.612036 0.767647 0.614597 0.767647 0.614597 0.755882 0.615877 0.752941 0.614597 0.752941 0.613316 0.750000 0.613316 0.747059 0.614597 0.744118 0.614597 0.732353 0.614597 0.735294 0.613316 0.738235 0.612036 0.735294 0.612036 0.726471 0.610755 0.723529 0.612036 0.720588 0.610755 0.723529 0.609475 0.720588 0.609475 0.714706 0.610755 0.711765 0.610755 0.702941 0.612036 0.700000 0.613316 0.700000 0.614597 0.702941 0.614597 0.705882 0.615877 0.705882 0.615877 0.702941 0.614597 0.700000 0.614597 0.694118 0.613316 0.691176 0.613316 0.685294 0.612036 0.682353 0.612036 0.673529 0.610755 0.670588 0.606914 0.670588 0.608195 0.673529 0.606914 0.676471 0.606914 0.705882 0.605634 0.708824 0.604353 0.705882 0.604353 0.688235 0.603073 0.688235 0.603073 0.694118 0.601793 0.697059 0.601793 0.705882 0.603073 0.708824 0.601793 0.711765 0.601793 0.732353 0.600512 0.735294 0.600512 0.738235 0.601793 0.735294 0.603073 0.738235 0.603073 0.744118 0.603073 0.741176 0.604353 0.738235 0.606914 0.738235 0.608195 0.735294 0.609475 0.735294 0.610755 0.738235 0.608195 0.744118 0.606914 0.744118 0.606914 0.747059 0.608195 0.750000 0.608195 0.752941 0.609475 0.755882 0.609475 0.764706 0.608195 0.767647 0.606914 0.764706 0.606914 0.758824 0.605634 0.761765 0.604353 0.758824 0.603073 0.758824 0.603073 0.764706 0.600512 0.770588 0.599232 0.767647 0.599232 0.764706 0.600512 0.761765 0.597951 0.755882 0.599232 0.752941 0.599232 0.744118 0.599232 0.752941 0.597951 0.755882 0.597951 0.761765 0.596671 0.764706 0.596671 0.770588 0.595391 0.773529 0.595391 0.779412 0.594110 0.782353 0.595391 0.785294 0.596671 0.785294 0.599232 0.791176 0.599232 0.788235 0.600512 0.785294 0.601793 0.788235 0.601793 0.791176 0.603073 0.794118 0.601793 0.797059 0.605634 0.805882 0.604353 0.808824 0.603073 0.808824 0.596671 0.794118 0.595391 0.794118 0.594110 0.791176 0.594110 0.797059 0.592830 0.800000 0.592830 0.817647 0.591549 0.820588 0.590269 0.820588 0.588988 0.817647 0.587708 0.817647 0.586428 0.814706 0.586428 0.805882 0.587708 0.802941 0.588988 0.805882 0.588988 0.782353 0.586428 0.776471 0.585147 0.776471 0.581306 0.767647 0.581306 0.770588 0.580026 0.773529 0.578745 0.770588 0.578745 0.767647 0.577465 0.770588 0.576184 0.770588 0.574904 0.767647 0.576184 0.764706 0.576184 0.758824 0.577465 0.755882 0.578745 0.755882 0.580026 0.758824 0.581306 0.758824 0.585147 0.767647 0.586428 0.767647 0.587708 0.770588 0.587708 0.758824 0.588988 0.755882 0.587708 0.752941 0.587708 0.738235 0.588988 0.735294 0.588988 0.726471 0.587708 0.726471 0.586428 0.723529 0.586428 0.697059 0.587708 0.694118 0.586428 0.691176 0.586428 0.679412 0.585147 0.676471 0.583867 0.676471 0.583867 0.679412 0.585147 0.682353 0.583867 0.685294 0.582586 0.685294 0.581306 0.688235 0.580026 0.685294 0.580026 0.676471 0.578745 0.679412 0.577465 0.679412 0.577465 0.682353 0.576184 0.685294 0.576184 0.697059 0.574904 0.700000 0.573624 0.697059 0.573624 0.691176 0.572343 0.688235 0.573624 0.691176 0.571063 0.697059 0.569782 0.697059 0.569782 0.700000 0.568502 0.702941 0.567222 0.702941 0.565941 0.705882 0.564661 0.705882 0.563380 0.702941 0.563380 0.700000 0.564661 0.697059 0.564661 0.685294 0.567222 0.679412 0.567222 0.673529 0.568502 0.670588 0.565941 0.670588 0.564661 0.673529 0.564661 0.676471 0.563380 0.679412 0.562100 0.676471 0.560819 0.676471 0.559539 0.679412 0.560819 0.682353 0.559539 0.685294 0.560819 0.688235 0.560819 0.700000 0.562100 0.702941 0.562100 0.705882 0.560819 0.708824 0.559539 0.708824 0.558259 0.705882 0.558259 0.700000 0.556978 0.700000 0.554417 0.694118 0.554417 0.688235 0.555698 0.685294 0.555698 0.682353 0.556978 0.679412 0.556978 0.676471 0.554417 0.682353 0.553137 0.679412 0.553137 0.673529 0.551857 0.676471 0.549296 0.676471 0.548015 0.679412 0.546735 0.676471 0.546735 0.673529 0.542894 0.673529 0.541613 0.670588 0.541613 0.688235 0.540333 0.691176 0.540333 0.700000 0.539052 0.702941 0.536492 0.697059 0.536492 0.702941 0.535211 0.705882 0.532650 0.705882 0.531370 0.702941 0.528809 0.702941 0.527529 0.700000 0.527529 0.694118 0.526248 0.694118 0.526248 0.697059 0.524968 0.700000 0.522407 0.694118 0.522407 0.688235 0.523688 0.685294 0.523688 0.682353 0.522407 0.682353 0.521127 0.679412 0.521127 0.676471 0.523688 0.670588 0.524968 0.673529 0.524968 0.676471
2 0.458387 0.667647 0.458387 0.670588 0.457106 0.673529 0.455826 0.670588 0.455826 0.673529 0.457106 0.676471 0.455826 0.679412 0.453265 0.679412 0.453265 0.682353 0.454545 0.685294 0.454545 0.691176 0.451985 0.697059 0.449424 0.691176 0.449424 0.688235 0.448143 0.685294 0.448143 0.688235 0.451985 0.697059 0.451985 0.702941 0.450704 0.705882 0.449424 0.702941 0.449424 0.700000 0.445583 0.700000 0.445583 0.702941 0.446863 0.705882 0.446863 0.711765 0.445583 0.714706 0.444302 0.711765 0.444302 0.708824 0.443022 0.705882 0.443022 0.700000 0.441741 0.697059 0.441741 0.691176 0.443022 0.688235 0.443022 0.676471 0.441741 0.673529 0.440461 0.676471 0.440461 0.679412 0.439181 0.682353 0.437900 0.679412 0.435339 0.679412 0.435339 0.702941 0.436620 0.705882 0.434059 0.711765 0.432778 0.708824 0.432778 0.702941 0.431498 0.702941 0.430218 0.700000 0.431498 0.697059 0.431498 0.679412 0.430218 0.676471 0.431498 0.673529 0.428937 0.673529 0.428937 0.688235 0.430218 0.691176 0.430218 0.697059 0.427657 0.702941 0.425096 0.697059 0.425096 0.694118 0.426376 0.691176 0.423816 0.685294 0.423816 0.676471 0.422535 0.673529 0.421255 0.676471 0.419974 0.673529 0.419974 0.679412 0.421255 0.682353 0.421255 0.691176 0.422535 0.694118 0.422535 0.700000 0.423816 0.700000 0.425096 0.702941 0.423816 0.705882 0.423816 0.708824 0.422535 0.711765 0.421255 0.708824 0.421255 0.711765 0.419974 0.714706 0.418694 0.711765 0.418694 0.688235 0.416133 0.682353 0.416133 0.676471 0.414853 0.673529 0.413572 0.673529 0.412292 0.676471 0.411012 0.676471 0.411012 0.679412 0.409731 0.682353 0.408451 0.679412 0.405890 0.685294 0.405890 0.691176 0.404609 0.694118 0.404609 0.697059 0.403329 0.700000 0.402049 0.697059 0.402049 0.694118 0.400768 0.694118 0.400768 0.700000 0.402049 0.702941 0.400768 0.705882 0.398207 0.705882 0.395647 0.700000 0.393086 0.700000 0.394366 0.702941 0.393086 0.705882 0.394366 0.708824 0.394366 0.714706 0.395647 0.717647 0.393086 0.723529 0.391805 0.723529 0.390525 0.720588 0.391805 0.723529 0.391805 0.729412 0.390525 0.732353 0.390525 0.747059 0.389245 0.750000 0.389245 0.755882 0.387964 0.758824 0.387964 0.761765 0.386684 0.764706 0.385403 0.764706 0.385403 0.770588 0.386684 0.770588 0.387964 0.773529 0.386684 0.776471 0.385403 0.776471 0.385403 0.782353 0.384123 0.785294 0.381562 0.785294 0.380282 0.788235 0.379001 0.785294 0.379001 0.782353 0.377721 0.779412 0.379001 0.776471 0.379001 0.773529 0.377721 0.770588 0.379001 0.767647 0.379001 0.744118 0.380282 0.741176 0.380282 0.738235 0.381562 0.735294 0.380282 0.732353 0.380282 0.729412 0.381562 0.726471 0.381562 0.723529 0.380282 0.720588 0.380282 0.717647 0.381562 0.714706 0.381562 0.711765 0.382843 0.708824 0.382843 0.705882 0.381562 0.708824 0.380282 0.708824 0.379001 0.705882 0.380282 0.702941 0.379001 0.702941 0.377721 0.705882 0.376440 0.702941 0.376440 0.700000 0.375160 0.700000 0.373880 0.697059 0.373880 0.694118 0.375160 0.691176 0.373880 0.694118 0.373880 0.702941 0.375160 0.705882 0.375160 0.711765 0.373880 0.714706 0.373880 0.732353 0.372599 0.735294 0.373880 0.738235 0.373880 0.741176 0.372599 0.744118 0.371319 0.744118 0.370038 0.741176 0.370038 0.723529 0.370038 0.726471 0.368758 0.729412 0.367478 0.726471 0.367478 0.723529 0.366197 0.723529 0.364917 0.720588 0.366197 0.717647 0.367478 0.717647 0.368758 0.714706 0.367478 0.717647 0.366197 0.714706 0.366197 0.708824 0.367478 0.705882 0.368758 0.705882 0.368758 0.700000 0.367478 0.700000 0.366197 0.702941 0.364917 0.700000 0.364917 0.691176 0.363636 0.688235 0.363636 0.685294 0.362356 0.682353 0.362356 0.679412 0.359795 0.673529 0.358515 0.673529 0.358515 0.679412 0.357234 0.682353 0.357234 0.685294 0.355954 0.688235 0.354673 0.685294 0.354673 0.694118 0.353393 0.697059 0.352113 0.697059 0.352113 0.705882 0.350832 0.708824 0.349552 0.705882 0.349552 0.691176 0.348271 0.691176 0.346991 0.694118 0.345711 0.691176 0.345711 0.685294 0.346991 0.682353 0.348271 0.682353 0.348271 0.679412 0.349552 0.676471 0.346991 0.676471 0.345711 0.679412 0.345711 0.682353 0.343150 0.688235 0.343150 0.694118 0.341869 0.697059 0.341869 0.700000 0.340589 0.702941 0.340589 0.705882 0.339309 0.708824 0.339309 0.714706 0.340589 0.717647 0.338028 0.723529 0.336748 0.720588 0.336748 0.717647 0.336748 0.720588 0.335467 0.723529 0.334187 0.720588 0.334187 0.714706 0.332907 0.714706 0.332907 0.720588 0.331626 0.723529 0.330346 0.720588 0.330346 0.717647 0.330346 0.732353 0.331626 0.735294 0.329065 0.741176 0.327785 0.741176 0.326504 0.738235 0.326504 0.732353 0.325224 0.729412 0.325224 0.720588 0.323944 0.717647 0.323944 0.711765 0.323944 0.714706 0.322663 0.717647 0.321383 0.714706 0.321383 0.702941 0.320102 0.700000 0.321383 0.697059 0.321383 0.688235 0.321383 0.691176 0.320102 0.694118 0.318822 0.691176 0.318822 0.688235 0.314981 0.688235 0.313700 0.691176 0.312420 0.691176 0.309859 0.685294 0.308579 0.685294 0.307298 0.688235 0.306018 0.688235 0.306018 0.694118 0.304738 0.697059 0.304738 0.708824 0.303457 0.711765 0.302177 0.711765 0.302177 0.723529 0.300896 0.726471 0.300896 0.741176 0.299616 0.744118 0.298335 0.741176 0.298335 0.735294 0.295775 0.729412 0.297055 0.726471 0.298335 0.726471 0.298335 0.714706 0.299616 0.711765 0.299616 0.697059 0.300896 0.694118 0.299616 0.697059 0.298335 0.697059 0.297055 0.694118 0.297055 0.691176 0.295775 0.688235 0.294494 0.688235 0.294494 0.691176 0.295775 0.694118 0.295775 0.697059 0.297055 0.700000 0.297055 0.720588 0.295775 0.723529 0.294494 0.720588 0.294494 0.708824 0.291933 0.702941 0.291933 0.700000 0.290653 0.700000 0.289373 0.697059 0.286812 0.697059 0.285531 0.700000 0.285531 0.702941 0.284251 0.705882 0.284251 0.708824 0.281690 0.714706 0.280410 0.714706 0.279129 0.711765 0.279129 0.708824 0.277849 0.705882 0.277849 0.700000 0.279129 0.697059 0.277849 0.694118 0.277849 0.676471 0.276569 0.673529 0.274008 0.673529 0.274008 0.682353 0.275288 0.685294 0.275288 0.694118 0.274008 0.697059 0.272727 0.694118 0.271447 0.694118 0.270166 0.697059 0.268886 0.697059 0.267606 0.694118 0.266325 0.697059 0.265045 0.694118 0.265045 0.691176 0.263764 0.688235 0.263764 0.691176 0.261204 0.697059 0.259923 0.694118 0.259923 0.685294 0.258643 0.688235 0.256082 0.682353 0.254802 0.682353 0.254802 0.685294 0.252241 0.691176 0.249680 0.685294 0.248399 0.688235 0.249680 0.691176 0.247119 0.697059 0.245839 0.694118 0.245839 0.691176 0.245839 0.711765 0.244558 0.714706 0.244558 0.717647 0.243278 0.720588 0.240717 0.714706 0.240717 0.711765 0.239437 0.711765 0.238156 0.714706 0.236876 0.711765 0.235595 0.714706 0.233035 0.714706 0.231754 0.711765 0.231754 0.714706 0.230474 0.717647 0.231754 0.720588 0.233035 0.717647 0.234315 0.717647 0.235595 0.720588 0.235595 0.723529 0.234315 0.726471 0.233035 0.726471 0.233035 0.729412 0.231754 0.732353 0.233035 0.735294 0.233035 0.747059 0.231754 0.750000 0.231754 0.764706 0.231754 0.761765 0.233035 0.758824 0.234315 0.761765 0.235595 0.761765 0.236876 0.764706 0.236876 0.770588 0.234315 0.776471 0.234315 0.782353 0.233035 0.785294 0.234315 0.788235 0.233035 0.791176 0.233035 0.802941 0.231754 0.805882 0.230474 0.802941 0.230474 0.800000 0.229193 0.797059 0.230474 0.794118 0.230474 0.788235 0.229193 0.785294 0.230474 0.782353 0.229193 0.779412 0.229193 0.729412 0.227913 0.726471 0.227913 0.717647 0.227913 0.723529 0.226633 0.726471 0.225352 0.726471 0.224072 0.723529 0.225352 0.720588 0.225352 0.714706 0.226633 0.711765 0.226633 0.708824 0.227913 0.705882 0.227913 0.697059 0.224072 0.697059 0.222791 0.700000 0.221511 0.697059 0.222791 0.700000 0.222791 0.702941 0.221511 0.705882 0.221511 0.726471 0.222791 0.729412 0.222791 0.732353 0.221511 0.735294 0.220230 0.732353 0.221511 0.735294 0.221511 0.738235 0.220230 0.741176 0.220230 0.744118 0.221511 0.747059 0.220230 0.750000 0.220230 0.752941 0.218950 0.755882 0.218950 0.758824 0.220230 0.761765 0.218950 0.764706 0.218950 0.767647 0.215109 0.776471 0.215109 0.794118 0.216389 0.794118 0.216389 0.785294 0.217670 0.782353 0.218950 0.785294 0.218950 0.817647 0.220230 0.820588 0.220230 0.823529 0.218950 0.826471 0.218950 0.838235 0.217670 0.841176 0.217670 0.844118 0.216389 0.847059 0.215109 0.844118 0.215109 0.826471 0.213828 0.823529 0.213828 0.817647 0.215109 0.814706 0.216389 0.817647 0.216389 0.814706 0.215109 0.811765 0.216389 0.808824 0.216389 0.800000 0.216389 0.808824 0.213828 0.814706 0.213828 0.826471 0.215109 0.829412 0.213828 0.832353 0.213828 0.838235 0.212548 0.841176 0.212548 0.847059 0.211268 0.850000 0.211268 0.852941 0.209987 0.855882 0.209987 0.858824 0.211268 0.861765 0.211268 0.879412 0.209987 0.882353 0.206146 0.882353 0.204866 0.885294 0.203585 0.882353 0.203585 0.858824 0.202305 0.855882 0.202305 0.817647 0.198464 0.808824 0.198464 0.805882 0.199744 0.802941 0.198464 0.800000 0.198464 0.794118 0.199744 0.791176 0.198464 0.788235 0.199744 0.785294 0.201024 0.785294 0.199744 0.782353 0.201024 0.779412 0.199744 0.776471 0.199744 0.767647 0.201024 0.764706 0.201024 0.761765 0.202305 0.758824 0.202305 0.752941 0.201024 0.750000 0.201024 0.747059 0.199744 0.747059 0.201024 0.750000 0.201024 0.752941 0.198464 0.758824 0.198464 0.764706 0.197183 0.767647 0.198464 0.770588 0.197183 0.773529 0.197183 0.779412 0.195903 0.782353 0.194622 0.782353 0.192061 0.788235 0.192061 0.791176 0.190781 0.794118 0.190781 0.797059 0.189501 0.800000 0.188220 0.797059 0.188220 0.794118 0.186940 0.791176 0.186940 0.788235 0.188220 0.785294 0.188220 0.782353 0.190781 0.776471 0.190781 0.773529 0.189501 0.770588 0.190781 0.767647 0.190781 0.761765 0.189501 0.758824 0.186940 0.758824 0.185659 0.755882 0.185659 0.752941 0.186940 0.750000 0.188220 0.750000 0.189501 0.752941 0.189501 0.750000 0.188220 0.747059 0.188220 0.741176 0.189501 0.738235 0.189501 0.735294 0.193342 0.726471 0.194622 0.726471 0.194622 0.723529 0.195903 0.720588 0.194622 0.717647 0.195903 0.714706 0.197183 0.714706 0.198464 0.711765 0.198464 0.705882 0.197183 0.702941 0.197183 0.697059 0.195903 0.694118 0.194622 0.697059 0.193342 0.697059 0.193342 0.700000 0.192061 0.702941 0.192061 0.708824 0.190781 0.711765 0.189501 0.708824 0.189501 0.700000 0.188220 0.697059 0.188220 0.691176 0.188220 0.711765 0.186940 0.714706 0.185659 0.711765 0.185659 0.697059 0.183099 0.691176 0.183099 0.688235 0.184379 0.685294 0.183099 0.688235 0.181818 0.688235 0.180538 0.685294 0.180538 0.682353 0.177977 0.682353 0.176697 0.685294 0.177977 0.688235 0.177977 0.694118 0.179257 0.697059 0.179257 0.700000 0.176697 0.705882 0.175416 0.705882 0.174136 0.702941 0.174136 0.694118 0.170294 0.694118 0.170294 0.702941 0.172855 0.708824 0.171575 0.711765 0.167734 0.711765 0.165173 0.717647 0.163892 0.714706 0.163892 0.711765 0.161332 0.705882 0.158771 0.711765 0.158771 0.720588 0.160051 0.723529 0.160051 0.726471 0.161332 0.729412 0.160051 0.732353 0.160051 0.747059 0.161332 0.750000 0.162612 0.750000 0.163892 0.752941 0.161332 0.758824 0.160051 0.758824 0.161332 0.761765 0.161332 0.764706 0.158771 0.770588 0.158771 0.791176 0.160051 0.788235 0.161332 0.791176 0.161332 0.794118 0.160051 0.797059 0.160051 0.800000 0.158771 0.802941 0.160051 0.805882 0.158771 0.808824 0.160051 0.811765 0.160051 0.823529 0.161332 0.826471 0.160051 0.829412 0.161332 0.832353 0.160051 0.835294 0.160051 0.838235 0.158771 0.841176 0.158771 0.850000 0.156210 0.855882 0.154930 0.852941 0.151088 0.861765 0.151088 0.864706 0.148528 0.870588 0.145967 0.870588 0.144686 0.867647 0.153649 0.847059 0.153649 0.817647 0.151088 0.817647 0.148528 0.811765 0.148528 0.808824 0.149808 0.805882 0.149808 0.802941 0.148528 0.800000 0.149808 0.797059 0.149808 0.794118 0.151088 0.791176 0.149808 0.788235 0.149808 0.773529 0.151088 0.770588 0.149808 0.767647 0.152369 0.761765 0.153649 0.761765 0.154930 0.764706 0.154930 0.767647 0.156210 0.767647 0.156210 0.764706 0.154930 0.761765 0.154930 0.758824 0.156210 0.755882 0.154930 0.758824 0.153649 0.755882 0.153649 0.752941 0.156210 0.747059 0.152369 0.755882 0.151088 0.752941 0.151088 0.750000 0.149808 0.747059 0.152369 0.741176 0.152369 0.732353 0.151088 0.729412 0.151088 0.723529 0.149808 0.726471 0.148528 0.726471 0.147247 0.729412 0.145967 0.726471 0.144686 0.729412 0.143406 0.726471 0.143406 0.723529 0.144686 0.720588 0.145967 0.720588 0.147247 0.717647 0.147247 0.714706 0.148528 0.711765 0.148528 0.708824 0.151088 0.702941 0.151088 0.700000 0.152369 0.697059 0.149808 0.697059 0.148528 0.694118 0.147247 0.694118 0.147247 0.697059 0.145967 0.700000 0.145967 0.702941 0.144686 0.705882 0.143406 0.705882 0.142125 0.702941 0.140845 0.702941 0.140845 0.714706 0.139565 0.717647 0.138284 0.717647 0.138284 0.726471 0.137004 0.729412 0.135723 0.726471 0.134443 0.726471 0.131882 0.732353 0.130602 0.732353 0.130602 0.744118 0.131882 0.747059 0.131882 0.755882 0.129321 0.761765 0.128041 0.761765 0.126761 0.764706 0.125480 0.761765 0.125480 0.747059 0.126761 0.744118 0.126761 0.729412 0.128041 0.726471 0.128041 0.714706 0.128041 0.723529 0.126761 0.726471 0.126761 0.735294 0.124200 0.741176 0.124200 0.755882 0.122919 0.758824 0.122919 0.764706 0.124200 0.767647 0.122919 0.770588 0.122919 0.773529 0.124200 0.776471 0.124200 0.841176 0.125480 0.844118 0.125480 0.870588 0.126761 0.873529 0.126761 0.888235 0.125480 0.891176 0.125480 0.897059 0.124200 0.900000 0.124200 0.908824 0.125480 0.911765 0.124200 0.914706 0.126761 0.920588 0.126761 0.923529 0.125480 0.926471 0.125480 0.932353 0.126761 0.935294 0.126761 0.958824 0.128041 0.961765 0.128041 0.964706 0.131882 0.973529 0.130602 0.976471 0.130602 0.979412 0.129321 0.982353 0.126761 0.976471 0.126761 0.973529 0.122919 0.973529 0.122919 0.988235 0.121639 0.991176 0.117798 0.991176 0.116517 0.994118 0.113956 0.994118 0.112676 0.991176 0.112676 0.988235 0.111396 0.985294 0.111396 0.982353 0.111396 0.985294 0.112676 0.988235 0.112676 0.997059 0.130602 0.997059 0.131882 0.994118 0.133163 0.997059 0.133163 0.988235 0.134443 0.985294 0.137004 0.991176 0.137004 0.994118 0.138284 0.997059 0.161332 0.997059 0.161332 0.994118 0.162612 0.991176 0.162612 0.985294 0.163892 0.982353 0.165173 0.985294 0.165173 0.994118 0.166453 0.997059 0.166453 0.991176 0.167734 0.988235 0.169014 0.991176 0.169014 0.997059 0.174136 0.997059 0.175416 0.994118 0.176697 0.997059 0.176697 0.991176 0.175416 0.991176 0.175416 0.994118 0.174136 0.997059 0.172855 0.994118 0.172855 0.976471 0.174136 0.973529 0.175416 0.973529 0.175416 0.958824 0.174136 0.955882 0.174136 0.935294 0.172855 0.932353 0.172855 0.920588 0.171575 0.917647 0.171575 0.914706 0.170294 0.911765 0.171575 0.908824 0.170294 0.905882 0.170294 0.900000 0.169014 0.897059 0.169014 0.894118 0.167734 0.891176 0.166453 0.894118 0.165173 0.891176 0.165173 0.888235 0.166453 0.885294 0.167734 0.885294 0.167734 0.882353 0.166453 0.879412 0.166453 0.873529 0.165173 0.870588 0.165173 0.864706 0.166453 0.861765 0.167734 0.864706 0.167734 0.867647 0.169014 0.870588 0.169014 0.867647 0.170294 0.864706 0.172855 0.870588 0.172855 0.873529 0.172855 0.870588 0.174136 0.867647 0.174136 0.855882 0.176697 0.850000 0.177977 0.852941 0.177977 0.867647 0.176697 0.870588 0.176697 0.888235 0.177977 0.891176 0.177977 0.902941 0.179257 0.902941 0.180538 0.900000 0.181818 0.902941 0.181818 0.908824 0.180538 0.911765 0.179257 0.908824 0.180538 0.911765 0.177977 0.917647 0.176697 0.917647 0.175416 0.920588 0.176697 0.923529 0.176697 0.929412 0.177977 0.932353 0.177977 0.941176 0.179257 0.944118 0.179257 0.952941 0.179257 0.932353 0.181818 0.926471 0.180538 0.923529 0.181818 0.920588 0.181818 0.917647 0.183099 0.914706 0.181818 0.911765 0.181818 0.908824 0.183099 0.905882 0.183099 0.902941 0.184379 0.900000 0.185659 0.902941 0.185659 0.920588 0.184379 0.923529 0.184379 0.944118 0.183099 0.947059 0.183099 0.955882 0.184379 0.958824 0.183099 0.961765 0.183099 0.964706 0.184379 0.964706 0.185659 0.967647 0.185659 0.973529 0.184379 0.976471 0.183099 0.976471 0.181818 0.973529 0.183099 0.970588 0.181818 0.970588 0.181818 0.973529 0.183099 0.976471 0.183099 0.994118 0.184379 0.997059 0.201024 0.997059 0.201024 0.991176 0.202305 0.988235 0.202305 0.982353 0.201024 0.979412 0.202305 0.976471 0.203585 0.976471 0.206146 0.982353 0.206146 0.991176 0.204866 0.994118 0.204866 0.997059 0.206146 0.997059 0.206146 0.994118 0.207426 0.991176 0.208707 0.994118 0.208707 0.997059 0.229193 0.997059 0.230474 0.994118 0.231754 0.997059 0.254802 0.997059 0.254802 0.982353 0.256082 0.979412 0.257362 0.982353 0.257362 0.997059 0.259923 0.997059 0.261204 0.994118 0.261204 0.964706 0.261204 0.982353 0.259923 0.985294 0.258643 0.982353 0.258643 0.973529 0.257362 0.970588 0.257362 0.964706 0.258643 0.961765 0.258643 0.958824 0.259923 0.955882 0.259923 0.952941 0.261204 0.950000 0.262484 0.950000 0.263764 0.952941 0.263764 0.955882 0.267606 0.964706 0.266325 0.967647 0.265045 0.967647 0.266325 0.970588 0.266325 0.976471 0.270166 0.976471 0.271447 0.973529 0.275288 0.973529 0.276569 0.970588 0.276569 0.967647 0.274008 0.967647 0.272727 0.964706 0.274008 0.961765 0.275288 0.961765 0.275288 0.955882 0.276569 0.952941 0.276569 0.950000 0.277849 0.947059 0.276569 0.950000 0.275288 0.947059 0.268886 0.947059 0.267606 0.944118 0.268886 0.941176 0.267606 0.941176 0.266325 0.938235 0.267606 0.935294 0.268886 0.935294 0.270166 0.932353 0.271447 0.932353 0.272727 0.929412 0.272727 0.926471 0.270166 0.926471 0.267606 0.932353 0.265045 0.926471 0.265045 0.923529 0.266325 0.920588 0.266325 0.917647 0.265045 0.917647 0.263764 0.914706 0.265045 0.911765 0.266325 0.911765 0.268886 0.905882 0.268886 0.900000 0.267606 0.900000 0.266325 0.897059 0.265045 0.900000 0.262484 0.894118 0.262484 0.891176 0.265045 0.885294 0.265045 0.882353 0.262484 0.876471 0.263764 0.873529 0.266325 0.873529 0.267606 0.876471 0.270166 0.876471 0.272727 0.870588 0.272727 0.867647 0.274008 0.864706 0.275288 0.867647 0.279129 0.867647 0.280410 0.870588 0.281690 0.867647 0.281690 0.858824 0.282971 0.855882 0.284251 0.858824 0.284251 0.864706 0.285531 0.867647 0.285531 0.870588 0.284251 0.873529 0.284251 0.876471 0.282971 0.879412 0.282971 0.885294 0.284251 0.882353 0.285531 0.882353 0.286812 0.885294 0.286812 0.888235 0.288092 0.891176 0.290653 0.891176 0.290653 0.885294 0.291933 0.882353 0.293214 0.885294 0.293214 0.888235 0.293214 0.873529 0.294494 0.870588 0.294494 0.855882 0.295775 0.852941 0.295775 0.838235 0.297055 0.835294 0.298335 0.838235 0.298335 0.858824 0.297055 0.861765 0.297055 0.873529 0.298335 0.876471 0.297055 0.879412 0.297055 0.888235 0.298335 0.891176 0.297055 0.894118 0.294494 0.894118 0.294494 0.897059 0.293214 0.900000 0.291933 0.897059 0.291933 0.905882 0.293214 0.908824 0.293214 0.911765 0.291933 0.914706 0.290653 0.911765 0.290653 0.923529 0.291933 0.923529 0.293214 0.920588 0.293214 0.914706 0.294494 0.911765 0.297055 0.917647 0.297055 0.911765 0.298335 0.908824 0.298335 0.905882 0.297055 0.902941 0.297055 0.897059 0.298335 0.894118 0.300896 0.894118 0.302177 0.891176 0.302177 0.888235 0.303457 0.885294 0.303457 0.870588 0.304738 0.867647 0.306018 0.870588 0.306018 0.876471 0.307298 0.879412 0.307298 0.891176 0.308579 0.894118 0.308579 0.900000 0.307298 0.902941 0.306018 0.902941 0.306018 0.905882 0.307298 0.908824 0.307298 0.911765 0.306018 0.914706 0.304738 0.911765 0.304738 0.914706 0.303457 0.917647 0.303457 0.923529 0.302177 0.926471 0.300896 0.926471 0.302177 0.929412 0.299616 0.935294 0.300896 0.935294 0.300896 0.932353 0.302177 0.929412 0.302177 0.926471 0.303457 0.923529 0.306018 0.923529 0.307298 0.920588 0.307298 0.908824 0.309859 0.902941 0.311140 0.905882 0.311140 0.914706 0.309859 0.917647 0.309859 0.920588 0.309859 0.917647 0.311140 0.914706 0.312420 0.917647 0.312420 0.920588 0.313700 0.923529 0.314981 0.923529 0.316261 0.920588 0.317542 0.920588 0.317542 0.917647 0.321383 0.908824 0.322663 0.908824 0.322663 0.902941 0.323944 0.900000 0.325224 0.902941 0.325224 0.908824 0.326504 0.911765 0.329065 0.911765 0.330346 0.908824 0.331626 0.908824 0.332907 0.905882 0.334187 0.905882 0.335467 0.902941 0.338028 0.908824 0.334187 0.917647 0.332907 0.917647 0.331626 0.920588 0.330346 0.920588 0.329065 0.923529 0.329065 0.926471 0.327785 0.929412 0.331626 0.938235 0.332907 0.938235 0.334187 0.941176 0.332907 0.944118 0.329065 0.944118 0.327785 0.941176 0.326504 0.941176 0.327785 0.944118 0.326504 0.947059 0.323944 0.947059 0.322663 0.950000 0.323944 0.952941 0.322663 0.955882 0.321383 0.955882 0.320102 0.952941 0.318822 0.955882 0.320102 0.958824 0.321383 0.955882 0.322663 0.955882 0.323944 0.958824 0.323944 0.961765 0.321383 0.967647 0.322663 0.970588 0.322663 0.973529 0.321383 0.976471 0.320102 0.973529 0.321383 0.976471 0.320102 0.979412 0.323944 0.979412 0.323944 0.970588 0.325224 0.967647 0.326504 0.970588 0.326504 0.973529 0.327785 0.976471 0.327785 0.997059 0.362356 0.997059 0.362356 0.982353 0.363636 0.979412 0.364917 0.982353 0.364917 0.997059 0.367478 0.997059 0.367478 0.994118 0.368758 0.991176 0.370038 0.994118 0.370038 0.997059 0.371319 0.997059 0.372599 0.994118 0.373880 0.997059 0.382843 0.997059 0.385403 0.991176 0.386684 0.991176 0.387964 0.994118 0.386684 0.997059 0.390525 0.997059 0.390525 0.994118 0.391805 0.991176 0.393086 0.994118 0.393086 0.997059 0.394366 0.997059 0.391805 0.991176 0.391805 0.985294 0.393086 0.982353 0.394366 0.985294 0.394366 0.988235 0.394366 0.985294 0.393086 0.982353 0.393086 0.979412 0.394366 0.976471 0.394366 0.973529 0.391805 0.973529 0.390525 0.970588 0.390525 0.973529 0.389245 0.976471 0.387964 0.973529 0.387964 0.964706 0.386684 0.964706 0.384123 0.970588 0.384123 0.973529 0.382843 0.976471 0.381562 0.976471 0.380282 0.973529 0.380282 0.961765 0.377721 0.955882 0.376440 0.958824 0.375160 0.955882 0.375160 0.947059 0.376440 0.944118 0.377721 0.947059 0.377721 0.950000 0.379001 0.950000 0.380282 0.947059 0.380282 0.941176 0.379001 0.938235 0.379001 0.935294 0.380282 0.932353 0.381562 0.935294 0.381562 0.926471 0.382843 0.923529 0.381562 0.920588 0.381562 0.911765 0.382843 0.908824 0.384123 0.911765 0.384123 0.917647 0.385403 0.920588 0.385403 0.932353 0.386684 0.932353 0.387964 0.935294 0.387964 0.950000 0.389245 0.950000 0.391805 0.944118 0.391805 0.938235 0.393086 0.935294 0.391805 0.932353 0.393086 0.929412 0.393086 0.920588 0.391805 0.917647 0.393086 0.914706 0.391805 0.911765 0.394366 0.905882 0.394366 0.902941 0.395647 0.900000 0.396927 0.902941 0.396927 0.905882 0.398207 0.908824 0.396927 0.911765 0.396927 0.914706 0.395647 0.917647 0.396927 0.917647 0.398207 0.914706 0.398207 0.908824 0.396927 0.905882 0.396927 0.870588 0.395647 0.867647 0.398207 0.861765 0.399488 0.864706 0.399488 0.870588 0.400768 0.873529 0.402049 0.873529 0.402049 0.870588 0.400768 0.867647 0.400768 0.858824 0.402049 0.855882 0.402049 0.847059 0.403329 0.844118 0.404609 0.847059 0.404609 0.879412 0.405890 0.882353 0.404609 0.885294 0.404609 0.888235 0.405890 0.891176 0.405890 0.888235 0.404609 0.885294 0.405890 0.882353 0.407170 0.882353 0.408451 0.879412 0.407170 0.876471 0.407170 0.873529 0.405890 0.870588 0.405890 0.867647 0.407170 0.864706 0.408451 0.867647 0.411012 0.867647 0.409731 0.864706 0.409731 0.858824 0.411012 0.855882 0.412292 0.855882 0.413572 0.858824 0.413572 0.873529 0.413572 0.864706 0.414853 0.861765 0.416133 0.864706 0.416133 0.867647 0.417414 0.867647 0.418694 0.864706 0.419974 0.867647 0.419974 0.870588 0.418694 0.873529 0.418694 0.876471 0.419974 0.879412 0.421255 0.879412 0.422535 0.882353 0.421255 0.885294 0.419974 0.885294 0.418694 0.888235 0.421255 0.888235 0.422535 0.891176 0.419974 0.897059 0.418694 0.894118 0.416133 0.894118 0.416133 0.897059 0.417414 0.897059 0.419974 0.902941 0.418694 0.905882 0.417414 0.905882 0.418694 0.908824 0.417414 0.911765 0.416133 0.911765 0.416133 0.914706 0.414853 0.917647 0.412292 0.917647 0.412292 0.920588 0.413572 0.920588 0.414853 0.923529 0.416133 0.923529 0.417414 0.926471 0.416133 0.929412 0.414853 0.929412 0.414853 0.932353 0.416133 0.935294 0.416133 0.944118 0.417414 0.947059 0.418694 0.947059 0.419974 0.950000 0.421255 0.947059 0.425096 0.947059 0.426376 0.950000 0.423816 0.955882 0.421255 0.955882 0.419974 0.958824 0.418694 0.958824 0.419974 0.958824 0.421255 0.961765 0.419974 0.964706 0.418694 0.964706 0.418694 0.967647 0.421255 0.973529 0.421255 0.982353 0.422535 0.985294 0.422535 0.997059 0.427657 0.997059 0.427657 0.982353 0.428937 0.979412 0.430218 0.982353 0.430218 0.997059 0.432778 0.997059 0.432778 0.982353 0.434059 0.979412 0.435339 0.982353 0.435339 0.985294 0.436620 0.988235 0.436620 0.991176 0.435339 0.994118 0.435339 0.997059 0.436620 0.997059 0.435339 0.994118 0.436620 0.991176 0.436620 0.967647 0.435339 0.970588 0.434059 0.967647 0.434059 0.961765 0.435339 0.958824 0.435339 0.950000 0.437900 0.944118 0.439181 0.947059 0.439181 0.950000 0.440461 0.952941 0.440461 0.958824 0.439181 0.961765 0.439181 0.967647 0.440461 0.970588 0.440461 0.973529 0.441741 0.976471 0.440461 0.979412 0.441741 0.982353 0.440461 0.985294 0.440461 0.997059 0.448143 0.979412 0.448143 0.976471 0.449424 0.973529 0.450704 0.973529 0.449424 0.970588 0.449424 0.961765 0.450704 0.958824 0.451985 0.961765 0.451985 0.967647 0.453265 0.967647 0.453265 0.958824 0.451985 0.955882 0.451985 0.950000 0.453265 0.947059 0.454545 0.947059 0.455826 0.950000 0.455826 0.955882 0.457106 0.958824 0.457106 0.961765 0.459667 0.955882 0.459667 0.952941 0.458387 0.950000 0.458387 0.947059 0.457106 0.944118 0.458387 0.941176 0.458387 0.932353 0.459667 0.929412 0.459667 0.926471 0.458387 0.923529 0.458387 0.917647 0.459667 0.914706 0.460948 0.914706 0.460948 0.911765 0.462228 0.908824 0.463508 0.911765 0.463508 0.947059 0.464789 0.944118 0.464789 0.941176 0.463508 0.938235 0.463508 0.926471 0.467350 0.917647 0.467350 0.908824 0.468630 0.905882 0.469910 0.905882 0.471191 0.908824 0.472471 0.905882 0.473752 0.908824 0.473752 0.911765 0.475032 0.914706 0.475032 0.908824 0.472471 0.902941 0.472471 0.897059 0.473752 0.894118 0.475032 0.897059 0.475032 0.900000 0.476312 0.900000 0.476312 0.852941 0.477593 0.850000 0.478873 0.852941 0.478873 0.911765 0.477593 0.914706 0.477593 0.917647 0.480154 0.911765 0.481434 0.911765 0.486556 0.900000 0.487836 0.900000 0.490397 0.894118 0.490397 0.876471 0.491677 0.873529 0.492958 0.876471 0.492958 0.888235 0.492958 0.864706 0.494238 0.861765 0.495519 0.864706 0.495519 0.873529 0.496799 0.876471 0.495519 0.879412 0.495519 0.885294 0.496799 0.882353 0.496799 0.876471 0.495519 0.873529 0.496799 0.870588 0.496799 0.867647 0.495519 0.864706 0.495519 0.861765 0.494238 0.861765 0.492958 0.858824 0.492958 0.850000 0.494238 0.847059 0.495519 0.850000 0.495519 0.855882 0.496799 0.855882 0.496799 0.847059 0.495519 0.850000 0.494238 0.847059 0.494238 0.841176 0.495519 0.838235 0.495519 0.829412 0.496799 0.826471 0.496799 0.820588 0.498079 0.817647 0.498079 0.800000 0.499360 0.797059 0.499360 0.794118 0.498079 0.797059 0.496799 0.794118 0.496799 0.791176 0.494238 0.785294 0.494238 0.773529 0.492958 0.770588 0.498079 0.758824 0.500640 0.764706 0.500640 0.770588 0.500640 0.761765 0.499360 0.758824 0.499360 0.752941 0.500640 0.750000 0.500640 0.720588 0.499360 0.717647 0.500640 0.714706 0.500640 0.711765 0.499360 0.708824 0.500640 0.705882 0.500640 0.702941 0.498079 0.697059 0.499360 0.694118 0.499360 0.685294 0.498079 0.688235 0.496799 0.685294 0.496799 0.676471 0.495519 0.673529 0.494238 0.676471 0.494238 0.679412 0.496799 0.685294 0.496799 0.691176 0.498079 0.694118 0.498079 0.697059 0.499360 0.700000 0.498079 0.702941 0.496799 0.702941 0.496799 0.705882 0.495519 0.708824 0.494238 0.705882 0.494238 0.702941 0.492958 0.700000 0.492958 0.702941 0.491677 0.705882 0.490397 0.705882 0.490397 0.708824 0.489117 0.711765 0.487836 0.708824 0.487836 0.705882 0.486556 0.702941 0.487836 0.700000 0.487836 0.697059 0.486556 0.694118 0.486556 0.688235 0.487836 0.685294 0.487836 0.673529 0.485275 0.679412 0.485275 0.682353 0.483995 0.685294 0.482714 0.685294 0.481434 0.682353 0.481434 0.679412 0.483995 0.673529 0.483995 0.670588 0.482714 0.670588 0.481434 0.673529 0.480154 0.673529 0.478873 0.676471 0.480154 0.679412 0.478873 0.682353 0.477593 0.682353 0.478873 0.685294 0.477593 0.688235 0.478873 0.691176 0.478873 0.694118 0.480154 0.697059 0.478873 0.700000 0.477593 0.700000 0.476312 0.697059 0.476312 0.694118 0.475032 0.691176 0.473752 0.694118 0.472471 0.691176 0.472471 0.688235 0.472471 0.691176 0.469910 0.697059 0.467350 0.691176 0.466069 0.691176 0.464789 0.688235 0.464789 0.685294 0.467350 0.679412 0.466069 0.679412 0.466069 0.682353 0.464789 0.685294 0.463508 0.682353 0.463508 0.688235 0.462228 0.691176 0.460948 0.688235 0.460948 0.676471 0.459667 0.676471 0.458387 0.673529 0.459667 0.670588 0.459667 0.667647