1 0.724712 0.961765 0.723431 0.964706 0.720871 0.964706 0.719590 0.967647 0.714469 0.967647 0.713188 0.970588 0.709347 0.970588 0.709347 0.976471 0.710627 0.973529 0.714469 0.973529 0.715749 0.970588 0.718310 0.970588 0.719590 0.967647 0.722151 0.967647 0.723431 0.964706 0.725992 0.964706 0.727273 0.961765
1 0.272727 0.920588 0.272727 0.926471 0.274008 0.929412 0.274008 0.938235 0.272727 0.941176 0.271447 0.938235 0.271447 0.932353 0.271447 0.958824 0.272727 0.961765 0.272727 0.967647 0.274008 0.964706 0.274008 0.947059 0.272727 0.944118 0.272727 0.941176 0.274008 0.938235 0.274008 0.923529
1 0.398207 0.902941 0.398207 0.914706 0.399488 0.917647 0.399488 0.938235 0.400768 0.941176 0.400768 0.964706 0.402049 0.967647 0.402049 0.997059 0.409731 0.997059 0.409731 0.991176 0.408451 0.988235 0.408451 0.985294 0.407170 0.982353 0.407170 0.973529 0.405890 0.970588 0.405890 0.964706 0.404609 0.961765 0.404609 0.952941 0.403329 0.950000 0.403329 0.938235 0.402049 0.935294 0.402049 0.929412 0.400768 0.926471 0.400768 0.920588 0.399488 0.917647 0.399488 0.911765 0.398207 0.908824
1 0.117798 0.844118 0.116517 0.847059 0.116517 0.852941 0.115237 0.855882 0.115237 0.858824 0.113956 0.861765 0.113956 0.867647 0.112676 0.870588 0.112676 0.873529 0.111396 0.876471 0.111396 0.879412 0.110115 0.882353 0.110115 0.888235 0.108835 0.891176 0.108835 0.894118 0.107554 0.897059 0.107554 0.902941 0.106274 0.905882 0.106274 0.911765 0.104994 0.914706 0.104994 0.920588 0.103713 0.923529 0.103713 0.929412 0.102433 0.932353 0.102433 0.938235 0.101152 0.941176 0.101152 0.947059 0.099872 0.950000 0.099872 0.958824 0.098592 0.961765 0.098592 0.970588 0.097311 0.973529 0.097311 0.979412 0.096031 0.982353 0.096031 0.991176 0.094750 0.994118 0.094750 0.997059 0.094750 0.994118 0.096031 0.991176 0.096031 0.985294 0.097311 0.982353 0.097311 0.973529 0.098592 0.970588 0.098592 0.961765 0.099872 0.958824 0.099872 0.952941 0.101152 0.950000 0.101152 0.944118 0.102433 0.941176 0.102433 0.932353 0.103713 0.929412 0.103713 0.923529 0.104994 0.920588 0.104994 0.914706 0.106274 0.911765 0.106274 0.908824 0.107554 0.905882 0.107554 0.900000 0.108835 0.897059 0.108835 0.891176 0.110115 0.888235 0.110115 0.882353 0.111396 0.879412 0.111396 0.876471 0.112676 0.873529 0.112676 0.870588 0.113956 0.867647 0.113956 0.864706 0.115237 0.861765 0.115237 0.855882 0.116517 0.852941 0.119078 0.852941 0.120359 0.850000
1 0.274008 0.838235 0.274008 0.847059 0.275288 0.850000 0.275288 0.852941 0.274008 0.855882 0.274008 0.888235 0.272727 0.891176 0.272727 0.905882 0.274008 0.908824 0.272727 0.911765 0.272727 0.914706 0.274008 0.914706 0.272727 0.911765 0.274008 0.908824 0.275288 0.908824 0.275288 0.873529 0.276569 0.870588 0.276569 0.850000 0.275288 0.847059 0.275288 0.838235
1 0.504481 0.785294 0.507042 0.785294 0.508323 0.788235 0.509603 0.788235 0.510883 0.791176 0.513444 0.791176 0.514725 0.794118 0.517286 0.794118 0.518566 0.797059 0.521127 0.797059 0.522407 0.800000 0.526248 0.800000 0.527529 0.802941 0.527529 0.805882 0.526248 0.808824 0.524968 0.808824 0.524968 0.814706 0.526248 0.814706 0.528809 0.808824 0.530090 0.808824 0.531370 0.811765 0.532650 0.808824 0.535211 0.808824 0.536492 0.811765 0.539052 0.811765 0.540333 0.814706 0.541613 0.814706 0.542894 0.817647 0.544174 0.817647 0.545455 0.820588 0.548015 0.820588 0.549296 0.823529 0.550576 0.823529 0.551857 0.826471 0.553137 0.826471 0.554417 0.829412 0.555698 0.829412 0.556978 0.832353 0.559539 0.832353 0.562100 0.838235 0.564661 0.838235 0.565941 0.841176 0.565941 0.867647 0.567222 0.870588 0.567222 0.876471 0.567222 0.855882 0.565941 0.852941 0.565941 0.844118 0.567222 0.841176 0.568502 0.844118 0.569782 0.844118 0.572343 0.850000 0.572343 0.852941 0.573624 0.852941 0.574904 0.850000 0.577465 0.855882 0.578745 0.855882 0.580026 0.858824 0.581306 0.858824 0.582586 0.861765 0.583867 0.861765 0.586428 0.867647 0.587708 0.867647 0.588988 0.870588 0.591549 0.870588 0.594110 0.876471 0.595391 0.876471 0.597951 0.882353 0.599232 0.882353 0.600512 0.885294 0.601793 0.885294 0.603073 0.888235 0.604353 0.888235 0.605634 0.891176 0.606914 0.891176 0.609475 0.897059 0.610755 0.897059 0.612036 0.900000 0.613316 0.900000 0.615877 0.905882 0.617157 0.905882 0.619718 0.911765 0.620999 0.911765 0.623560 0.917647 0.624840 0.917647 0.627401 0.923529 0.628681 0.923529 0.632522 0.932353 0.632522 0.938235 0.633803 0.941176 0.633803 0.952941 0.635083 0.955882 0.635083 0.958824 0.635083 0.923529 0.633803 0.920588 0.633803 0.908824 0.636364 0.902941 0.636364 0.879412 0.637644 0.876471 0.638924 0.879412 0.638924 0.891176 0.640205 0.891176 0.641485 0.894118 0.642766 0.894118 0.644046 0.897059 0.641485 0.891176 0.644046 0.885294 0.645327 0.888235 0.645327 0.882353 0.646607 0.879412 0.647887 0.882353 0.647887 0.885294 0.649168 0.888235 0.649168 0.891176 0.650448 0.894118 0.650448 0.897059 0.651729 0.900000 0.651729 0.902941 0.654289 0.908824 0.654289 0.917647 0.653009 0.920588 0.651729 0.917647 0.651729 0.920588 0.650448 0.923529 0.649168 0.923529 0.647887 0.920588 0.647887 0.938235 0.649168 0.938235 0.651729 0.944118 0.653009 0.941176 0.654289 0.944118 0.654289 0.950000 0.653009 0.952941 0.651729 0.952941 0.650448 0.950000 0.649168 0.950000 0.647887 0.947059 0.646607 0.947059 0.644046 0.941176 0.642766 0.941176 0.641485 0.938235 0.640205 0.938235 0.637644 0.932353 0.637644 0.938235 0.638924 0.941176 0.640205 0.941176 0.642766 0.947059 0.644046 0.947059 0.647887 0.955882 0.649168 0.955882 0.650448 0.958824 0.651729 0.958824 0.654289 0.964706 0.654289 0.985294 0.655570 0.988235 0.655570 0.991176 0.658131 0.997059 0.658131 0.973529 0.659411 0.970588 0.660691 0.973529 0.661972 0.973529 0.663252 0.976471 0.665813 0.970588 0.667093 0.973529 0.668374 0.973529 0.670935 0.979412 0.670935 0.982353 0.672215 0.985294 0.673496 0.985294 0.672215 0.982353 0.672215 0.976471 0.670935 0.973529 0.672215 0.970588 0.672215 0.955882 0.673496 0.952941 0.674776 0.952941 0.676056 0.950000 0.674776 0.950000 0.672215 0.944118 0.672215 0.938235 0.670935 0.935294 0.670935 0.929412 0.669654 0.926471 0.669654 0.920588 0.667093 0.914706 0.667093 0.905882 0.665813 0.902941 0.665813 0.897059 0.664533 0.894118 0.664533 0.888235 0.663252 0.885294 0.663252 0.882353 0.661972 0.879412 0.664533 0.873529 0.665813 0.873529 0.664533 0.873529 0.660691 0.864706 0.663252 0.858824 0.660691 0.858824 0.658131 0.852941 0.658131 0.850000 0.656850 0.850000 0.655570 0.852941 0.654289 0.852941 0.653009 0.850000 0.653009 0.858824 0.651729 0.861765 0.650448 0.861765 0.647887 0.855882 0.649168 0.852941 0.646607 0.847059 0.646607 0.838235 0.644046 0.832353 0.645327 0.829412 0.644046 0.829412 0.642766 0.826471 0.644046 0.823529 0.642766 0.826471 0.641485 0.823529 0.640205 0.823529 0.638924 0.820588 0.638924 0.817647 0.640205 0.814706 0.640205 0.811765 0.638924 0.808824 0.640205 0.805882 0.638924 0.808824 0.633803 0.808824 0.632522 0.805882 0.632522 0.797059 0.633803 0.794118 0.633803 0.791176 0.635083 0.788235 0.633803 0.791176 0.633803 0.794118 0.632522 0.797059 0.631242 0.797059 0.629962 0.794118 0.629962 0.797059 0.628681 0.800000 0.627401 0.797059 0.627401 0.791176 0.624840 0.791176 0.623560 0.788235 0.624840 0.791176 0.623560 0.794118 0.622279 0.794118 0.620999 0.791176 0.624840 0.800000 0.620999 0.808824 0.623560 0.808824 0.624840 0.811765 0.624840 0.814706 0.626120 0.817647 0.626120 0.820588 0.624840 0.823529 0.620999 0.823529 0.622279 0.823529 0.623560 0.826471 0.624840 0.826471 0.627401 0.832353 0.626120 0.835294 0.624840 0.835294 0.627401 0.841176 0.626120 0.844118 0.627401 0.847059 0.627401 0.850000 0.626120 0.852941 0.624840 0.852941 0.623560 0.850000 0.624840 0.852941 0.624840 0.855882 0.623560 0.858824 0.615877 0.858824 0.619718 0.858824 0.620999 0.861765 0.622279 0.861765 0.623560 0.864706 0.623560 0.870588 0.622279 0.873529 0.623560 0.876471 0.622279 0.879412 0.623560 0.879412 0.624840 0.882353 0.626120 0.882353 0.628681 0.888235 0.628681 0.894118 0.624840 0.902941 0.623560 0.902941 0.620999 0.908824 0.618438 0.902941 0.617157 0.902941 0.614597 0.897059 0.613316 0.897059 0.610755 0.891176 0.609475 0.891176 0.608195 0.888235 0.606914 0.888235 0.604353 0.882353 0.603073 0.882353 0.600512 0.876471 0.599232 0.876471 0.597951 0.873529 0.596671 0.873529 0.594110 0.867647 0.592830 0.867647 0.591549 0.864706 0.590269 0.864706 0.587708 0.858824 0.586428 0.858824 0.585147 0.855882 0.583867 0.855882 0.581306 0.850000 0.580026 0.850000 0.578745 0.847059 0.577465 0.847059 0.576184 0.844118 0.574904 0.844118 0.573624 0.841176 0.572343 0.841176 0.571063 0.838235 0.571063 0.829412 0.571063 0.832353 0.569782 0.835294 0.567222 0.835294 0.565941 0.832353 0.565941 0.805882 0.565941 0.808824 0.564661 0.811765 0.564661 0.823529 0.562100 0.829412 0.560819 0.826471 0.559539 0.826471 0.558259 0.823529 0.556978 0.823529 0.555698 0.820588 0.554417 0.820588 0.553137 0.817647 0.550576 0.817647 0.549296 0.814706 0.548015 0.814706 0.546735 0.811765 0.545455 0.811765 0.544174 0.808824 0.541613 0.808824 0.540333 0.805882 0.537772 0.805882 0.535211 0.800000 0.536492 0.797059 0.536492 0.791176 0.535211 0.794118 0.533931 0.794118 0.532650 0.797059 0.530090 0.797059 0.528809 0.794118 0.528809 0.785294 0.527529 0.785294 0.527529 0.791176 0.526248 0.794118 0.521127 0.794118 0.519846 0.791176 0.516005 0.791176 0.514725 0.788235 0.509603 0.788235 0.508323 0.785294
1 0.120359 0.773529 0.120359 0.779412 0.115237 0.791176 0.115237 0.797059 0.116517 0.800000 0.117798 0.800000 0.124200 0.785294 0.125480 0.785294 0.125480 0.782353 0.126761 0.779412 0.125480 0.776471 0.125480 0.773529 0.124200 0.776471 0.122919 0.773529
1 0.129321 0.747059 0.128041 0.750000 0.128041 0.752941 0.126761 0.755882 0.129321 0.761765 0.129321 0.782353 0.130602 0.785294 0.129321 0.788235 0.129321 0.791176 0.128041 0.794118 0.128041 0.797059 0.126761 0.800000 0.126761 0.802941 0.125480 0.805882 0.125480 0.811765 0.124200 0.814706 0.124200 0.817647 0.122919 0.820588 0.122919 0.823529 0.120359 0.829412 0.120359 0.832353 0.119078 0.835294 0.119078 0.838235 0.121639 0.844118 0.122919 0.844118 0.122919 0.841176 0.124200 0.838235 0.124200 0.829412 0.122919 0.829412 0.121639 0.826471 0.122919 0.823529 0.122919 0.820588 0.124200 0.817647 0.124200 0.814706 0.126761 0.808824 0.126761 0.805882 0.128041 0.802941 0.128041 0.800000 0.129321 0.797059 0.130602 0.797059 0.131882 0.800000 0.131882 0.811765 0.133163 0.814706 0.133163 0.817647 0.131882 0.820588 0.131882 0.823529 0.130602 0.826471 0.130602 0.832353 0.128041 0.838235 0.128041 0.841176 0.126761 0.844118 0.126761 0.847059 0.126761 0.844118 0.128041 0.841176 0.128041 0.838235 0.130602 0.832353 0.131882 0.835294 0.131882 0.838235 0.133163 0.841176 0.131882 0.844118 0.131882 0.847059 0.135723 0.855882 0.135723 0.858824 0.137004 0.861765 0.137004 0.879412 0.137004 0.858824 0.135723 0.855882 0.135723 0.850000 0.137004 0.847059 0.135723 0.844118 0.135723 0.841176 0.137004 0.838235 0.137004 0.823529 0.135723 0.820588 0.135723 0.817647 0.134443 0.814706 0.134443 0.811765 0.137004 0.805882 0.137004 0.802941 0.138284 0.800000 0.135723 0.805882 0.135723 0.808824 0.134443 0.811765 0.133163 0.808824 0.133163 0.791176 0.131882 0.788235 0.131882 0.782353 0.133163 0.779412 0.133163 0.776471 0.134443 0.773529 0.134443 0.770588 0.137004 0.764706 0.138284 0.764706 0.137004 0.761765 0.138284 0.758824 0.138284 0.755882 0.137004 0.758824 0.137004 0.761765 0.135723 0.764706 0.135723 0.767647 0.131882 0.776471 0.130602 0.773529 0.130602 0.764706 0.129321 0.761765 0.129321 0.758824 0.128041 0.755882 0.128041 0.750000
1 0.884763 0.741176 0.883483 0.744118 0.883483 0.752941 0.880922 0.758824 0.879641 0.758824 0.878361 0.761765 0.877081 0.761765 0.879641 0.761765 0.880922 0.758824 0.884763 0.758824 0.886044 0.761765 0.886044 0.758824 0.888604 0.752941 0.889885 0.752941 0.888604 0.752941 0.886044 0.747059 0.887324 0.744118 0.886044 0.741176
1 0.153649 0.735294 0.151088 0.741176 0.149808 0.741176 0.148528 0.744118 0.149808 0.741176 0.151088 0.741176 0.152369 0.738235 0.153649 0.738235 0.154930 0.741176 0.153649 0.744118 0.153649 0.747059 0.149808 0.755882 0.149808 0.758824 0.145967 0.767647 0.144686 0.767647 0.143406 0.770588 0.142125 0.770588 0.140845 0.767647 0.142125 0.770588 0.139565 0.776471 0.140845 0.776471 0.142125 0.779412 0.140845 0.782353 0.142125 0.782353 0.143406 0.785294 0.142125 0.788235 0.140845 0.788235 0.142125 0.791176 0.143406 0.791176 0.144686 0.788235 0.145967 0.791176 0.145967 0.797059 0.144686 0.800000 0.147247 0.805882 0.147247 0.808824 0.148528 0.808824 0.149808 0.811765 0.149808 0.814706 0.149808 0.811765 0.148528 0.808824 0.148528 0.802941 0.147247 0.800000 0.147247 0.797059 0.148528 0.794118 0.151088 0.800000 0.151088 0.802941 0.152369 0.805882 0.152369 0.800000 0.151088 0.797059 0.151088 0.785294 0.149808 0.782353 0.149808 0.776471 0.145967 0.767647 0.149808 0.758824 0.149808 0.755882 0.153649 0.747059 0.154930 0.750000 0.156210 0.747059 0.154930 0.750000 0.153649 0.747059 0.153649 0.744118 0.156210 0.738235 0.156210 0.735294
1 0.382843 0.714706 0.382843 0.717647 0.381562 0.720588 0.381562 0.729412 0.380282 0.732353 0.380282 0.738235 0.379001 0.741176 0.379001 0.744118 0.377721 0.747059 0.377721 0.750000 0.379001 0.752941 0.377721 0.755882 0.377721 0.770588 0.377721 0.761765 0.380282 0.755882 0.380282 0.741176 0.381562 0.738235 0.381562 0.723529 0.382843 0.720588
1 0.841229 0.700000 0.839949 0.702941 0.839949 0.705882 0.841229 0.708824 0.841229 0.717647 0.842510 0.720588 0.841229 0.723529 0.839949 0.723529 0.838668 0.726471 0.838668 0.729412 0.839949 0.729412 0.841229 0.732353 0.842510 0.729412 0.843790 0.732353 0.843790 0.738235 0.845070 0.741176 0.845070 0.750000 0.846351 0.752941 0.846351 0.758824 0.847631 0.761765 0.847631 0.767647 0.848912 0.770588 0.848912 0.776471 0.850192 0.779412 0.850192 0.785294 0.850192 0.782353 0.852753 0.776471 0.854033 0.776471 0.855314 0.779412 0.856594 0.779412 0.857875 0.782353 0.857875 0.785294 0.857875 0.782353 0.855314 0.776471 0.855314 0.773529 0.854033 0.770588 0.854033 0.767647 0.852753 0.764706 0.852753 0.761765 0.851472 0.758824 0.851472 0.755882 0.850192 0.752941 0.850192 0.750000 0.848912 0.747059 0.848912 0.744118 0.847631 0.741176 0.847631 0.738235 0.846351 0.735294 0.846351 0.732353 0.845070 0.729412 0.845070 0.726471 0.843790 0.723529 0.846351 0.717647 0.847631 0.720588 0.847631 0.723529 0.848912 0.720588 0.850192 0.720588 0.848912 0.720588 0.847631 0.717647 0.847631 0.714706 0.845070 0.708824 0.845070 0.705882 0.843790 0.702941 0.843790 0.700000
1 0.576184 0.700000 0.577465 0.702941 0.577465 0.705882 0.576184 0.708824 0.574904 0.705882 0.576184 0.708824 0.574904 0.711765 0.576184 0.714706 0.574904 0.717647 0.574904 0.729412 0.576184 0.726471 0.576184 0.717647 0.578745 0.711765 0.578745 0.705882 0.580026 0.702941 0.578745 0.705882 0.577465 0.702941 0.577465 0.700000
1 0.553137 0.694118 0.551857 0.697059 0.550576 0.697059 0.549296 0.700000 0.549296 0.702941 0.550576 0.700000 0.551857 0.700000 0.554417 0.705882 0.554417 0.729412 0.555698 0.732353 0.555698 0.741176 0.556978 0.744118 0.556978 0.747059 0.558259 0.750000 0.559539 0.750000 0.559539 0.747059 0.558259 0.744118 0.558259 0.735294 0.556978 0.732353 0.556978 0.723529 0.555698 0.720588 0.555698 0.708824 0.554417 0.705882 0.554417 0.700000 0.553137 0.697059
1 0.487836 0.667647 0.487836 0.679412 0.486556 0.682353 0.485275 0.682353 0.483995 0.685294 0.483995 0.688235 0.482714 0.691176 0.481434 0.691176 0.478873 0.697059 0.480154 0.694118 0.481434 0.697059 0.481434 0.702941 0.481434 0.700000 0.482714 0.697059 0.483995 0.700000 0.483995 0.702941 0.485275 0.702941 0.483995 0.700000 0.483995 0.697059 0.485275 0.694118 0.483995 0.691176 0.487836 0.682353
1 0.449424 0.664706 0.449424 0.679412 0.450704 0.682353 0.450704 0.691176 0.455826 0.691176 0.457106 0.694118 0.457106 0.685294 0.455826 0.682353 0.455826 0.679412 0.454545 0.676471 0.454545 0.682353 0.451985 0.688235 0.450704 0.685294 0.450704 0.679412 0.449424 0.676471
1 0.252241 0.664706 0.249680 0.670588 0.248399 0.667647 0.245839 0.673529 0.247119 0.676471 0.245839 0.679412 0.244558 0.679412 0.244558 0.682353 0.245839 0.682353 0.247119 0.685294 0.248399 0.685294 0.250960 0.691176 0.249680 0.694118 0.252241 0.694118 0.253521 0.697059 0.252241 0.700000 0.250960 0.700000 0.249680 0.702941 0.248399 0.702941 0.247119 0.705882 0.247119 0.708824 0.248399 0.708824 0.250960 0.714706 0.250960 0.720588 0.250960 0.717647 0.252241 0.714706 0.253521 0.714706 0.254802 0.717647 0.253521 0.720588 0.257362 0.711765 0.258643 0.714706 0.258643 0.708824 0.259923 0.705882 0.262484 0.705882 0.262484 0.702941 0.263764 0.700000 0.266325 0.700000 0.265045 0.697059 0.266325 0.694118 0.267606 0.694118 0.266325 0.694118 0.265045 0.691176 0.263764 0.694118 0.262484 0.691176 0.262484 0.694118 0.261204 0.697059 0.254802 0.682353 0.254802 0.679412 0.253521 0.676471 0.254802 0.673529 0.253521 0.676471 0.252241 0.676471 0.250960 0.673529 0.250960 0.667647
1 0.432778 0.647059 0.430218 0.652941 0.430218 0.670588 0.428937 0.673529 0.427657 0.670588 0.427657 0.667647 0.427657 0.673529 0.428937 0.676471 0.430218 0.676471 0.431498 0.679412 0.430218 0.682353 0.430218 0.688235 0.430218 0.685294 0.432778 0.679412 0.431498 0.676471 0.432778 0.673529 0.434059 0.673529 0.432778 0.673529 0.431498 0.670588 0.431498 0.667647 0.432778 0.664706 0.432778 0.658824 0.434059 0.655882 0.434059 0.650000
1 0.582586 0.638235 0.582586 0.641176 0.585147 0.647059 0.585147 0.655882 0.583867 0.658824 0.582586 0.655882 0.582586 0.658824 0.586428 0.658824 0.586428 0.652941 0.587708 0.650000 0.588988 0.652941 0.588988 0.647059 0.586428 0.647059
1 0.569782 0.617647 0.569782 0.626471 0.568502 0.629412 0.568502 0.632353 0.569782 0.635294 0.567222 0.641176 0.565941 0.641176 0.567222 0.641176 0.568502 0.644118 0.568502 0.647059 0.569782 0.650000 0.568502 0.652941 0.569782 0.655882 0.568502 0.658824 0.569782 0.661765 0.568502 0.664706 0.568502 0.673529 0.569782 0.676471 0.569782 0.694118 0.571063 0.697059 0.571063 0.708824 0.572343 0.708824 0.572343 0.697059 0.571063 0.694118 0.571063 0.676471 0.569782 0.673529 0.569782 0.647059 0.571063 0.644118 0.572343 0.647059 0.569782 0.641176 0.569782 0.638235 0.571063 0.635294 0.569782 0.632353
1 0.441741 0.611765 0.441741 0.635294 0.443022 0.638235 0.441741 0.641176 0.443022 0.644118 0.441741 0.647059 0.441741 0.661765 0.440461 0.664706 0.439181 0.661765 0.439181 0.658824 0.437900 0.655882 0.437900 0.635294 0.437900 0.667647 0.439181 0.670588 0.439181 0.685294 0.439181 0.667647 0.440461 0.664706 0.441741 0.667647 0.441741 0.670588 0.441741 0.655882 0.443022 0.652941 0.443022 0.650000 0.441741 0.647059 0.443022 0.644118 0.443022 0.623529 0.441741 0.620588
1 0.737516 0.602941 0.737516 0.626471 0.736236 0.629412 0.736236 0.664706 0.734955 0.667647 0.736236 0.670588 0.736236 0.676471 0.734955 0.679412 0.732394 0.679412 0.734955 0.685294 0.732394 0.691176 0.731114 0.691176 0.729834 0.688235 0.731114 0.691176 0.731114 0.694118 0.732394 0.694118 0.733675 0.697059 0.731114 0.702941 0.729834 0.702941 0.728553 0.705882 0.727273 0.705882 0.725992 0.702941 0.727273 0.700000 0.727273 0.697059 0.724712 0.702941 0.723431 0.700000 0.723431 0.694118 0.722151 0.697059 0.720871 0.697059 0.718310 0.691176 0.718310 0.688235 0.717029 0.685294 0.714469 0.691176 0.713188 0.688235 0.711908 0.688235 0.713188 0.688235 0.714469 0.691176 0.715749 0.691176 0.717029 0.694118 0.717029 0.697059 0.715749 0.700000 0.714469 0.700000 0.717029 0.700000 0.718310 0.702941 0.718310 0.705882 0.719590 0.705882 0.720871 0.708824 0.720871 0.711765 0.722151 0.708824 0.723431 0.711765 0.723431 0.717647 0.722151 0.720588 0.723431 0.717647 0.724712 0.717647 0.725992 0.714706 0.728553 0.720588 0.727273 0.723529 0.728553 0.723529 0.731114 0.717647 0.732394 0.720588 0.732394 0.729412 0.731114 0.732353 0.731114 0.741176 0.729834 0.744118 0.729834 0.747059 0.728553 0.750000 0.728553 0.758824 0.727273 0.761765 0.725992 0.758824 0.725992 0.761765 0.724712 0.764706 0.723431 0.764706 0.723431 0.770588 0.722151 0.773529 0.723431 0.773529 0.724712 0.776471 0.724712 0.779412 0.725992 0.779412 0.727273 0.782353 0.728553 0.782353 0.729834 0.785294 0.729834 0.788235 0.728553 0.791176 0.727273 0.788235 0.725992 0.788235 0.728553 0.794118 0.727273 0.797059 0.725992 0.797059 0.728553 0.797059 0.729834 0.800000 0.729834 0.808824 0.729834 0.805882 0.731114 0.802941 0.729834 0.800000 0.731114 0.797059 0.733675 0.797059 0.734955 0.800000 0.736236 0.800000 0.734955 0.797059 0.736236 0.794118 0.736236 0.791176 0.737516 0.788235 0.740077 0.794118 0.741357 0.791176 0.740077 0.788235 0.741357 0.785294 0.743918 0.785294 0.745198 0.782353 0.743918 0.782353 0.742638 0.779412 0.745198 0.773529 0.747759 0.773529 0.746479 0.773529 0.745198 0.770588 0.747759 0.764706 0.745198 0.770588 0.743918 0.770588 0.740077 0.761765 0.740077 0.758824 0.741357 0.755882 0.742638 0.755882 0.740077 0.750000 0.741357 0.747059 0.741357 0.744118 0.740077 0.744118 0.737516 0.738235 0.740077 0.732353 0.741357 0.735294 0.741357 0.738235 0.741357 0.732353 0.742638 0.729412 0.746479 0.738235 0.747759 0.735294 0.746479 0.732353 0.747759 0.729412 0.749040 0.729412 0.747759 0.726471 0.746479 0.726471 0.743918 0.720588 0.745198 0.717647 0.740077 0.717647 0.738796 0.714706 0.740077 0.711765 0.738796 0.714706 0.737516 0.714706 0.734955 0.708824 0.736236 0.705882 0.737516 0.705882 0.740077 0.700000 0.742638 0.700000 0.742638 0.697059 0.741357 0.697059 0.740077 0.694118 0.741357 0.691176 0.743918 0.691176 0.742638 0.691176 0.741357 0.688235 0.742638 0.685294 0.741357 0.685294 0.740077 0.682353 0.741357 0.679412 0.741357 0.670588 0.742638 0.667647 0.741357 0.670588 0.740077 0.667647 0.738796 0.670588 0.736236 0.670588 0.734955 0.667647 0.736236 0.664706 0.736236 0.650000 0.737516 0.647059
1 0.376440 0.582353 0.376440 0.611765 0.377721 0.614706 0.376440 0.617647 0.376440 0.655882 0.375160 0.658824 0.375160 0.676471 0.372599 0.682353 0.373880 0.685294 0.373880 0.697059 0.372599 0.700000 0.372599 0.732353 0.371319 0.735294 0.371319 0.738235 0.372599 0.741176 0.372599 0.802941 0.372599 0.800000 0.373880 0.797059 0.373880 0.770588 0.375160 0.767647 0.375160 0.764706 0.373880 0.761765 0.373880 0.758824 0.375160 0.755882 0.375160 0.747059 0.373880 0.744118 0.375160 0.741176 0.373880 0.738235 0.373880 0.735294 0.375160 0.732353 0.373880 0.729412 0.375160 0.726471 0.375160 0.717647 0.373880 0.714706 0.376440 0.708824 0.375160 0.705882 0.376440 0.702941 0.376440 0.685294 0.377721 0.682353 0.377721 0.679412 0.376440 0.676471 0.377721 0.673529 0.377721 0.670588 0.376440 0.667647 0.377721 0.664706 0.377721 0.661765 0.379001 0.658824 0.377721 0.655882 0.379001 0.652941 0.380282 0.652941 0.381562 0.655882 0.381562 0.658824 0.381562 0.650000 0.382843 0.647059 0.382843 0.644118 0.381562 0.644118 0.381562 0.647059 0.380282 0.650000 0.379001 0.650000 0.377721 0.647059 0.379001 0.644118 0.379001 0.641176 0.377721 0.638235 0.377721 0.629412 0.379001 0.626471 0.379001 0.623529 0.377721 0.620588 0.379001 0.617647 0.379001 0.602941 0.380282 0.600000 0.379001 0.597059 0.379001 0.594118 0.377721 0.591176 0.377721 0.582353
1 0.450704 0.579412 0.450704 0.585294 0.449424 0.588235 0.449424 0.600000 0.450704 0.602941 0.450704 0.605882 0.449424 0.608824 0.450704 0.611765 0.450704 0.644118 0.449424 0.647059 0.449424 0.650000 0.449424 0.647059 0.450704 0.644118 0.451985 0.647059 0.451985 0.655882 0.451985 0.629412 0.450704 0.626471
1 0.483995 0.555882 0.483995 0.561765 0.485275 0.564706 0.483995 0.567647 0.485275 0.570588 0.485275 0.614706 0.482714 0.620588 0.481434 0.617647 0.482714 0.620588 0.482714 0.626471 0.481434 0.629412 0.480154 0.629412 0.478873 0.626471 0.477593 0.626471 0.478873 0.629412 0.478873 0.632353 0.475032 0.641176 0.475032 0.655882 0.476312 0.652941 0.478873 0.658824 0.480154 0.658824 0.480154 0.650000 0.481434 0.647059 0.481434 0.644118 0.478873 0.644118 0.477593 0.641176 0.477593 0.638235 0.478873 0.635294 0.480154 0.638235 0.486556 0.638235 0.486556 0.635294 0.485275 0.632353 0.485275 0.629412 0.486556 0.626471 0.486556 0.617647 0.485275 0.614706 0.485275 0.608824 0.486556 0.605882 0.487836 0.608824 0.487836 0.611765 0.487836 0.602941 0.486556 0.602941 0.485275 0.600000 0.485275 0.564706 0.483995 0.561765 0.485275 0.558824
1 0.459667 0.547059 0.459667 0.608824 0.458387 0.611765 0.458387 0.638235 0.457106 0.641176 0.457106 0.644118 0.458387 0.647059 0.457106 0.650000 0.457106 0.658824 0.458387 0.661765 0.458387 0.664706 0.458387 0.652941 0.459667 0.650000 0.460948 0.652941 0.460948 0.670588 0.459667 0.673529 0.462228 0.667647 0.462228 0.664706 0.463508 0.661765 0.463508 0.658824 0.464789 0.655882 0.463508 0.658824 0.462228 0.655882 0.462228 0.652941 0.464789 0.647059 0.464789 0.638235 0.463508 0.635294 0.463508 0.629412 0.462228 0.626471 0.463508 0.623529 0.462228 0.620588 0.463508 0.617647 0.463508 0.614706 0.462228 0.611765 0.462228 0.597059 0.460948 0.594118 0.462228 0.591176 0.462228 0.582353 0.459667 0.576471
1 0.564661 0.529412 0.563380 0.532353 0.564661 0.535294 0.563380 0.538235 0.563380 0.550000 0.562100 0.552941 0.562100 0.564706 0.560819 0.567647 0.560819 0.570588 0.562100 0.573529 0.562100 0.579412 0.560819 0.582353 0.560819 0.585294 0.562100 0.588235 0.560819 0.591176 0.560819 0.602941 0.559539 0.605882 0.556978 0.600000 0.558259 0.597059 0.558259 0.594118 0.556978 0.594118 0.556978 0.600000 0.558259 0.602941 0.556978 0.605882 0.556978 0.644118 0.558259 0.647059 0.556978 0.650000 0.556978 0.655882 0.558259 0.658824 0.558259 0.661765 0.559539 0.658824 0.560819 0.661765 0.560819 0.667647 0.559539 0.670588 0.560819 0.673529 0.560819 0.691176 0.562100 0.694118 0.562100 0.700000 0.560819 0.702941 0.559539 0.700000 0.559539 0.708824 0.560819 0.711765 0.560819 0.723529 0.562100 0.726471 0.560819 0.729412 0.562100 0.732353 0.562100 0.735294 0.563380 0.738235 0.563380 0.744118 0.565941 0.750000 0.564661 0.752941 0.565941 0.755882 0.567222 0.752941 0.567222 0.750000 0.569782 0.744118 0.568502 0.741176 0.568502 0.732353 0.567222 0.729412 0.567222 0.723529 0.565941 0.720588 0.565941 0.714706 0.564661 0.711765 0.564661 0.697059 0.565941 0.694118 0.564661 0.691176 0.564661 0.679412 0.563380 0.676471 0.564661 0.673529 0.564661 0.661765 0.563380 0.658824 0.564661 0.655882 0.563380 0.652941 0.563380 0.650000 0.564661 0.647059 0.563380 0.644118 0.563380 0.617647 0.562100 0.614706 0.563380 0.611765 0.563380 0.605882 0.564661 0.602941 0.564661 0.594118 0.563380 0.591176 0.563380 0.588235 0.564661 0.585294 0.565941 0.585294 0.564661 0.582353 0.565941 0.579412 0.565941 0.576471 0.564661 0.573529 0.564661 0.570588 0.565941 0.567647 0.564661 0.564706 0.564661 0.558824 0.563380 0.555882 0.564661 0.552941 0.564661 0.547059 0.565941 0.544118 0.564661 0.541176
1 0.851472 0.508824 0.851472 0.514706 0.850192 0.517647 0.850192 0.526471 0.848912 0.529412 0.848912 0.535294 0.846351 0.541176 0.848912 0.547059 0.848912 0.550000 0.847631 0.552941 0.847631 0.567647 0.850192 0.567647 0.851472 0.570588 0.851472 0.573529 0.850192 0.576471 0.848912 0.573529 0.848912 0.582353 0.850192 0.585294 0.848912 0.588235 0.848912 0.591176 0.850192 0.591176 0.851472 0.594118 0.851472 0.597059 0.850192 0.600000 0.850192 0.614706 0.848912 0.617647 0.850192 0.620588 0.850192 0.623529 0.851472 0.626471 0.852753 0.626471 0.854033 0.629412 0.852753 0.632353 0.850192 0.632353 0.850192 0.635294 0.854033 0.644118 0.852753 0.647059 0.851472 0.647059 0.851472 0.652941 0.852753 0.655882 0.854033 0.655882 0.855314 0.658824 0.855314 0.661765 0.854033 0.664706 0.851472 0.664706 0.852753 0.667647 0.852753 0.670588 0.855314 0.676471 0.854033 0.679412 0.854033 0.682353 0.855314 0.685294 0.855314 0.697059 0.856594 0.700000 0.856594 0.708824 0.857875 0.711765 0.857875 0.714706 0.855314 0.720588 0.855314 0.723529 0.856594 0.726471 0.856594 0.732353 0.859155 0.738235 0.859155 0.741176 0.860435 0.741176 0.861716 0.738235 0.864277 0.738235 0.865557 0.741176 0.865557 0.735294 0.866837 0.732353 0.868118 0.732353 0.869398 0.729412 0.869398 0.726471 0.871959 0.720588 0.871959 0.717647 0.873239 0.714706 0.873239 0.711765 0.875800 0.705882 0.878361 0.711765 0.878361 0.720588 0.878361 0.714706 0.879641 0.711765 0.880922 0.711765 0.882202 0.714706 0.882202 0.717647 0.883483 0.714706 0.884763 0.717647 0.884763 0.720588 0.887324 0.720588 0.889885 0.726471 0.892446 0.726471 0.893726 0.729412 0.896287 0.723529 0.897567 0.726471 0.898848 0.726471 0.897567 0.726471 0.895006 0.720588 0.891165 0.720588 0.889885 0.717647 0.891165 0.714706 0.888604 0.708824 0.889885 0.705882 0.888604 0.702941 0.889885 0.700000 0.891165 0.700000 0.892446 0.697059 0.891165 0.694118 0.891165 0.691176 0.889885 0.691176 0.888604 0.688235 0.888604 0.691176 0.887324 0.694118 0.887324 0.697059 0.886044 0.700000 0.883483 0.700000 0.883483 0.705882 0.882202 0.708824 0.880922 0.708824 0.879641 0.705882 0.879641 0.685294 0.880922 0.682353 0.880922 0.679412 0.879641 0.676471 0.879641 0.644118 0.878361 0.641176 0.878361 0.638235 0.878361 0.658824 0.879641 0.661765 0.879641 0.688235 0.878361 0.691176 0.878361 0.694118 0.875800 0.700000 0.875800 0.702941 0.874520 0.705882 0.874520 0.708824 0.870679 0.717647 0.870679 0.723529 0.866837 0.732353 0.865557 0.729412 0.865557 0.697059 0.864277 0.694118 0.862996 0.694118 0.861716 0.691176 0.861716 0.688235 0.862996 0.685294 0.861716 0.682353 0.861716 0.664706 0.859155 0.658824 0.859155 0.650000 0.857875 0.647059 0.857875 0.632353 0.856594 0.629412 0.856594 0.617647 0.855314 0.614706 0.855314 0.608824 0.856594 0.605882 0.855314 0.602941 0.855314 0.591176 0.854033 0.588235 0.854033 0.582353 0.855314 0.579412 0.855314 0.573529 0.857875 0.567647 0.854033 0.567647 0.852753 0.564706 0.854033 0.561765 0.854033 0.558824 0.855314 0.555882 0.855314 0.550000 0.854033 0.547059 0.854033 0.538235 0.852753 0.535294 0.852753 0.532353 0.854033 0.529412 0.854033 0.523529 0.852753 0.520588 0.854033 0.517647 0.854033 0.514706 0.852753 0.511765 0.852753 0.508824
1 0.832266 0.485294 0.833547 0.488235 0.832266 0.491176 0.832266 0.505882 0.833547 0.508824 0.833547 0.544118 0.832266 0.547059 0.833547 0.550000 0.833547 0.564706 0.832266 0.567647 0.832266 0.588235 0.830986 0.591176 0.830986 0.617647 0.832266 0.620588 0.832266 0.623529 0.830986 0.626471 0.830986 0.650000 0.829706 0.652941 0.829706 0.667647 0.828425 0.670588 0.828425 0.685294 0.827145 0.688235 0.827145 0.705882 0.825864 0.708824 0.825864 0.720588 0.825864 0.708824 0.827145 0.705882 0.827145 0.694118 0.828425 0.691176 0.828425 0.679412 0.829706 0.676471 0.829706 0.661765 0.830986 0.658824 0.832266 0.661765 0.832266 0.679412 0.830986 0.682353 0.830986 0.705882 0.829706 0.708824 0.829706 0.726471 0.828425 0.729412 0.827145 0.726471 0.827145 0.732353 0.828425 0.735294 0.828425 0.758824 0.827145 0.761765 0.827145 0.802941 0.827145 0.794118 0.828425 0.791176 0.828425 0.770588 0.829706 0.767647 0.829706 0.738235 0.830986 0.735294 0.830986 0.702941 0.832266 0.700000 0.832266 0.688235 0.834827 0.682353 0.836108 0.685294 0.836108 0.688235 0.836108 0.676471 0.836108 0.679412 0.834827 0.682353 0.833547 0.679412 0.833547 0.673529 0.834827 0.670588 0.834827 0.661765 0.836108 0.658824 0.837388 0.661765 0.837388 0.670588 0.837388 0.644118 0.838668 0.641176 0.838668 0.626471 0.838668 0.635294 0.837388 0.638235 0.836108 0.635294 0.836108 0.620588 0.838668 0.614706 0.837388 0.611765 0.838668 0.608824 0.838668 0.544118 0.837388 0.541176 0.837388 0.526471 0.836108 0.523529 0.836108 0.514706 0.834827 0.511765 0.834827 0.508824 0.833547 0.505882 0.833547 0.488235
1 0.498079 0.482353 0.498079 0.491176 0.496799 0.494118 0.496799 0.497059 0.498079 0.500000 0.498079 0.502941 0.496799 0.505882 0.498079 0.508824 0.498079 0.532353 0.496799 0.535294 0.496799 0.564706 0.495519 0.567647 0.495519 0.570588 0.496799 0.573529 0.496799 0.576471 0.495519 0.579412 0.495519 0.600000 0.492958 0.605882 0.494238 0.608824 0.494238 0.626471 0.492958 0.629412 0.492958 0.635294 0.491677 0.638235 0.492958 0.641176 0.492958 0.644118 0.491677 0.647059 0.491677 0.650000 0.492958 0.652941 0.492958 0.688235 0.494238 0.691176 0.494238 0.697059 0.491677 0.702941 0.489117 0.702941 0.487836 0.700000 0.487836 0.705882 0.486556 0.708824 0.487836 0.705882 0.489117 0.705882 0.490397 0.702941 0.491677 0.702941 0.492958 0.700000 0.494238 0.702941 0.494238 0.747059 0.498079 0.738235 0.499360 0.738235 0.499360 0.726471 0.500640 0.723529 0.500640 0.717647 0.499360 0.714706 0.500640 0.711765 0.500640 0.694118 0.503201 0.688235 0.501921 0.691176 0.500640 0.688235 0.500640 0.685294 0.501921 0.682353 0.501921 0.679412 0.500640 0.676471 0.501921 0.673529 0.501921 0.670588 0.500640 0.667647 0.500640 0.664706 0.501921 0.661765 0.501921 0.647059 0.503201 0.644118 0.503201 0.641176 0.505762 0.635294 0.505762 0.632353 0.505762 0.635294 0.504481 0.638235 0.501921 0.632353 0.501921 0.626471 0.503201 0.623529 0.503201 0.620588 0.501921 0.617647 0.503201 0.614706 0.503201 0.608824 0.501921 0.605882 0.501921 0.602941 0.503201 0.600000 0.503201 0.594118 0.501921 0.591176 0.501921 0.579412 0.499360 0.573529 0.499360 0.558824 0.500640 0.555882 0.499360 0.552941 0.500640 0.550000 0.500640 0.547059 0.499360 0.544118 0.499360 0.541176 0.500640 0.538235 0.500640 0.535294 0.499360 0.532353 0.499360 0.529412 0.500640 0.526471 0.500640 0.520588 0.499360 0.517647 0.500640 0.514706 0.500640 0.497059 0.499360 0.494118 0.499360 0.482353
1 0.293214 0.476471 0.293214 0.508824 0.291933 0.511765 0.293214 0.514706 0.293214 0.520588 0.291933 0.523529 0.293214 0.526471 0.293214 0.529412 0.291933 0.532353 0.291933 0.535294 0.293214 0.538235 0.293214 0.547059 0.294494 0.550000 0.293214 0.552941 0.293214 0.567647 0.294494 0.570588 0.293214 0.573529 0.293214 0.582353 0.294494 0.585294 0.293214 0.588235 0.294494 0.591176 0.293214 0.594118 0.293214 0.611765 0.291933 0.614706 0.290653 0.614706 0.293214 0.620588 0.293214 0.626471 0.291933 0.629412 0.291933 0.632353 0.294494 0.638235 0.294494 0.650000 0.293214 0.652941 0.293214 0.664706 0.291933 0.667647 0.290653 0.664706 0.290653 0.661765 0.288092 0.655882 0.288092 0.652941 0.286812 0.655882 0.285531 0.652941 0.285531 0.650000 0.286812 0.647059 0.285531 0.647059 0.284251 0.644118 0.285531 0.641176 0.286812 0.641176 0.288092 0.638235 0.286812 0.635294 0.286812 0.614706 0.286812 0.635294 0.284251 0.641176 0.282971 0.641176 0.281690 0.644118 0.280410 0.641176 0.280410 0.647059 0.279129 0.650000 0.276569 0.644118 0.276569 0.638235 0.274008 0.638235 0.272727 0.635294 0.275288 0.629412 0.276569 0.629412 0.275288 0.629412 0.274008 0.632353 0.271447 0.626471 0.272727 0.623529 0.272727 0.620588 0.270166 0.620588 0.270166 0.623529 0.267606 0.629412 0.268886 0.632353 0.267606 0.635294 0.267606 0.644118 0.266325 0.647059 0.270166 0.655882 0.267606 0.661765 0.266325 0.658824 0.265045 0.661765 0.266325 0.664706 0.266325 0.667647 0.267606 0.670588 0.266325 0.673529 0.263764 0.673529 0.266325 0.673529 0.267606 0.676471 0.265045 0.682353 0.266325 0.682353 0.267606 0.679412 0.268886 0.682353 0.268886 0.685294 0.271447 0.685294 0.272727 0.688235 0.275288 0.682353 0.277849 0.688235 0.277849 0.691176 0.279129 0.694118 0.280410 0.691176 0.281690 0.694118 0.281690 0.708824 0.281690 0.697059 0.284251 0.691176 0.285531 0.694118 0.285531 0.688235 0.286812 0.685294 0.288092 0.685294 0.290653 0.691176 0.290653 0.700000 0.291933 0.702941 0.290653 0.705882 0.290653 0.723529 0.289373 0.726471 0.288092 0.723529 0.286812 0.723529 0.288092 0.723529 0.289373 0.726471 0.288092 0.729412 0.285531 0.729412 0.285531 0.732353 0.284251 0.735294 0.281690 0.735294 0.280410 0.732353 0.280410 0.729412 0.279129 0.729412 0.277849 0.726471 0.279129 0.723529 0.280410 0.723529 0.280410 0.720588 0.279129 0.717647 0.277849 0.720588 0.276569 0.720588 0.275288 0.717647 0.276569 0.714706 0.274008 0.714706 0.272727 0.717647 0.272727 0.720588 0.271447 0.723529 0.272727 0.723529 0.274008 0.726471 0.272727 0.729412 0.270166 0.729412 0.268886 0.732353 0.267606 0.729412 0.266325 0.729412 0.265045 0.732353 0.266325 0.735294 0.265045 0.738235 0.268886 0.738235 0.270166 0.741176 0.267606 0.747059 0.268886 0.750000 0.266325 0.755882 0.265045 0.755882 0.266325 0.755882 0.268886 0.761765 0.268886 0.764706 0.267606 0.767647 0.266325 0.764706 0.262484 0.764706 0.261204 0.761765 0.258643 0.761765 0.259923 0.761765 0.261204 0.764706 0.265045 0.764706 0.266325 0.767647 0.266325 0.770588 0.267606 0.773529 0.266325 0.776471 0.267606 0.773529 0.268886 0.776471 0.270166 0.773529 0.271447 0.773529 0.272727 0.776471 0.272727 0.779412 0.272727 0.776471 0.274008 0.773529 0.275288 0.773529 0.277849 0.779412 0.280410 0.773529 0.284251 0.773529 0.285531 0.770588 0.293214 0.770588 0.294494 0.767647 0.297055 0.767647 0.298335 0.764706 0.299616 0.767647 0.300896 0.767647 0.303457 0.773529 0.303457 0.776471 0.304738 0.779412 0.304738 0.782353 0.306018 0.785294 0.306018 0.791176 0.307298 0.794118 0.307298 0.797059 0.308579 0.800000 0.308579 0.805882 0.308579 0.794118 0.307298 0.791176 0.307298 0.785294 0.306018 0.782353 0.306018 0.767647 0.304738 0.764706 0.289373 0.764706 0.288092 0.767647 0.286812 0.767647 0.285531 0.764706 0.288092 0.758824 0.290653 0.758824 0.293214 0.752941 0.294494 0.752941 0.295775 0.755882 0.297055 0.755882 0.298335 0.752941 0.298335 0.750000 0.299616 0.747059 0.298335 0.747059 0.297055 0.744118 0.295775 0.747059 0.294494 0.747059 0.293214 0.744118 0.293214 0.741176 0.294494 0.738235 0.293214 0.738235 0.291933 0.735294 0.297055 0.723529 0.297055 0.720588 0.302177 0.708824 0.302177 0.705882 0.309859 0.688235 0.309859 0.685294 0.313700 0.676471 0.313700 0.673529 0.321383 0.655882 0.321383 0.652941 0.326504 0.641176 0.327785 0.644118 0.327785 0.647059 0.326504 0.650000 0.326504 0.658824 0.326504 0.655882 0.327785 0.652941 0.329065 0.655882 0.329065 0.664706 0.330346 0.664706 0.330346 0.617647 0.329065 0.614706 0.329065 0.608824 0.330346 0.605882 0.329065 0.602941 0.329065 0.576471 0.327785 0.573529 0.327785 0.570588 0.329065 0.567647 0.329065 0.564706 0.327785 0.561765 0.329065 0.558824 0.329065 0.541176 0.327785 0.544118 0.327785 0.555882 0.326504 0.558824 0.326504 0.561765 0.327785 0.564706 0.327785 0.573529 0.326504 0.576471 0.327785 0.579412 0.326504 0.582353 0.326504 0.585294 0.327785 0.588235 0.327785 0.638235 0.323944 0.647059 0.322663 0.647059 0.320102 0.652941 0.318822 0.652941 0.311140 0.670588 0.309859 0.667647 0.309859 0.652941 0.311140 0.650000 0.311140 0.635294 0.312420 0.632353 0.311140 0.635294 0.309859 0.632353 0.309859 0.620588 0.311140 0.617647 0.311140 0.611765 0.312420 0.608824 0.311140 0.605882 0.311140 0.597059 0.312420 0.594118 0.312420 0.576471 0.313700 0.573529 0.313700 0.552941 0.314981 0.550000 0.314981 0.541176 0.313700 0.544118 0.313700 0.561765 0.312420 0.564706 0.312420 0.573529 0.311140 0.576471 0.312420 0.579412 0.312420 0.582353 0.311140 0.585294 0.311140 0.600000 0.309859 0.602941 0.309859 0.611765 0.308579 0.614706 0.308579 0.617647 0.309859 0.620588 0.309859 0.632353 0.311140 0.635294 0.309859 0.638235 0.309859 0.670588 0.311140 0.673529 0.302177 0.694118 0.302177 0.697059 0.299616 0.702941 0.298335 0.702941 0.298335 0.705882 0.297055 0.708824 0.295775 0.705882 0.294494 0.708824 0.293214 0.705882 0.293214 0.697059 0.294494 0.694118 0.294494 0.676471 0.297055 0.670588 0.298335 0.670588 0.297055 0.670588 0.295775 0.667647 0.295775 0.647059 0.297055 0.644118 0.297055 0.635294 0.298335 0.632353 0.298335 0.626471 0.297055 0.626471 0.295775 0.623529 0.297055 0.620588 0.295775 0.617647 0.297055 0.614706 0.297055 0.564706 0.295775 0.561765 0.295775 0.558824 0.297055 0.555882 0.297055 0.541176 0.295775 0.538235 0.297055 0.535294 0.297055 0.532353 0.295775 0.529412 0.297055 0.526471 0.294494 0.520588 0.295775 0.517647 0.295775 0.511765 0.294494 0.508824 0.294494 0.500000 0.295775 0.497059 0.295775 0.485294 0.294494 0.482353 0.294494 0.476471
1 0.413572 0.435294 0.412292 0.438235 0.412292 0.455882 0.411012 0.458824 0.412292 0.461765 0.412292 0.470588 0.411012 0.473529 0.411012 0.500000 0.412292 0.502941 0.411012 0.505882 0.411012 0.508824 0.412292 0.511765 0.411012 0.514706 0.412292 0.517647 0.412292 0.520588 0.411012 0.523529 0.412292 0.526471 0.412292 0.535294 0.411012 0.538235 0.411012 0.541176 0.412292 0.544118 0.412292 0.555882 0.411012 0.558824 0.409731 0.555882 0.409731 0.547059 0.408451 0.550000 0.409731 0.552941 0.408451 0.555882 0.409731 0.558824 0.409731 0.561765 0.408451 0.564706 0.408451 0.573529 0.409731 0.576471 0.408451 0.579412 0.408451 0.582353 0.409731 0.585294 0.409731 0.597059 0.408451 0.600000 0.408451 0.629412 0.407170 0.632353 0.407170 0.650000 0.405890 0.652941 0.405890 0.655882 0.407170 0.658824 0.405890 0.661765 0.407170 0.664706 0.407170 0.679412 0.405890 0.682353 0.405890 0.691176 0.407170 0.694118 0.407170 0.700000 0.405890 0.702941 0.405890 0.714706 0.407170 0.717647 0.407170 0.720588 0.407170 0.691176 0.408451 0.688235 0.411012 0.694118 0.411012 0.700000 0.409731 0.702941 0.409731 0.717647 0.411012 0.714706 0.411012 0.708824 0.412292 0.705882 0.412292 0.702941 0.413572 0.700000 0.416133 0.705882 0.414853 0.708824 0.414853 0.711765 0.413572 0.714706 0.413572 0.720588 0.414853 0.723529 0.414853 0.747059 0.413572 0.750000 0.413572 0.758824 0.414853 0.761765 0.414853 0.767647 0.413572 0.770588 0.412292 0.770588 0.413572 0.773529 0.412292 0.776471 0.412292 0.779412 0.416133 0.788235 0.414853 0.791176 0.412292 0.791176 0.412292 0.800000 0.413572 0.802941 0.413572 0.805882 0.414853 0.805882 0.416133 0.808824 0.413572 0.814706 0.413572 0.823529 0.414853 0.826471 0.414853 0.832353 0.413572 0.835294 0.412292 0.835294 0.413572 0.838235 0.413572 0.847059 0.414853 0.850000 0.414853 0.861765 0.413572 0.864706 0.413572 0.870588 0.414853 0.873529 0.414853 0.900000 0.416133 0.902941 0.414853 0.905882 0.414853 0.938235 0.416133 0.941176 0.416133 0.988235 0.417414 0.988235 0.419974 0.994118 0.419974 0.997059 0.421255 0.994118 0.422535 0.994118 0.423816 0.991176 0.423816 0.979412 0.422535 0.976471 0.422535 0.967647 0.423816 0.964706 0.422535 0.961765 0.422535 0.941176 0.423816 0.938235 0.425096 0.941176 0.425096 0.944118 0.425096 0.932353 0.423816 0.929412 0.423816 0.911765 0.425096 0.908824 0.423816 0.905882 0.423816 0.900000 0.425096 0.897059 0.425096 0.876471 0.423816 0.876471 0.422535 0.873529 0.422535 0.850000 0.423816 0.847059 0.423816 0.835294 0.419974 0.826471 0.419974 0.823529 0.421255 0.820588 0.421255 0.814706 0.419974 0.811765 0.421255 0.808824 0.421255 0.797059 0.419974 0.794118 0.421255 0.791176 0.421255 0.788235 0.422535 0.785294 0.422535 0.773529 0.423816 0.770588 0.425096 0.773529 0.425096 0.776471 0.426376 0.779412 0.426376 0.791176 0.427657 0.794118 0.427657 0.805882 0.428937 0.808824 0.428937 0.820588 0.430218 0.823529 0.430218 0.835294 0.431498 0.838235 0.431498 0.852941 0.431498 0.832353 0.430218 0.829412 0.431498 0.826471 0.431498 0.823529 0.430218 0.820588 0.430218 0.817647 0.428937 0.814706 0.428937 0.800000 0.427657 0.797059 0.427657 0.782353 0.426376 0.779412 0.426376 0.764706 0.425096 0.761765 0.425096 0.747059 0.423816 0.744118 0.423816 0.729412 0.425096 0.726471 0.425096 0.720588 0.425096 0.726471 0.423816 0.729412 0.422535 0.726471 0.422535 0.708824 0.423816 0.705882 0.423816 0.702941 0.422535 0.700000 0.422535 0.694118 0.423816 0.691176 0.423816 0.661765 0.425096 0.658824 0.425096 0.638235 0.426376 0.635294 0.426376 0.629412 0.425096 0.626471 0.425096 0.623529 0.426376 0.620588 0.425096 0.617647 0.425096 0.614706 0.426376 0.611765 0.426376 0.597059 0.427657 0.594118 0.426376 0.591176 0.426376 0.576471 0.423816 0.570588 0.423816 0.573529 0.425096 0.576471 0.425096 0.582353 0.423816 0.585294 0.425096 0.588235 0.423816 0.591176 0.422535 0.591176 0.425096 0.597059 0.425096 0.614706 0.423816 0.617647 0.421255 0.611765 0.421255 0.605882 0.421255 0.608824 0.419974 0.611765 0.418694 0.611765 0.417414 0.608824 0.417414 0.602941 0.416133 0.602941 0.414853 0.600000 0.414853 0.588235 0.414853 0.605882 0.416133 0.608824 0.416133 0.629412 0.417414 0.632353 0.417414 0.641176 0.416133 0.644118 0.416133 0.655882 0.414853 0.658824 0.413572 0.658824 0.413572 0.664706 0.414853 0.667647 0.414853 0.676471 0.413572 0.679412 0.413572 0.685294 0.412292 0.688235 0.412292 0.691176 0.411012 0.694118 0.408451 0.688235 0.408451 0.685294 0.409731 0.682353 0.409731 0.664706 0.408451 0.661765 0.409731 0.658824 0.409731 0.638235 0.411012 0.635294 0.409731 0.632353 0.409731 0.629412 0.411012 0.626471 0.411012 0.623529 0.409731 0.620588 0.411012 0.617647 0.411012 0.614706 0.409731 0.611765 0.411012 0.608824 0.411012 0.597059 0.409731 0.594118 0.411012 0.591176 0.411012 0.561765 0.412292 0.558824 0.413572 0.561765 0.413572 0.573529 0.413572 0.544118 0.414853 0.541176 0.413572 0.538235 0.413572 0.535294 0.414853 0.532353 0.413572 0.529412 0.413572 0.526471 0.414853 0.523529 0.414853 0.520588 0.413572 0.517647 0.414853 0.514706 0.414853 0.511765 0.413572 0.508824 0.414853 0.505882 0.413572 0.502941 0.413572 0.500000 0.414853 0.497059 0.414853 0.441176 0.413572 0.438235 0.414853 0.435294
1 0.218950 0.347059 0.216389 0.352941 0.216389 0.364706 0.215109 0.367647 0.215109 0.373529 0.216389 0.376471 0.215109 0.379412 0.215109 0.405882 0.216389 0.408824 0.213828 0.414706 0.213828 0.444118 0.215109 0.447059 0.215109 0.479412 0.216389 0.482353 0.215109 0.485294 0.215109 0.535294 0.211268 0.544118 0.213828 0.550000 0.213828 0.552941 0.215109 0.555882 0.215109 0.558824 0.213828 0.561765 0.213828 0.573529 0.215109 0.576471 0.215109 0.608824 0.213828 0.611765 0.213828 0.617647 0.212548 0.620588 0.211268 0.617647 0.211268 0.611765 0.208707 0.605882 0.207426 0.608824 0.207426 0.611765 0.208707 0.614706 0.208707 0.644118 0.209987 0.647059 0.208707 0.650000 0.209987 0.652941 0.209987 0.697059 0.208707 0.700000 0.208707 0.705882 0.209987 0.708824 0.209987 0.720588 0.208707 0.723529 0.209987 0.723529 0.211268 0.720588 0.211268 0.708824 0.212548 0.705882 0.212548 0.700000 0.213828 0.697059 0.213828 0.670588 0.215109 0.667647 0.215109 0.632353 0.216389 0.629412 0.216389 0.611765 0.218950 0.605882 0.218950 0.597059 0.220230 0.594118 0.220230 0.582353 0.221511 0.579412 0.221511 0.570588 0.222791 0.567647 0.222791 0.558824 0.221511 0.558824 0.220230 0.555882 0.221511 0.552941 0.220230 0.550000 0.221511 0.547059 0.221511 0.532353 0.220230 0.529412 0.221511 0.526471 0.221511 0.523529 0.220230 0.520588 0.221511 0.517647 0.221511 0.500000 0.220230 0.497059 0.220230 0.494118 0.221511 0.491176 0.220230 0.488235 0.221511 0.485294 0.221511 0.470588 0.220230 0.467647 0.220230 0.455882 0.221511 0.452941 0.221511 0.444118 0.220230 0.441176 0.220230 0.423529 0.221511 0.420588 0.221511 0.417647 0.220230 0.417647 0.217670 0.411765 0.218950 0.408824 0.218950 0.402941 0.220230 0.400000 0.218950 0.397059 0.218950 0.382353 0.220230 0.379412 0.220230 0.350000
1 0.756722 0.273529 0.755442 0.276471 0.755442 0.282353 0.756722 0.285294 0.756722 0.308824 0.758003 0.311765 0.758003 0.320588 0.759283 0.323529 0.760563 0.323529 0.761844 0.326471 0.761844 0.329412 0.760563 0.332353 0.759283 0.332353 0.760563 0.335294 0.760563 0.341176 0.759283 0.344118 0.759283 0.361765 0.760563 0.364706 0.763124 0.364706 0.765685 0.370588 0.764405 0.373529 0.759283 0.373529 0.758003 0.376471 0.759283 0.376471 0.761844 0.382353 0.759283 0.388235 0.761844 0.394118 0.763124 0.394118 0.764405 0.397059 0.764405 0.402941 0.763124 0.405882 0.763124 0.408824 0.761844 0.411765 0.761844 0.414706 0.763124 0.417647 0.763124 0.423529 0.766965 0.432353 0.766965 0.435294 0.768246 0.438235 0.768246 0.450000 0.769526 0.450000 0.770807 0.452941 0.770807 0.455882 0.769526 0.458824 0.769526 0.476471 0.770807 0.479412 0.770807 0.485294 0.772087 0.488235 0.772087 0.497059 0.773367 0.500000 0.773367 0.502941 0.772087 0.505882 0.772087 0.508824 0.770807 0.511765 0.770807 0.520588 0.772087 0.523529 0.772087 0.529412 0.773367 0.532353 0.773367 0.541176 0.772087 0.544118 0.774648 0.550000 0.774648 0.561765 0.773367 0.564706 0.773367 0.576471 0.774648 0.579412 0.774648 0.582353 0.775928 0.585294 0.775928 0.597059 0.774648 0.600000 0.774648 0.605882 0.773367 0.608824 0.772087 0.605882 0.772087 0.600000 0.766965 0.600000 0.765685 0.597059 0.765685 0.594118 0.766965 0.591176 0.769526 0.591176 0.769526 0.573529 0.770807 0.570588 0.770807 0.564706 0.769526 0.564706 0.765685 0.555882 0.766965 0.552941 0.765685 0.550000 0.765685 0.547059 0.766965 0.544118 0.768246 0.544118 0.763124 0.532353 0.763124 0.520588 0.761844 0.517647 0.761844 0.508824 0.760563 0.505882 0.760563 0.502941 0.759283 0.502941 0.758003 0.500000 0.758003 0.497059 0.756722 0.494118 0.756722 0.491176 0.758003 0.488235 0.756722 0.485294 0.756722 0.482353 0.754161 0.482353 0.752881 0.485294 0.752881 0.488235 0.754161 0.491176 0.754161 0.494118 0.752881 0.497059 0.755442 0.502941 0.755442 0.505882 0.754161 0.508824 0.754161 0.517647 0.755442 0.520588 0.754161 0.523529 0.754161 0.532353 0.755442 0.535294 0.754161 0.538235 0.754161 0.547059 0.755442 0.550000 0.754161 0.552941 0.754161 0.600000 0.752881 0.602941 0.752881 0.608824 0.751601 0.611765 0.751601 0.617647 0.750320 0.620588 0.750320 0.629412 0.749040 0.632353 0.747759 0.629412 0.747759 0.623529 0.746479 0.620588 0.747759 0.617647 0.747759 0.600000 0.746479 0.597059 0.746479 0.594118 0.747759 0.591176 0.747759 0.573529 0.746479 0.570588 0.747759 0.567647 0.746479 0.564706 0.747759 0.561765 0.747759 0.558824 0.746479 0.555882 0.746479 0.535294 0.745198 0.532353 0.746479 0.529412 0.746479 0.526471 0.745198 0.523529 0.745198 0.517647 0.743918 0.514706 0.743918 0.508824 0.742638 0.505882 0.742638 0.508824 0.743918 0.511765 0.743918 0.526471 0.745198 0.529412 0.743918 0.532353 0.743918 0.535294 0.745198 0.538235 0.745198 0.585294 0.743918 0.588235 0.745198 0.591176 0.745198 0.602941 0.746479 0.605882 0.746479 0.608824 0.745198 0.611765 0.745198 0.617647 0.746479 0.620588 0.746479 0.644118 0.747759 0.647059 0.747759 0.652941 0.749040 0.652941 0.749040 0.644118 0.750320 0.641176 0.750320 0.635294 0.751601 0.632353 0.751601 0.629412 0.752881 0.626471 0.752881 0.611765 0.754161 0.608824 0.755442 0.611765 0.755442 0.629412 0.756722 0.632353 0.756722 0.650000 0.758003 0.652941 0.758003 0.670588 0.759283 0.673529 0.759283 0.679412 0.760563 0.682353 0.760563 0.688235 0.760563 0.679412 0.759283 0.676471 0.759283 0.647059 0.760563 0.644118 0.761844 0.644118 0.763124 0.647059 0.761844 0.650000 0.764405 0.655882 0.764405 0.661765 0.765685 0.664706 0.765685 0.667647 0.766965 0.670588 0.766965 0.676471 0.765685 0.679412 0.765685 0.694118 0.766965 0.697059 0.766965 0.711765 0.768246 0.714706 0.766965 0.717647 0.765685 0.717647 0.764405 0.714706 0.763124 0.714706 0.761844 0.711765 0.763124 0.714706 0.764405 0.714706 0.765685 0.717647 0.766965 0.717647 0.768246 0.720588 0.768246 0.723529 0.766965 0.726471 0.768246 0.729412 0.768246 0.735294 0.766965 0.738235 0.766965 0.805882 0.768246 0.808824 0.768246 0.811765 0.769526 0.814706 0.768246 0.817647 0.769526 0.820588 0.766965 0.826471 0.765685 0.826471 0.765685 0.844118 0.766965 0.847059 0.766965 0.864706 0.768246 0.867647 0.766965 0.870588 0.768246 0.873529 0.768246 0.882353 0.769526 0.885294 0.769526 0.900000 0.770807 0.902941 0.770807 0.923529 0.769526 0.926471 0.768246 0.926471 0.766965 0.929412 0.764405 0.929412 0.763124 0.932353 0.761844 0.932353 0.760563 0.935294 0.758003 0.935294 0.756722 0.938235 0.755442 0.938235 0.754161 0.941176 0.751601 0.941176 0.750320 0.944118 0.746479 0.944118 0.743918 0.950000 0.742638 0.950000 0.741357 0.952941 0.738796 0.952941 0.737516 0.955882 0.733675 0.955882 0.732394 0.958824 0.733675 0.958824 0.734955 0.955882 0.738796 0.955882 0.740077 0.952941 0.741357 0.952941 0.742638 0.950000 0.745198 0.950000 0.746479 0.947059 0.747759 0.947059 0.749040 0.944118 0.750320 0.944118 0.751601 0.941176 0.755442 0.941176 0.758003 0.935294 0.761844 0.935294 0.763124 0.932353 0.764405 0.932353 0.765685 0.929412 0.768246 0.929412 0.769526 0.926471 0.772087 0.932353 0.772087 0.941176 0.770807 0.944118 0.770807 0.958824 0.769526 0.961765 0.769526 0.988235 0.770807 0.991176 0.770807 0.997059 0.778489 0.997059 0.778489 0.982353 0.777209 0.979412 0.777209 0.976471 0.778489 0.973529 0.779770 0.973529 0.779770 0.970588 0.782330 0.964706 0.782330 0.961765 0.783611 0.958824 0.783611 0.941176 0.782330 0.938235 0.783611 0.935294 0.783611 0.923529 0.784891 0.920588 0.786172 0.923529 0.786172 0.997059 0.801536 0.997059 0.801536 0.994118 0.802817 0.991176 0.802817 0.982353 0.804097 0.979412 0.804097 0.967647 0.805378 0.964706 0.805378 0.950000 0.806658 0.947059 0.806658 0.920588 0.805378 0.917647 0.805378 0.914706 0.804097 0.911765 0.804097 0.908824 0.802817 0.905882 0.802817 0.902941 0.801536 0.900000 0.801536 0.888235 0.802817 0.885294 0.805378 0.885294 0.806658 0.888235 0.806658 0.864706 0.805378 0.861765 0.805378 0.844118 0.806658 0.841176 0.805378 0.838235 0.805378 0.820588 0.806658 0.817647 0.806658 0.800000 0.805378 0.797059 0.805378 0.788235 0.805378 0.794118 0.804097 0.797059 0.804097 0.802941 0.802817 0.805882 0.802817 0.814706 0.801536 0.817647 0.800256 0.814706 0.800256 0.817647 0.798976 0.820588 0.797695 0.817647 0.797695 0.797059 0.800256 0.791176 0.798976 0.788235 0.798976 0.770588 0.800256 0.767647 0.800256 0.738235 0.801536 0.735294 0.801536 0.723529 0.802817 0.720588 0.802817 0.708824 0.804097 0.705882 0.804097 0.702941 0.805378 0.700000 0.805378 0.694118 0.806658 0.691176 0.806658 0.685294 0.807939 0.682353 0.807939 0.641176 0.806658 0.644118 0.806658 0.650000 0.804097 0.655882 0.802817 0.652941 0.802817 0.644118 0.804097 0.641176 0.804097 0.635294 0.802817 0.632353 0.802817 0.620588 0.804097 0.617647 0.804097 0.608824 0.802817 0.605882 0.805378 0.600000 0.805378 0.597059 0.804097 0.597059 0.802817 0.594118 0.802817 0.576471 0.801536 0.573529 0.802817 0.570588 0.802817 0.555882 0.801536 0.552941 0.801536 0.550000 0.802817 0.547059 0.802817 0.535294 0.801536 0.532353 0.801536 0.529412 0.802817 0.526471 0.802817 0.517647 0.804097 0.514706 0.802817 0.511765 0.802817 0.500000 0.801536 0.497059 0.802817 0.494118 0.802817 0.479412 0.801536 0.476471 0.802817 0.473529 0.802817 0.470588 0.801536 0.467647 0.801536 0.455882 0.800256 0.455882 0.800256 0.458824 0.798976 0.461765 0.798976 0.476471 0.800256 0.479412 0.800256 0.488235 0.798976 0.491176 0.800256 0.494118 0.798976 0.497059 0.800256 0.500000 0.797695 0.505882 0.798976 0.508824 0.798976 0.520588 0.797695 0.523529 0.797695 0.532353 0.798976 0.535294 0.798976 0.541176 0.797695 0.544118 0.795134 0.544118 0.796415 0.547059 0.796415 0.558824 0.797695 0.561765 0.797695 0.573529 0.798976 0.576471 0.798976 0.605882 0.797695 0.608824 0.797695 0.617647 0.798976 0.620588 0.798976 0.644118 0.797695 0.647059 0.797695 0.679412 0.796415 0.682353 0.796415 0.747059 0.795134 0.750000 0.795134 0.761765 0.793854 0.764706 0.792574 0.761765 0.792574 0.758824 0.791293 0.758824 0.790013 0.755882 0.790013 0.735294 0.788732 0.732353 0.790013 0.729412 0.790013 0.726471 0.791293 0.723529 0.791293 0.705882 0.790013 0.702941 0.791293 0.700000 0.791293 0.697059 0.792574 0.694118 0.792574 0.688235 0.791293 0.685294 0.791293 0.679412 0.792574 0.676471 0.793854 0.676471 0.793854 0.673529 0.792574 0.670588 0.792574 0.667647 0.793854 0.664706 0.793854 0.658824 0.795134 0.655882 0.795134 0.638235 0.791293 0.638235 0.788732 0.644118 0.787452 0.644118 0.786172 0.641176 0.786172 0.638235 0.787452 0.635294 0.787452 0.632353 0.786172 0.629412 0.787452 0.626471 0.787452 0.617647 0.788732 0.614706 0.788732 0.602941 0.786172 0.597059 0.786172 0.588235 0.787452 0.585294 0.787452 0.570588 0.786172 0.570588 0.784891 0.567647 0.784891 0.561765 0.783611 0.558824 0.783611 0.555882 0.784891 0.552941 0.784891 0.547059 0.786172 0.544118 0.786172 0.538235 0.784891 0.538235 0.781050 0.529412 0.783611 0.523529 0.783611 0.511765 0.784891 0.508824 0.783611 0.508824 0.781050 0.502941 0.781050 0.500000 0.782330 0.497059 0.782330 0.491176 0.781050 0.488235 0.781050 0.479412 0.779770 0.479412 0.778489 0.476471 0.779770 0.473529 0.779770 0.470588 0.781050 0.467647 0.781050 0.461765 0.779770 0.458824 0.779770 0.432353 0.778489 0.429412 0.778489 0.426471 0.775928 0.420588 0.775928 0.400000 0.774648 0.400000 0.773367 0.397059 0.773367 0.391176 0.775928 0.385294 0.774648 0.382353 0.773367 0.382353 0.772087 0.385294 0.769526 0.385294 0.768246 0.382353 0.768246 0.379412 0.769526 0.376471 0.770807 0.376471 0.769526 0.373529 0.770807 0.370588 0.770807 0.367647 0.772087 0.364706 0.770807 0.364706 0.769526 0.361765 0.772087 0.355882 0.772087 0.352941 0.770807 0.350000 0.768246 0.350000 0.766965 0.347059 0.766965 0.344118 0.768246 0.341176 0.768246 0.338235 0.766965 0.335294 0.766965 0.332353 0.765685 0.329412 0.765685 0.326471 0.766965 0.323529 0.766965 0.320588 0.765685 0.317647 0.765685 0.308824 0.764405 0.305882 0.764405 0.291176 0.763124 0.291176 0.761844 0.288235 0.761844 0.285294 0.760563 0.282353 0.760563 0.279412 0.761844 0.276471 0.760563 0.273529
1 0.633803 0.235294 0.632522 0.238235 0.632522 0.247059 0.633803 0.250000 0.632522 0.252941 0.632522 0.267647 0.633803 0.270588 0.632522 0.273529 0.632522 0.279412 0.633803 0.282353 0.633803 0.285294 0.635083 0.285294 0.636364 0.288235 0.635083 0.291176 0.635083 0.294118 0.633803 0.297059 0.633803 0.305882 0.635083 0.308824 0.635083 0.317647 0.633803 0.320588 0.633803 0.323529 0.635083 0.326471 0.636364 0.326471 0.637644 0.329412 0.635083 0.335294 0.637644 0.341176 0.637644 0.344118 0.636364 0.347059 0.635083 0.347059 0.635083 0.350000 0.636364 0.352941 0.635083 0.355882 0.638924 0.364706 0.637644 0.367647 0.636364 0.367647 0.636364 0.382353 0.637644 0.385294 0.637644 0.391176 0.638924 0.394118 0.638924 0.402941 0.640205 0.405882 0.640205 0.408824 0.642766 0.414706 0.642766 0.417647 0.641485 0.420588 0.641485 0.423529 0.640205 0.426471 0.641485 0.429412 0.641485 0.438235 0.642766 0.441176 0.642766 0.455882 0.644046 0.458824 0.644046 0.461765 0.645327 0.464706 0.642766 0.470588 0.642766 0.482353 0.644046 0.485294 0.644046 0.494118 0.645327 0.497059 0.645327 0.511765 0.646607 0.514706 0.646607 0.517647 0.645327 0.520588 0.645327 0.526471 0.646607 0.529412 0.646607 0.564706 0.644046 0.570588 0.642766 0.570588 0.642766 0.573529 0.644046 0.576471 0.644046 0.579412 0.645327 0.582353 0.645327 0.585294 0.647887 0.591176 0.647887 0.602941 0.646607 0.605882 0.646607 0.608824 0.647887 0.611765 0.647887 0.614706 0.645327 0.620588 0.644046 0.617647 0.644046 0.614706 0.644046 0.620588 0.645327 0.620588 0.649168 0.629412 0.649168 0.635294 0.646607 0.641176 0.646607 0.647059 0.645327 0.650000 0.646607 0.652941 0.646607 0.655882 0.645327 0.658824 0.644046 0.655882 0.642766 0.655882 0.642766 0.661765 0.642766 0.658824 0.644046 0.655882 0.645327 0.658824 0.645327 0.664706 0.645327 0.661765 0.646607 0.658824 0.647887 0.658824 0.649168 0.655882 0.651729 0.655882 0.653009 0.658824 0.653009 0.664706 0.651729 0.667647 0.651729 0.670588 0.650448 0.673529 0.650448 0.676471 0.651729 0.679412 0.651729 0.685294 0.654289 0.691176 0.654289 0.708824 0.653009 0.711765 0.651729 0.711765 0.649168 0.705882 0.649168 0.697059 0.647887 0.694118 0.647887 0.691176 0.646607 0.691176 0.644046 0.685294 0.644046 0.682353 0.641485 0.676471 0.641485 0.673529 0.640205 0.670588 0.640205 0.664706 0.638924 0.664706 0.637644 0.661765 0.637644 0.658824 0.636364 0.655882 0.636364 0.658824 0.637644 0.661765 0.635083 0.667647 0.635083 0.670588 0.633803 0.673529 0.632522 0.670588 0.631242 0.670588 0.628681 0.664706 0.627401 0.664706 0.626120 0.661765 0.626120 0.658824 0.624840 0.655882 0.626120 0.652941 0.627401 0.652941 0.627401 0.650000 0.628681 0.647059 0.629962 0.647059 0.631242 0.650000 0.629962 0.647059 0.631242 0.644118 0.633803 0.644118 0.633803 0.641176 0.632522 0.641176 0.631242 0.644118 0.628681 0.638235 0.629962 0.635294 0.624840 0.623529 0.624840 0.626471 0.623560 0.629412 0.624840 0.632353 0.624840 0.635294 0.626120 0.638235 0.626120 0.641176 0.624840 0.644118 0.624840 0.647059 0.623560 0.650000 0.623560 0.652941 0.622279 0.655882 0.620999 0.655882 0.618438 0.650000 0.617157 0.650000 0.615877 0.647059 0.615877 0.644118 0.613316 0.644118 0.612036 0.641176 0.612036 0.638235 0.613316 0.635294 0.612036 0.632353 0.614597 0.626471 0.613316 0.626471 0.612036 0.629412 0.612036 0.632353 0.609475 0.638235 0.608195 0.638235 0.606914 0.635294 0.606914 0.614706 0.605634 0.611765 0.605634 0.605882 0.604353 0.602941 0.604353 0.597059 0.605634 0.594118 0.605634 0.564706 0.604353 0.561765 0.604353 0.529412 0.603073 0.526471 0.603073 0.497059 0.604353 0.494118 0.604353 0.485294 0.603073 0.482353 0.605634 0.476471 0.604353 0.473529 0.605634 0.470588 0.604353 0.470588 0.603073 0.467647 0.604353 0.464706 0.604353 0.452941 0.603073 0.450000 0.604353 0.447059 0.604353 0.429412 0.604353 0.432353 0.603073 0.435294 0.603073 0.447059 0.601793 0.450000 0.603073 0.452941 0.601793 0.455882 0.601793 0.458824 0.600512 0.461765 0.601793 0.464706 0.601793 0.470588 0.603073 0.473529 0.601793 0.476471 0.600512 0.476471 0.601793 0.479412 0.600512 0.482353 0.600512 0.488235 0.601793 0.491176 0.600512 0.494118 0.600512 0.511765 0.601793 0.514706 0.600512 0.517647 0.600512 0.520588 0.601793 0.523529 0.600512 0.526471 0.600512 0.532353 0.601793 0.535294 0.601793 0.538235 0.600512 0.541176 0.600512 0.544118 0.601793 0.547059 0.601793 0.550000 0.600512 0.552941 0.600512 0.555882 0.601793 0.558824 0.601793 0.573529 0.603073 0.576471 0.603073 0.579412 0.601793 0.582353 0.600512 0.579412 0.600512 0.588235 0.601793 0.591176 0.601793 0.600000 0.603073 0.602941 0.601793 0.605882 0.603073 0.608824 0.603073 0.611765 0.604353 0.614706 0.604353 0.626471 0.605634 0.629412 0.605634 0.632353 0.604353 0.635294 0.603073 0.632353 0.601793 0.632353 0.600512 0.629412 0.600512 0.623529 0.599232 0.620588 0.599232 0.611765 0.597951 0.608824 0.597951 0.600000 0.596671 0.597059 0.596671 0.594118 0.595391 0.591176 0.596671 0.588235 0.596671 0.585294 0.595391 0.582353 0.595391 0.576471 0.594110 0.573529 0.594110 0.570588 0.592830 0.570588 0.592830 0.579412 0.594110 0.582353 0.594110 0.611765 0.595391 0.614706 0.595391 0.623529 0.594110 0.626471 0.592830 0.623529 0.592830 0.620588 0.591549 0.623529 0.592830 0.626471 0.592830 0.635294 0.594110 0.638235 0.594110 0.641176 0.595391 0.644118 0.595391 0.650000 0.594110 0.652941 0.591549 0.652941 0.591549 0.658824 0.592830 0.655882 0.595391 0.655882 0.596671 0.652941 0.597951 0.652941 0.599232 0.650000 0.600512 0.650000 0.603073 0.655882 0.601793 0.658824 0.601793 0.661765 0.600512 0.664706 0.599232 0.664706 0.597951 0.667647 0.596671 0.664706 0.599232 0.670588 0.597951 0.673529 0.600512 0.679412 0.600512 0.682353 0.601793 0.685294 0.601793 0.688235 0.603073 0.685294 0.604353 0.688235 0.605634 0.688235 0.606914 0.691176 0.605634 0.694118 0.605634 0.697059 0.604353 0.700000 0.603073 0.697059 0.604353 0.700000 0.604353 0.711765 0.603073 0.714706 0.601793 0.714706 0.600512 0.711765 0.597951 0.711765 0.596671 0.708824 0.592830 0.708824 0.591549 0.705882 0.588988 0.705882 0.591549 0.705882 0.592830 0.708824 0.595391 0.708824 0.596671 0.711765 0.595391 0.714706 0.594110 0.714706 0.592830 0.717647 0.590269 0.717647 0.588988 0.720588 0.587708 0.720588 0.588988 0.720588 0.590269 0.717647 0.592830 0.717647 0.594110 0.714706 0.596671 0.714706 0.597951 0.711765 0.599232 0.714706 0.601793 0.714706 0.603073 0.717647 0.605634 0.717647 0.609475 0.726471 0.609475 0.755882 0.608195 0.758824 0.608195 0.788235 0.609475 0.791176 0.609475 0.800000 0.609475 0.776471 0.610755 0.773529 0.610755 0.770588 0.612036 0.767647 0.613316 0.767647 0.614597 0.770588 0.614597 0.773529 0.614597 0.770588 0.615877 0.767647 0.617157 0.767647 0.618438 0.770588 0.619718 0.770588 0.620999 0.767647 0.619718 0.764706 0.618438 0.767647 0.610755 0.767647 0.609475 0.764706 0.610755 0.761765 0.612036 0.761765 0.612036 0.758824 0.610755 0.755882 0.610755 0.750000 0.612036 0.747059 0.613316 0.750000 0.612036 0.747059 0.610755 0.747059 0.609475 0.744118 0.609475 0.738235 0.610755 0.735294 0.609475 0.732353 0.609475 0.726471 0.610755 0.723529 0.612036 0.723529 0.613316 0.726471 0.614597 0.726471 0.615877 0.729412 0.615877 0.732353 0.620999 0.732353 0.622279 0.735294 0.623560 0.735294 0.624840 0.738235 0.623560 0.741176 0.624840 0.738235 0.628681 0.747059 0.629962 0.744118 0.631242 0.744118 0.632522 0.747059 0.633803 0.747059 0.635083 0.750000 0.636364 0.750000 0.637644 0.752941 0.638924 0.752941 0.641485 0.758824 0.642766 0.758824 0.644046 0.761765 0.645327 0.761765 0.646607 0.764706 0.647887 0.764706 0.649168 0.767647 0.649168 0.788235 0.653009 0.797059 0.653009 0.800000 0.654289 0.802941 0.654289 0.805882 0.655570 0.808824 0.655570 0.811765 0.659411 0.820588 0.659411 0.823529 0.659411 0.814706 0.660691 0.811765 0.660691 0.738235 0.661972 0.735294 0.663252 0.735294 0.664533 0.732353 0.665813 0.732353 0.667093 0.729412 0.669654 0.729412 0.670935 0.732353 0.669654 0.735294 0.670935 0.735294 0.672215 0.738235 0.672215 0.744118 0.673496 0.747059 0.673496 0.750000 0.672215 0.752941 0.672215 0.755882 0.670935 0.758824 0.665813 0.758824 0.669654 0.758824 0.670935 0.761765 0.670935 0.764706 0.669654 0.767647 0.669654 0.770588 0.670935 0.770588 0.673496 0.776471 0.670935 0.782353 0.668374 0.782353 0.670935 0.782353 0.672215 0.785294 0.672215 0.791176 0.672215 0.785294 0.673496 0.782353 0.673496 0.779412 0.674776 0.776471 0.676056 0.776471 0.677337 0.779412 0.677337 0.785294 0.678617 0.785294 0.679898 0.788235 0.678617 0.785294 0.678617 0.779412 0.679898 0.776471 0.681178 0.779412 0.682458 0.779412 0.681178 0.776471 0.682458 0.773529 0.683739 0.773529 0.685019 0.770588 0.686300 0.770588 0.687580 0.773529 0.687580 0.776471 0.688860 0.779412 0.687580 0.782353 0.688860 0.779412 0.690141 0.782353 0.690141 0.779412 0.691421 0.776471 0.692702 0.776471 0.693982 0.779412 0.693982 0.782353 0.691421 0.788235 0.692702 0.791176 0.695262 0.785294 0.696543 0.785294 0.697823 0.782353 0.699104 0.782353 0.700384 0.785294 0.700384 0.797059 0.699104 0.800000 0.697823 0.800000 0.699104 0.802941 0.699104 0.805882 0.697823 0.808824 0.696543 0.805882 0.695262 0.808824 0.692702 0.802941 0.695262 0.808824 0.693982 0.811765 0.695262 0.814706 0.693982 0.817647 0.695262 0.820588 0.692702 0.826471 0.691421 0.823529 0.690141 0.823529 0.687580 0.817647 0.686300 0.817647 0.685019 0.814706 0.683739 0.814706 0.682458 0.811765 0.681178 0.811765 0.683739 0.817647 0.685019 0.817647 0.687580 0.823529 0.688860 0.823529 0.691421 0.829412 0.692702 0.829412 0.695262 0.835294 0.695262 0.844118 0.693982 0.847059 0.693982 0.850000 0.692702 0.852941 0.693982 0.855882 0.692702 0.858824 0.692702 0.867647 0.691421 0.870588 0.691421 0.876471 0.690141 0.879412 0.690141 0.882353 0.688860 0.885294 0.688860 0.894118 0.687580 0.897059 0.685019 0.891176 0.685019 0.885294 0.683739 0.888235 0.685019 0.891176 0.685019 0.897059 0.686300 0.897059 0.687580 0.900000 0.687580 0.897059 0.688860 0.894118 0.688860 0.891176 0.690141 0.888235 0.690141 0.879412 0.691421 0.876471 0.691421 0.873529 0.693982 0.867647 0.695262 0.870588 0.699104 0.870588 0.700384 0.873529 0.700384 0.876471 0.699104 0.879412 0.695262 0.879412 0.696543 0.879412 0.697823 0.882353 0.699104 0.882353 0.700384 0.885294 0.700384 0.879412 0.702945 0.873529 0.702945 0.870588 0.704225 0.867647 0.704225 0.864706 0.705506 0.861765 0.708067 0.861765 0.713188 0.873529 0.714469 0.873529 0.715749 0.876471 0.718310 0.876471 0.720871 0.882353 0.720871 0.888235 0.722151 0.888235 0.723431 0.891176 0.725992 0.891176 0.727273 0.888235 0.728553 0.888235 0.729834 0.885294 0.723431 0.885294 0.722151 0.882353 0.723431 0.879412 0.724712 0.879412 0.723431 0.879412 0.722151 0.876471 0.724712 0.870588 0.729834 0.870588 0.728553 0.867647 0.727273 0.867647 0.724712 0.861765 0.727273 0.855882 0.728553 0.855882 0.727273 0.852941 0.728553 0.850000 0.731114 0.850000 0.732394 0.847059 0.733675 0.850000 0.732394 0.847059 0.733675 0.844118 0.732394 0.841176 0.732394 0.829412 0.732394 0.832353 0.729834 0.838235 0.728553 0.838235 0.727273 0.835294 0.727273 0.832353 0.725992 0.829412 0.724712 0.832353 0.722151 0.826471 0.722151 0.814706 0.723431 0.811765 0.720871 0.811765 0.719590 0.808824 0.719590 0.805882 0.720871 0.802941 0.720871 0.800000 0.718310 0.794118 0.719590 0.791176 0.719590 0.788235 0.715749 0.788235 0.714469 0.785294 0.714469 0.782353 0.713188 0.779412 0.713188 0.776471 0.711908 0.776471 0.710627 0.773529 0.710627 0.770588 0.708067 0.776471 0.706786 0.773529 0.706786 0.770588 0.705506 0.770588 0.704225 0.767647 0.706786 0.761765 0.708067 0.761765 0.711908 0.752941 0.714469 0.752941 0.713188 0.752941 0.711908 0.750000 0.713188 0.747059 0.711908 0.747059 0.709347 0.741176 0.710627 0.738235 0.714469 0.738235 0.710627 0.738235 0.709347 0.735294 0.709347 0.732353 0.710627 0.729412 0.711908 0.729412 0.710627 0.729412 0.709347 0.726471 0.709347 0.723529 0.710627 0.720588 0.713188 0.720588 0.711908 0.720588 0.710627 0.717647 0.711908 0.714706 0.710627 0.711765 0.710627 0.708824 0.709347 0.705882 0.708067 0.708824 0.704225 0.708824 0.702945 0.705882 0.702945 0.708824 0.704225 0.711765 0.704225 0.720588 0.702945 0.723529 0.699104 0.723529 0.697823 0.720588 0.702945 0.732353 0.701665 0.735294 0.700384 0.735294 0.699104 0.738235 0.696543 0.738235 0.699104 0.744118 0.700384 0.744118 0.702945 0.750000 0.701665 0.752941 0.696543 0.752941 0.693982 0.758824 0.692702 0.755882 0.692702 0.750000 0.691421 0.752941 0.690141 0.750000 0.688860 0.752941 0.687580 0.750000 0.687580 0.741176 0.685019 0.747059 0.683739 0.747059 0.682458 0.744118 0.683739 0.741176 0.682458 0.741176 0.681178 0.738235 0.682458 0.735294 0.683739 0.735294 0.682458 0.735294 0.681178 0.732353 0.679898 0.732353 0.678617 0.729412 0.679898 0.726471 0.676056 0.726471 0.674776 0.723529 0.676056 0.720588 0.677337 0.720588 0.678617 0.717647 0.679898 0.717647 0.681178 0.714706 0.683739 0.714706 0.685019 0.711765 0.687580 0.711765 0.687580 0.708824 0.686300 0.708824 0.685019 0.711765 0.682458 0.711765 0.681178 0.714706 0.679898 0.714706 0.678617 0.717647 0.677337 0.717647 0.676056 0.714706 0.674776 0.714706 0.674776 0.717647 0.673496 0.720588 0.669654 0.711765 0.668374 0.714706 0.667093 0.714706 0.665813 0.717647 0.664533 0.717647 0.663252 0.720588 0.661972 0.720588 0.660691 0.717647 0.660691 0.708824 0.663252 0.702941 0.663252 0.700000 0.664533 0.697059 0.663252 0.694118 0.664533 0.691176 0.663252 0.694118 0.660691 0.688235 0.660691 0.638235 0.661972 0.635294 0.661972 0.617647 0.663252 0.614706 0.663252 0.597059 0.659411 0.597059 0.658131 0.594118 0.658131 0.585294 0.656850 0.582353 0.656850 0.573529 0.658131 0.570588 0.658131 0.567647 0.656850 0.564706 0.656850 0.552941 0.655570 0.550000 0.655570 0.541176 0.656850 0.538235 0.656850 0.532353 0.655570 0.529412 0.655570 0.497059 0.653009 0.491176 0.653009 0.485294 0.654289 0.482353 0.654289 0.473529 0.653009 0.470588 0.653009 0.444118 0.651729 0.441176 0.650448 0.441176 0.649168 0.438235 0.650448 0.435294 0.650448 0.397059 0.649168 0.394118 0.649168 0.391176 0.647887 0.388235 0.647887 0.364706 0.646607 0.361765 0.646607 0.352941 0.647887 0.350000 0.646607 0.350000 0.645327 0.347059 0.644046 0.347059 0.641485 0.341176 0.641485 0.338235 0.644046 0.332353 0.644046 0.329412 0.642766 0.326471 0.642766 0.323529 0.644046 0.320588 0.644046 0.317647 0.642766 0.317647 0.640205 0.311765 0.640205 0.308824 0.641485 0.305882 0.641485 0.302941 0.640205 0.300000 0.641485 0.297059 0.640205 0.294118 0.640205 0.291176 0.641485 0.288235 0.641485 0.276471 0.640205 0.273529 0.640205 0.267647 0.641485 0.264706 0.640205 0.261765 0.640205 0.252941 0.638924 0.250000 0.638924 0.247059 0.637644 0.244118 0.637644 0.238235 0.636364 0.235294
2 0.781050 0.973529 0.779770 0.976471 0.778489 0.976471 0.779770 0.979412 0.779770 0.982353 0.781050 0.985294 0.781050 0.988235 0.779770 0.991176 0.779770 0.997059 0.781050 0.997059 0.782330 0.994118 0.782330 0.985294 0.781050 0.982353
2 0.715749 0.973529 0.715749 0.982353 0.714469 0.985294 0.714469 0.997059 0.715749 0.997059 0.715749 0.994118 0.717029 0.991176 0.717029 0.985294 0.718310 0.982353 0.719590 0.985294 0.720871 0.982353 0.722151 0.982353 0.722151 0.979412 0.720871 0.982353 0.718310 0.976471 0.718310 0.973529
2 0.124200 0.967647 0.130602 0.982353 0.130602 0.985294 0.134443 0.994118 0.133163 0.997059 0.130602 0.997059 0.133163 0.997059 0.134443 0.994118 0.135723 0.997059 0.140845 0.997059 0.139565 0.994118 0.138284 0.994118 0.137004 0.991176 0.137004 0.988235 0.134443 0.988235 0.131882 0.982353 0.130602 0.982353
2 0.734955 0.958824 0.733675 0.961765 0.732394 0.961765 0.732394 0.967647 0.733675 0.970588 0.733675 0.997059 0.736236 0.997059 0.736236 0.991176 0.737516 0.988235 0.736236 0.985294 0.736236 0.988235 0.734955 0.991176 0.733675 0.988235 0.733675 0.979412 0.734955 0.976471 0.736236 0.976471 0.734955 0.973529 0.734955 0.970588 0.736236 0.967647 0.736236 0.958824
2 0.615877 0.908824 0.614597 0.911765 0.614597 0.991176 0.615877 0.994118 0.614597 0.997059 0.618438 0.997059 0.618438 0.988235 0.617157 0.985294 0.617157 0.982353 0.615877 0.985294 0.614597 0.982353 0.614597 0.979412 0.615877 0.976471 0.615877 0.958824 0.617157 0.955882 0.619718 0.961765 0.619718 0.967647 0.620999 0.970588 0.619718 0.973529 0.620999 0.976471 0.620999 0.979412 0.620999 0.961765 0.619718 0.958824 0.619718 0.950000 0.618438 0.947059 0.618438 0.944118 0.617157 0.941176 0.618438 0.938235 0.619718 0.938235 0.619718 0.929412 0.618438 0.926471 0.619718 0.923529 0.619718 0.920588 0.618438 0.917647 0.618438 0.911765 0.617157 0.911765
2 0.795134 0.905882 0.795134 0.932353 0.793854 0.935294 0.792574 0.932353 0.792574 0.923529 0.791293 0.920588 0.791293 0.917647 0.791293 0.944118 0.792574 0.947059 0.792574 0.970588 0.792574 0.964706 0.793854 0.961765 0.793854 0.952941 0.795134 0.950000 0.795134 0.938235 0.796415 0.935294 0.796415 0.920588 0.797695 0.917647 0.796415 0.914706 0.797695 0.911765 0.797695 0.905882 0.797695 0.911765 0.796415 0.914706 0.795134 0.911765
2 0.727273 0.891176 0.725992 0.894118 0.724712 0.894118 0.724712 0.911765 0.725992 0.914706 0.725992 0.920588 0.724712 0.923529 0.724712 0.932353 0.725992 0.935294 0.725992 0.938235 0.727273 0.941176 0.727273 0.947059 0.728553 0.950000 0.728553 0.970588 0.727273 0.973529 0.725992 0.970588 0.725992 0.967647 0.724712 0.967647 0.724712 0.994118 0.723431 0.997059 0.722151 0.997059 0.727273 0.997059 0.727273 0.982353 0.728553 0.979412 0.728553 0.891176
2 0.166453 0.891176 0.166453 0.894118 0.167734 0.897059 0.167734 0.902941 0.166453 0.905882 0.167734 0.908824 0.167734 0.917647 0.169014 0.920588 0.167734 0.923529 0.167734 0.935294 0.166453 0.938235 0.163892 0.932353 0.163892 0.938235 0.165173 0.938235 0.166453 0.941176 0.166453 0.947059 0.165173 0.950000 0.166453 0.947059 0.167734 0.950000 0.167734 0.955882 0.169014 0.958824 0.167734 0.961765 0.167734 0.964706 0.169014 0.967647 0.169014 0.982353 0.169014 0.952941 0.170294 0.950000 0.171575 0.952941 0.171575 0.967647 0.172855 0.970588 0.172855 0.976471 0.174136 0.979412 0.174136 0.997059 0.175416 0.997059 0.175416 0.988235 0.174136 0.985294 0.174136 0.973529 0.172855 0.970588 0.172855 0.958824 0.171575 0.955882 0.171575 0.944118 0.170294 0.941176 0.170294 0.929412 0.169014 0.926471 0.169014 0.911765 0.167734 0.908824 0.167734 0.897059 0.166453 0.894118
2 0.637644 0.879412 0.637644 0.902941 0.635083 0.908824 0.633803 0.905882 0.633803 0.900000 0.633803 0.905882 0.635083 0.908824 0.635083 0.920588 0.636364 0.923529 0.636364 0.958824 0.635083 0.961765 0.633803 0.958824 0.633803 0.955882 0.632522 0.955882 0.631242 0.952941 0.632522 0.950000 0.631242 0.947059 0.632522 0.944118 0.631242 0.941176 0.631242 0.932353 0.628681 0.926471 0.628681 0.929412 0.627401 0.932353 0.627401 0.935294 0.626120 0.938235 0.626120 0.941176 0.624840 0.944118 0.623560 0.941176 0.623560 0.932353 0.626120 0.926471 0.626120 0.923529 0.624840 0.920588 0.623560 0.920588 0.622279 0.917647 0.622279 0.950000 0.623560 0.952941 0.623560 0.958824 0.624840 0.961765 0.624840 0.967647 0.626120 0.970588 0.626120 0.982353 0.624840 0.985294 0.622279 0.985294 0.622279 0.991176 0.622279 0.988235 0.623560 0.985294 0.624840 0.988235 0.624840 0.997059 0.624840 0.985294 0.626120 0.982353 0.627401 0.985294 0.627401 0.997059 0.631242 0.997059 0.631242 0.988235 0.632522 0.985294 0.633803 0.988235 0.633803 0.991176 0.635083 0.994118 0.635083 0.997059 0.636364 0.997059 0.636364 0.952941 0.637644 0.950000 0.638924 0.950000 0.638924 0.947059 0.640205 0.944118 0.641485 0.947059 0.641485 0.958824 0.640205 0.961765 0.640205 0.970588 0.641485 0.973529 0.641485 0.985294 0.642766 0.988235 0.642766 0.997059 0.656850 0.997059 0.654289 0.991176 0.654289 0.988235 0.653009 0.985294 0.653009 0.964706 0.651729 0.961765 0.650448 0.961765 0.649168 0.958824 0.647887 0.958824 0.644046 0.950000 0.642766 0.950000 0.640205 0.944118 0.638924 0.944118 0.636364 0.938235 0.636364 0.932353 0.637644 0.929412 0.640205 0.935294 0.641485 0.935294 0.642766 0.938235 0.644046 0.935294 0.645327 0.938235 0.645327 0.941176 0.646607 0.944118 0.646607 0.920588 0.647887 0.917647 0.649168 0.920588 0.650448 0.920588 0.649168 0.917647 0.649168 0.911765 0.647887 0.908824 0.647887 0.905882 0.650448 0.900000 0.649168 0.897059 0.647887 0.897059 0.646607 0.894118 0.646607 0.891176 0.647887 0.888235 0.646607 0.885294 0.646607 0.882353 0.646607 0.888235 0.645327 0.891176 0.644046 0.888235 0.642766 0.891176 0.644046 0.894118 0.642766 0.897059 0.641485 0.897059 0.640205 0.894118 0.638924 0.894118 0.637644 0.891176
2 0.615877 0.861765 0.615877 0.897059 0.617157 0.900000 0.618438 0.900000 0.618438 0.897059 0.619718 0.894118 0.619718 0.888235 0.620999 0.885294 0.622279 0.888235 0.622279 0.902941 0.623560 0.900000 0.624840 0.900000 0.627401 0.894118 0.627401 0.888235 0.626120 0.885294 0.624840 0.885294 0.623560 0.882353 0.623560 0.885294 0.622279 0.888235 0.620999 0.885294 0.620999 0.879412 0.623560 0.873529 0.624840 0.876471 0.627401 0.876471 0.627401 0.867647 0.624840 0.873529 0.623560 0.873529 0.622279 0.870588 0.622279 0.864706 0.620999 0.864706 0.619718 0.861765
2 0.782330 0.852941 0.782330 0.855882 0.781050 0.858824 0.781050 0.861765 0.779770 0.864706 0.779770 0.870588 0.778489 0.873529 0.778489 0.879412 0.779770 0.882353 0.782330 0.876471
2 0.701665 0.800000 0.701665 0.805882 0.700384 0.808824 0.700384 0.823529 0.697823 0.829412 0.701665 0.838235 0.701665 0.841176 0.700384 0.844118 0.699104 0.841176 0.697823 0.841176 0.696543 0.844118 0.696543 0.847059 0.695262 0.850000 0.696543 0.850000 0.696543 0.847059 0.697823 0.844118 0.699104 0.847059 0.699104 0.850000 0.700384 0.847059 0.701665 0.847059 0.702945 0.850000 0.701665 0.852941 0.702945 0.855882 0.700384 0.861765 0.700384 0.867647 0.700384 0.864706 0.701665 0.861765 0.702945 0.861765 0.702945 0.858824 0.704225 0.855882 0.705506 0.858824 0.706786 0.858824 0.706786 0.855882 0.705506 0.852941 0.706786 0.850000 0.705506 0.847059 0.706786 0.844118 0.708067 0.844118 0.709347 0.847059 0.708067 0.844118 0.709347 0.841176 0.710627 0.841176 0.710627 0.832353 0.711908 0.829412 0.711908 0.826471 0.713188 0.823529 0.713188 0.808824 0.710627 0.802941 0.711908 0.800000 0.710627 0.802941 0.709347 0.802941 0.708067 0.800000 0.708067 0.802941 0.706786 0.805882 0.705506 0.805882 0.704225 0.802941 0.704225 0.800000
2 0.889885 0.785294 0.888604 0.788235 0.888604 0.794118 0.889885 0.797059 0.889885 0.808824 0.889885 0.805882 0.891165 0.802941 0.892446 0.805882 0.892446 0.811765 0.891165 0.814706 0.891165 0.817647 0.892446 0.820588 0.892446 0.826471 0.893726 0.826471 0.893726 0.823529 0.895006 0.820588 0.896287 0.823529 0.896287 0.832353 0.895006 0.835294 0.895006 0.841176 0.896287 0.844118 0.896287 0.847059 0.896287 0.802941 0.895006 0.800000 0.893726 0.802941 0.892446 0.800000 0.892446 0.797059 0.893726 0.794118 0.893726 0.791176 0.891165 0.785294
2 0.423816 0.773529 0.423816 0.788235 0.422535 0.791176 0.422535 0.808824 0.421255 0.811765 0.422535 0.814706 0.422535 0.820588 0.421255 0.823529 0.421255 0.826471 0.423816 0.832353 0.425096 0.832353 0.426376 0.835294 0.425096 0.838235 0.425096 0.847059 0.423816 0.850000 0.423816 0.861765 0.423816 0.858824 0.425096 0.855882 0.426376 0.858824 0.426376 0.870588 0.425096 0.873529 0.423816 0.870588 0.423816 0.867647 0.423816 0.873529 0.425096 0.873529 0.426376 0.876471 0.426376 0.882353 0.427657 0.885294 0.427657 0.888235 0.426376 0.891176 0.427657 0.888235 0.427657 0.864706 0.428937 0.861765 0.428937 0.847059 0.430218 0.844118 0.430218 0.838235 0.428937 0.835294 0.428937 0.823529 0.426376 0.817647 0.426376 0.794118 0.425096 0.791176 0.425096 0.779412 0.423816 0.776471
2 0.790013 0.761765 0.791293 0.764706 0.791293 0.770588 0.790013 0.773529 0.791293 0.776471 0.790013 0.779412 0.788732 0.779412 0.788732 0.782353 0.791293 0.782353 0.792574 0.785294 0.792574 0.800000 0.791293 0.802941 0.791293 0.805882 0.791293 0.802941 0.792574 0.800000 0.792574 0.785294 0.793854 0.782353 0.793854 0.767647 0.792574 0.767647 0.791293 0.764706 0.791293 0.761765
2 0.667093 0.732353 0.667093 0.741176 0.665813 0.744118 0.664533 0.741176 0.664533 0.735294 0.663252 0.738235 0.661972 0.738235 0.663252 0.741176 0.664533 0.741176 0.665813 0.744118 0.665813 0.755882 0.670935 0.755882 0.670935 0.750000 0.672215 0.747059 0.670935 0.750000 0.669654 0.747059 0.669654 0.741176 0.670935 0.738235 0.669654 0.738235 0.668374 0.741176 0.667093 0.738235
2 0.145967 0.729412 0.145967 0.744118 0.148528 0.750000 0.147247 0.752941 0.145967 0.752941 0.145967 0.758824 0.144686 0.761765 0.139565 0.750000 0.138284 0.750000 0.137004 0.747059 0.135723 0.747059 0.131882 0.738235 0.139565 0.755882 0.139565 0.761765 0.140845 0.764706 0.139565 0.767647 0.140845 0.770588 0.142125 0.767647 0.143406 0.767647 0.144686 0.764706 0.145967 0.764706 0.145967 0.755882 0.147247 0.752941 0.148528 0.752941 0.149808 0.750000 0.151088 0.750000 0.152369 0.752941 0.151088 0.755882 0.151088 0.761765 0.152369 0.764706 0.152369 0.770588 0.152369 0.761765 0.151088 0.758824 0.151088 0.755882 0.152369 0.752941 0.154930 0.758824 0.154930 0.767647 0.154930 0.758824 0.153649 0.755882 0.153649 0.750000 0.152369 0.747059 0.152369 0.744118 0.153649 0.741176 0.154930 0.744118 0.153649 0.741176 0.152369 0.741176 0.149808 0.747059 0.147247 0.747059 0.145967 0.744118 0.145967 0.738235 0.147247 0.735294 0.148528 0.738235 0.148528 0.741176 0.148528 0.735294
2 0.685019 0.714706 0.683739 0.717647 0.681178 0.717647 0.679898 0.720588 0.678617 0.720588 0.677337 0.723529 0.676056 0.723529 0.679898 0.723529 0.681178 0.726471 0.679898 0.729412 0.681178 0.729412 0.682458 0.732353 0.683739 0.732353 0.685019 0.735294 0.683739 0.738235 0.682458 0.738235 0.683739 0.738235 0.685019 0.741176 0.683739 0.744118 0.685019 0.744118 0.686300 0.741176 0.685019 0.738235 0.686300 0.735294 0.685019 0.732353 0.685019 0.723529 0.686300 0.720588 0.686300 0.714706
2 0.795134 0.691176 0.795134 0.694118 0.793854 0.697059 0.792574 0.697059 0.792574 0.700000 0.791293 0.702941 0.792574 0.705882 0.792574 0.723529 0.791293 0.726471 0.792574 0.729412 0.791293 0.732353 0.790013 0.732353 0.791293 0.735294 0.791293 0.755882 0.792574 0.755882 0.793854 0.758824 0.793854 0.761765 0.793854 0.750000 0.795134 0.747059
2 0.919334 0.679412 0.919334 0.682353 0.918054 0.685294 0.914213 0.685294 0.914213 0.688235 0.912932 0.691176 0.911652 0.688235 0.910371 0.688235 0.909091 0.685294 0.909091 0.691176 0.910371 0.694118 0.910371 0.697059 0.911652 0.700000 0.910371 0.702941 0.909091 0.702941 0.907810 0.700000 0.907810 0.697059 0.905250 0.697059 0.903969 0.700000 0.901408 0.700000 0.902689 0.702941 0.902689 0.714706 0.900128 0.720588 0.900128 0.732353 0.898848 0.735294 0.898848 0.744118 0.900128 0.747059 0.900128 0.750000 0.898848 0.752941 0.898848 0.755882 0.900128 0.758824 0.900128 0.761765 0.898848 0.764706 0.898848 0.773529 0.897567 0.776471 0.897567 0.785294 0.898848 0.788235 0.898848 0.800000 0.900128 0.802941 0.900128 0.820588 0.898848 0.823529 0.900128 0.820588 0.901408 0.823529 0.901408 0.835294 0.903969 0.841176 0.902689 0.838235 0.905250 0.832353 0.905250 0.829412 0.909091 0.820588 0.909091 0.817647 0.910371 0.814706 0.911652 0.817647 0.911652 0.823529 0.910371 0.826471 0.910371 0.829412 0.909091 0.832353 0.909091 0.835294 0.907810 0.838235 0.907810 0.844118 0.906530 0.847059 0.907810 0.850000 0.907810 0.855882 0.909091 0.858824 0.907810 0.861765 0.907810 0.864706 0.905250 0.870588 0.905250 0.879412 0.905250 0.876471 0.906530 0.873529 0.906530 0.870588 0.907810 0.867647 0.909091 0.870588 0.909091 0.888235 0.907810 0.891176 0.906530 0.888235 0.906530 0.894118 0.907810 0.897059 0.907810 0.905882 0.906530 0.908824 0.905250 0.905882 0.905250 0.902941 0.905250 0.917647 0.906530 0.920588 0.906530 0.991176 0.905250 0.994118 0.903969 0.994118 0.902689 0.991176 0.902689 0.985294 0.901408 0.982353 0.901408 0.976471 0.900128 0.973529 0.900128 0.967647 0.900128 0.997059 0.903969 0.997059 0.905250 0.994118 0.906530 0.997059 0.909091 0.997059 0.909091 0.994118 0.910371 0.991176 0.911652 0.991176 0.911652 0.988235 0.910371 0.985294 0.910371 0.961765 0.911652 0.958824 0.912932 0.961765 0.912932 0.964706 0.912932 0.961765 0.911652 0.958824 0.911652 0.955882 0.914213 0.950000 0.914213 0.944118 0.915493 0.941176 0.916773 0.944118 0.918054 0.944118 0.919334 0.947059 0.919334 0.952941 0.918054 0.955882 0.918054 0.958824 0.916773 0.961765 0.916773 0.964706 0.915493 0.967647 0.915493 0.970588 0.914213 0.973529 0.912932 0.973529 0.914213 0.976471 0.914213 0.979412 0.912932 0.982353 0.915493 0.976471 0.916773 0.976471 0.918054 0.979412 0.918054 0.991176 0.916773 0.994118 0.916773 0.997059 0.921895 0.997059 0.923175 0.994118 0.927017 0.994118 0.928297 0.991176 0.927017 0.988235 0.928297 0.985294 0.929577 0.985294 0.932138 0.979412 0.930858 0.976471 0.933419 0.970588 0.934699 0.973529 0.934699 0.997059 0.937260 0.997059 0.935980 0.997059 0.934699 0.994118 0.934699 0.988235 0.935980 0.985294 0.935980 0.982353 0.937260 0.979412 0.935980 0.976471 0.935980 0.970588 0.938540 0.964706 0.937260 0.967647 0.935980 0.964706 0.935980 0.947059 0.937260 0.944118 0.939821 0.944118 0.941101 0.941176 0.944942 0.941176 0.941101 0.941176 0.939821 0.944118 0.934699 0.944118 0.933419 0.947059 0.932138 0.947059 0.933419 0.947059 0.934699 0.950000 0.929577 0.961765 0.929577 0.964706 0.925736 0.973529 0.924456 0.970588 0.924456 0.967647 0.925736 0.964706 0.924456 0.961765 0.924456 0.955882 0.925736 0.952941 0.927017 0.952941 0.927017 0.950000 0.925736 0.947059 0.925736 0.941176 0.929577 0.932353 0.929577 0.929412 0.928297 0.929412 0.927017 0.926471 0.927017 0.923529 0.928297 0.920588 0.928297 0.911765 0.929577 0.908824 0.930858 0.911765 0.929577 0.908824 0.929577 0.902941 0.930858 0.900000 0.930858 0.894118 0.932138 0.891176 0.932138 0.885294 0.933419 0.882353 0.933419 0.876471 0.934699 0.873529 0.934699 0.867647 0.935980 0.864706 0.935980 0.858824 0.937260 0.855882 0.937260 0.850000 0.938540 0.847059 0.938540 0.844118 0.937260 0.847059 0.937260 0.850000 0.933419 0.858824 0.933419 0.861765 0.929577 0.870588 0.928297 0.870588 0.927017 0.873529 0.927017 0.876471 0.925736 0.879412 0.924456 0.879412 0.923175 0.882353 0.923175 0.885294 0.927017 0.876471 0.928297 0.876471 0.929577 0.879412 0.929577 0.882353 0.923175 0.897059 0.923175 0.902941 0.921895 0.905882 0.921895 0.911765 0.920615 0.914706 0.919334 0.911765 0.919334 0.908824 0.916773 0.908824 0.915493 0.905882 0.916773 0.902941 0.918054 0.902941 0.918054 0.894118 0.916773 0.891176 0.918054 0.894118 0.918054 0.897059 0.916773 0.900000 0.915493 0.900000 0.915493 0.905882 0.914213 0.908824 0.914213 0.917647 0.912932 0.920588 0.912932 0.932353 0.914213 0.929412 0.916773 0.935294 0.914213 0.941176 0.912932 0.941176 0.910371 0.935294 0.910371 0.905882 0.911652 0.902941 0.911652 0.882353 0.912932 0.879412 0.912932 0.876471 0.914213 0.873529 0.915493 0.873529 0.915493 0.870588 0.916773 0.867647 0.918054 0.870588 0.916773 0.867647 0.916773 0.861765 0.915493 0.858824 0.915493 0.850000 0.916773 0.847059 0.916773 0.844118 0.918054 0.841176 0.918054 0.838235 0.919334 0.835294 0.919334 0.832353 0.920615 0.829412 0.918054 0.835294 0.916773 0.832353 0.916773 0.826471 0.918054 0.823529 0.918054 0.820588 0.919334 0.817647 0.919334 0.811765 0.921895 0.805882 0.920615 0.802941 0.923175 0.797059 0.924456 0.797059 0.925736 0.794118 0.924456 0.797059 0.921895 0.797059 0.921895 0.800000 0.920615 0.802941 0.919334 0.800000 0.919334 0.785294 0.920615 0.782353 0.920615 0.776471 0.921895 0.773529 0.921895 0.770588 0.923175 0.767647 0.923175 0.761765 0.924456 0.758824 0.923175 0.761765 0.921895 0.758824 0.921895 0.755882 0.923175 0.752941 0.923175 0.750000 0.925736 0.744118 0.925736 0.741176 0.927017 0.738235 0.920615 0.752941 0.919334 0.750000 0.919334 0.747059 0.919334 0.750000 0.916773 0.755882 0.916773 0.758824 0.912932 0.767647 0.911652 0.764706 0.911652 0.761765 0.912932 0.758824 0.912932 0.750000 0.914213 0.747059 0.912932 0.750000 0.912932 0.755882 0.911652 0.758824 0.910371 0.755882 0.910371 0.747059 0.911652 0.744118 0.911652 0.735294 0.912932 0.732353 0.912932 0.726471 0.914213 0.723529 0.914213 0.720588 0.916773 0.714706 0.916773 0.711765 0.918054 0.708824 0.916773 0.705882 0.918054 0.702941 0.920615 0.702941 0.921895 0.700000 0.920615 0.700000 0.919334 0.697059 0.920615 0.694118 0.923175 0.694118 0.923175 0.691176 0.924456 0.688235 0.924456 0.682353 0.923175 0.679412
2 0.777209 0.673529 0.777209 0.676471 0.778489 0.679412 0.778489 0.682353 0.779770 0.685294 0.778489 0.688235 0.778489 0.691176 0.777209 0.694118 0.777209 0.697059 0.775928 0.700000 0.774648 0.700000 0.778489 0.708824 0.778489 0.711765 0.778489 0.708824 0.779770 0.705882 0.779770 0.691176 0.781050 0.688235 0.781050 0.682353 0.779770 0.679412 0.781050 0.676471 0.779770 0.673529 0.778489 0.676471
2 0.300896 0.670588 0.299616 0.673529 0.297055 0.673529 0.295775 0.676471 0.295775 0.694118 0.294494 0.697059 0.294494 0.705882 0.295775 0.702941 0.297055 0.705882 0.297055 0.702941 0.298335 0.700000 0.299616 0.700000 0.300896 0.697059 0.300896 0.694118 0.309859 0.673529 0.308579 0.670588 0.307298 0.673529 0.303457 0.673529 0.302177 0.676471 0.300896 0.673529
2 0.882202 0.664706 0.880922 0.667647 0.880922 0.676471 0.882202 0.679412 0.882202 0.682353 0.880922 0.685294 0.880922 0.702941 0.882202 0.705882 0.882202 0.700000 0.883483 0.697059 0.886044 0.697059 0.886044 0.694118 0.887324 0.691176 0.887324 0.685294 0.883483 0.676471 0.883483 0.667647
2 0.809219 0.652941 0.809219 0.682353 0.807939 0.685294 0.807939 0.691176 0.806658 0.694118 0.806658 0.700000 0.805378 0.702941 0.805378 0.705882 0.804097 0.708824 0.804097 0.720588 0.802817 0.723529 0.802817 0.735294 0.801536 0.738235 0.801536 0.770588 0.800256 0.773529 0.801536 0.776471 0.801536 0.782353 0.800256 0.785294 0.800256 0.788235 0.801536 0.791176 0.798976 0.797059 0.798976 0.802941 0.800256 0.800000 0.801536 0.802941 0.801536 0.814706 0.801536 0.805882 0.802817 0.802941 0.802817 0.797059 0.804097 0.794118 0.804097 0.788235 0.805378 0.785294 0.806658 0.788235 0.806658 0.797059 0.807939 0.800000 0.807939 0.814706 0.809219 0.817647 0.809219 0.820588 0.806658 0.826471 0.806658 0.832353 0.807939 0.835294 0.806658 0.838235 0.807939 0.841176 0.806658 0.844118 0.806658 0.861765 0.807939 0.864706 0.807939 0.867647 0.809219 0.867647 0.810499 0.870588 0.807939 0.876471 0.807939 0.888235 0.806658 0.891176 0.805378 0.888235 0.802817 0.888235 0.802817 0.900000 0.804097 0.902941 0.804097 0.905882 0.805378 0.908824 0.805378 0.911765 0.806658 0.914706 0.806658 0.917647 0.807939 0.920588 0.807939 0.929412 0.809219 0.929412 0.810499 0.932353 0.810499 0.935294 0.809219 0.938235 0.807939 0.938235 0.807939 0.947059 0.806658 0.950000 0.806658 0.964706 0.805378 0.967647 0.805378 0.973529 0.806658 0.976471 0.806658 0.964706 0.807939 0.961765 0.809219 0.964706 0.809219 0.973529 0.810499 0.976471 0.809219 0.979412 0.809219 0.982353 0.810499 0.979412 0.811780 0.982353 0.811780 0.997059 0.829706 0.997059 0.830986 0.994118 0.832266 0.997059 0.869398 0.997059 0.869398 0.985294 0.866837 0.979412 0.866837 0.970588 0.868118 0.967647 0.868118 0.958824 0.868118 0.967647 0.866837 0.970588 0.865557 0.967647 0.865557 0.964706 0.864277 0.961765 0.864277 0.955882 0.868118 0.947059 0.868118 0.902941 0.866837 0.900000 0.866837 0.897059 0.868118 0.894118 0.869398 0.894118 0.870679 0.897059 0.870679 0.914706 0.871959 0.917647 0.871959 0.932353 0.873239 0.935294 0.873239 0.941176 0.874520 0.944118 0.874520 0.947059 0.873239 0.950000 0.874520 0.947059 0.875800 0.950000 0.875800 0.955882 0.874520 0.958824 0.874520 0.967647 0.875800 0.970588 0.875800 0.982353 0.877081 0.985294 0.877081 0.997059 0.883483 0.997059 0.883483 0.994118 0.884763 0.991176 0.886044 0.994118 0.886044 0.997059 0.887324 0.997059 0.886044 0.994118 0.886044 0.991176 0.888604 0.985294 0.888604 0.979412 0.887324 0.976471 0.887324 0.970588 0.888604 0.967647 0.889885 0.970588 0.889885 0.973529 0.889885 0.967647 0.888604 0.964706 0.888604 0.955882 0.889885 0.952941 0.891165 0.955882 0.891165 0.958824 0.892446 0.955882 0.892446 0.950000 0.893726 0.947059 0.893726 0.944118 0.892446 0.941176 0.892446 0.935294 0.891165 0.932353 0.891165 0.923529 0.889885 0.923529 0.888604 0.920588 0.888604 0.917647 0.889885 0.914706 0.888604 0.911765 0.888604 0.902941 0.887324 0.900000 0.887324 0.897059 0.888604 0.894118 0.888604 0.891176 0.887324 0.894118 0.886044 0.891176 0.886044 0.885294 0.884763 0.882353 0.884763 0.876471 0.883483 0.873529 0.883483 0.867647 0.882202 0.864706 0.882202 0.858824 0.883483 0.855882 0.884763 0.858824 0.884763 0.861765 0.886044 0.864706 0.886044 0.867647 0.888604 0.873529 0.888604 0.876471 0.889885 0.879412 0.889885 0.885294 0.892446 0.891176 0.892446 0.894118 0.893726 0.897059 0.893726 0.900000 0.895006 0.902941 0.895006 0.908824 0.895006 0.897059 0.896287 0.894118 0.897567 0.897059 0.897567 0.976471 0.896287 0.979412 0.896287 0.997059 0.897567 0.997059 0.897567 0.867647 0.896287 0.867647 0.896287 0.870588 0.895006 0.873529 0.893726 0.873529 0.892446 0.870588 0.889885 0.870588 0.888604 0.867647 0.888604 0.841176 0.888604 0.844118 0.887324 0.847059 0.886044 0.844118 0.886044 0.835294 0.884763 0.832353 0.884763 0.826471 0.882202 0.820588 0.882202 0.814706 0.883483 0.811765 0.882202 0.811765 0.880922 0.808824 0.882202 0.805882 0.882202 0.800000 0.880922 0.802941 0.879641 0.800000 0.879641 0.794118 0.880922 0.791176 0.880922 0.779412 0.882202 0.776471 0.883483 0.779412 0.883483 0.785294 0.884763 0.788235 0.884763 0.802941 0.886044 0.805882 0.886044 0.811765 0.887324 0.814706 0.887324 0.817647 0.887324 0.805882 0.886044 0.802941 0.886044 0.791176 0.884763 0.788235 0.887324 0.782353 0.886044 0.779412 0.886044 0.773529 0.884763 0.770588 0.886044 0.767647 0.886044 0.764706 0.884763 0.767647 0.883483 0.764706 0.883483 0.761765 0.882202 0.761765 0.882202 0.776471 0.880922 0.779412 0.880922 0.782353 0.879641 0.785294 0.878361 0.782353 0.877081 0.782353 0.875800 0.779412 0.877081 0.776471 0.877081 0.770588 0.875800 0.767647 0.877081 0.764706 0.878361 0.764706 0.879641 0.767647 0.879641 0.773529 0.879641 0.764706 0.877081 0.764706 0.875800 0.761765 0.877081 0.758824 0.878361 0.758824 0.879641 0.755882 0.880922 0.755882 0.882202 0.752941 0.882202 0.744118 0.884763 0.738235 0.886044 0.738235 0.888604 0.744118 0.887324 0.747059 0.888604 0.750000 0.889885 0.750000 0.891165 0.752941 0.889885 0.755882 0.888604 0.755882 0.889885 0.758824 0.889885 0.764706 0.888604 0.767647 0.888604 0.770588 0.889885 0.773529 0.889885 0.776471 0.891165 0.779412 0.891165 0.767647 0.893726 0.761765 0.895006 0.761765 0.896287 0.764706 0.895006 0.767647 0.896287 0.767647 0.896287 0.750000 0.895006 0.747059 0.895006 0.732353 0.893726 0.732353 0.892446 0.729412 0.889885 0.729412 0.887324 0.723529 0.884763 0.723529 0.883483 0.720588 0.883483 0.717647 0.882202 0.720588 0.880922 0.717647 0.880922 0.714706 0.880922 0.717647 0.878361 0.723529 0.877081 0.720588 0.877081 0.711765 0.875800 0.714706 0.873239 0.708824 0.874520 0.711765 0.874520 0.714706 0.873239 0.717647 0.874520 0.720588 0.874520 0.729412 0.874520 0.720588 0.875800 0.717647 0.878361 0.723529 0.878361 0.732353 0.877081 0.735294 0.875800 0.735294 0.874520 0.738235 0.873239 0.738235 0.871959 0.741176 0.870679 0.738235 0.870679 0.735294 0.871959 0.732353 0.871959 0.729412 0.870679 0.726471 0.870679 0.729412 0.868118 0.735294 0.866837 0.735294 0.866837 0.741176 0.865557 0.744118 0.864277 0.741176 0.861716 0.741176 0.860435 0.744118 0.859155 0.744118 0.857875 0.741176 0.857875 0.738235 0.855314 0.732353 0.855314 0.726471 0.854033 0.723529 0.854033 0.720588 0.856594 0.714706 0.856594 0.711765 0.855314 0.708824 0.855314 0.700000 0.854033 0.697059 0.854033 0.685294 0.852753 0.682353 0.852753 0.679412 0.854033 0.676471 0.850192 0.667647 0.850192 0.664706 0.848912 0.661765 0.845070 0.661765 0.846351 0.664706 0.846351 0.667647 0.851472 0.679412 0.850192 0.682353 0.848912 0.682353 0.846351 0.676471 0.845070 0.676471 0.843790 0.679412 0.842510 0.679412 0.841229 0.676471 0.837388 0.685294 0.837388 0.688235 0.836108 0.691176 0.834827 0.688235 0.833547 0.688235 0.833547 0.700000 0.832266 0.702941 0.832266 0.735294 0.830986 0.738235 0.830986 0.744118 0.832266 0.747059 0.832266 0.750000 0.830986 0.752941 0.830986 0.767647 0.829706 0.770588 0.829706 0.791176 0.828425 0.794118 0.828425 0.802941 0.827145 0.805882 0.825864 0.805882 0.824584 0.808824 0.823303 0.805882 0.823303 0.802941 0.824584 0.800000 0.825864 0.800000 0.825864 0.797059 0.824584 0.797059 0.823303 0.794118 0.823303 0.782353 0.824584 0.779412 0.825864 0.782353 0.825864 0.788235 0.825864 0.761765 0.827145 0.758824 0.827145 0.735294 0.825864 0.732353 0.825864 0.723529 0.827145 0.720588 0.828425 0.723529 0.828425 0.726471 0.828425 0.708824 0.829706 0.705882 0.829706 0.694118 0.828425 0.697059 0.828425 0.700000 0.829706 0.702941 0.829706 0.705882 0.827145 0.711765 0.828425 0.714706 0.827145 0.717647 0.827145 0.720588 0.825864 0.723529 0.824584 0.720588 0.824584 0.705882 0.825864 0.702941 0.825864 0.700000 0.824584 0.697059 0.823303 0.700000 0.822023 0.697059 0.822023 0.691176 0.820743 0.688235 0.822023 0.685294 0.820743 0.685294 0.819462 0.682353 0.819462 0.673529 0.820743 0.670588 0.820743 0.667647 0.822023 0.664706 0.819462 0.664706 0.818182 0.661765 0.814341 0.661765 0.814341 0.664706 0.813060 0.667647 0.813060 0.673529 0.814341 0.676471 0.813060 0.679412 0.811780 0.679412 0.810499 0.676471 0.810499 0.655882
2 0.865557 0.647059 0.865557 0.652941 0.862996 0.658824 0.861716 0.655882 0.861716 0.658824 0.862996 0.661765 0.862996 0.682353 0.862996 0.679412 0.864277 0.676471 0.862996 0.673529 0.864277 0.670588 0.865557 0.670588 0.866837 0.673529 0.866837 0.679412 0.868118 0.682353 0.868118 0.685294 0.869398 0.685294 0.870679 0.688235 0.869398 0.691176 0.869398 0.694118 0.868118 0.697059 0.866837 0.694118 0.868118 0.697059 0.868118 0.700000 0.869398 0.702941 0.869398 0.708824 0.868118 0.711765 0.868118 0.717647 0.866837 0.720588 0.866837 0.729412 0.866837 0.723529 0.868118 0.720588 0.868118 0.711765 0.869398 0.708824 0.870679 0.711765 0.869398 0.708824 0.871959 0.702941 0.871959 0.679412 0.870679 0.676471 0.870679 0.673529 0.871959 0.670588 0.877081 0.682353 0.877081 0.685294 0.878361 0.688235 0.878361 0.661765 0.871959 0.661765 0.870679 0.658824 0.870679 0.650000 0.869398 0.652941 0.868118 0.650000 0.868118 0.647059 0.866837 0.650000
2 0.746479 0.647059 0.745198 0.650000 0.741357 0.650000 0.742638 0.652941 0.742638 0.664706 0.743918 0.667647 0.743918 0.670588 0.745198 0.673529 0.743918 0.676471 0.743918 0.679412 0.745198 0.682353 0.745198 0.691176 0.743918 0.694118 0.741357 0.694118 0.742638 0.694118 0.743918 0.697059 0.743918 0.700000 0.742638 0.702941 0.740077 0.702941 0.737516 0.708824 0.736236 0.708824 0.737516 0.711765 0.738796 0.711765 0.740077 0.708824 0.741357 0.711765 0.741357 0.714706 0.745198 0.714706 0.746479 0.717647 0.745198 0.720588 0.746479 0.723529 0.747759 0.723529 0.749040 0.720588 0.749040 0.708824 0.747759 0.705882 0.747759 0.702941 0.750320 0.697059 0.750320 0.694118 0.747759 0.694118 0.746479 0.691176 0.747759 0.688235 0.749040 0.688235 0.749040 0.682353 0.750320 0.679412 0.751601 0.682353 0.751601 0.685294 0.754161 0.691176 0.754161 0.697059 0.751601 0.702941 0.751601 0.711765 0.752881 0.714706 0.752881 0.726471 0.752881 0.711765 0.751601 0.708824 0.754161 0.702941 0.755442 0.705882 0.755442 0.708824 0.756722 0.711765 0.756722 0.714706 0.758003 0.717647 0.758003 0.720588 0.760563 0.726471 0.760563 0.729412 0.761844 0.732353 0.760563 0.735294 0.758003 0.735294 0.756722 0.732353 0.756722 0.729412 0.755442 0.726471 0.755442 0.720588 0.755442 0.726471 0.756722 0.729412 0.756722 0.735294 0.758003 0.738235 0.758003 0.747059 0.758003 0.744118 0.759283 0.741176 0.760563 0.744118 0.760563 0.750000 0.759283 0.752941 0.760563 0.755882 0.760563 0.764706 0.759283 0.767647 0.758003 0.764706 0.756722 0.767647 0.755442 0.767647 0.755442 0.779412 0.756722 0.782353 0.756722 0.785294 0.758003 0.788235 0.758003 0.800000 0.759283 0.802941 0.756722 0.808824 0.755442 0.808824 0.754161 0.805882 0.754161 0.797059 0.752881 0.794118 0.752881 0.782353 0.751601 0.779412 0.751601 0.770588 0.750320 0.767647 0.750320 0.761765 0.751601 0.758824 0.751601 0.755882 0.750320 0.752941 0.750320 0.738235 0.747759 0.738235 0.746479 0.741176 0.742638 0.732353 0.742638 0.738235 0.741357 0.741176 0.740077 0.738235 0.740077 0.735294 0.738796 0.738235 0.740077 0.741176 0.741357 0.741176 0.742638 0.744118 0.742638 0.747059 0.741357 0.750000 0.743918 0.755882 0.743918 0.758824 0.742638 0.761765 0.741357 0.758824 0.741357 0.761765 0.743918 0.767647 0.745198 0.767647 0.746479 0.770588 0.747759 0.767647 0.749040 0.770588 0.749040 0.773529 0.747759 0.776471 0.745198 0.776471 0.743918 0.779412 0.745198 0.779412 0.746479 0.782353 0.743918 0.788235 0.741357 0.788235 0.738796 0.794118 0.737516 0.791176 0.737516 0.800000 0.736236 0.802941 0.732394 0.802941 0.731114 0.800000 0.732394 0.802941 0.731114 0.805882 0.732394 0.808824 0.731114 0.811765 0.729834 0.811765 0.728553 0.808824 0.728553 0.800000 0.725992 0.800000 0.724712 0.797059 0.725992 0.794118 0.727273 0.794118 0.724712 0.788235 0.725992 0.785294 0.727273 0.785294 0.728553 0.788235 0.728553 0.785294 0.727273 0.785294 0.725992 0.782353 0.724712 0.782353 0.723431 0.779412 0.723431 0.776471 0.722151 0.776471 0.720871 0.773529 0.722151 0.770588 0.722151 0.764706 0.723431 0.761765 0.724712 0.761765 0.724712 0.758824 0.727273 0.752941 0.727273 0.741176 0.728553 0.738235 0.731114 0.744118 0.731114 0.750000 0.732394 0.750000 0.733675 0.747059 0.732394 0.744118 0.733675 0.741176 0.733675 0.738235 0.734955 0.735294 0.736236 0.738235 0.736236 0.735294 0.734955 0.732353 0.733675 0.732353 0.732394 0.735294 0.732394 0.738235 0.733675 0.741176 0.732394 0.744118 0.731114 0.744118 0.729834 0.741176 0.729834 0.732353 0.731114 0.729412 0.731114 0.720588 0.728553 0.726471 0.727273 0.726471 0.725992 0.723529 0.725992 0.717647 0.724712 0.720588 0.723431 0.720588 0.722151 0.717647 0.722151 0.711765 0.720871 0.714706 0.719590 0.711765 0.719590 0.708824 0.718310 0.708824 0.717029 0.705882 0.717029 0.702941 0.718310 0.700000 0.717029 0.702941 0.715749 0.702941 0.714469 0.705882 0.713188 0.702941 0.713188 0.700000 0.714469 0.697059 0.715749 0.697059 0.715749 0.694118 0.714469 0.697059 0.713188 0.694118 0.713188 0.691176 0.713188 0.694118 0.711908 0.697059 0.713188 0.700000 0.711908 0.702941 0.710627 0.702941 0.711908 0.705882 0.711908 0.711765 0.713188 0.714706 0.711908 0.717647 0.713188 0.717647 0.714469 0.720588 0.713188 0.723529 0.713188 0.732353 0.711908 0.735294 0.714469 0.735294 0.715749 0.738235 0.714469 0.741176 0.713188 0.741176 0.711908 0.744118 0.710627 0.741176 0.711908 0.744118 0.713188 0.741176 0.714469 0.744118 0.714469 0.750000 0.715749 0.747059 0.717029 0.747059 0.718310 0.750000 0.714469 0.758824 0.714469 0.761765 0.713188 0.764706 0.711908 0.761765 0.711908 0.755882 0.710627 0.758824 0.710627 0.767647 0.709347 0.770588 0.708067 0.767647 0.708067 0.764706 0.706786 0.764706 0.705506 0.767647 0.706786 0.767647 0.708067 0.770588 0.708067 0.773529 0.710627 0.767647 0.711908 0.770588 0.711908 0.773529 0.713188 0.773529 0.714469 0.776471 0.714469 0.779412 0.714469 0.776471 0.713188 0.773529 0.714469 0.770588 0.713188 0.770588 0.711908 0.767647 0.714469 0.761765 0.717029 0.767647 0.717029 0.776471 0.718310 0.779412 0.718310 0.782353 0.720871 0.788235 0.720871 0.791176 0.719590 0.794118 0.722151 0.800000 0.722151 0.802941 0.720871 0.805882 0.720871 0.808824 0.723431 0.808824 0.724712 0.811765 0.723431 0.814706 0.723431 0.826471 0.724712 0.829412 0.725992 0.826471 0.728553 0.832353 0.728553 0.835294 0.729834 0.832353 0.728553 0.829412 0.729834 0.826471 0.731114 0.826471 0.732394 0.823529 0.733675 0.826471 0.733675 0.841176 0.734955 0.844118 0.731114 0.852941 0.729834 0.852941 0.729834 0.855882 0.728553 0.858824 0.728553 0.864706 0.731114 0.870588 0.729834 0.873529 0.727273 0.873529 0.727273 0.879412 0.725992 0.882353 0.723431 0.882353 0.727273 0.882353 0.728553 0.879412 0.729834 0.879412 0.731114 0.882353 0.731114 0.885294 0.732394 0.888235 0.732394 0.902941 0.731114 0.905882 0.731114 0.911765 0.731114 0.905882 0.732394 0.902941 0.733675 0.905882 0.733675 0.917647 0.732394 0.920588 0.731114 0.917647 0.732394 0.920588 0.732394 0.955882 0.733675 0.952941 0.737516 0.952941 0.737516 0.947059 0.741357 0.938235 0.742638 0.941176 0.742638 0.944118 0.740077 0.950000 0.741357 0.950000 0.742638 0.952941 0.741357 0.955882 0.740077 0.955882 0.738796 0.958824 0.740077 0.961765 0.740077 0.973529 0.742638 0.973529 0.743918 0.976471 0.742638 0.979412 0.742638 0.982353 0.741357 0.985294 0.741357 0.997059 0.742638 0.997059 0.742638 0.994118 0.741357 0.991176 0.742638 0.988235 0.745198 0.988235 0.746479 0.991176 0.746479 0.994118 0.745198 0.997059 0.756722 0.997059 0.758003 0.994118 0.758003 0.991176 0.759283 0.988235 0.760563 0.991176 0.760563 0.997059 0.761844 0.997059 0.760563 0.994118 0.760563 0.988235 0.761844 0.985294 0.763124 0.985294 0.763124 0.982353 0.764405 0.979412 0.765685 0.979412 0.766965 0.982353 0.766965 0.997059 0.769526 0.997059 0.769526 0.991176 0.768246 0.988235 0.768246 0.979412 0.765685 0.973529 0.765685 0.967647 0.766965 0.964706 0.766965 0.961765 0.768246 0.958824 0.769526 0.958824 0.768246 0.955882 0.769526 0.952941 0.769526 0.944118 0.770807 0.941176 0.770807 0.932353 0.769526 0.929412 0.768246 0.932353 0.766965 0.932353 0.766965 0.941176 0.765685 0.944118 0.764405 0.944118 0.763124 0.941176 0.763124 0.935294 0.761844 0.938235 0.758003 0.938235 0.756722 0.935294 0.758003 0.932353 0.758003 0.929412 0.756722 0.926471 0.756722 0.917647 0.758003 0.914706 0.758003 0.908824 0.756722 0.905882 0.758003 0.902941 0.759283 0.902941 0.759283 0.891176 0.760563 0.888235 0.761844 0.891176 0.760563 0.888235 0.760563 0.873529 0.759283 0.870588 0.759283 0.867647 0.758003 0.864706 0.758003 0.858824 0.759283 0.855882 0.761844 0.861765 0.761844 0.864706 0.763124 0.867647 0.763124 0.873529 0.764405 0.876471 0.764405 0.879412 0.765685 0.882353 0.765685 0.888235 0.766965 0.891176 0.766965 0.905882 0.765685 0.908824 0.764405 0.908824 0.765685 0.911765 0.763124 0.917647 0.761844 0.914706 0.761844 0.911765 0.760563 0.908824 0.761844 0.911765 0.761844 0.914706 0.763124 0.917647 0.764405 0.917647 0.765685 0.920588 0.765685 0.926471 0.766965 0.923529 0.769526 0.923529 0.769526 0.902941 0.768246 0.900000 0.768246 0.885294 0.766965 0.882353 0.766965 0.873529 0.765685 0.870588 0.766965 0.867647 0.765685 0.864706 0.765685 0.847059 0.764405 0.844118 0.764405 0.835294 0.763124 0.832353 0.764405 0.829412 0.764405 0.826471 0.765685 0.823529 0.766965 0.823529 0.764405 0.823529 0.763124 0.820588 0.764405 0.817647 0.765685 0.817647 0.765685 0.805882 0.764405 0.802941 0.765685 0.800000 0.765685 0.776471 0.764405 0.776471 0.763124 0.773529 0.764405 0.770588 0.764405 0.744118 0.765685 0.741176 0.765685 0.732353 0.764405 0.729412 0.764405 0.717647 0.764405 0.720588 0.763124 0.723529 0.760563 0.717647 0.760563 0.691176 0.761844 0.688235 0.763124 0.691176 0.763124 0.705882 0.764405 0.708824 0.764405 0.711765 0.764405 0.702941 0.765685 0.700000 0.765685 0.697059 0.764405 0.700000 0.763124 0.697059 0.763124 0.685294 0.764405 0.682353 0.764405 0.679412 0.765685 0.676471 0.765685 0.670588 0.764405 0.667647 0.764405 0.664706 0.763124 0.661765 0.763124 0.655882 0.760563 0.650000 0.761844 0.647059 0.760563 0.647059 0.760563 0.655882 0.761844 0.658824 0.761844 0.664706 0.763124 0.661765 0.764405 0.664706 0.764405 0.667647 0.761844 0.673529 0.760563 0.673529 0.760563 0.676471 0.761844 0.679412 0.761844 0.688235 0.760563 0.691176 0.759283 0.688235 0.759283 0.682353 0.758003 0.679412 0.758003 0.673529 0.756722 0.673529 0.755442 0.670588 0.754161 0.670588 0.752881 0.667647 0.752881 0.664706 0.752881 0.667647 0.751601 0.670588 0.747759 0.661765 0.747759 0.655882 0.746479 0.652941
2 0.725992 0.644118 0.727273 0.647059 0.725992 0.650000 0.725992 0.652941 0.727273 0.655882 0.727273 0.661765 0.728553 0.664706 0.728553 0.676471 0.729834 0.679412 0.729834 0.685294 0.731114 0.688235 0.729834 0.691176 0.728553 0.691176 0.729834 0.694118 0.728553 0.697059 0.728553 0.700000 0.727273 0.702941 0.728553 0.702941 0.729834 0.700000 0.731114 0.700000 0.732394 0.697059 0.731114 0.697059 0.729834 0.694118 0.729834 0.691176 0.731114 0.688235 0.732394 0.688235 0.733675 0.685294 0.731114 0.679412 0.732394 0.676471 0.734955 0.676471 0.734955 0.670588 0.736236 0.667647 0.738796 0.667647 0.740077 0.664706 0.738796 0.667647 0.737516 0.664706 0.733675 0.673529 0.731114 0.667647 0.732394 0.664706 0.732394 0.655882 0.731114 0.655882 0.729834 0.652941 0.731114 0.650000 0.731114 0.647059 0.729834 0.647059 0.728553 0.644118
2 0.608195 0.644118 0.608195 0.650000 0.609475 0.652941 0.609475 0.661765 0.608195 0.664706 0.608195 0.676471 0.608195 0.670588 0.609475 0.667647 0.608195 0.664706 0.609475 0.661765 0.612036 0.661765 0.613316 0.664706 0.612036 0.667647 0.613316 0.664706 0.614597 0.667647 0.613316 0.664706 0.614597 0.661765 0.615877 0.661765 0.617157 0.664706 0.617157 0.673529 0.618438 0.670588 0.619718 0.670588 0.620999 0.673529 0.619718 0.676471 0.620999 0.679412 0.620999 0.682353 0.622279 0.679412 0.624840 0.685294 0.623560 0.688235 0.623560 0.691176 0.622279 0.694118 0.620999 0.694118 0.619718 0.697059 0.618438 0.697059 0.619718 0.700000 0.620999 0.697059 0.622279 0.700000 0.622279 0.697059 0.623560 0.694118 0.624840 0.697059 0.624840 0.705882 0.623560 0.708824 0.622279 0.708824 0.620999 0.711765 0.622279 0.714706 0.622279 0.717647 0.623560 0.720588 0.623560 0.723529 0.624840 0.723529 0.626120 0.726471 0.626120 0.729412 0.627401 0.729412 0.628681 0.732353 0.628681 0.735294 0.629962 0.735294 0.631242 0.738235 0.632522 0.738235 0.633803 0.741176 0.635083 0.741176 0.636364 0.744118 0.637644 0.744118 0.638924 0.747059 0.640205 0.747059 0.642766 0.752941 0.644046 0.752941 0.645327 0.755882 0.646607 0.755882 0.646607 0.752941 0.645327 0.750000 0.645327 0.738235 0.644046 0.738235 0.642766 0.735294 0.644046 0.732353 0.644046 0.729412 0.645327 0.726471 0.645327 0.723529 0.644046 0.720588 0.644046 0.714706 0.642766 0.711765 0.641485 0.714706 0.640205 0.714706 0.638924 0.711765 0.638924 0.705882 0.640205 0.702941 0.640205 0.700000 0.641485 0.697059 0.641485 0.685294 0.640205 0.688235 0.638924 0.688235 0.637644 0.685294 0.637644 0.682353 0.636364 0.679412 0.635083 0.679412 0.633803 0.676471 0.633803 0.682353 0.632522 0.685294 0.631242 0.685294 0.629962 0.682353 0.628681 0.685294 0.627401 0.682353 0.627401 0.679412 0.628681 0.676471 0.629962 0.676471 0.631242 0.673529 0.629962 0.676471 0.628681 0.673529 0.628681 0.676471 0.627401 0.679412 0.626120 0.676471 0.626120 0.670588 0.624840 0.667647 0.624840 0.664706 0.624840 0.667647 0.623560 0.670588 0.622279 0.667647 0.622279 0.664706 0.620999 0.661765 0.619718 0.664706 0.618438 0.664706 0.617157 0.661765 0.617157 0.655882 0.614597 0.655882 0.614597 0.658824 0.613316 0.661765 0.612036 0.658824 0.612036 0.655882 0.610755 0.652941 0.610755 0.647059 0.609475 0.650000 0.608195 0.647059
2 0.665813 0.641176 0.667093 0.644118 0.667093 0.647059 0.669654 0.652941 0.669654 0.661765 0.668374 0.664706 0.667093 0.664706 0.664533 0.658824 0.664533 0.655882 0.663252 0.658824 0.661972 0.658824 0.661972 0.688235 0.665813 0.697059 0.664533 0.700000 0.664533 0.714706 0.665813 0.714706 0.667093 0.711765 0.668374 0.711765 0.669654 0.708824 0.672215 0.714706 0.673496 0.711765 0.676056 0.711765 0.677337 0.714706 0.678617 0.714706 0.679898 0.711765 0.681178 0.711765 0.685019 0.702941 0.686300 0.705882 0.686300 0.700000 0.687580 0.697059 0.688860 0.700000 0.688860 0.750000 0.690141 0.747059 0.691421 0.750000 0.692702 0.747059 0.693982 0.750000 0.693982 0.755882 0.696543 0.750000 0.696543 0.741176 0.695262 0.738235 0.696543 0.735294 0.699104 0.735294 0.700384 0.732353 0.701665 0.732353 0.697823 0.723529 0.699104 0.720588 0.702945 0.720588 0.702945 0.711765 0.701665 0.708824 0.701665 0.705882 0.702945 0.702941 0.704225 0.705882 0.705506 0.705882 0.706786 0.702941 0.705506 0.702941 0.704225 0.700000 0.704225 0.691176 0.705506 0.688235 0.706786 0.691176 0.708067 0.691176 0.708067 0.685294 0.709347 0.682353 0.710627 0.682353 0.711908 0.685294 0.711908 0.682353 0.713188 0.679412 0.714469 0.682353 0.714469 0.685294 0.715749 0.685294 0.717029 0.682353 0.719590 0.688235 0.719590 0.691176 0.720871 0.694118 0.722151 0.694118 0.723431 0.691176 0.724712 0.694118 0.724712 0.697059 0.725992 0.697059 0.725992 0.691176 0.724712 0.688235 0.724712 0.673529 0.720871 0.664706 0.720871 0.655882 0.722151 0.652941 0.720871 0.652941 0.719590 0.650000 0.718310 0.652941 0.715749 0.652941 0.714469 0.650000 0.714469 0.647059 0.714469 0.650000 0.713188 0.652941 0.711908 0.650000 0.710627 0.650000 0.709347 0.652941 0.708067 0.652941 0.706786 0.650000 0.704225 0.650000 0.705506 0.652941 0.704225 0.655882 0.702945 0.655882 0.701665 0.658824 0.700384 0.655882 0.699104 0.655882 0.699104 0.670588 0.697823 0.673529 0.696543 0.673529 0.695262 0.670588 0.695262 0.650000 0.693982 0.650000 0.692702 0.652941 0.692702 0.664706 0.691421 0.667647 0.692702 0.670588 0.692702 0.673529 0.691421 0.676471 0.690141 0.676471 0.688860 0.673529 0.688860 0.670588 0.687580 0.667647 0.687580 0.661765 0.688860 0.658824 0.688860 0.655882 0.690141 0.652941 0.690141 0.644118 0.686300 0.652941 0.685019 0.652941 0.685019 0.655882 0.683739 0.658824 0.682458 0.655882 0.682458 0.652941 0.678617 0.644118 0.677337 0.644118 0.677337 0.647059 0.678617 0.650000 0.678617 0.652941 0.681178 0.658824 0.681178 0.664706 0.679898 0.667647 0.678617 0.667647 0.679898 0.670588 0.679898 0.676471 0.678617 0.679412 0.677337 0.676471 0.676056 0.676471 0.674776 0.673529 0.674776 0.667647 0.673496 0.667647 0.672215 0.664706 0.673496 0.661765 0.673496 0.652941 0.670935 0.647059 0.670935 0.644118 0.670935 0.647059 0.669654 0.650000 0.668374 0.647059 0.668374 0.644118 0.667093 0.641176
2 0.636364 0.638235 0.636364 0.644118 0.635083 0.647059 0.633803 0.647059 0.633803 0.652941 0.635083 0.655882 0.636364 0.652941 0.638924 0.658824 0.638924 0.661765 0.637644 0.664706 0.636364 0.661765 0.635083 0.661765 0.633803 0.664706 0.632522 0.661765 0.631242 0.661765 0.631242 0.667647 0.632522 0.667647 0.633803 0.670588 0.633803 0.667647 0.636364 0.661765 0.637644 0.664706 0.638924 0.661765 0.640205 0.661765 0.641485 0.664706 0.641485 0.670588 0.642766 0.673529 0.642766 0.676471 0.645327 0.682353 0.645327 0.685294 0.646607 0.688235 0.647887 0.688235 0.649168 0.691176 0.649168 0.694118 0.650448 0.697059 0.650448 0.705882 0.651729 0.708824 0.653009 0.708824 0.653009 0.691176 0.649168 0.682353 0.650448 0.679412 0.649168 0.676471 0.649168 0.673529 0.650448 0.670588 0.650448 0.667647 0.651729 0.664706 0.651729 0.661765 0.650448 0.658824 0.649168 0.658824 0.647887 0.661765 0.646607 0.661765 0.647887 0.664706 0.646607 0.667647 0.645327 0.667647 0.644046 0.664706 0.644046 0.658824 0.645327 0.655882 0.645327 0.652941 0.645327 0.655882 0.644046 0.658824 0.644046 0.661765 0.642766 0.664706 0.641485 0.664706 0.640205 0.661765 0.641485 0.658824 0.641485 0.655882 0.640205 0.652941 0.640205 0.650000 0.638924 0.647059 0.640205 0.644118 0.640205 0.641176 0.638924 0.644118
2 0.355954 0.632353 0.355954 0.638235 0.357234 0.641176 0.357234 0.644118 0.358515 0.647059 0.358515 0.650000 0.359795 0.652941 0.358515 0.655882 0.358515 0.658824 0.357234 0.661765 0.355954 0.658824 0.354673 0.661765 0.353393 0.661765 0.354673 0.664706 0.354673 0.667647 0.353393 0.670588 0.352113 0.670588 0.350832 0.667647 0.350832 0.658824 0.348271 0.652941 0.349552 0.650000 0.348271 0.647059 0.348271 0.644118 0.346991 0.641176 0.346991 0.638235 0.345711 0.641176 0.346991 0.644118 0.346991 0.647059 0.348271 0.650000 0.348271 0.655882 0.346991 0.658824 0.345711 0.655882 0.345711 0.652941 0.344430 0.650000 0.344430 0.647059 0.343150 0.644118 0.341869 0.644118 0.340589 0.641176 0.340589 0.644118 0.339309 0.647059 0.338028 0.647059 0.336748 0.650000 0.336748 0.652941 0.334187 0.658824 0.332907 0.655882 0.332907 0.652941 0.331626 0.650000 0.332907 0.647059 0.334187 0.647059 0.332907 0.644118 0.334187 0.641176 0.335467 0.641176 0.335467 0.638235 0.334187 0.638235 0.332907 0.641176 0.332907 0.644118 0.331626 0.647059 0.331626 0.664706 0.330346 0.667647 0.330346 0.700000 0.329065 0.702941 0.327785 0.700000 0.327785 0.697059 0.326504 0.694118 0.327785 0.691176 0.326504 0.691176 0.325224 0.688235 0.325224 0.673529 0.323944 0.670588 0.323944 0.664706 0.325224 0.661765 0.326504 0.661765 0.327785 0.664706 0.327785 0.670588 0.327785 0.655882 0.327785 0.658824 0.326504 0.661765 0.325224 0.658824 0.325224 0.652941 0.323944 0.650000 0.322663 0.652941 0.322663 0.655882 0.314981 0.673529 0.314981 0.679412 0.313700 0.682353 0.312420 0.682353 0.311140 0.685294 0.311140 0.688235 0.308579 0.694118 0.309859 0.697059 0.309859 0.708824 0.311140 0.711765 0.309859 0.714706 0.308579 0.714706 0.308579 0.723529 0.309859 0.726471 0.308579 0.729412 0.307298 0.729412 0.304738 0.723529 0.304738 0.714706 0.303457 0.711765 0.304738 0.708824 0.304738 0.705882 0.306018 0.702941 0.306018 0.700000 0.303457 0.705882 0.303457 0.708824 0.298335 0.720588 0.298335 0.723529 0.293214 0.735294 0.294494 0.735294 0.295775 0.738235 0.294494 0.741176 0.294494 0.744118 0.295775 0.744118 0.297055 0.741176 0.298335 0.741176 0.300896 0.747059 0.299616 0.750000 0.299616 0.755882 0.300896 0.758824 0.300896 0.761765 0.300896 0.758824 0.299616 0.755882 0.299616 0.750000 0.300896 0.747059 0.303457 0.752941 0.303457 0.761765 0.306018 0.755882 0.307298 0.758824 0.307298 0.761765 0.306018 0.764706 0.307298 0.764706 0.308579 0.767647 0.308579 0.770588 0.309859 0.773529 0.309859 0.776471 0.311140 0.779412 0.311140 0.785294 0.312420 0.788235 0.312420 0.791176 0.313700 0.794118 0.313700 0.800000 0.314981 0.802941 0.314981 0.805882 0.312420 0.811765 0.311140 0.811765 0.309859 0.808824 0.309859 0.805882 0.308579 0.808824 0.309859 0.811765 0.309859 0.823529 0.308579 0.826471 0.307298 0.826471 0.306018 0.823529 0.306018 0.805882 0.307298 0.802941 0.307298 0.800000 0.306018 0.797059 0.306018 0.794118 0.306018 0.805882 0.304738 0.808824 0.303457 0.805882 0.303457 0.802941 0.303457 0.820588 0.302177 0.823529 0.302177 0.829412 0.300896 0.832353 0.299616 0.829412 0.299616 0.805882 0.298335 0.802941 0.298335 0.767647 0.297055 0.770588 0.297055 0.773529 0.295775 0.776471 0.294494 0.773529 0.294494 0.770588 0.293214 0.773529 0.290653 0.773529 0.290653 0.776471 0.289373 0.779412 0.288092 0.779412 0.286812 0.776471 0.286812 0.773529 0.285531 0.773529 0.284251 0.776471 0.280410 0.776471 0.277849 0.782353 0.275288 0.776471 0.274008 0.776471 0.274008 0.779412 0.272727 0.782353 0.271447 0.779412 0.271447 0.776471 0.270166 0.776471 0.268886 0.779412 0.265045 0.770588 0.265045 0.767647 0.261204 0.767647 0.259923 0.764706 0.258643 0.764706 0.257362 0.761765 0.258643 0.758824 0.261204 0.758824 0.262484 0.761765 0.267606 0.761765 0.265045 0.761765 0.263764 0.758824 0.263764 0.755882 0.265045 0.752941 0.266325 0.752941 0.267606 0.750000 0.266325 0.747059 0.268886 0.741176 0.265045 0.741176 0.263764 0.738235 0.266325 0.732353 0.265045 0.729412 0.266325 0.726471 0.267606 0.726471 0.268886 0.729412 0.270166 0.726471 0.272727 0.726471 0.271447 0.726471 0.270166 0.723529 0.271447 0.720588 0.271447 0.717647 0.274008 0.711765 0.276569 0.711765 0.277849 0.714706 0.276569 0.717647 0.277849 0.717647 0.279129 0.720588 0.277849 0.717647 0.277849 0.714706 0.279129 0.711765 0.280410 0.711765 0.281690 0.714706 0.281690 0.723529 0.280410 0.726471 0.279129 0.726471 0.280410 0.726471 0.281690 0.729412 0.281690 0.732353 0.284251 0.732353 0.284251 0.729412 0.285531 0.726471 0.286812 0.726471 0.285531 0.723529 0.286812 0.720588 0.286812 0.717647 0.288092 0.714706 0.288092 0.711765 0.289373 0.708824 0.289373 0.705882 0.290653 0.702941 0.289373 0.700000 0.289373 0.691176 0.288092 0.688235 0.286812 0.688235 0.286812 0.694118 0.285531 0.697059 0.284251 0.694118 0.282971 0.697059 0.282971 0.708824 0.281690 0.711765 0.280410 0.708824 0.280410 0.694118 0.279129 0.697059 0.276569 0.691176 0.276569 0.688235 0.275288 0.685294 0.272727 0.691176 0.271447 0.688235 0.270166 0.688235 0.270166 0.691176 0.268886 0.694118 0.267606 0.691176 0.267606 0.688235 0.266325 0.685294 0.267606 0.682353 0.266325 0.685294 0.265045 0.685294 0.263764 0.682353 0.263764 0.676471 0.262484 0.673529 0.263764 0.670588 0.263764 0.652941 0.262484 0.650000 0.262484 0.647059 0.261204 0.650000 0.259923 0.647059 0.258643 0.650000 0.256082 0.644118 0.252241 0.644118 0.252241 0.647059 0.253521 0.650000 0.252241 0.652941 0.252241 0.661765 0.250960 0.664706 0.249680 0.664706 0.248399 0.661765 0.248399 0.658824 0.247119 0.658824 0.245839 0.661765 0.244558 0.658824 0.244558 0.655882 0.243278 0.655882 0.243278 0.658824 0.244558 0.661765 0.244558 0.664706 0.245839 0.667647 0.245839 0.670588 0.248399 0.664706 0.249680 0.667647 0.250960 0.664706 0.252241 0.667647 0.252241 0.673529 0.253521 0.673529 0.256082 0.679412 0.256082 0.682353 0.261204 0.694118 0.259923 0.697059 0.259923 0.700000 0.259923 0.697059 0.261204 0.694118 0.261204 0.691176 0.262484 0.688235 0.263764 0.691176 0.265045 0.688235 0.266325 0.691176 0.267606 0.691176 0.268886 0.694118 0.267606 0.697059 0.266325 0.697059 0.267606 0.700000 0.266325 0.702941 0.263764 0.702941 0.263764 0.705882 0.262484 0.708824 0.259923 0.708824 0.259923 0.714706 0.258643 0.717647 0.257362 0.714706 0.254802 0.720588 0.253521 0.717647 0.252241 0.717647 0.252241 0.729412 0.253521 0.732353 0.253521 0.738235 0.252241 0.741176 0.252241 0.744118 0.253521 0.747059 0.253521 0.752941 0.254802 0.755882 0.256082 0.755882 0.257362 0.758824 0.256082 0.761765 0.254802 0.761765 0.256082 0.761765 0.257362 0.764706 0.256082 0.767647 0.256082 0.779412 0.254802 0.782353 0.252241 0.776471 0.252241 0.767647 0.250960 0.767647 0.249680 0.764706 0.250960 0.761765 0.250960 0.758824 0.249680 0.755882 0.250960 0.752941 0.250960 0.750000 0.249680 0.747059 0.249680 0.735294 0.248399 0.732353 0.248399 0.729412 0.249680 0.726471 0.249680 0.714706 0.248399 0.711765 0.247119 0.711765 0.245839 0.708824 0.245839 0.705882 0.248399 0.700000 0.249680 0.700000 0.250960 0.697059 0.252241 0.697059 0.249680 0.697059 0.248399 0.694118 0.249680 0.691176 0.248399 0.688235 0.248399 0.691176 0.247119 0.694118 0.244558 0.688235 0.244558 0.685294 0.243278 0.685294 0.241997 0.682353 0.241997 0.685294 0.243278 0.685294 0.244558 0.688235 0.244558 0.691176 0.245839 0.694118 0.244558 0.697059 0.244558 0.700000 0.241997 0.705882 0.240717 0.702941 0.240717 0.700000 0.241997 0.697059 0.241997 0.694118 0.239437 0.688235 0.239437 0.685294 0.238156 0.688235 0.236876 0.685294 0.236876 0.676471 0.235595 0.679412 0.233035 0.673529 0.230474 0.673529 0.230474 0.685294 0.231754 0.688235 0.231754 0.691176 0.229193 0.697059 0.226633 0.691176 0.226633 0.688235 0.227913 0.685294 0.226633 0.688235 0.226633 0.691176 0.225352 0.694118 0.224072 0.691176 0.222791 0.694118 0.221511 0.694118 0.224072 0.700000 0.222791 0.702941 0.221511 0.702941 0.220230 0.700000 0.218950 0.702941 0.217670 0.702941 0.216389 0.700000 0.216389 0.697059 0.217670 0.694118 0.216389 0.691176 0.217670 0.688235 0.218950 0.688235 0.218950 0.682353 0.220230 0.679412 0.220230 0.676471 0.221511 0.673529 0.221511 0.670588 0.224072 0.664706 0.224072 0.661765 0.225352 0.658824 0.225352 0.655882 0.224072 0.652941 0.224072 0.655882 0.222791 0.658824 0.220230 0.658824 0.220230 0.664706 0.217670 0.670588 0.217670 0.673529 0.216389 0.676471 0.215109 0.673529 0.215109 0.700000 0.213828 0.702941 0.213828 0.705882 0.212548 0.708824 0.212548 0.720588 0.209987 0.726471 0.208707 0.726471 0.207426 0.723529 0.207426 0.720588 0.206146 0.717647 0.208707 0.711765 0.208707 0.708824 0.207426 0.705882 0.207426 0.700000 0.208707 0.697059 0.208707 0.682353 0.206146 0.676471 0.206146 0.667647 0.206146 0.670588 0.204866 0.673529 0.202305 0.667647 0.202305 0.664706 0.201024 0.667647 0.201024 0.670588 0.202305 0.673529 0.202305 0.679412 0.203585 0.679412 0.204866 0.682353 0.204866 0.685294 0.203585 0.688235 0.203585 0.702941 0.202305 0.705882 0.201024 0.705882 0.201024 0.708824 0.199744 0.711765 0.199744 0.717647 0.198464 0.720588 0.197183 0.717647 0.197183 0.714706 0.197183 0.726471 0.195903 0.729412 0.195903 0.732353 0.194622 0.735294 0.192061 0.729412 0.193342 0.726471 0.190781 0.726471 0.190781 0.747059 0.189501 0.750000 0.188220 0.747059 0.188220 0.744118 0.185659 0.744118 0.184379 0.741176 0.185659 0.738235 0.185659 0.729412 0.186940 0.726471 0.186940 0.717647 0.189501 0.711765 0.189501 0.708824 0.190781 0.705882 0.189501 0.708824 0.189501 0.711765 0.188220 0.714706 0.186940 0.714706 0.185659 0.717647 0.184379 0.717647 0.185659 0.720588 0.185659 0.729412 0.184379 0.732353 0.184379 0.738235 0.183099 0.741176 0.181818 0.738235 0.181818 0.729412 0.183099 0.726471 0.183099 0.723529 0.181818 0.720588 0.181818 0.711765 0.183099 0.708824 0.183099 0.702941 0.184379 0.700000 0.185659 0.702941 0.186940 0.700000 0.186940 0.697059 0.188220 0.694118 0.188220 0.691176 0.186940 0.688235 0.186940 0.673529 0.185659 0.676471 0.184379 0.676471 0.183099 0.673529 0.184379 0.670588 0.184379 0.667647 0.185659 0.664706 0.185659 0.655882 0.184379 0.658824 0.183099 0.655882 0.181818 0.655882 0.181818 0.658824 0.180538 0.661765 0.179257 0.661765 0.177977 0.664706 0.177977 0.670588 0.175416 0.676471 0.174136 0.673529 0.174136 0.667647 0.171575 0.667647 0.171575 0.670588 0.170294 0.673529 0.169014 0.670588 0.169014 0.667647 0.169014 0.679412 0.167734 0.682353 0.165173 0.682353 0.162612 0.688235 0.161332 0.685294 0.160051 0.685294 0.158771 0.682353 0.157490 0.682353 0.156210 0.679412 0.156210 0.676471 0.157490 0.673529 0.154930 0.679412 0.153649 0.679412 0.152369 0.676471 0.152369 0.673529 0.149808 0.667647 0.147247 0.667647 0.144686 0.673529 0.144686 0.676471 0.145967 0.679412 0.145967 0.682353 0.147247 0.682353 0.148528 0.685294 0.148528 0.688235 0.149808 0.691176 0.149808 0.700000 0.151088 0.702941 0.151088 0.708824 0.152369 0.711765 0.148528 0.720588 0.151088 0.714706 0.152369 0.717647 0.152369 0.720588 0.153649 0.720588 0.154930 0.723529 0.154930 0.729412 0.157490 0.735294 0.157490 0.741176 0.160051 0.747059 0.160051 0.755882 0.161332 0.758824 0.161332 0.776471 0.162612 0.779412 0.161332 0.782353 0.160051 0.782353 0.158771 0.779412 0.157490 0.779412 0.156210 0.776471 0.156210 0.773529 0.156210 0.776471 0.154930 0.779412 0.151088 0.779412 0.151088 0.782353 0.152369 0.785294 0.152369 0.797059 0.153649 0.797059 0.156210 0.802941 0.156210 0.805882 0.157490 0.808824 0.157490 0.823529 0.156210 0.826471 0.154930 0.826471 0.153649 0.823529 0.153649 0.814706 0.152369 0.814706 0.151088 0.817647 0.149808 0.817647 0.148528 0.814706 0.148528 0.811765 0.147247 0.811765 0.145967 0.808824 0.145967 0.805882 0.143406 0.800000 0.144686 0.797059 0.144686 0.791176 0.143406 0.794118 0.142125 0.794118 0.139565 0.788235 0.140845 0.785294 0.142125 0.785294 0.140845 0.785294 0.139565 0.782353 0.140845 0.779412 0.138284 0.779412 0.135723 0.773529 0.135723 0.776471 0.137004 0.776471 0.138284 0.779412 0.137004 0.782353 0.138284 0.782353 0.139565 0.785294 0.138284 0.788235 0.140845 0.794118 0.140845 0.802941 0.139565 0.805882 0.137004 0.800000 0.137004 0.797059 0.135723 0.794118 0.135723 0.791176 0.133163 0.785294 0.135723 0.791176 0.135723 0.794118 0.137004 0.797059 0.137004 0.800000 0.138284 0.802941 0.138284 0.805882 0.140845 0.811765 0.140845 0.814706 0.142125 0.817647 0.140845 0.820588 0.139565 0.820588 0.135723 0.811765 0.135723 0.814706 0.137004 0.817647 0.137004 0.820588 0.138284 0.820588 0.140845 0.826471 0.139565 0.829412 0.140845 0.832353 0.142125 0.829412 0.143406 0.832353 0.143406 0.841176 0.144686 0.844118 0.144686 0.847059 0.143406 0.850000 0.140845 0.844118 0.140845 0.841176 0.138284 0.835294 0.138284 0.838235 0.137004 0.841176 0.137004 0.844118 0.138284 0.847059 0.138284 0.850000 0.139565 0.852941 0.139565 0.855882 0.138284 0.858824 0.138284 0.867647 0.139565 0.870588 0.138284 0.873529 0.140845 0.879412 0.138284 0.885294 0.135723 0.879412 0.135723 0.876471 0.133163 0.870588 0.133163 0.867647 0.130602 0.861765 0.130602 0.858824 0.129321 0.855882 0.128041 0.855882 0.125480 0.850000 0.124200 0.850000 0.122919 0.847059 0.121639 0.847059 0.119078 0.841176 0.117798 0.841176 0.116517 0.838235 0.115237 0.838235 0.112676 0.832353 0.116517 0.841176 0.117798 0.841176 0.121639 0.850000 0.121639 0.852941 0.124200 0.852941 0.125480 0.855882 0.125480 0.858824 0.126761 0.858824 0.128041 0.861765 0.128041 0.864706 0.131882 0.873529 0.131882 0.876471 0.135723 0.885294 0.135723 0.888235 0.139565 0.897059 0.139565 0.900000 0.140845 0.902941 0.140845 0.905882 0.139565 0.908824 0.131882 0.891176 0.134443 0.897059 0.134443 0.900000 0.135723 0.902941 0.135723 0.905882 0.138284 0.911765 0.138284 0.914706 0.140845 0.920588 0.140845 0.923529 0.142125 0.926471 0.142125 0.929412 0.139565 0.935294 0.138284 0.932353 0.137004 0.932353 0.134443 0.926471 0.135723 0.923529 0.134443 0.920588 0.133163 0.923529 0.131882 0.920588 0.131882 0.917647 0.129321 0.917647 0.126761 0.911765 0.125480 0.911765 0.124200 0.908824 0.122919 0.908824 0.121639 0.905882 0.120359 0.905882 0.117798 0.900000 0.116517 0.900000 0.115237 0.897059 0.113956 0.897059 0.112676 0.894118 0.115237 0.900000 0.116517 0.900000 0.120359 0.908824 0.121639 0.908824 0.126761 0.920588 0.128041 0.920588 0.134443 0.935294 0.133163 0.938235 0.131882 0.938235 0.129321 0.932353 0.128041 0.932353 0.126761 0.929412 0.125480 0.929412 0.122919 0.923529 0.121639 0.923529 0.120359 0.920588 0.124200 0.929412 0.125480 0.929412 0.126761 0.932353 0.125480 0.935294 0.126761 0.938235 0.125480 0.941176 0.124200 0.941176 0.121639 0.935294 0.135723 0.967647 0.137004 0.967647 0.143406 0.982353 0.143406 0.985294 0.144686 0.988235 0.143406 0.991176 0.142125 0.991176 0.143406 0.991176 0.144686 0.994118 0.145967 0.994118 0.147247 0.997059 0.160051 0.997059 0.161332 0.994118 0.162612 0.997059 0.165173 0.997059 0.165173 0.985294 0.163892 0.982353 0.163892 0.973529 0.162612 0.970588 0.162612 0.967647 0.158771 0.958824 0.158771 0.955882 0.160051 0.952941 0.161332 0.955882 0.161332 0.952941 0.160051 0.950000 0.160051 0.947059 0.156210 0.938235 0.156210 0.914706 0.158771 0.908824 0.160051 0.911765 0.160051 0.914706 0.158771 0.917647 0.160051 0.914706 0.161332 0.917647 0.161332 0.920588 0.162612 0.923529 0.162612 0.926471 0.163892 0.923529 0.162612 0.923529 0.161332 0.920588 0.162612 0.917647 0.162612 0.911765 0.163892 0.908824 0.163892 0.891176 0.162612 0.888235 0.162612 0.885294 0.160051 0.879412 0.158771 0.879412 0.156210 0.885294 0.154930 0.885294 0.153649 0.888235 0.152369 0.885294 0.152369 0.882353 0.151088 0.879412 0.151088 0.876471 0.149808 0.873529 0.149808 0.870588 0.148528 0.870588 0.147247 0.867647 0.148528 0.864706 0.147247 0.861765 0.148528 0.858824 0.149808 0.858824 0.149808 0.855882 0.148528 0.852941 0.148528 0.841176 0.147247 0.838235 0.147247 0.829412 0.145967 0.826471 0.145967 0.823529 0.148528 0.817647 0.149808 0.820588 0.151088 0.820588 0.152369 0.823529 0.151088 0.826471 0.151088 0.835294 0.152369 0.838235 0.152369 0.844118 0.153649 0.847059 0.153649 0.852941 0.156210 0.858824 0.156210 0.861765 0.157490 0.864706 0.157490 0.861765 0.156210 0.858824 0.156210 0.855882 0.157490 0.852941 0.158771 0.855882 0.157490 0.852941 0.157490 0.847059 0.158771 0.844118 0.160051 0.844118 0.161332 0.847059 0.161332 0.852941 0.162612 0.855882 0.162612 0.858824 0.161332 0.861765 0.161332 0.864706 0.165173 0.873529 0.165173 0.867647 0.163892 0.864706 0.163892 0.861765 0.165173 0.858824 0.165173 0.855882 0.163892 0.852941 0.163892 0.847059 0.165173 0.844118 0.166453 0.847059 0.166453 0.850000 0.169014 0.855882 0.167734 0.858824 0.169014 0.861765 0.169014 0.864706 0.170294 0.864706 0.171575 0.867647 0.170294 0.870588 0.170294 0.873529 0.169014 0.876471 0.170294 0.873529 0.171575 0.876471 0.171575 0.879412 0.172855 0.882353 0.172855 0.885294 0.171575 0.888235 0.172855 0.888235 0.172855 0.879412 0.174136 0.876471 0.174136 0.873529 0.172855 0.870588 0.174136 0.867647 0.175416 0.867647 0.176697 0.870588 0.176697 0.891176 0.175416 0.894118 0.176697 0.897059 0.176697 0.908824 0.176697 0.902941 0.177977 0.900000 0.179257 0.902941 0.179257 0.920588 0.180538 0.923529 0.180538 0.926471 0.181818 0.929412 0.181818 0.932353 0.183099 0.935294 0.183099 0.941176 0.184379 0.944118 0.184379 0.952941 0.181818 0.958824 0.180538 0.958824 0.179257 0.961765 0.180538 0.964706 0.180538 0.997059 0.186940 0.997059 0.185659 0.994118 0.185659 0.985294 0.186940 0.982353 0.188220 0.985294 0.188220 0.991176 0.189501 0.994118 0.189501 0.997059 0.201024 0.997059 0.202305 0.994118 0.203585 0.997059 0.221511 0.997059 0.220230 0.994118 0.220230 0.976471 0.221511 0.973529 0.222791 0.973529 0.222791 0.952941 0.221511 0.950000 0.222791 0.947059 0.225352 0.947059 0.227913 0.952941 0.227913 0.955882 0.225352 0.961765 0.225352 0.976471 0.226633 0.979412 0.226633 0.982353 0.225352 0.985294 0.224072 0.985294 0.224072 0.991176 0.225352 0.991176 0.226633 0.994118 0.225352 0.997059 0.247119 0.997059 0.247119 0.982353 0.248399 0.979412 0.249680 0.982353 0.249680 0.997059 0.252241 0.997059 0.252241 0.988235 0.253521 0.985294 0.254802 0.988235 0.254802 0.997059 0.254802 0.988235 0.256082 0.985294 0.257362 0.988235 0.257362 0.997059 0.263764 0.997059 0.262484 0.997059 0.261204 0.994118 0.261204 0.988235 0.263764 0.982353 0.263764 0.979412 0.263764 0.982353 0.262484 0.985294 0.261204 0.985294 0.259923 0.982353 0.259923 0.973529 0.261204 0.970588 0.262484 0.973529 0.262484 0.961765 0.263764 0.958824 0.265045 0.961765 0.265045 0.967647 0.266325 0.970588 0.265045 0.967647 0.265045 0.958824 0.266325 0.955882 0.267606 0.958824 0.267606 0.961765 0.268886 0.964706 0.268886 0.967647 0.270166 0.970588 0.270166 0.973529 0.271447 0.976471 0.270166 0.979412 0.271447 0.979412 0.272727 0.982353 0.271447 0.985294 0.271447 0.988235 0.270166 0.991176 0.270166 0.997059 0.280410 0.997059 0.281690 0.994118 0.282971 0.997059 0.290653 0.997059 0.290653 0.994118 0.291933 0.991176 0.293214 0.994118 0.293214 0.997059 0.294494 0.997059 0.295775 0.994118 0.297055 0.997059 0.298335 0.997059 0.295775 0.991176 0.297055 0.988235 0.298335 0.988235 0.300896 0.994118 0.300896 0.997059 0.304738 0.997059 0.303457 0.994118 0.303457 0.979412 0.304738 0.976471 0.306018 0.979412 0.306018 0.982353 0.307298 0.985294 0.307298 0.997059 0.308579 0.997059 0.308579 0.976471 0.307298 0.973529 0.307298 0.944118 0.308579 0.941176 0.309859 0.944118 0.309859 0.967647 0.311140 0.970588 0.311140 0.973529 0.312420 0.976471 0.312420 0.982353 0.313700 0.982353 0.314981 0.985294 0.314981 0.988235 0.313700 0.991176 0.313700 0.994118 0.314981 0.997059 0.317542 0.997059 0.317542 0.994118 0.318822 0.991176 0.320102 0.991176 0.321383 0.994118 0.320102 0.997059 0.322663 0.997059 0.322663 0.991176 0.321383 0.988235 0.321383 0.985294 0.320102 0.982353 0.320102 0.964706 0.318822 0.961765 0.318822 0.952941 0.317542 0.950000 0.317542 0.941176 0.316261 0.941176 0.316261 0.952941 0.314981 0.955882 0.313700 0.952941 0.314981 0.955882 0.314981 0.961765 0.313700 0.964706 0.312420 0.964706 0.311140 0.961765 0.311140 0.938235 0.309859 0.938235 0.308579 0.941176 0.307298 0.938235 0.307298 0.935294 0.306018 0.932353 0.306018 0.929412 0.304738 0.926471 0.304738 0.920588 0.303457 0.917647 0.303457 0.914706 0.304738 0.911765 0.306018 0.914706 0.306018 0.897059 0.304738 0.894118 0.306018 0.891176 0.306018 0.873529 0.307298 0.870588 0.308579 0.873529 0.308579 0.876471 0.309859 0.879412 0.309859 0.882353 0.308579 0.885294 0.308579 0.891176 0.309859 0.894118 0.309859 0.905882 0.309859 0.902941 0.311140 0.900000 0.312420 0.902941 0.312420 0.917647 0.311140 0.920588 0.312420 0.923529 0.312420 0.926471 0.313700 0.923529 0.313700 0.905882 0.312420 0.902941 0.312420 0.897059 0.314981 0.891176 0.316261 0.891176 0.314981 0.888235 0.316261 0.885294 0.316261 0.882353 0.316261 0.885294 0.314981 0.888235 0.313700 0.885294 0.313700 0.876471 0.312420 0.873529 0.312420 0.870588 0.313700 0.867647 0.314981 0.870588 0.314981 0.864706 0.313700 0.861765 0.313700 0.844118 0.312420 0.841176 0.312420 0.829412 0.313700 0.826471 0.314981 0.829412 0.314981 0.835294 0.317542 0.841176 0.317542 0.852941 0.318822 0.855882 0.318822 0.861765 0.320102 0.864706 0.320102 0.858824 0.321383 0.855882 0.321383 0.852941 0.320102 0.850000 0.321383 0.847059 0.321383 0.844118 0.322663 0.841176 0.323944 0.844118 0.323944 0.852941 0.325224 0.855882 0.325224 0.858824 0.322663 0.864706 0.322663 0.900000 0.321383 0.902941 0.321383 0.917647 0.320102 0.920588 0.321383 0.923529 0.321383 0.932353 0.322663 0.935294 0.322663 0.944118 0.323944 0.947059 0.323944 0.952941 0.325224 0.955882 0.325224 0.964706 0.326504 0.967647 0.326504 0.976471 0.327785 0.979412 0.327785 0.988235 0.330346 0.994118 0.330346 0.997059 0.334187 0.997059 0.334187 0.988235 0.335467 0.985294 0.335467 0.973529 0.336748 0.970588 0.338028 0.973529 0.338028 0.991176 0.339309 0.988235 0.339309 0.985294 0.340589 0.982353 0.340589 0.979412 0.339309 0.976471 0.339309 0.970588 0.340589 0.967647 0.341869 0.967647 0.343150 0.964706 0.343150 0.961765 0.344430 0.958824 0.345711 0.961765 0.345711 0.976471 0.343150 0.982353 0.345711 0.988235 0.344430 0.991176 0.344430 0.994118 0.343150 0.997059 0.367478 0.997059 0.367478 0.991176 0.368758 0.988235 0.368758 0.985294 0.370038 0.982353 0.371319 0.985294 0.371319 0.991176 0.370038 0.994118 0.370038 0.997059 0.371319 0.994118 0.372599 0.997059 0.373880 0.994118 0.375160 0.997059 0.375160 0.994118 0.373880 0.991176 0.373880 0.976471 0.372599 0.973529 0.372599 0.970588 0.371319 0.967647 0.371319 0.964706 0.372599 0.961765 0.372599 0.958824 0.371319 0.958824 0.370038 0.955882 0.370038 0.947059 0.371319 0.944118 0.371319 0.938235 0.372599 0.935294 0.372599 0.929412 0.373880 0.926471 0.375160 0.926471 0.376440 0.929412 0.376440 0.950000 0.375160 0.952941 0.376440 0.955882 0.375160 0.958824 0.376440 0.961765 0.375160 0.964706 0.375160 0.970588 0.376440 0.973529 0.376440 0.985294 0.377721 0.988235 0.377721 0.997059 0.379001 0.997059 0.380282 0.994118 0.381562 0.997059 0.382843 0.997059 0.382843 0.991176 0.381562 0.988235 0.381562 0.982353 0.380282 0.979412 0.380282 0.964706 0.379001 0.961765 0.379001 0.950000 0.377721 0.947059 0.377721 0.932353 0.376440 0.929412 0.376440 0.917647 0.376440 0.923529 0.375160 0.926471 0.373880 0.926471 0.372599 0.923529 0.372599 0.920588 0.373880 0.917647 0.373880 0.905882 0.376440 0.900000 0.377721 0.902941 0.377721 0.908824 0.379001 0.911765 0.379001 0.920588 0.380282 0.923529 0.380282 0.929412 0.381562 0.932353 0.381562 0.938235 0.382843 0.941176 0.382843 0.950000 0.384123 0.952941 0.384123 0.958824 0.385403 0.961765 0.385403 0.967647 0.386684 0.970588 0.386684 0.997059 0.387964 0.997059 0.387964 0.991176 0.389245 0.988235 0.390525 0.991176 0.390525 0.994118 0.391805 0.997059 0.398207 0.997059 0.398207 0.991176 0.399488 0.988235 0.400768 0.991176 0.400768 0.994118 0.400768 0.967647 0.399488 0.964706 0.399488 0.947059 0.398207 0.944118 0.399488 0.941176 0.398207 0.938235 0.398207 0.923529 0.396927 0.920588 0.398207 0.917647 0.396927 0.914706 0.396927 0.902941 0.398207 0.900000 0.399488 0.900000 0.400768 0.902941 0.399488 0.905882 0.399488 0.908824 0.400768 0.911765 0.400768 0.917647 0.402049 0.920588 0.402049 0.926471 0.403329 0.929412 0.403329 0.935294 0.404609 0.938235 0.404609 0.950000 0.405890 0.952941 0.405890 0.961765 0.407170 0.964706 0.407170 0.967647 0.408451 0.970588 0.408451 0.982353 0.409731 0.985294 0.409731 0.988235 0.411012 0.991176 0.411012 0.997059 0.411012 0.985294 0.412292 0.982353 0.413572 0.985294 0.413572 0.991176 0.414853 0.994118 0.414853 0.997059 0.416133 0.997059 0.417414 0.994118 0.418694 0.994118 0.417414 0.991176 0.416133 0.991176 0.414853 0.988235 0.414853 0.941176 0.413572 0.938235 0.413572 0.905882 0.414853 0.902941 0.413572 0.900000 0.413572 0.873529 0.412292 0.870588 0.412292 0.864706 0.413572 0.861765 0.413572 0.850000 0.412292 0.847059 0.412292 0.838235 0.411012 0.835294 0.412292 0.832353 0.413572 0.832353 0.413572 0.826471 0.412292 0.823529 0.412292 0.814706 0.414853 0.808824 0.413572 0.808824 0.412292 0.805882 0.412292 0.802941 0.411012 0.800000 0.411012 0.791176 0.412292 0.788235 0.414853 0.788235 0.411012 0.779412 0.411012 0.776471 0.412292 0.773529 0.411012 0.770588 0.412292 0.767647 0.413572 0.767647 0.413572 0.761765 0.412292 0.758824 0.412292 0.750000 0.413572 0.747059 0.413572 0.723529 0.411012 0.717647 0.413572 0.711765 0.413572 0.708824 0.414853 0.705882 0.413572 0.702941 0.413572 0.705882 0.412292 0.708824 0.412292 0.714706 0.409731 0.720588 0.408451 0.717647 0.408451 0.702941 0.409731 0.700000 0.409731 0.694118 0.411012 0.691176 0.411012 0.688235 0.412292 0.685294 0.412292 0.679412 0.413572 0.676471 0.413572 0.667647 0.412292 0.664706 0.412292 0.655882 0.413572 0.652941 0.414853 0.655882 0.413572 0.652941 0.414853 0.650000 0.413572 0.652941 0.412292 0.650000 0.412292 0.647059 0.411012 0.647059 0.411012 0.658824 0.409731 0.661765 0.412292 0.667647 0.412292 0.673529 0.411012 0.676471 0.411012 0.682353 0.409731 0.685294 0.409731 0.688235 0.411012 0.691176 0.409731 0.694118 0.408451 0.694118 0.408451 0.720588 0.407170 0.723529 0.405890 0.720588 0.405890 0.717647 0.404609 0.714706 0.404609 0.702941 0.405890 0.700000 0.405890 0.694118 0.404609 0.691176 0.404609 0.682353 0.405890 0.679412 0.405890 0.664706 0.404609 0.661765 0.405890 0.658824 0.404609 0.655882 0.404609 0.652941 0.405890 0.650000 0.405890 0.632353 0.405890 0.635294 0.404609 0.638235 0.403329 0.638235 0.403329 0.644118 0.402049 0.647059 0.402049 0.652941 0.400768 0.655882 0.399488 0.652941 0.399488 0.638235 0.399488 0.676471 0.398207 0.679412 0.396927 0.676471 0.396927 0.661765 0.396927 0.667647 0.395647 0.670588 0.393086 0.664706 0.393086 0.652941 0.394366 0.650000 0.394366 0.644118 0.395647 0.641176 0.395647 0.635294 0.394366 0.635294 0.393086 0.638235 0.393086 0.644118 0.394366 0.647059 0.391805 0.652941 0.391805 0.661765 0.390525 0.664706 0.389245 0.664706 0.387964 0.661765 0.387964 0.658824 0.386684 0.655882 0.386684 0.647059 0.384123 0.647059 0.382843 0.650000 0.382843 0.658824 0.381562 0.661765 0.379001 0.655882 0.380282 0.658824 0.379001 0.661765 0.379001 0.664706 0.377721 0.667647 0.379001 0.670588 0.379001 0.673529 0.377721 0.676471 0.379001 0.679412 0.379001 0.682353 0.377721 0.685294 0.377721 0.702941 0.376440 0.705882 0.377721 0.705882 0.379001 0.708824 0.377721 0.711765 0.376440 0.711765 0.375160 0.714706 0.377721 0.720588 0.377721 0.744118 0.376440 0.747059 0.375160 0.744118 0.376440 0.747059 0.376440 0.755882 0.375160 0.758824 0.375160 0.761765 0.376440 0.764706 0.376440 0.767647 0.375160 0.770588 0.375160 0.797059 0.373880 0.800000 0.373880 0.802941 0.372599 0.805882 0.372599 0.808824 0.371319 0.811765 0.370038 0.808824 0.370038 0.805882 0.368758 0.802941 0.368758 0.797059 0.370038 0.794118 0.368758 0.794118 0.367478 0.791176 0.368758 0.788235 0.368758 0.782353 0.367478 0.779412 0.367478 0.776471 0.368758 0.773529 0.371319 0.779412 0.371319 0.741176 0.371319 0.750000 0.370038 0.752941 0.368758 0.750000 0.368758 0.735294 0.370038 0.732353 0.371319 0.732353 0.371319 0.700000 0.372599 0.697059 0.372599 0.685294 0.371319 0.688235 0.371319 0.702941 0.370038 0.705882 0.368758 0.702941 0.368758 0.682353 0.370038 0.679412 0.370038 0.673529 0.371319 0.670588 0.372599 0.673529 0.373880 0.673529 0.373880 0.664706 0.372599 0.667647 0.371319 0.664706 0.371319 0.658824 0.367478 0.658824 0.366197 0.655882 0.364917 0.655882 0.364917 0.661765 0.363636 0.664706 0.361076 0.658824 0.362356 0.655882 0.361076 0.655882 0.359795 0.652941 0.361076 0.650000 0.361076 0.647059 0.358515 0.641176 0.358515 0.635294 0.357234 0.635294
2 0.471191 0.629412 0.468630 0.635294 0.467350 0.635294 0.467350 0.638235 0.466069 0.641176 0.466069 0.650000 0.462228 0.658824 0.463508 0.655882 0.466069 0.661765 0.466069 0.664706 0.464789 0.667647 0.463508 0.664706 0.463508 0.667647 0.460948 0.673529 0.459667 0.670588 0.459667 0.652941 0.460948 0.650000 0.460948 0.647059 0.462228 0.644118 0.460948 0.641176 0.459667 0.644118 0.460948 0.647059 0.460948 0.650000 0.459667 0.652941 0.459667 0.664706 0.458387 0.667647 0.457106 0.664706 0.457106 0.661765 0.455826 0.658824 0.455826 0.650000 0.457106 0.647059 0.455826 0.644118 0.455826 0.638235 0.457106 0.635294 0.457106 0.632353 0.454545 0.632353 0.453265 0.635294 0.454545 0.638235 0.453265 0.641176 0.453265 0.655882 0.451985 0.658824 0.450704 0.655882 0.450704 0.647059 0.449424 0.644118 0.449424 0.632353 0.449424 0.635294 0.448143 0.638235 0.448143 0.641176 0.446863 0.644118 0.446863 0.652941 0.444302 0.658824 0.443022 0.655882 0.443022 0.658824 0.444302 0.661765 0.443022 0.664706 0.443022 0.670588 0.441741 0.673529 0.440461 0.670588 0.440461 0.667647 0.440461 0.685294 0.439181 0.688235 0.437900 0.685294 0.437900 0.670588 0.436620 0.667647 0.436620 0.650000 0.435339 0.647059 0.435339 0.641176 0.434059 0.644118 0.432778 0.641176 0.432778 0.638235 0.434059 0.635294 0.432778 0.632353 0.430218 0.632353 0.430218 0.635294 0.431498 0.638235 0.431498 0.641176 0.430218 0.644118 0.428937 0.644118 0.427657 0.641176 0.427657 0.644118 0.426376 0.647059 0.426376 0.658824 0.425096 0.661765 0.425096 0.691176 0.423816 0.694118 0.423816 0.697059 0.426376 0.697059 0.426376 0.685294 0.427657 0.682353 0.428937 0.685294 0.428937 0.694118 0.430218 0.697059 0.430218 0.700000 0.428937 0.702941 0.428937 0.711765 0.427657 0.714706 0.427657 0.720588 0.426376 0.723529 0.426376 0.726471 0.425096 0.729412 0.423816 0.726471 0.423816 0.720588 0.425096 0.717647 0.425096 0.711765 0.426376 0.708824 0.425096 0.711765 0.423816 0.708824 0.423816 0.726471 0.425096 0.729412 0.425096 0.744118 0.426376 0.747059 0.426376 0.761765 0.427657 0.764706 0.427657 0.779412 0.428937 0.782353 0.428937 0.785294 0.428937 0.782353 0.430218 0.779412 0.431498 0.782353 0.431498 0.788235 0.430218 0.791176 0.430218 0.814706 0.431498 0.817647 0.431498 0.820588 0.432778 0.820588 0.434059 0.817647 0.435339 0.817647 0.436620 0.820588 0.435339 0.823529 0.435339 0.826471 0.434059 0.829412 0.434059 0.832353 0.432778 0.835294 0.434059 0.838235 0.432778 0.841176 0.432778 0.852941 0.431498 0.855882 0.431498 0.897059 0.432778 0.900000 0.432778 0.905882 0.435339 0.911765 0.435339 0.914706 0.436620 0.917647 0.436620 0.929412 0.437900 0.932353 0.437900 0.944118 0.439181 0.947059 0.439181 0.958824 0.440461 0.955882 0.441741 0.958824 0.441741 0.961765 0.440461 0.964706 0.440461 0.970588 0.439181 0.973529 0.437900 0.973529 0.436620 0.970588 0.437900 0.967647 0.437900 0.964706 0.436620 0.961765 0.436620 0.958824 0.435339 0.958824 0.434059 0.955882 0.435339 0.952941 0.434059 0.955882 0.432778 0.952941 0.432778 0.950000 0.434059 0.947059 0.432778 0.944118 0.432778 0.932353 0.431498 0.929412 0.431498 0.920588 0.431498 0.944118 0.430218 0.947059 0.428937 0.944118 0.428937 0.935294 0.427657 0.932353 0.427657 0.929412 0.426376 0.926471 0.426376 0.900000 0.425096 0.900000 0.425096 0.905882 0.426376 0.908824 0.425096 0.911765 0.425096 0.929412 0.426376 0.932353 0.426376 0.944118 0.425096 0.947059 0.423816 0.944118 0.423816 0.941176 0.423816 0.961765 0.425096 0.964706 0.423816 0.967647 0.423816 0.976471 0.425096 0.976471 0.426376 0.979412 0.425096 0.982353 0.425096 0.991176 0.422535 0.997059 0.421255 0.997059 0.430218 0.997059 0.430218 0.991176 0.431498 0.988235 0.434059 0.994118 0.434059 0.997059 0.436620 0.997059 0.437900 0.994118 0.437900 0.988235 0.439181 0.985294 0.440461 0.988235 0.440461 0.991176 0.441741 0.994118 0.441741 0.997059 0.444302 0.997059 0.444302 0.985294 0.445583 0.982353 0.446863 0.985294 0.446863 0.994118 0.448143 0.997059 0.448143 0.973529 0.446863 0.970588 0.446863 0.958824 0.448143 0.955882 0.449424 0.958824 0.449424 0.967647 0.449424 0.952941 0.450704 0.950000 0.450704 0.941176 0.449424 0.938235 0.449424 0.935294 0.450704 0.932353 0.450704 0.914706 0.451985 0.911765 0.453265 0.914706 0.453265 0.920588 0.454545 0.923529 0.454545 0.926471 0.455826 0.929412 0.455826 0.950000 0.454545 0.952941 0.454545 0.961765 0.453265 0.964706 0.453265 0.991176 0.455826 0.997059 0.457106 0.994118 0.458387 0.997059 0.463508 0.997059 0.463508 0.994118 0.464789 0.991176 0.466069 0.994118 0.466069 0.997059 0.466069 0.994118 0.464789 0.991176 0.466069 0.988235 0.464789 0.985294 0.466069 0.982353 0.466069 0.979412 0.464789 0.976471 0.464789 0.961765 0.463508 0.958824 0.464789 0.955882 0.464789 0.952941 0.463508 0.955882 0.462228 0.952941 0.462228 0.935294 0.463508 0.932353 0.464789 0.932353 0.467350 0.938235 0.467350 0.944118 0.468630 0.947059 0.467350 0.950000 0.467350 0.970588 0.468630 0.973529 0.468630 0.997059 0.471191 0.997059 0.472471 0.994118 0.473752 0.997059 0.476312 0.997059 0.476312 0.985294 0.477593 0.982353 0.480154 0.988235 0.480154 0.997059 0.483995 0.997059 0.485275 0.994118 0.486556 0.997059 0.498079 0.997059 0.499360 0.994118 0.500640 0.997059 0.505762 0.997059 0.505762 0.991176 0.504481 0.988235 0.504481 0.961765 0.503201 0.958824 0.503201 0.955882 0.503201 0.961765 0.501921 0.964706 0.499360 0.958824 0.499360 0.944118 0.500640 0.941176 0.500640 0.935294 0.501921 0.932353 0.503201 0.935294 0.501921 0.932353 0.501921 0.923529 0.500640 0.920588 0.501921 0.917647 0.501921 0.908824 0.503201 0.905882 0.503201 0.891176 0.504481 0.888235 0.504481 0.873529 0.505762 0.870588 0.507042 0.873529 0.507042 0.897059 0.508323 0.900000 0.507042 0.902941 0.507042 0.935294 0.505762 0.938235 0.505762 0.944118 0.507042 0.947059 0.507042 0.955882 0.508323 0.958824 0.508323 0.967647 0.509603 0.970588 0.509603 0.979412 0.510883 0.982353 0.510883 0.985294 0.512164 0.982353 0.512164 0.947059 0.510883 0.944118 0.512164 0.941176 0.512164 0.926471 0.513444 0.923529 0.513444 0.902941 0.512164 0.900000 0.512164 0.894118 0.513444 0.891176 0.513444 0.870588 0.512164 0.867647 0.512164 0.861765 0.510883 0.858824 0.510883 0.838235 0.512164 0.835294 0.510883 0.832353 0.510883 0.823529 0.512164 0.820588 0.512164 0.817647 0.510883 0.817647 0.509603 0.814706 0.510883 0.811765 0.510883 0.797059 0.512164 0.794118 0.513444 0.797059 0.514725 0.797059 0.516005 0.800000 0.516005 0.826471 0.514725 0.829412 0.514725 0.838235 0.516005 0.841176 0.516005 0.844118 0.517286 0.841176 0.518566 0.844118 0.518566 0.847059 0.516005 0.852941 0.516005 0.861765 0.517286 0.864706 0.517286 0.867647 0.516005 0.870588 0.516005 0.929412 0.517286 0.932353 0.517286 0.982353 0.518566 0.985294 0.518566 0.997059 0.522407 0.997059 0.522407 0.982353 0.521127 0.979412 0.521127 0.970588 0.522407 0.967647 0.521127 0.964706 0.521127 0.961765 0.519846 0.964706 0.519846 0.967647 0.521127 0.970588 0.521127 0.979412 0.519846 0.982353 0.518566 0.979412 0.518566 0.976471 0.517286 0.973529 0.517286 0.950000 0.518566 0.947059 0.518566 0.935294 0.519846 0.932353 0.519846 0.929412 0.521127 0.926471 0.521127 0.920588 0.523688 0.914706 0.522407 0.911765 0.523688 0.908824 0.526248 0.908824 0.527529 0.911765 0.527529 0.914706 0.530090 0.920588 0.531370 0.920588 0.532650 0.923529 0.532650 0.926471 0.533931 0.926471 0.535211 0.929412 0.535211 0.932353 0.533931 0.935294 0.533931 0.938235 0.535211 0.941176 0.535211 0.950000 0.536492 0.952941 0.536492 0.958824 0.536492 0.935294 0.537772 0.932353 0.539052 0.935294 0.539052 0.967647 0.537772 0.970588 0.539052 0.973529 0.539052 0.982353 0.540333 0.985294 0.540333 0.997059 0.560819 0.997059 0.564661 0.988235 0.564661 0.982353 0.565941 0.979412 0.567222 0.982353 0.567222 0.988235 0.568502 0.985294 0.568502 0.982353 0.567222 0.979412 0.568502 0.976471 0.569782 0.976471 0.571063 0.979412 0.571063 0.988235 0.569782 0.991176 0.569782 0.997059 0.574904 0.997059 0.576184 0.994118 0.577465 0.997059 0.577465 0.970588 0.578745 0.967647 0.580026 0.970588 0.580026 0.979412 0.580026 0.964706 0.581306 0.961765 0.582586 0.961765 0.583867 0.958824 0.586428 0.958824 0.588988 0.964706 0.588988 0.973529 0.590269 0.976471 0.590269 0.985294 0.591549 0.988235 0.591549 0.997059 0.603073 0.997059 0.603073 0.976471 0.601793 0.973529 0.601793 0.979412 0.600512 0.982353 0.597951 0.976471 0.599232 0.973529 0.599232 0.958824 0.601793 0.952941 0.603073 0.955882 0.603073 0.961765 0.604353 0.964706 0.604353 0.967647 0.605634 0.970588 0.605634 0.997059 0.610755 0.997059 0.610755 0.952941 0.612036 0.950000 0.612036 0.902941 0.610755 0.900000 0.609475 0.900000 0.606914 0.894118 0.605634 0.894118 0.604353 0.891176 0.603073 0.891176 0.601793 0.888235 0.600512 0.888235 0.600512 0.894118 0.601793 0.897059 0.601793 0.914706 0.603073 0.917647 0.603073 0.920588 0.601793 0.923529 0.597951 0.914706 0.599232 0.911765 0.599232 0.908824 0.597951 0.905882 0.597951 0.885294 0.595391 0.879412 0.594110 0.882353 0.592830 0.879412 0.592830 0.876471 0.591549 0.873529 0.588988 0.873529 0.587708 0.870588 0.586428 0.870588 0.583867 0.864706 0.582586 0.864706 0.581306 0.861765 0.580026 0.861765 0.578745 0.858824 0.577465 0.858824 0.576184 0.855882 0.572343 0.855882 0.571063 0.852941 0.571063 0.850000 0.569782 0.847059 0.569782 0.864706 0.571063 0.867647 0.571063 0.885294 0.569782 0.888235 0.568502 0.888235 0.567222 0.885294 0.567222 0.882353 0.565941 0.879412 0.565941 0.876471 0.564661 0.873529 0.564661 0.870588 0.562100 0.864706 0.562100 0.861765 0.563380 0.858824 0.563380 0.850000 0.564661 0.847059 0.564661 0.841176 0.563380 0.841176 0.563380 0.844118 0.562100 0.847059 0.560819 0.844118 0.560819 0.838235 0.559539 0.835294 0.556978 0.835294 0.555698 0.832353 0.554417 0.832353 0.553137 0.829412 0.551857 0.829412 0.550576 0.826471 0.549296 0.826471 0.548015 0.823529 0.545455 0.823529 0.544174 0.820588 0.542894 0.820588 0.541613 0.817647 0.540333 0.817647 0.539052 0.814706 0.537772 0.814706 0.537772 0.826471 0.536492 0.829412 0.535211 0.829412 0.532650 0.823529 0.533931 0.820588 0.535211 0.820588 0.535211 0.817647 0.533931 0.814706 0.533931 0.811765 0.532650 0.811765 0.531370 0.814706 0.530090 0.811765 0.530090 0.820588 0.531370 0.823529 0.531370 0.832353 0.530090 0.835294 0.531370 0.838235 0.530090 0.841176 0.528809 0.841176 0.527529 0.838235 0.527529 0.814706 0.526248 0.817647 0.524968 0.817647 0.523688 0.814706 0.523688 0.808824 0.524968 0.805882 0.526248 0.805882 0.524968 0.802941 0.522407 0.802941 0.521127 0.800000 0.518566 0.800000 0.517286 0.797059 0.516005 0.800000 0.513444 0.794118 0.510883 0.794118 0.509603 0.791176 0.508323 0.791176 0.507042 0.788235 0.504481 0.788235 0.503201 0.785294 0.504481 0.782353 0.508323 0.782353 0.509603 0.785294 0.513444 0.785294 0.514725 0.782353 0.514725 0.773529 0.516005 0.770588 0.517286 0.773529 0.517286 0.779412 0.518566 0.782353 0.516005 0.788235 0.519846 0.788235 0.521127 0.791176 0.526248 0.791176 0.526248 0.788235 0.524968 0.785294 0.526248 0.782353 0.527529 0.782353 0.527529 0.779412 0.528809 0.776471 0.530090 0.779412 0.530090 0.794118 0.531370 0.794118 0.531370 0.782353 0.528809 0.776471 0.530090 0.773529 0.530090 0.770588 0.531370 0.767647 0.533931 0.773529 0.533931 0.776471 0.535211 0.779412 0.535211 0.785294 0.537772 0.791176 0.537772 0.802941 0.540333 0.802941 0.541613 0.805882 0.544174 0.805882 0.545455 0.808824 0.546735 0.808824 0.548015 0.811765 0.549296 0.811765 0.550576 0.814706 0.553137 0.814706 0.554417 0.817647 0.555698 0.817647 0.556978 0.820588 0.558259 0.820588 0.559539 0.823529 0.560819 0.823529 0.562100 0.826471 0.563380 0.823529 0.563380 0.811765 0.564661 0.808824 0.564661 0.805882 0.565941 0.802941 0.567222 0.802941 0.568502 0.805882 0.567222 0.808824 0.567222 0.832353 0.567222 0.823529 0.568502 0.820588 0.569782 0.823529 0.569782 0.832353 0.569782 0.826471 0.571063 0.823529 0.572343 0.826471 0.572343 0.838235 0.573624 0.838235 0.574904 0.841176 0.576184 0.841176 0.577465 0.844118 0.578745 0.844118 0.580026 0.847059 0.581306 0.847059 0.583867 0.852941 0.585147 0.852941 0.586428 0.855882 0.587708 0.855882 0.590269 0.861765 0.591549 0.861765 0.592830 0.858824 0.594110 0.861765 0.595391 0.861765 0.595391 0.852941 0.596671 0.850000 0.596671 0.841176 0.597951 0.838235 0.599232 0.841176 0.599232 0.861765 0.600512 0.864706 0.600512 0.873529 0.601793 0.873529 0.601793 0.867647 0.603073 0.864706 0.604353 0.867647 0.604353 0.879412 0.606914 0.885294 0.608195 0.885294 0.609475 0.888235 0.610755 0.888235 0.612036 0.891176 0.612036 0.882353 0.610755 0.879412 0.610755 0.873529 0.612036 0.870588 0.613316 0.873529 0.613316 0.876471 0.613316 0.844118 0.614597 0.841176 0.615877 0.844118 0.615877 0.855882 0.623560 0.855882 0.623560 0.852941 0.624840 0.850000 0.626120 0.850000 0.626120 0.847059 0.624840 0.844118 0.626120 0.841176 0.623560 0.835294 0.624840 0.832353 0.626120 0.832353 0.624840 0.832353 0.622279 0.826471 0.620999 0.826471 0.619718 0.823529 0.620999 0.820588 0.624840 0.820588 0.624840 0.817647 0.623560 0.814706 0.623560 0.811765 0.620999 0.811765 0.619718 0.808824 0.623560 0.800000 0.620999 0.794118 0.622279 0.791176 0.623560 0.791176 0.624840 0.788235 0.627401 0.788235 0.628681 0.791176 0.628681 0.797059 0.628681 0.791176 0.629962 0.788235 0.631242 0.791176 0.631242 0.794118 0.632522 0.794118 0.633803 0.797059 0.633803 0.805882 0.638924 0.805882 0.640205 0.808824 0.637644 0.814706 0.636364 0.814706 0.635083 0.817647 0.636364 0.817647 0.640205 0.808824 0.641485 0.811765 0.641485 0.814706 0.640205 0.817647 0.640205 0.820588 0.641485 0.820588 0.644046 0.826471 0.642766 0.829412 0.644046 0.826471 0.645327 0.826471 0.646607 0.829412 0.644046 0.835294 0.645327 0.832353 0.647887 0.838235 0.647887 0.847059 0.649168 0.850000 0.650448 0.847059 0.653009 0.847059 0.654289 0.850000 0.655570 0.850000 0.656850 0.847059 0.658131 0.847059 0.659411 0.850000 0.659411 0.852941 0.660691 0.855882 0.663252 0.855882 0.664533 0.858824 0.661972 0.864706 0.664533 0.870588 0.665813 0.870588 0.667093 0.873529 0.665813 0.876471 0.664533 0.876471 0.663252 0.879412 0.664533 0.882353 0.664533 0.885294 0.665813 0.888235 0.665813 0.894118 0.667093 0.897059 0.667093 0.902941 0.668374 0.905882 0.668374 0.908824 0.669654 0.911765 0.668374 0.914706 0.670935 0.920588 0.670935 0.926471 0.672215 0.929412 0.672215 0.935294 0.673496 0.938235 0.673496 0.944118 0.674776 0.947059 0.676056 0.947059 0.677337 0.950000 0.674776 0.955882 0.673496 0.955882 0.673496 0.970588 0.672215 0.973529 0.673496 0.976471 0.673496 0.982353 0.674776 0.985294 0.673496 0.988235 0.672215 0.988235 0.669654 0.982353 0.669654 0.979412 0.668374 0.976471 0.667093 0.976471 0.665813 0.973529 0.663252 0.979412 0.661972 0.976471 0.660691 0.976471 0.659411 0.973529 0.660691 0.976471 0.660691 0.985294 0.659411 0.988235 0.659411 0.997059 0.702945 0.997059 0.702945 0.985294 0.704225 0.982353 0.705506 0.985294 0.705506 0.997059 0.710627 0.997059 0.710627 0.994118 0.709347 0.991176 0.709347 0.979412 0.710627 0.976471 0.709347 0.979412 0.708067 0.976471 0.708067 0.970588 0.709347 0.967647 0.710627 0.967647 0.710627 0.955882 0.711908 0.952941 0.711908 0.950000 0.713188 0.947059 0.713188 0.935294 0.714469 0.932353 0.715749 0.935294 0.715749 0.964706 0.718310 0.964706 0.717029 0.961765 0.717029 0.955882 0.719590 0.950000 0.719590 0.947059 0.720871 0.944118 0.722151 0.947059 0.723431 0.947059 0.723431 0.944118 0.722151 0.941176 0.722151 0.935294 0.720871 0.932353 0.720871 0.926471 0.719590 0.923529 0.719590 0.914706 0.720871 0.911765 0.720871 0.902941 0.719590 0.900000 0.720871 0.897059 0.720871 0.891176 0.719590 0.888235 0.719590 0.885294 0.718310 0.882353 0.718310 0.879412 0.715749 0.879412 0.714469 0.876471 0.713188 0.876471 0.708067 0.864706 0.705506 0.864706 0.705506 0.867647 0.704225 0.870588 0.704225 0.873529 0.701665 0.879412 0.701665 0.885294 0.700384 0.888235 0.699104 0.885294 0.696543 0.885294 0.693982 0.879412 0.695262 0.876471 0.699104 0.876471 0.699104 0.873529 0.697823 0.873529 0.696543 0.876471 0.693982 0.876471 0.692702 0.873529 0.692702 0.876471 0.691421 0.879412 0.691421 0.882353 0.692702 0.885294 0.691421 0.888235 0.691421 0.891176 0.688860 0.897059 0.690141 0.900000 0.690141 0.902941 0.688860 0.905882 0.686300 0.900000 0.685019 0.900000 0.683739 0.897059 0.683739 0.891176 0.682458 0.888235 0.685019 0.882353 0.686300 0.882353 0.687580 0.885294 0.687580 0.882353 0.688860 0.879412 0.688860 0.855882 0.690141 0.852941 0.691421 0.852941 0.692702 0.855882 0.691421 0.852941 0.692702 0.850000 0.692702 0.847059 0.693982 0.844118 0.692702 0.841176 0.692702 0.838235 0.693982 0.835294 0.692702 0.832353 0.691421 0.832353 0.688860 0.826471 0.687580 0.826471 0.686300 0.823529 0.687580 0.826471 0.687580 0.832353 0.688860 0.835294 0.687580 0.838235 0.686300 0.838235 0.686300 0.844118 0.687580 0.847059 0.686300 0.850000 0.686300 0.852941 0.687580 0.855882 0.687580 0.858824 0.686300 0.861765 0.683739 0.855882 0.683739 0.850000 0.681178 0.844118 0.683739 0.838235 0.682458 0.841176 0.681178 0.838235 0.681178 0.829412 0.682458 0.826471 0.682458 0.817647 0.679898 0.811765 0.681178 0.808824 0.682458 0.808824 0.683739 0.811765 0.685019 0.811765 0.685019 0.808824 0.686300 0.805882 0.687580 0.808824 0.687580 0.814706 0.690141 0.820588 0.691421 0.820588 0.692702 0.823529 0.692702 0.811765 0.693982 0.808824 0.692702 0.805882 0.693982 0.802941 0.696543 0.802941 0.697823 0.805882 0.697823 0.802941 0.693982 0.802941 0.692702 0.805882 0.691421 0.805882 0.690141 0.802941 0.693982 0.794118 0.695262 0.797059 0.696543 0.794118 0.697823 0.797059 0.699104 0.797059 0.699104 0.785294 0.697823 0.785294 0.697823 0.791176 0.695262 0.797059 0.693982 0.794118 0.693982 0.791176 0.695262 0.788235 0.693982 0.791176 0.692702 0.788235 0.691421 0.791176 0.690141 0.788235 0.690141 0.785294 0.691421 0.782353 0.692702 0.782353 0.692702 0.779412 0.691421 0.779412 0.691421 0.782353 0.690141 0.785294 0.686300 0.776471 0.686300 0.773529 0.685019 0.773529 0.683739 0.776471 0.682458 0.776471 0.683739 0.779412 0.682458 0.782353 0.681178 0.782353 0.679898 0.779412 0.679898 0.785294 0.678617 0.788235 0.677337 0.788235 0.676056 0.785294 0.676056 0.779412 0.674776 0.779412 0.674776 0.782353 0.673496 0.785294 0.673496 0.791176 0.672215 0.794118 0.670935 0.791176 0.670935 0.785294 0.670935 0.788235 0.669654 0.791176 0.668374 0.788235 0.668374 0.785294 0.667093 0.782353 0.667093 0.776471 0.665813 0.773529 0.667093 0.770588 0.668374 0.770588 0.669654 0.773529 0.669654 0.779412 0.670935 0.779412 0.672215 0.776471 0.670935 0.773529 0.669654 0.773529 0.668374 0.770588 0.668374 0.767647 0.669654 0.764706 0.670935 0.767647 0.669654 0.764706 0.669654 0.761765 0.664533 0.761765 0.661972 0.755882 0.661972 0.752941 0.661972 0.811765 0.660691 0.814706 0.660691 0.823529 0.659411 0.826471 0.658131 0.823529 0.658131 0.820588 0.654289 0.811765 0.654289 0.808824 0.653009 0.805882 0.653009 0.802941 0.651729 0.800000 0.651729 0.797059 0.645327 0.782353 0.646607 0.779412 0.646607 0.776471 0.647887 0.773529 0.647887 0.767647 0.646607 0.767647 0.645327 0.764706 0.644046 0.764706 0.642766 0.761765 0.641485 0.761765 0.638924 0.755882 0.637644 0.755882 0.636364 0.752941 0.635083 0.752941 0.633803 0.750000 0.632522 0.750000 0.631242 0.747059 0.629962 0.747059 0.628681 0.750000 0.624840 0.741176 0.624840 0.747059 0.623560 0.750000 0.622279 0.747059 0.622279 0.738235 0.620999 0.735294 0.615877 0.735294 0.614597 0.732353 0.614597 0.729412 0.613316 0.729412 0.612036 0.726471 0.610755 0.726471 0.610755 0.732353 0.612036 0.735294 0.613316 0.735294 0.614597 0.738235 0.614597 0.744118 0.613316 0.747059 0.612036 0.744118 0.612036 0.741176 0.610755 0.744118 0.612036 0.744118 0.613316 0.747059 0.612036 0.750000 0.612036 0.755882 0.613316 0.758824 0.613316 0.761765 0.612036 0.764706 0.610755 0.764706 0.613316 0.764706 0.613316 0.758824 0.614597 0.755882 0.615877 0.758824 0.615877 0.764706 0.617157 0.761765 0.618438 0.764706 0.618438 0.752941 0.618438 0.755882 0.617157 0.758824 0.615877 0.758824 0.614597 0.755882 0.614597 0.752941 0.618438 0.744118 0.620999 0.750000 0.620999 0.755882 0.623560 0.761765 0.622279 0.764706 0.622279 0.773529 0.620999 0.776471 0.618438 0.776471 0.618438 0.779412 0.617157 0.782353 0.617157 0.791176 0.615877 0.794118 0.614597 0.794118 0.613316 0.791176 0.613316 0.785294 0.612036 0.782353 0.613316 0.779412 0.614597 0.779412 0.615877 0.776471 0.615877 0.770588 0.615877 0.776471 0.614597 0.779412 0.613316 0.776471 0.613316 0.770588 0.612036 0.770588 0.613316 0.773529 0.613316 0.776471 0.612036 0.779412 0.610755 0.776471 0.610755 0.791176 0.610755 0.785294 0.612036 0.782353 0.613316 0.785294 0.613316 0.797059 0.612036 0.800000 0.610755 0.797059 0.610755 0.800000 0.609475 0.802941 0.608195 0.800000 0.608195 0.791176 0.606914 0.788235 0.606914 0.773529 0.605634 0.770588 0.606914 0.767647 0.606914 0.758824 0.608195 0.755882 0.608195 0.726471 0.605634 0.720588 0.603073 0.720588 0.601793 0.717647 0.599232 0.717647 0.597951 0.714706 0.596671 0.717647 0.594110 0.717647 0.591549 0.711765 0.591549 0.708824 0.588988 0.708824 0.587708 0.705882 0.588988 0.702941 0.591549 0.702941 0.591549 0.679412 0.592830 0.676471 0.594110 0.679412 0.594110 0.688235 0.595391 0.691176 0.595391 0.705882 0.597951 0.705882 0.599232 0.708824 0.600512 0.708824 0.601793 0.711765 0.603073 0.711765 0.603073 0.700000 0.604353 0.697059 0.604353 0.691176 0.603073 0.688235 0.601793 0.691176 0.600512 0.688235 0.600512 0.685294 0.599232 0.682353 0.599232 0.679412 0.597951 0.676471 0.599232 0.673529 0.596671 0.667647 0.599232 0.661765 0.600512 0.661765 0.600512 0.658824 0.601793 0.655882 0.600512 0.655882 0.599232 0.652941 0.597951 0.655882 0.596671 0.655882 0.595391 0.658824 0.592830 0.658824 0.591549 0.661765 0.590269 0.658824 0.590269 0.652941 0.591549 0.650000 0.594110 0.650000 0.594110 0.644118 0.592830 0.644118 0.591549 0.641176 0.590269 0.641176 0.590269 0.647059 0.591549 0.650000 0.588988 0.655882 0.587708 0.652941 0.587708 0.658824 0.586428 0.661765 0.582586 0.661765 0.581306 0.658824 0.581306 0.655882 0.582586 0.652941 0.583867 0.655882 0.583867 0.650000 0.582586 0.647059 0.581306 0.650000 0.578745 0.650000 0.577465 0.647059 0.577465 0.641176 0.576184 0.641176 0.574904 0.638235 0.574904 0.635294 0.573624 0.632353 0.571063 0.632353 0.572343 0.635294 0.571063 0.638235 0.571063 0.641176 0.572343 0.644118 0.571063 0.647059 0.571063 0.673529 0.572343 0.676471 0.572343 0.694118 0.573624 0.697059 0.573624 0.700000 0.574904 0.702941 0.573624 0.705882 0.573624 0.708824 0.572343 0.711765 0.571063 0.711765 0.569782 0.708824 0.569782 0.697059 0.568502 0.694118 0.568502 0.676471 0.567222 0.673529 0.567222 0.664706 0.568502 0.661765 0.567222 0.658824 0.568502 0.655882 0.567222 0.652941 0.567222 0.644118 0.565941 0.644118 0.565941 0.647059 0.564661 0.650000 0.565941 0.652941 0.565941 0.655882 0.564661 0.658824 0.565941 0.661765 0.565941 0.673529 0.564661 0.676471 0.565941 0.679412 0.565941 0.691176 0.567222 0.694118 0.565941 0.697059 0.565941 0.711765 0.564661 0.714706 0.564661 0.720588 0.564661 0.714706 0.567222 0.708824 0.568502 0.711765 0.568502 0.714706 0.567222 0.717647 0.567222 0.720588 0.568502 0.723529 0.568502 0.729412 0.569782 0.732353 0.569782 0.741176 0.571063 0.744118 0.568502 0.750000 0.568502 0.758824 0.567222 0.761765 0.563380 0.752941 0.564661 0.750000 0.563380 0.752941 0.562100 0.750000 0.562100 0.738235 0.560819 0.735294 0.560819 0.732353 0.559539 0.729412 0.560819 0.726471 0.559539 0.723529 0.559539 0.711765 0.558259 0.708824 0.558259 0.700000 0.559539 0.697059 0.560819 0.700000 0.560819 0.694118 0.559539 0.691176 0.559539 0.673529 0.558259 0.670588 0.559539 0.667647 0.556978 0.661765 0.556978 0.658824 0.555698 0.655882 0.555698 0.650000 0.556978 0.647059 0.555698 0.644118 0.555698 0.635294 0.555698 0.638235 0.554417 0.641176 0.554417 0.644118 0.553137 0.647059 0.550576 0.647059 0.549296 0.650000 0.548015 0.647059 0.548015 0.644118 0.549296 0.641176 0.549296 0.638235 0.548015 0.635294 0.548015 0.629412 0.548015 0.635294 0.546735 0.638235 0.546735 0.644118 0.545455 0.647059 0.544174 0.644118 0.544174 0.652941 0.542894 0.655882 0.542894 0.658824 0.542894 0.655882 0.544174 0.652941 0.546735 0.658824 0.545455 0.661765 0.545455 0.664706 0.544174 0.667647 0.542894 0.664706 0.541613 0.664706 0.540333 0.661765 0.540333 0.658824 0.539052 0.655882 0.539052 0.650000 0.536492 0.644118 0.536492 0.641176 0.535211 0.638235 0.533931 0.638235 0.532650 0.635294 0.533931 0.632353 0.533931 0.629412 0.532650 0.629412 0.531370 0.632353 0.530090 0.632353 0.530090 0.652941 0.531370 0.655882 0.531370 0.658824 0.530090 0.661765 0.527529 0.655882 0.527529 0.650000 0.526248 0.647059 0.527529 0.644118 0.527529 0.638235 0.526248 0.635294 0.522407 0.644118 0.519846 0.638235 0.519846 0.635294 0.518566 0.632353 0.518566 0.629412 0.517286 0.632353 0.517286 0.638235 0.518566 0.641176 0.517286 0.644118 0.517286 0.647059 0.514725 0.652941 0.513444 0.650000 0.513444 0.644118 0.514725 0.641176 0.514725 0.635294 0.513444 0.635294 0.512164 0.638235 0.509603 0.632353 0.509603 0.629412 0.508323 0.629412 0.508323 0.632353 0.509603 0.635294 0.509603 0.644118 0.508323 0.647059 0.507042 0.647059 0.505762 0.644118 0.507042 0.641176 0.505762 0.641176 0.503201 0.647059 0.503201 0.661765 0.501921 0.664706 0.501921 0.667647 0.503201 0.670588 0.503201 0.673529 0.501921 0.676471 0.503201 0.676471 0.504481 0.679412 0.504481 0.711765 0.505762 0.714706 0.505762 0.717647 0.507042 0.720588 0.505762 0.723529 0.505762 0.735294 0.504481 0.738235 0.503201 0.735294 0.503201 0.732353 0.501921 0.729412 0.501921 0.726471 0.500640 0.729412 0.500640 0.738235 0.499360 0.741176 0.498079 0.741176 0.494238 0.750000 0.492958 0.747059 0.492958 0.702941 0.491677 0.700000 0.492958 0.697059 0.492958 0.691176 0.491677 0.688235 0.491677 0.652941 0.490397 0.650000 0.490397 0.647059 0.491677 0.644118 0.491677 0.641176 0.490397 0.638235 0.491677 0.635294 0.491677 0.632353 0.491677 0.635294 0.490397 0.638235 0.489117 0.638235 0.491677 0.644118 0.490397 0.647059 0.489117 0.647059 0.487836 0.644118 0.485275 0.644118 0.482714 0.650000 0.481434 0.650000 0.481434 0.658824 0.480154 0.661765 0.478873 0.661765 0.476312 0.655882 0.475032 0.658824 0.473752 0.655882 0.473752 0.647059 0.472471 0.644118 0.472471 0.641176 0.472471 0.644118 0.471191 0.647059 0.469910 0.644118 0.468630 0.644118 0.467350 0.641176 0.467350 0.638235 0.468630 0.635294 0.471191 0.635294 0.471191 0.632353 0.472471 0.629412