1 0.819462 0.858824 0.820743 0.861765 0.818182 0.867647 0.818182 0.873529 0.819462 0.876471 0.819462 0.882353 0.820743 0.882353 0.822023 0.885294 0.823303 0.885294 0.824584 0.888235 0.823303 0.885294 0.823303 0.876471 0.822023 0.873529 0.822023 0.861765 0.820743 0.858824
1 0.403329 0.829412 0.402049 0.832353 0.400768 0.832353 0.403329 0.838235 0.403329 0.841176 0.405890 0.847059 0.405890 0.850000 0.407170 0.852941 0.407170 0.855882 0.408451 0.858824 0.408451 0.861765 0.409731 0.864706 0.409731 0.870588 0.411012 0.873529 0.411012 0.876471 0.412292 0.879412 0.412292 0.882353 0.413572 0.885294 0.413572 0.891176 0.416133 0.897059 0.416133 0.902941 0.417414 0.905882 0.416133 0.908824 0.416133 0.914706 0.416133 0.911765 0.417414 0.908824 0.419974 0.914706 0.419974 0.917647 0.421255 0.920588 0.421255 0.923529 0.422535 0.926471 0.422535 0.929412 0.425096 0.935294 0.425096 0.938235 0.427657 0.944118 0.427657 0.947059 0.428937 0.950000 0.428937 0.952941 0.430218 0.955882 0.430218 0.958824 0.432778 0.964706 0.432778 0.967647 0.434059 0.970588 0.434059 0.973529 0.435339 0.976471 0.435339 0.979412 0.436620 0.982353 0.436620 0.985294 0.435339 0.988235 0.432778 0.982353 0.432778 0.979412 0.431498 0.976471 0.431498 0.973529 0.428937 0.967647 0.431498 0.973529 0.431498 0.976471 0.432778 0.979412 0.432778 0.982353 0.435339 0.988235 0.436620 0.985294 0.439181 0.991176 0.439181 0.994118 0.437900 0.997059 0.439181 0.994118 0.440461 0.997059 0.441741 0.997059 0.441741 0.994118 0.439181 0.988235 0.439181 0.985294 0.437900 0.982353 0.437900 0.979412 0.436620 0.976471 0.436620 0.973529 0.435339 0.970588 0.435339 0.967647 0.434059 0.964706 0.434059 0.961765 0.431498 0.955882 0.431498 0.952941 0.428937 0.947059 0.428937 0.944118 0.427657 0.941176 0.427657 0.938235 0.425096 0.932353 0.425096 0.929412 0.423816 0.926471 0.423816 0.923529 0.422535 0.920588 0.422535 0.917647 0.421255 0.914706 0.421255 0.911765 0.419974 0.908824 0.419974 0.902941 0.417414 0.897059 0.417414 0.894118 0.416133 0.891176 0.416133 0.888235 0.414853 0.885294 0.414853 0.882353 0.412292 0.876471 0.412292 0.873529 0.411012 0.870588 0.411012 0.867647 0.409731 0.864706 0.409731 0.861765 0.408451 0.858824 0.408451 0.855882 0.407170 0.852941 0.407170 0.850000 0.405890 0.847059 0.405890 0.844118 0.404609 0.841176 0.404609 0.832353
1 0.145967 0.814706 0.145967 0.826471 0.144686 0.829412 0.144686 0.835294 0.143406 0.838235 0.143406 0.841176 0.142125 0.844118 0.142125 0.847059 0.140845 0.850000 0.140845 0.852941 0.138284 0.858824 0.138284 0.861765 0.137004 0.864706 0.137004 0.867647 0.135723 0.870588 0.135723 0.873529 0.134443 0.876471 0.134443 0.879412 0.133163 0.882353 0.133163 0.888235 0.131882 0.891176 0.131882 0.894118 0.130602 0.897059 0.130602 0.900000 0.129321 0.902941 0.129321 0.905882 0.128041 0.908824 0.128041 0.911765 0.126761 0.914706 0.126761 0.917647 0.125480 0.920588 0.125480 0.923529 0.121639 0.932353 0.121639 0.935294 0.120359 0.938235 0.120359 0.944118 0.119078 0.947059 0.119078 0.950000 0.117798 0.952941 0.117798 0.955882 0.115237 0.961765 0.115237 0.964706 0.113956 0.967647 0.113956 0.970588 0.111396 0.976471 0.111396 0.979412 0.110115 0.982353 0.110115 0.985294 0.108835 0.988235 0.108835 0.991176 0.106274 0.997059 0.107554 0.997059 0.107554 0.994118 0.108835 0.991176 0.108835 0.988235 0.111396 0.982353 0.111396 0.979412 0.112676 0.976471 0.112676 0.973529 0.115237 0.967647 0.115237 0.964706 0.116517 0.961765 0.116517 0.958824 0.119078 0.952941 0.119078 0.950000 0.120359 0.947059 0.120359 0.944118 0.121639 0.941176 0.121639 0.935294 0.124200 0.929412 0.124200 0.926471 0.125480 0.923529 0.125480 0.920588 0.126761 0.917647 0.126761 0.914706 0.129321 0.908824 0.129321 0.905882 0.130602 0.902941 0.130602 0.900000 0.131882 0.897059 0.131882 0.894118 0.134443 0.888235 0.134443 0.885294 0.135723 0.882353 0.135723 0.879412 0.137004 0.876471 0.137004 0.873529 0.138284 0.870588 0.138284 0.864706 0.139565 0.861765 0.139565 0.858824 0.140845 0.855882 0.140845 0.850000 0.142125 0.847059 0.142125 0.844118 0.143406 0.841176 0.143406 0.838235 0.144686 0.835294 0.144686 0.829412 0.145967 0.826471 0.145967 0.823529 0.149808 0.814706
1 0.845070 0.805882 0.845070 0.808824 0.846351 0.811765 0.846351 0.814706 0.843790 0.820588 0.843790 0.823529 0.845070 0.826471 0.845070 0.829412 0.850192 0.841176 0.851472 0.838235 0.850192 0.835294 0.850192 0.832353 0.848912 0.835294 0.847631 0.832353 0.847631 0.829412 0.848912 0.826471 0.847631 0.829412 0.846351 0.826471 0.846351 0.823529 0.847631 0.820588 0.847631 0.817647 0.846351 0.814706 0.846351 0.811765 0.845070 0.808824
1 0.379001 0.805882 0.379001 0.808824 0.377721 0.811765 0.377721 0.817647 0.376440 0.820588 0.379001 0.826471 0.377721 0.829412 0.379001 0.829412 0.380282 0.826471 0.380282 0.820588 0.381562 0.817647 0.381562 0.811765 0.380282 0.811765 0.379001 0.808824
1 0.459667 0.770588 0.459667 0.776471 0.458387 0.779412 0.459667 0.782353 0.458387 0.785294 0.459667 0.788235 0.459667 0.797059 0.458387 0.800000 0.459667 0.802941 0.459667 0.808824 0.460948 0.808824 0.462228 0.811765 0.463508 0.808824 0.466069 0.808824 0.466069 0.805882 0.464789 0.802941 0.464789 0.800000 0.463508 0.797059 0.463508 0.794118 0.462228 0.791176 0.462228 0.782353 0.460948 0.779412 0.460948 0.776471 0.459667 0.773529
1 0.391805 0.726471 0.385403 0.741176 0.384123 0.738235 0.382843 0.738235 0.384123 0.741176 0.384123 0.744118 0.382843 0.747059 0.381562 0.747059 0.381562 0.750000 0.382843 0.747059 0.386684 0.747059 0.389245 0.752941 0.389245 0.755882 0.387964 0.758824 0.387964 0.761765 0.389245 0.764706 0.389245 0.770588 0.390525 0.773529 0.390525 0.758824 0.389245 0.755882 0.389245 0.752941 0.386684 0.747059 0.385403 0.747059 0.384123 0.744118
1 0.587708 0.679412 0.586428 0.682353 0.582586 0.682353 0.582586 0.688235 0.583867 0.691176 0.585147 0.691176 0.586428 0.688235 0.586428 0.685294 0.587708 0.682353 0.588988 0.682353 0.588988 0.679412
1 0.352113 0.673529 0.352113 0.679412 0.350832 0.682353 0.349552 0.679412 0.349552 0.676471 0.349552 0.694118 0.348271 0.697059 0.348271 0.702941 0.349552 0.705882 0.349552 0.755882 0.348271 0.758824 0.348271 0.779412 0.346991 0.782353 0.346991 0.788235 0.348271 0.788235 0.348271 0.776471 0.349552 0.773529 0.349552 0.720588 0.350832 0.717647 0.350832 0.702941 0.349552 0.700000 0.349552 0.685294 0.350832 0.682353 0.352113 0.685294 0.352113 0.688235
1 0.786172 0.667647 0.786172 0.676471 0.784891 0.679412 0.784891 0.685294 0.783611 0.688235 0.783611 0.691176 0.782330 0.694118 0.781050 0.691176 0.781050 0.685294 0.781050 0.711765 0.779770 0.714706 0.779770 0.726471 0.778489 0.729412 0.778489 0.741176 0.777209 0.744118 0.777209 0.761765 0.775928 0.764706 0.775928 0.800000 0.774648 0.802941 0.774648 0.832353 0.773367 0.835294 0.773367 0.897059 0.773367 0.844118 0.774648 0.841176 0.774648 0.820588 0.775928 0.817647 0.775928 0.800000 0.777209 0.797059 0.777209 0.779412 0.778489 0.776471 0.778489 0.738235 0.779770 0.735294 0.779770 0.723529 0.781050 0.720588 0.781050 0.714706 0.782330 0.711765 0.782330 0.700000 0.783611 0.697059 0.783611 0.688235 0.784891 0.685294 0.784891 0.679412 0.786172 0.676471
1 0.964149 0.650000 0.962868 0.652941 0.961588 0.652941 0.959027 0.658824 0.957746 0.658824 0.955186 0.664706 0.953905 0.664706 0.952625 0.667647 0.951344 0.664706 0.948784 0.664706 0.950064 0.667647 0.950064 0.670588 0.948784 0.673529 0.946223 0.673529 0.944942 0.670588 0.946223 0.673529 0.946223 0.676471 0.944942 0.679412 0.944942 0.694118 0.946223 0.691176 0.950064 0.691176 0.951344 0.688235 0.952625 0.688235 0.953905 0.685294 0.956466 0.685294 0.957746 0.682353 0.959027 0.682353 0.960307 0.679412 0.959027 0.682353 0.956466 0.682353 0.953905 0.676471 0.957746 0.667647 0.956466 0.667647 0.955186 0.664706 0.957746 0.658824 0.959027 0.658824 0.961588 0.652941 0.962868 0.652941
1 0.661972 0.641176 0.660691 0.644118 0.659411 0.644118 0.659411 0.650000 0.658131 0.652941 0.658131 0.655882 0.659411 0.658824 0.659411 0.661765 0.658131 0.664706 0.656850 0.664706 0.656850 0.667647 0.658131 0.667647 0.659411 0.670588 0.658131 0.673529 0.655570 0.673529 0.654289 0.670588 0.653009 0.670588 0.654289 0.670588 0.655570 0.673529 0.655570 0.676471 0.656850 0.679412 0.660691 0.679412 0.661972 0.676471 0.663252 0.676471 0.667093 0.667647 0.668374 0.670588 0.668374 0.673529 0.667093 0.676471 0.668374 0.679412 0.668374 0.682353 0.669654 0.679412 0.668374 0.676471 0.669654 0.673529 0.672215 0.673529 0.673496 0.676471 0.673496 0.679412 0.674776 0.682353 0.674776 0.685294 0.674776 0.682353 0.673496 0.679412 0.673496 0.667647 0.672215 0.664706 0.673496 0.661765 0.672215 0.658824 0.672215 0.652941 0.670935 0.650000 0.669654 0.652941 0.669654 0.655882 0.668374 0.658824 0.664533 0.658824 0.663252 0.655882 0.664533 0.652941 0.663252 0.650000 0.663252 0.647059 0.661972 0.644118
1 0.942382 0.632353 0.942382 0.641176 0.944942 0.647059 0.947503 0.641176 0.948784 0.641176 0.951344 0.647059 0.951344 0.650000 0.951344 0.647059 0.952625 0.644118 0.953905 0.644118 0.955186 0.647059 0.955186 0.638235 0.953905 0.641176 0.952625 0.641176 0.951344 0.638235 0.951344 0.635294 0.950064 0.638235 0.947503 0.632353 0.946223 0.635294 0.944942 0.635294 0.943662 0.632353
1 0.572343 0.632353 0.568502 0.641176 0.568502 0.647059 0.569782 0.650000 0.569782 0.652941 0.571063 0.655882 0.571063 0.661765 0.572343 0.664706 0.572343 0.667647 0.573624 0.667647 0.574904 0.670588 0.574904 0.673529 0.576184 0.670588 0.577465 0.670588 0.578745 0.673529 0.578745 0.682353 0.580026 0.679412 0.580026 0.650000 0.578745 0.650000 0.572343 0.635294 0.573624 0.632353
1 0.910371 0.623529 0.909091 0.626471 0.911652 0.632353 0.911652 0.635294 0.910371 0.638235 0.910371 0.647059 0.911652 0.647059 0.912932 0.650000 0.911652 0.652941 0.910371 0.652941 0.909091 0.655882 0.911652 0.655882 0.912932 0.658824 0.912932 0.664706 0.915493 0.664706 0.916773 0.667647 0.915493 0.670588 0.914213 0.670588 0.916773 0.670588 0.918054 0.673529 0.915493 0.679412 0.912932 0.679412 0.911652 0.682353 0.910371 0.679412 0.909091 0.679412 0.907810 0.676471 0.906530 0.679412 0.905250 0.676471 0.903969 0.679412 0.905250 0.679412 0.909091 0.688235 0.907810 0.691176 0.900128 0.691176 0.898848 0.688235 0.895006 0.688235 0.895006 0.691176 0.900128 0.691176 0.901408 0.694118 0.907810 0.694118 0.909091 0.697059 0.914213 0.697059 0.915493 0.700000 0.916773 0.697059 0.921895 0.697059 0.923175 0.700000 0.925736 0.700000 0.927017 0.702941 0.927017 0.705882 0.927017 0.702941 0.924456 0.697059 0.924456 0.694118 0.921895 0.688235 0.921895 0.676471 0.920615 0.673529 0.920615 0.670588 0.919334 0.667647 0.919334 0.661765 0.916773 0.655882 0.916773 0.652941 0.915493 0.650000 0.915493 0.644118 0.916773 0.641176 0.914213 0.641176 0.911652 0.635294 0.911652 0.632353 0.909091 0.626471
1 0.241997 0.623529 0.241997 0.629412 0.240717 0.632353 0.240717 0.635294 0.239437 0.638235 0.239437 0.676471 0.239437 0.673529 0.240717 0.670588 0.240717 0.647059 0.241997 0.644118
1 0.408451 0.620588 0.407170 0.623529 0.407170 0.626471 0.405890 0.629412 0.405890 0.632353 0.404609 0.635294 0.403329 0.632353 0.400768 0.638235 0.402049 0.641176 0.400768 0.644118 0.399488 0.644118 0.396927 0.638235 0.396927 0.641176 0.398207 0.644118 0.396927 0.647059 0.398207 0.647059 0.399488 0.644118 0.400768 0.644118 0.402049 0.647059 0.402049 0.650000 0.400768 0.652941 0.400768 0.655882 0.399488 0.658824 0.399488 0.661765 0.398207 0.664706 0.398207 0.667647 0.396927 0.670588 0.396927 0.673529 0.395647 0.676471 0.395647 0.679412 0.393086 0.685294 0.393086 0.688235 0.391805 0.691176 0.391805 0.694118 0.390525 0.697059 0.390525 0.700000 0.389245 0.702941 0.389245 0.705882 0.387964 0.708824 0.387964 0.711765 0.386684 0.714706 0.386684 0.717647 0.387964 0.717647 0.386684 0.714706 0.387964 0.711765 0.389245 0.711765 0.387964 0.708824 0.389245 0.705882 0.390525 0.705882 0.389245 0.702941 0.390525 0.700000 0.390525 0.697059 0.391805 0.694118 0.393086 0.697059 0.391805 0.694118 0.391805 0.691176 0.394366 0.685294 0.394366 0.682353 0.395647 0.679412 0.396927 0.682353 0.395647 0.679412 0.395647 0.676471 0.396927 0.673529 0.396927 0.670588 0.398207 0.667647 0.398207 0.664706 0.399488 0.661765 0.399488 0.658824 0.400768 0.655882 0.400768 0.652941 0.403329 0.647059 0.408451 0.658824 0.408451 0.661765 0.409731 0.664706 0.407170 0.670588 0.405890 0.670588 0.404609 0.667647 0.405890 0.670588 0.404609 0.673529 0.403329 0.673529 0.402049 0.670588 0.403329 0.673529 0.403329 0.676471 0.404609 0.676471 0.405890 0.673529 0.408451 0.679412 0.409731 0.676471 0.412292 0.676471 0.416133 0.685294 0.416133 0.691176 0.417414 0.694118 0.416133 0.697059 0.416133 0.705882 0.418694 0.711765 0.418694 0.714706 0.419974 0.714706 0.419974 0.711765 0.421255 0.708824 0.423816 0.714706 0.423816 0.717647 0.425096 0.720588 0.425096 0.729412 0.426376 0.732353 0.426376 0.735294 0.425096 0.738235 0.425096 0.750000 0.423816 0.752941 0.423816 0.764706 0.425096 0.761765 0.425096 0.752941 0.426376 0.750000 0.426376 0.741176 0.425096 0.738235 0.426376 0.735294 0.426376 0.720588 0.427657 0.717647 0.428937 0.717647 0.427657 0.714706 0.427657 0.711765 0.428937 0.708824 0.428937 0.688235 0.427657 0.685294 0.427657 0.682353 0.426376 0.679412 0.427657 0.676471 0.426376 0.673529 0.426376 0.670588 0.425096 0.667647 0.426376 0.664706 0.425096 0.661765 0.425096 0.658824 0.423816 0.661765 0.422535 0.661765 0.421255 0.658824 0.422535 0.655882 0.419974 0.650000 0.418694 0.652941 0.419974 0.655882 0.419974 0.658824 0.418694 0.661765 0.416133 0.655882 0.414853 0.655882 0.413572 0.652941 0.414853 0.650000 0.413572 0.647059 0.414853 0.644118 0.413572 0.647059 0.411012 0.647059 0.409731 0.644118 0.412292 0.638235 0.411012 0.635294 0.412292 0.632353 0.413572 0.632353 0.413572 0.629412 0.414853 0.626471 0.413572 0.629412 0.412292 0.629412 0.411012 0.626471 0.408451 0.632353 0.407170 0.629412 0.407170 0.623529
1 0.862996 0.605882 0.861716 0.608824 0.861716 0.611765 0.864277 0.617647 0.864277 0.623529 0.866837 0.623529 0.868118 0.620588 0.869398 0.620588 0.870679 0.623529 0.870679 0.617647 0.869398 0.617647 0.868118 0.614706 0.868118 0.611765 0.865557 0.605882
1 0.588988 0.600000 0.586428 0.605882 0.585147 0.605882 0.583867 0.608824 0.583867 0.611765 0.582586 0.614706 0.583867 0.617647 0.583867 0.623529 0.583867 0.620588 0.585147 0.617647 0.586428 0.620588 0.587708 0.620588 0.588988 0.623529 0.588988 0.626471 0.590269 0.626471 0.590269 0.620588 0.587708 0.614706 0.587708 0.602941
1 0.119078 0.597059 0.119078 0.600000 0.121639 0.605882 0.121639 0.608824 0.122919 0.611765 0.124200 0.611765 0.124200 0.602941 0.122919 0.600000 0.122919 0.597059
1 0.663252 0.594118 0.660691 0.600000 0.659411 0.597059 0.659411 0.600000 0.658131 0.602941 0.656850 0.602941 0.656850 0.605882 0.655570 0.608824 0.655570 0.611765 0.654289 0.614706 0.654289 0.617647 0.655570 0.614706 0.655570 0.611765 0.656850 0.608824 0.658131 0.611765 0.659411 0.608824 0.661972 0.608824 0.661972 0.605882 0.660691 0.602941 0.664533 0.594118
1 0.549296 0.594118 0.549296 0.608824 0.548015 0.611765 0.546735 0.611765 0.546735 0.614706 0.544174 0.620588 0.544174 0.623529 0.542894 0.626471 0.540333 0.620588 0.542894 0.626471 0.541613 0.629412 0.541613 0.632353 0.540333 0.635294 0.540333 0.638235 0.540333 0.635294 0.541613 0.632353 0.541613 0.629412 0.544174 0.623529 0.544174 0.620588 0.545455 0.617647 0.546735 0.617647 0.550576 0.626471 0.550576 0.632353 0.551857 0.635294 0.550576 0.638235 0.549296 0.638235 0.545455 0.629412 0.546735 0.632353 0.546735 0.638235 0.544174 0.644118 0.545455 0.644118 0.546735 0.647059 0.549296 0.647059 0.549296 0.644118 0.550576 0.641176 0.551857 0.641176 0.553137 0.644118 0.553137 0.641176 0.554417 0.638235 0.555698 0.641176 0.556978 0.641176 0.558259 0.644118 0.556978 0.641176 0.558259 0.638235 0.558259 0.635294 0.559539 0.632353 0.559539 0.626471 0.558259 0.626471 0.556978 0.629412 0.556978 0.632353 0.558259 0.635294 0.555698 0.641176 0.554417 0.638235 0.554417 0.629412 0.553137 0.626471 0.554417 0.623529 0.553137 0.620588 0.553137 0.617647 0.551857 0.614706 0.551857 0.608824 0.550576 0.608824 0.549296 0.605882
1 0.942382 0.588235 0.942382 0.594118 0.941101 0.597059 0.939821 0.597059 0.938540 0.600000 0.939821 0.602941 0.938540 0.605882 0.934699 0.605882 0.934699 0.608824 0.933419 0.611765 0.934699 0.611765 0.935980 0.614706 0.934699 0.617647 0.932138 0.617647 0.930858 0.614706 0.929577 0.614706 0.928297 0.617647 0.927017 0.614706 0.928297 0.617647 0.927017 0.620588 0.925736 0.620588 0.925736 0.623529 0.927017 0.620588 0.928297 0.620588 0.929577 0.623529 0.929577 0.632353 0.928297 0.635294 0.929577 0.635294 0.930858 0.632353 0.932138 0.635294 0.932138 0.641176 0.932138 0.638235 0.933419 0.635294 0.934699 0.635294 0.935980 0.638235 0.935980 0.644118 0.933419 0.650000 0.934699 0.650000 0.934699 0.647059 0.937260 0.641176 0.938540 0.644118 0.939821 0.641176 0.939821 0.626471 0.938540 0.623529 0.938540 0.620588 0.939821 0.617647 0.946223 0.617647 0.942382 0.617647 0.941101 0.614706 0.942382 0.611765 0.946223 0.611765 0.947503 0.608824 0.946223 0.608824 0.944942 0.605882 0.946223 0.602941 0.948784 0.602941 0.944942 0.602941 0.943662 0.600000 0.944942 0.597059 0.943662 0.597059 0.942382 0.594118
1 0.445583 0.588235 0.445583 0.591176 0.444302 0.594118 0.443022 0.594118 0.441741 0.591176 0.443022 0.594118 0.443022 0.597059 0.441741 0.600000 0.440461 0.597059 0.440461 0.600000 0.439181 0.602941 0.437900 0.600000 0.439181 0.602941 0.437900 0.605882 0.436620 0.605882 0.437900 0.608824 0.435339 0.614706 0.432778 0.614706 0.431498 0.611765 0.430218 0.611765 0.431498 0.614706 0.434059 0.614706 0.435339 0.617647 0.432778 0.623529 0.434059 0.620588 0.435339 0.620588 0.439181 0.629412 0.439181 0.632353 0.440461 0.629412 0.441741 0.629412 0.443022 0.632353 0.443022 0.638235 0.444302 0.641176 0.444302 0.644118 0.444302 0.641176 0.445583 0.638235 0.446863 0.638235 0.448143 0.641176 0.450704 0.635294 0.451985 0.635294 0.450704 0.632353 0.451985 0.629412 0.450704 0.629412 0.449424 0.626471 0.448143 0.629412 0.446863 0.629412 0.445583 0.626471 0.445583 0.620588 0.446863 0.617647 0.445583 0.617647 0.444302 0.614706 0.445583 0.611765 0.446863 0.611765 0.445583 0.611765 0.444302 0.608824 0.444302 0.605882 0.445583 0.602941 0.446863 0.602941 0.446863 0.600000 0.448143 0.597059 0.446863 0.594118 0.448143 0.591176 0.446863 0.588235
1 0.996159 0.585294 0.997439 0.588235 0.996159 0.591176 0.994878 0.591176 0.993598 0.594118 0.991037 0.594118 0.989757 0.591176 0.992318 0.597059 0.991037 0.600000 0.988476 0.600000 0.987196 0.597059 0.985915 0.600000 0.987196 0.602941 0.985915 0.605882 0.984635 0.605882 0.982074 0.600000 0.985915 0.608824 0.984635 0.611765 0.982074 0.611765 0.980794 0.614706 0.979513 0.614706 0.978233 0.611765 0.979513 0.614706 0.979513 0.620588 0.978233 0.623529 0.976953 0.620588 0.975672 0.620588 0.974392 0.617647 0.970551 0.617647 0.969270 0.614706 0.969270 0.611765 0.967990 0.614706 0.962868 0.614706 0.964149 0.617647 0.964149 0.620588 0.965429 0.623529 0.965429 0.626471 0.969270 0.626471 0.970551 0.629412 0.970551 0.632353 0.971831 0.629412 0.974392 0.629412 0.975672 0.632353 0.973111 0.638235 0.971831 0.638235 0.970551 0.641176 0.971831 0.638235 0.973111 0.638235 0.975672 0.632353 0.976953 0.635294 0.976953 0.641176 0.978233 0.641176 0.979513 0.638235 0.980794 0.638235 0.982074 0.635294 0.984635 0.635294 0.985915 0.638235 0.985915 0.641176 0.984635 0.644118 0.984635 0.647059 0.987196 0.641176 0.988476 0.641176 0.989757 0.644118 0.992318 0.644118 0.993598 0.641176 0.994878 0.644118 0.994878 0.650000 0.992318 0.655882 0.989757 0.655882 0.988476 0.658824 0.985915 0.658824 0.984635 0.661765 0.982074 0.661765 0.980794 0.664706 0.978233 0.664706 0.976953 0.667647 0.974392 0.667647 0.973111 0.670588 0.971831 0.670588 0.970551 0.673529 0.967990 0.673529 0.966709 0.676471 0.964149 0.676471 0.964149 0.679412 0.965429 0.676471 0.966709 0.676471 0.967990 0.673529 0.970551 0.673529 0.971831 0.670588 0.974392 0.670588 0.975672 0.667647 0.978233 0.667647 0.979513 0.664706 0.982074 0.664706 0.983355 0.661765 0.985915 0.661765 0.987196 0.658824 0.989757 0.658824 0.991037 0.655882 0.994878 0.655882 0.996159 0.652941 0.998720 0.652941 0.998720 0.635294 0.996159 0.635294 0.992318 0.626471 0.993598 0.623529 0.992318 0.620588 0.996159 0.611765 0.997439 0.611765 0.998720 0.608824 0.998720 0.591176
1 0.491677 0.585294 0.490397 0.588235 0.490397 0.597059 0.489117 0.600000 0.487836 0.597059 0.486556 0.597059 0.486556 0.600000 0.485275 0.602941 0.485275 0.605882 0.486556 0.608824 0.486556 0.620588 0.485275 0.623529 0.485275 0.626471 0.486556 0.629412 0.486556 0.638235 0.487836 0.641176 0.487836 0.644118 0.487836 0.638235 0.486556 0.635294 0.486556 0.629412 0.487836 0.626471 0.486556 0.623529 0.486556 0.611765 0.487836 0.608824 0.489117 0.611765 0.490397 0.608824 0.490397 0.605882 0.491677 0.602941 0.492958 0.605882 0.494238 0.602941 0.494238 0.600000 0.491677 0.600000 0.490397 0.597059 0.490397 0.588235
1 0.823303 0.579412 0.823303 0.582353 0.824584 0.585294 0.824584 0.588235 0.825864 0.591176 0.825864 0.597059 0.823303 0.602941 0.822023 0.602941 0.823303 0.602941 0.824584 0.605882 0.824584 0.611765 0.823303 0.614706 0.824584 0.617647 0.824584 0.614706 0.825864 0.611765 0.827145 0.611765 0.828425 0.614706 0.829706 0.611765 0.830986 0.614706 0.830986 0.608824 0.832266 0.605882 0.833547 0.608824 0.834827 0.605882 0.836108 0.608824 0.837388 0.605882 0.838668 0.608824 0.839949 0.605882 0.841229 0.605882 0.841229 0.602941 0.839949 0.602941 0.838668 0.600000 0.837388 0.600000 0.837388 0.602941 0.836108 0.605882 0.834827 0.602941 0.834827 0.597059 0.833547 0.600000 0.832266 0.600000 0.830986 0.597059 0.832266 0.594118 0.830986 0.591176 0.830986 0.588235 0.829706 0.585294 0.828425 0.585294 0.827145 0.582353 0.827145 0.579412 0.825864 0.582353 0.824584 0.579412
1 0.448143 0.573529 0.448143 0.576471 0.449424 0.579412 0.449424 0.582353 0.450704 0.585294 0.450704 0.591176 0.451985 0.594118 0.451985 0.600000 0.453265 0.602941 0.453265 0.611765 0.454545 0.614706 0.454545 0.623529 0.455826 0.626471 0.455826 0.629412 0.457106 0.632353 0.457106 0.641176 0.458387 0.644118 0.458387 0.650000 0.459667 0.652941 0.459667 0.658824 0.460948 0.661765 0.460948 0.670588 0.462228 0.673529 0.462228 0.682353 0.463508 0.685294 0.463508 0.691176 0.464789 0.694118 0.464789 0.700000 0.466069 0.702941 0.466069 0.711765 0.467350 0.714706 0.467350 0.720588 0.468630 0.723529 0.468630 0.735294 0.469910 0.738235 0.469910 0.741176 0.468630 0.744118 0.467350 0.744118 0.466069 0.741176 0.466069 0.735294 0.464789 0.732353 0.464789 0.726471 0.463508 0.723529 0.463508 0.720588 0.463508 0.723529 0.464789 0.726471 0.462228 0.732353 0.454545 0.714706 0.453265 0.714706 0.451985 0.711765 0.450704 0.711765 0.449424 0.708824 0.451985 0.702941 0.448143 0.702941 0.446863 0.705882 0.445583 0.702941 0.444302 0.702941 0.443022 0.700000 0.440461 0.700000 0.437900 0.694118 0.436620 0.694118 0.434059 0.688235 0.434059 0.685294 0.435339 0.682353 0.436620 0.682353 0.439181 0.676471 0.437900 0.673529 0.436620 0.676471 0.435339 0.673529 0.435339 0.676471 0.434059 0.679412 0.434059 0.682353 0.432778 0.685294 0.431498 0.685294 0.431498 0.705882 0.431498 0.700000 0.432778 0.697059 0.434059 0.700000 0.434059 0.702941 0.437900 0.694118 0.439181 0.697059 0.439181 0.700000 0.440461 0.702941 0.437900 0.708824 0.434059 0.708824 0.432778 0.711765 0.432778 0.714706 0.434059 0.717647 0.434059 0.720588 0.435339 0.717647 0.435339 0.714706 0.436620 0.711765 0.439181 0.711765 0.440461 0.708824 0.446863 0.708824 0.448143 0.711765 0.449424 0.711765 0.450704 0.714706 0.451985 0.714706 0.453265 0.717647 0.454545 0.717647 0.455826 0.720588 0.457106 0.720588 0.466069 0.741176 0.466069 0.744118 0.467350 0.744118 0.468630 0.747059 0.468630 0.750000 0.469910 0.752941 0.469910 0.741176 0.471191 0.738235 0.471191 0.732353 0.469910 0.729412 0.469910 0.717647 0.468630 0.714706 0.468630 0.705882 0.467350 0.702941 0.467350 0.697059 0.466069 0.694118 0.466069 0.688235 0.464789 0.685294 0.464789 0.679412 0.463508 0.676471 0.463508 0.670588 0.462228 0.667647 0.462228 0.661765 0.460948 0.658824 0.460948 0.652941 0.459667 0.650000 0.459667 0.644118 0.458387 0.641176 0.458387 0.635294 0.457106 0.632353 0.457106 0.629412 0.455826 0.626471 0.455826 0.620588 0.454545 0.617647 0.454545 0.611765 0.453265 0.608824 0.453265 0.602941 0.451985 0.600000 0.451985 0.594118 0.450704 0.591176 0.450704 0.585294 0.449424 0.582353 0.449424 0.576471
1 0.718310 0.561765 0.711908 0.576471 0.710627 0.573529 0.710627 0.576471 0.711908 0.576471 0.713188 0.573529 0.715749 0.579412 0.715749 0.585294 0.714469 0.588235 0.715749 0.585294 0.717029 0.588235 0.719590 0.588235 0.717029 0.588235 0.715749 0.585294 0.717029 0.582353 0.718310 0.582353 0.715749 0.576471 0.717029 0.573529 0.717029 0.570588 0.718310 0.567647
1 0.609475 0.561765 0.609475 0.579412 0.610755 0.582353 0.610755 0.608824 0.612036 0.611765 0.612036 0.620588 0.610755 0.623529 0.610755 0.626471 0.609475 0.629412 0.608195 0.629412 0.608195 0.635294 0.612036 0.635294 0.613316 0.638235 0.613316 0.626471 0.612036 0.623529 0.612036 0.602941 0.610755 0.600000 0.610755 0.582353 0.609475 0.579412
1 0.311140 0.555882 0.311140 0.576471 0.309859 0.579412 0.309859 0.588235 0.308579 0.591176 0.308579 0.705882 0.309859 0.708824 0.309859 0.741176 0.311140 0.738235 0.311140 0.726471 0.309859 0.723529 0.309859 0.652941 0.308579 0.650000 0.308579 0.620588 0.309859 0.617647 0.309859 0.594118 0.311140 0.591176
1 0.051216 0.547059 0.049936 0.550000 0.051216 0.552941 0.049936 0.555882 0.051216 0.555882 0.053777 0.561765 0.055058 0.561765 0.056338 0.564706 0.055058 0.567647 0.052497 0.567647 0.052497 0.570588 0.053777 0.570588 0.055058 0.573529 0.053777 0.576471 0.055058 0.576471 0.056338 0.573529 0.057618 0.576471 0.058899 0.573529 0.060179 0.573529 0.062740 0.567647 0.064020 0.570588 0.062740 0.567647 0.064020 0.564706 0.065301 0.564706 0.065301 0.561765 0.062740 0.561765 0.061460 0.564706 0.060179 0.564706 0.058899 0.561765 0.058899 0.558824 0.057618 0.558824 0.053777 0.550000 0.052497 0.550000
1 0.886044 0.544118 0.886044 0.547059 0.887324 0.550000 0.886044 0.552941 0.886044 0.558824 0.889885 0.558824 0.891165 0.561765 0.889885 0.564706 0.892446 0.570588 0.891165 0.573529 0.891165 0.576471 0.889885 0.579412 0.891165 0.582353 0.889885 0.585294 0.888604 0.585294 0.887324 0.588235 0.886044 0.585294 0.883483 0.585294 0.882202 0.588235 0.880922 0.588235 0.879641 0.585294 0.878361 0.588235 0.877081 0.588235 0.873239 0.579412 0.875800 0.573529 0.877081 0.573529 0.875800 0.570588 0.878361 0.564706 0.878361 0.558824 0.877081 0.555882 0.874520 0.555882 0.874520 0.558824 0.873239 0.561765 0.871959 0.561765 0.873239 0.564706 0.873239 0.567647 0.871959 0.570588 0.870679 0.570588 0.871959 0.573529 0.870679 0.576471 0.868118 0.576471 0.866837 0.573529 0.865557 0.576471 0.864277 0.573529 0.864277 0.570588 0.862996 0.573529 0.861716 0.570588 0.861716 0.567647 0.857875 0.567647 0.859155 0.567647 0.860435 0.570588 0.859155 0.573529 0.857875 0.573529 0.859155 0.573529 0.860435 0.576471 0.861716 0.576471 0.864277 0.582353 0.862996 0.585294 0.864277 0.582353 0.865557 0.582353 0.866837 0.585294 0.869398 0.585294 0.870679 0.588235 0.869398 0.591176 0.871959 0.597059 0.870679 0.594118 0.871959 0.591176 0.878361 0.591176 0.880922 0.597059 0.882202 0.594118 0.883483 0.594118 0.884763 0.597059 0.886044 0.597059 0.887324 0.594118 0.888604 0.597059 0.889885 0.594118 0.891165 0.594118 0.892446 0.597059 0.893726 0.597059 0.892446 0.594118 0.895006 0.588235 0.897567 0.588235 0.902689 0.600000 0.901408 0.597059 0.901408 0.594118 0.900128 0.591176 0.900128 0.588235 0.901408 0.585294 0.905250 0.585294 0.906530 0.588235 0.906530 0.585294 0.907810 0.582353 0.910371 0.582353 0.911652 0.585294 0.910371 0.582353 0.911652 0.579412 0.914213 0.579412 0.914213 0.576471 0.915493 0.573529 0.910371 0.573529 0.909091 0.576471 0.907810 0.573529 0.906530 0.573529 0.905250 0.570588 0.906530 0.567647 0.909091 0.567647 0.909091 0.564706 0.902689 0.564706 0.901408 0.561765 0.900128 0.561765 0.900128 0.564706 0.898848 0.567647 0.897567 0.564706 0.897567 0.558824 0.896287 0.558824 0.895006 0.555882 0.896287 0.552941 0.895006 0.550000 0.893726 0.550000 0.892446 0.552941 0.891165 0.552941 0.889885 0.550000 0.889885 0.547059 0.891165 0.544118
1 0.695262 0.532353 0.693982 0.535294 0.693982 0.538235 0.695262 0.538235 0.696543 0.541176 0.693982 0.547059 0.695262 0.550000 0.693982 0.552941 0.692702 0.552941 0.693982 0.555882 0.695262 0.552941 0.697823 0.552941 0.699104 0.555882 0.696543 0.561765 0.693982 0.561765 0.693982 0.564706 0.695262 0.564706 0.696543 0.561765 0.700384 0.561765 0.702945 0.567647 0.701665 0.570588 0.704225 0.564706 0.706786 0.570588 0.708067 0.567647 0.709347 0.567647 0.708067 0.564706 0.706786 0.567647 0.705506 0.564706 0.705506 0.558824 0.704225 0.555882 0.704225 0.552941 0.702945 0.550000 0.704225 0.547059 0.705506 0.547059 0.706786 0.544118 0.705506 0.547059 0.704225 0.544118 0.701665 0.544118 0.701665 0.547059 0.702945 0.550000 0.702945 0.552941 0.701665 0.555882 0.700384 0.555882 0.699104 0.552941 0.699104 0.547059 0.697823 0.544118 0.697823 0.541176 0.696543 0.538235 0.696543 0.532353
1 0.427657 0.532353 0.427657 0.538235 0.426376 0.541176 0.426376 0.544118 0.425096 0.547059 0.423816 0.544118 0.422535 0.544118 0.422535 0.547059 0.425096 0.547059 0.426376 0.550000 0.428937 0.550000 0.430218 0.552941 0.430218 0.555882 0.427657 0.561765 0.428937 0.564706 0.428937 0.567647 0.427657 0.570588 0.427657 0.573529 0.428937 0.576471 0.428937 0.579412 0.431498 0.579412 0.432778 0.582353 0.432778 0.585294 0.432778 0.576471 0.431498 0.573529 0.432778 0.570588 0.431498 0.567647 0.431498 0.564706 0.432778 0.561765 0.431498 0.558824 0.432778 0.555882 0.431498 0.552941 0.432778 0.550000 0.432778 0.547059 0.431498 0.550000 0.428937 0.544118 0.428937 0.541176 0.430218 0.538235 0.428937 0.535294 0.428937 0.532353
1 0.250960 0.532353 0.250960 0.541176 0.249680 0.544118 0.249680 0.552941 0.248399 0.555882 0.248399 0.564706 0.247119 0.567647 0.247119 0.573529 0.245839 0.576471 0.247119 0.573529 0.247119 0.567647 0.248399 0.564706 0.248399 0.561765 0.249680 0.558824 0.252241 0.558824 0.253521 0.561765 0.254802 0.561765 0.256082 0.564706 0.257362 0.561765 0.258643 0.564706 0.259923 0.564706 0.258643 0.564706 0.257362 0.561765 0.257362 0.555882 0.256082 0.552941 0.258643 0.547059 0.258643 0.544118 0.256082 0.544118 0.256082 0.550000 0.254802 0.552941 0.253521 0.550000 0.253521 0.552941 0.250960 0.558824 0.249680 0.558824 0.248399 0.555882 0.249680 0.552941 0.249680 0.544118 0.250960 0.541176
1 0.116517 0.526471 0.117798 0.529412 0.115237 0.535294 0.113956 0.535294 0.112676 0.538235 0.111396 0.538235 0.110115 0.541176 0.108835 0.541176 0.104994 0.550000 0.103713 0.550000 0.099872 0.558824 0.098592 0.558824 0.092190 0.573529 0.090909 0.570588 0.088348 0.570588 0.088348 0.573529 0.090909 0.579412 0.092190 0.579412 0.090909 0.576471 0.092190 0.573529 0.094750 0.573529 0.098592 0.564706 0.099872 0.564706 0.106274 0.550000 0.107554 0.550000 0.112676 0.538235 0.113956 0.538235 0.116517 0.532353 0.117798 0.532353 0.120359 0.538235 0.120359 0.541176 0.122919 0.547059 0.122919 0.550000 0.124200 0.552941 0.124200 0.555882 0.126761 0.561765 0.126761 0.564706 0.128041 0.567647 0.128041 0.570588 0.129321 0.573529 0.129321 0.576471 0.129321 0.570588 0.128041 0.567647 0.128041 0.564706 0.125480 0.558824 0.125480 0.555882 0.122919 0.550000 0.122919 0.547059 0.121639 0.544118 0.121639 0.541176 0.117798 0.532353 0.117798 0.529412
1 0.717029 0.520588 0.714469 0.526471 0.714469 0.529412 0.711908 0.535294 0.710627 0.535294 0.711908 0.535294 0.717029 0.547059 0.718310 0.544118 0.717029 0.541176 0.718310 0.538235 0.717029 0.535294
1 0.066581 0.520588 0.065301 0.523529 0.064020 0.523529 0.065301 0.523529 0.066581 0.526471 0.065301 0.529412 0.066581 0.532353 0.065301 0.535294 0.064020 0.535294 0.065301 0.535294 0.066581 0.538235 0.064020 0.544118 0.065301 0.544118 0.066581 0.547059 0.065301 0.550000 0.064020 0.550000 0.065301 0.552941 0.066581 0.550000 0.069142 0.550000 0.071703 0.544118 0.072983 0.547059 0.075544 0.541176 0.076825 0.541176 0.078105 0.544118 0.076825 0.547059 0.076825 0.550000 0.075544 0.552941 0.075544 0.561765 0.076825 0.564706 0.078105 0.561765 0.079385 0.564706 0.081946 0.564706 0.081946 0.561765 0.083227 0.558824 0.084507 0.558824 0.085787 0.555882 0.088348 0.555882 0.088348 0.552941 0.089629 0.550000 0.090909 0.550000 0.088348 0.550000 0.087068 0.547059 0.085787 0.547059 0.085787 0.550000 0.084507 0.552941 0.081946 0.547059 0.081946 0.544118 0.083227 0.541176 0.081946 0.541176 0.080666 0.538235 0.081946 0.535294 0.079385 0.535294 0.078105 0.532353 0.079385 0.529412 0.080666 0.529412 0.079385 0.529412 0.078105 0.532353 0.076825 0.529412 0.074264 0.535294 0.071703 0.535294 0.070423 0.532353 0.071703 0.529412 0.070423 0.526471 0.069142 0.526471 0.067862 0.523529 0.067862 0.520588
1 0.801536 0.505882 0.801536 0.511765 0.802817 0.514706 0.802817 0.520588 0.804097 0.523529 0.804097 0.529412 0.805378 0.532353 0.805378 0.538235 0.804097 0.541176 0.802817 0.538235 0.800256 0.538235 0.797695 0.532353 0.797695 0.523529 0.797695 0.532353 0.796415 0.535294 0.796415 0.547059 0.797695 0.550000 0.797695 0.552941 0.796415 0.555882 0.797695 0.558824 0.797695 0.570588 0.798976 0.573529 0.797695 0.576471 0.798976 0.579412 0.798976 0.591176 0.797695 0.594118 0.798976 0.597059 0.798976 0.620588 0.797695 0.623529 0.796415 0.623529 0.798976 0.629412 0.798976 0.632353 0.800256 0.635294 0.800256 0.638235 0.801536 0.641176 0.800256 0.644118 0.800256 0.664706 0.801536 0.667647 0.801536 0.688235 0.802817 0.691176 0.802817 0.720588 0.804097 0.723529 0.804097 0.729412 0.805378 0.732353 0.805378 0.738235 0.806658 0.741176 0.806658 0.747059 0.805378 0.750000 0.802817 0.750000 0.800256 0.744118 0.798976 0.744118 0.797695 0.741176 0.796415 0.741176 0.798976 0.747059 0.800256 0.747059 0.802817 0.752941 0.804097 0.752941 0.805378 0.755882 0.805378 0.844118 0.804097 0.847059 0.804097 0.850000 0.805378 0.852941 0.804097 0.855882 0.804097 0.861765 0.802817 0.864706 0.801536 0.861765 0.801536 0.847059 0.800256 0.844118 0.800256 0.814706 0.798976 0.811765 0.798976 0.800000 0.797695 0.797059 0.797695 0.791176 0.797695 0.800000 0.796415 0.802941 0.797695 0.805882 0.796415 0.808824 0.796415 0.852941 0.797695 0.855882 0.797695 0.867647 0.798976 0.870588 0.798976 0.879412 0.800256 0.882353 0.800256 0.914706 0.801536 0.917647 0.801536 0.929412 0.802817 0.932353 0.802817 0.950000 0.801536 0.952941 0.801536 0.955882 0.802817 0.958824 0.802817 0.970588 0.801536 0.973529 0.801536 0.979412 0.802817 0.982353 0.801536 0.985294 0.801536 0.997059 0.805378 0.997059 0.805378 0.944118 0.804097 0.941176 0.804097 0.897059 0.805378 0.894118 0.805378 0.814706 0.806658 0.811765 0.806658 0.764706 0.807939 0.761765 0.809219 0.761765 0.810499 0.764706 0.811780 0.764706 0.806658 0.752941 0.806658 0.732353 0.807939 0.729412 0.807939 0.702941 0.809219 0.700000 0.809219 0.697059 0.807939 0.694118 0.807939 0.688235 0.809219 0.685294 0.807939 0.682353 0.807939 0.679412 0.809219 0.676471 0.811780 0.682353 0.811780 0.685294 0.814341 0.691176 0.814341 0.694118 0.816901 0.700000 0.816901 0.702941 0.819462 0.708824 0.819462 0.711765 0.820743 0.714706 0.820743 0.717647 0.819462 0.720588 0.820743 0.717647 0.823303 0.723529 0.823303 0.726471 0.822023 0.729412 0.820743 0.726471 0.822023 0.729412 0.823303 0.726471 0.824584 0.729412 0.824584 0.726471 0.822023 0.720588 0.822023 0.717647 0.820743 0.714706 0.820743 0.711765 0.819462 0.708824 0.819462 0.705882 0.815621 0.697059 0.815621 0.694118 0.814341 0.691176 0.814341 0.688235 0.811780 0.682353 0.811780 0.679412 0.810499 0.676471 0.810499 0.673529 0.807939 0.667647 0.807939 0.658824 0.809219 0.655882 0.810499 0.655882 0.809219 0.655882 0.807939 0.652941 0.807939 0.650000 0.806658 0.647059 0.807939 0.644118 0.807939 0.635294 0.806658 0.632353 0.806658 0.626471 0.807939 0.623529 0.807939 0.620588 0.806658 0.617647 0.806658 0.591176 0.805378 0.588235 0.805378 0.585294 0.806658 0.582353 0.806658 0.570588 0.805378 0.567647 0.805378 0.564706 0.804097 0.561765 0.805378 0.558824 0.805378 0.555882 0.806658 0.552941 0.806658 0.541176 0.807939 0.538235 0.807939 0.535294 0.809219 0.532353 0.809219 0.529412 0.807939 0.529412 0.806658 0.526471 0.806658 0.523529 0.806658 0.526471 0.807939 0.529412 0.807939 0.535294 0.806658 0.538235 0.805378 0.535294 0.805378 0.532353 0.804097 0.529412 0.804097 0.520588 0.802817 0.517647 0.802817 0.514706 0.801536 0.511765
1 0.795134 0.505882 0.795134 0.511765 0.793854 0.514706 0.793854 0.520588 0.792574 0.523529 0.792574 0.535294 0.791293 0.538235 0.790013 0.535294 0.790013 0.529412 0.788732 0.532353 0.788732 0.535294 0.787452 0.538235 0.787452 0.544118 0.786172 0.547059 0.786172 0.570588 0.784891 0.573529 0.784891 0.576471 0.783611 0.579412 0.781050 0.579412 0.779770 0.576471 0.775928 0.576471 0.774648 0.573529 0.773367 0.573529 0.774648 0.573529 0.775928 0.576471 0.779770 0.576471 0.781050 0.579412 0.782330 0.579412 0.784891 0.585294 0.784891 0.588235 0.783611 0.591176 0.783611 0.594118 0.784891 0.597059 0.783611 0.600000 0.783611 0.644118 0.783611 0.632353 0.784891 0.629412 0.784891 0.626471 0.786172 0.623529 0.786172 0.602941 0.787452 0.600000 0.787452 0.588235 0.788732 0.585294 0.790013 0.588235 0.792574 0.588235 0.793854 0.591176 0.795134 0.591176 0.793854 0.588235 0.792574 0.588235 0.791293 0.585294 0.788732 0.585294 0.787452 0.582353 0.788732 0.579412 0.788732 0.564706 0.790013 0.561765 0.790013 0.555882 0.791293 0.552941 0.791293 0.547059 0.792574 0.544118 0.792574 0.535294 0.793854 0.532353 0.793854 0.526471 0.795134 0.523529 0.795134 0.514706 0.796415 0.511765 0.796415 0.505882
1 0.147247 0.505882 0.148528 0.508824 0.147247 0.511765 0.147247 0.514706 0.145967 0.517647 0.145967 0.520588 0.144686 0.523529 0.145967 0.526471 0.144686 0.529412 0.144686 0.547059 0.143406 0.550000 0.144686 0.552941 0.143406 0.555882 0.143406 0.567647 0.144686 0.567647 0.145967 0.570588 0.144686 0.573529 0.144686 0.579412 0.143406 0.582353 0.143406 0.585294 0.144686 0.588235 0.143406 0.591176 0.143406 0.594118 0.144686 0.597059 0.143406 0.600000 0.143406 0.605882 0.142125 0.608824 0.142125 0.614706 0.143406 0.617647 0.142125 0.620588 0.143406 0.623529 0.143406 0.626471 0.142125 0.629412 0.142125 0.632353 0.140845 0.635294 0.139565 0.635294 0.138284 0.638235 0.139565 0.641176 0.139565 0.644118 0.138284 0.647059 0.139565 0.650000 0.139565 0.655882 0.142125 0.661765 0.142125 0.664706 0.142125 0.652941 0.140845 0.650000 0.140845 0.644118 0.142125 0.641176 0.142125 0.638235 0.143406 0.635294 0.144686 0.638235 0.144686 0.641176 0.145967 0.644118 0.145967 0.641176 0.147247 0.638235 0.147247 0.626471 0.145967 0.623529 0.145967 0.602941 0.147247 0.600000 0.148528 0.600000 0.148528 0.594118 0.147247 0.591176 0.147247 0.582353 0.145967 0.579412 0.145967 0.570588 0.147247 0.567647 0.145967 0.564706 0.145967 0.561765 0.147247 0.558824 0.147247 0.544118 0.149808 0.538235 0.148528 0.538235 0.147247 0.535294 0.148528 0.532353 0.148528 0.523529 0.147247 0.520588 0.148528 0.517647 0.148528 0.505882
1 0.847631 0.502941 0.847631 0.505882 0.848912 0.508824 0.848912 0.529412 0.850192 0.532353 0.850192 0.550000 0.848912 0.552941 0.850192 0.555882 0.850192 0.579412 0.851472 0.582353 0.850192 0.585294 0.851472 0.588235 0.851472 0.605882 0.852753 0.608824 0.852753 0.626471 0.851472 0.629412 0.850192 0.626471 0.850192 0.620588 0.848912 0.617647 0.850192 0.614706 0.848912 0.614706 0.847631 0.611765 0.846351 0.611765 0.846351 0.620588 0.845070 0.623529 0.846351 0.626471 0.846351 0.629412 0.847631 0.629412 0.848912 0.632353 0.847631 0.635294 0.845070 0.635294 0.843790 0.632353 0.842510 0.632353 0.839949 0.626471 0.842510 0.632353 0.841229 0.635294 0.846351 0.635294 0.847631 0.638235 0.847631 0.647059 0.846351 0.650000 0.846351 0.676471 0.847631 0.679412 0.847631 0.694118 0.848912 0.697059 0.848912 0.744118 0.847631 0.747059 0.847631 0.752941 0.848912 0.755882 0.848912 0.791176 0.850192 0.788235 0.850192 0.773529 0.851472 0.770588 0.852753 0.773529 0.852753 0.776471 0.852753 0.767647 0.851472 0.764706 0.851472 0.758824 0.851472 0.761765 0.850192 0.764706 0.848912 0.761765 0.848912 0.755882 0.850192 0.752941 0.850192 0.738235 0.851472 0.735294 0.851472 0.723529 0.852753 0.720588 0.850192 0.714706 0.850192 0.708824 0.851472 0.705882 0.854033 0.711765 0.854033 0.714706 0.854033 0.705882 0.852753 0.702941 0.852753 0.700000 0.851472 0.697059 0.851472 0.694118 0.850192 0.691176 0.850192 0.688235 0.851472 0.685294 0.854033 0.691176 0.852753 0.688235 0.852753 0.673529 0.851472 0.670588 0.854033 0.664706 0.855314 0.667647 0.855314 0.670588 0.855314 0.661765 0.856594 0.658824 0.857875 0.658824 0.859155 0.655882 0.860435 0.658824 0.860435 0.655882 0.861716 0.652941 0.862996 0.655882 0.864277 0.655882 0.865557 0.658824 0.866837 0.655882 0.868118 0.658824 0.866837 0.655882 0.866837 0.652941 0.862996 0.652941 0.861716 0.650000 0.860435 0.650000 0.859155 0.652941 0.857875 0.650000 0.857875 0.647059 0.859155 0.644118 0.857875 0.641176 0.857875 0.638235 0.860435 0.632353 0.859155 0.632353 0.857875 0.635294 0.856594 0.632353 0.856594 0.629412 0.857875 0.626471 0.855314 0.620588 0.855314 0.617647 0.854033 0.620588 0.852753 0.617647 0.852753 0.608824 0.854033 0.605882 0.854033 0.570588 0.855314 0.567647 0.854033 0.564706 0.854033 0.552941 0.855314 0.550000 0.854033 0.547059 0.854033 0.541176 0.852753 0.538235 0.852753 0.517647 0.851472 0.514706 0.851472 0.505882 0.850192 0.505882 0.848912 0.508824 0.847631 0.505882
1 0.481434 0.500000 0.480154 0.502941 0.481434 0.505882 0.481434 0.508824 0.480154 0.511765 0.480154 0.514706 0.478873 0.517647 0.477593 0.514706 0.477593 0.511765 0.475032 0.517647 0.476312 0.514706 0.477593 0.514706 0.478873 0.517647 0.477593 0.520588 0.477593 0.523529 0.480154 0.523529 0.481434 0.526471 0.481434 0.529412 0.482714 0.532353 0.482714 0.535294 0.481434 0.538235 0.482714 0.541176 0.482714 0.535294 0.483995 0.532353 0.485275 0.535294 0.485275 0.541176 0.486556 0.544118 0.486556 0.550000 0.485275 0.552941 0.485275 0.558824 0.486556 0.558824 0.486556 0.532353 0.489117 0.526471 0.490397 0.529412 0.490397 0.538235 0.492958 0.538235 0.494238 0.541176 0.494238 0.538235 0.495519 0.535294 0.495519 0.532353 0.494238 0.529412 0.492958 0.532353 0.491677 0.529412 0.491677 0.523529 0.496799 0.511765 0.498079 0.511765 0.499360 0.514706 0.498079 0.517647 0.498079 0.520588 0.496799 0.523529 0.498079 0.526471 0.499360 0.526471 0.500640 0.523529 0.499360 0.520588 0.499360 0.517647 0.500640 0.514706 0.499360 0.514706 0.498079 0.511765 0.499360 0.508824 0.500640 0.508824 0.499360 0.505882 0.500640 0.502941 0.499360 0.505882 0.499360 0.508824 0.498079 0.511765 0.496799 0.508824 0.495519 0.508824 0.496799 0.511765 0.491677 0.523529 0.490397 0.520588 0.490397 0.514706 0.489117 0.511765 0.487836 0.511765 0.485275 0.505882 0.485275 0.502941 0.483995 0.505882 0.482714 0.505882 0.481434 0.502941
1 0.524968 0.497059 0.524968 0.544118 0.523688 0.547059 0.523688 0.561765 0.522407 0.564706 0.522407 0.585294 0.521127 0.588235 0.522407 0.591176 0.522407 0.602941 0.521127 0.605882 0.521127 0.626471 0.519846 0.629412 0.519846 0.679412 0.521127 0.682353 0.521127 0.685294 0.522407 0.688235 0.522407 0.700000 0.523688 0.702941 0.523688 0.708824 0.523688 0.664706 0.522407 0.661765 0.524968 0.655882 0.524968 0.650000 0.523688 0.652941 0.522407 0.650000 0.522407 0.638235 0.521127 0.635294 0.521127 0.632353 0.519846 0.629412 0.522407 0.623529 0.523688 0.623529 0.523688 0.608824 0.526248 0.602941 0.524968 0.600000 0.524968 0.579412 0.526248 0.576471 0.524968 0.573529 0.524968 0.570588 0.526248 0.567647 0.526248 0.564706 0.527529 0.561765 0.526248 0.558824 0.526248 0.555882 0.527529 0.552941 0.527529 0.547059 0.528809 0.544118 0.530090 0.547059 0.530090 0.555882 0.530090 0.544118 0.528809 0.541176 0.528809 0.526471 0.530090 0.523529 0.530090 0.505882 0.530090 0.517647 0.528809 0.520588 0.526248 0.514706 0.527529 0.511765 0.527529 0.505882 0.526248 0.502941 0.526248 0.497059
1 0.555698 0.485294 0.555698 0.488235 0.554417 0.491176 0.554417 0.517647 0.553137 0.520588 0.553137 0.535294 0.551857 0.538235 0.553137 0.541176 0.553137 0.550000 0.551857 0.552941 0.551857 0.561765 0.553137 0.564706 0.551857 0.567647 0.551857 0.579412 0.553137 0.582353 0.551857 0.585294 0.551857 0.591176 0.553137 0.591176 0.554417 0.594118 0.554417 0.591176 0.555698 0.588235 0.556978 0.588235 0.558259 0.591176 0.558259 0.600000 0.559539 0.602941 0.558259 0.605882 0.558259 0.608824 0.559539 0.608824 0.562100 0.614706 0.560819 0.617647 0.562100 0.620588 0.567222 0.620588 0.568502 0.617647 0.568502 0.614706 0.565941 0.608824 0.565941 0.605882 0.564661 0.602941 0.564661 0.600000 0.563380 0.597059 0.564661 0.594118 0.563380 0.594118 0.560819 0.588235 0.560819 0.585294 0.559539 0.582353 0.559539 0.576471 0.558259 0.573529 0.558259 0.570588 0.560819 0.564706 0.559539 0.564706 0.558259 0.561765 0.558259 0.558824 0.560819 0.552941 0.560819 0.550000 0.562100 0.547059 0.563380 0.550000 0.563380 0.547059 0.564661 0.544118 0.563380 0.547059 0.560819 0.541176 0.559539 0.541176 0.558259 0.538235 0.558259 0.535294 0.556978 0.532353 0.556978 0.517647 0.555698 0.514706
1 0.174136 0.485294 0.174136 0.488235 0.172855 0.491176 0.174136 0.494118 0.174136 0.511765 0.172855 0.514706 0.172855 0.538235 0.171575 0.541176 0.171575 0.552941 0.170294 0.555882 0.171575 0.558824 0.171575 0.564706 0.172855 0.564706 0.174136 0.561765 0.172855 0.558824 0.174136 0.555882 0.174136 0.550000 0.175416 0.547059 0.174136 0.544118 0.174136 0.529412 0.175416 0.526471 0.175416 0.514706 0.174136 0.511765 0.175416 0.508824 0.175416 0.488235
1 0.165173 0.473529 0.163892 0.476471 0.163892 0.502941 0.165173 0.505882 0.165173 0.508824 0.163892 0.511765 0.163892 0.552941 0.162612 0.555882 0.162612 0.570588 0.161332 0.573529 0.160051 0.573529 0.160051 0.576471 0.161332 0.579412 0.161332 0.591176 0.160051 0.594118 0.160051 0.626471 0.162612 0.632353 0.162612 0.635294 0.162612 0.620588 0.165173 0.614706 0.165173 0.611765 0.163892 0.611765 0.162612 0.608824 0.165173 0.602941 0.165173 0.579412 0.166453 0.576471 0.166453 0.573529 0.165173 0.570588 0.166453 0.567647 0.166453 0.564706 0.165173 0.561765 0.166453 0.558824 0.166453 0.555882 0.167734 0.552941 0.166453 0.550000 0.166453 0.538235 0.167734 0.535294 0.167734 0.529412 0.166453 0.526471 0.166453 0.523529 0.167734 0.520588 0.167734 0.517647 0.166453 0.514706 0.167734 0.511765 0.167734 0.497059 0.169014 0.494118 0.167734 0.491176 0.167734 0.488235 0.166453 0.485294 0.166453 0.479412 0.165173 0.476471
1 0.348271 0.470588 0.348271 0.479412 0.346991 0.482353 0.346991 0.485294 0.345711 0.488235 0.346991 0.491176 0.346991 0.502941 0.348271 0.505882 0.346991 0.508824 0.346991 0.511765 0.348271 0.514706 0.346991 0.517647 0.346991 0.526471 0.348271 0.529412 0.346991 0.532353 0.346991 0.535294 0.348271 0.538235 0.346991 0.541176 0.346991 0.544118 0.348271 0.547059 0.348271 0.555882 0.346991 0.558824 0.348271 0.561765 0.348271 0.585294 0.349552 0.588235 0.349552 0.591176 0.348271 0.594118 0.349552 0.597059 0.349552 0.614706 0.350832 0.617647 0.349552 0.620588 0.349552 0.644118 0.350832 0.647059 0.349552 0.650000 0.349552 0.658824 0.350832 0.658824 0.350832 0.650000 0.352113 0.647059 0.353393 0.647059 0.353393 0.602941 0.354673 0.600000 0.353393 0.597059 0.353393 0.567647 0.350832 0.561765 0.350832 0.558824 0.349552 0.555882 0.349552 0.526471 0.348271 0.523529 0.348271 0.520588 0.349552 0.517647 0.348271 0.514706 0.348271 0.511765 0.349552 0.508824 0.349552 0.505882 0.348271 0.502941 0.348271 0.500000 0.349552 0.497059 0.349552 0.473529
1 0.177977 0.470588 0.177977 0.479412 0.179257 0.482353 0.177977 0.485294 0.179257 0.485294 0.180538 0.488235 0.179257 0.491176 0.179257 0.494118 0.177977 0.497059 0.180538 0.502941 0.177977 0.508824 0.179257 0.508824 0.180538 0.511765 0.179257 0.514706 0.179257 0.520588 0.180538 0.523529 0.180538 0.526471 0.181818 0.529412 0.180538 0.532353 0.180538 0.541176 0.181818 0.544118 0.181818 0.547059 0.180538 0.550000 0.179257 0.550000 0.181818 0.555882 0.181818 0.576471 0.180538 0.579412 0.180538 0.588235 0.183099 0.588235 0.184379 0.591176 0.184379 0.600000 0.183099 0.602941 0.183099 0.605882 0.181818 0.608824 0.181818 0.614706 0.183099 0.617647 0.183099 0.614706 0.184379 0.611765 0.184379 0.602941 0.185659 0.600000 0.186940 0.602941 0.186940 0.614706 0.185659 0.617647 0.185659 0.632353 0.185659 0.623529 0.186940 0.620588 0.186940 0.594118 0.185659 0.591176 0.186940 0.588235 0.188220 0.588235 0.188220 0.579412 0.188220 0.585294 0.186940 0.588235 0.185659 0.588235 0.184379 0.585294 0.184379 0.576471 0.183099 0.573529 0.184379 0.570588 0.184379 0.558824 0.183099 0.555882 0.184379 0.552941 0.184379 0.550000 0.183099 0.547059 0.184379 0.544118 0.184379 0.541176 0.183099 0.538235 0.183099 0.532353 0.184379 0.529412 0.184379 0.526471 0.183099 0.523529 0.183099 0.514706 0.181818 0.511765 0.183099 0.508824 0.181818 0.508824 0.180538 0.505882 0.181818 0.502941 0.180538 0.500000 0.181818 0.497059 0.180538 0.494118 0.180538 0.476471 0.179257 0.473529 0.179257 0.470588
1 0.924456 0.461765 0.924456 0.470588 0.923175 0.473529 0.924456 0.476471 0.924456 0.479412 0.923175 0.482353 0.924456 0.485294 0.924456 0.508824 0.923175 0.511765 0.923175 0.532353 0.921895 0.535294 0.921895 0.550000 0.920615 0.552941 0.920615 0.561765 0.921895 0.564706 0.920615 0.567647 0.920615 0.570588 0.918054 0.576471 0.918054 0.579412 0.919334 0.582353 0.921895 0.582353 0.923175 0.585294 0.923175 0.591176 0.924456 0.591176 0.924456 0.582353 0.925736 0.579412 0.924456 0.576471 0.925736 0.573529 0.925736 0.558824 0.927017 0.555882 0.927017 0.535294 0.928297 0.532353 0.928297 0.523529 0.927017 0.520588 0.927017 0.517647 0.929577 0.511765 0.928297 0.514706 0.927017 0.511765 0.927017 0.508824 0.928297 0.505882 0.928297 0.494118 0.929577 0.491176 0.929577 0.482353 0.928297 0.479412 0.928297 0.470588 0.927017 0.467647 0.927017 0.461765
1 0.418694 0.455882 0.418694 0.458824 0.419974 0.461765 0.419974 0.502941 0.417414 0.508824 0.416133 0.508824 0.417414 0.511765 0.416133 0.514706 0.418694 0.520588 0.417414 0.523529 0.417414 0.529412 0.416133 0.532353 0.414853 0.532353 0.414853 0.535294 0.416133 0.532353 0.417414 0.532353 0.419974 0.538235 0.419974 0.541176 0.419974 0.535294 0.421255 0.532353 0.421255 0.529412 0.422535 0.526471 0.423816 0.526471 0.425096 0.523529 0.425096 0.517647 0.423816 0.520588 0.422535 0.517647 0.422535 0.520588 0.421255 0.523529 0.418694 0.517647 0.419974 0.514706 0.419974 0.461765 0.418694 0.458824
1 0.605634 0.447059 0.605634 0.476471 0.606914 0.479412 0.606914 0.505882 0.608195 0.508824 0.608195 0.511765 0.606914 0.514706 0.605634 0.511765 0.605634 0.517647 0.603073 0.523529 0.603073 0.526471 0.601793 0.529412 0.601793 0.532353 0.600512 0.535294 0.597951 0.535294 0.595391 0.529412 0.595391 0.520588 0.594110 0.517647 0.594110 0.470588 0.595391 0.467647 0.594110 0.464706 0.595391 0.461765 0.594110 0.458824 0.595391 0.455882 0.594110 0.455882 0.594110 0.458824 0.595391 0.461765 0.594110 0.464706 0.594110 0.482353 0.592830 0.485294 0.594110 0.488235 0.592830 0.491176 0.594110 0.494118 0.594110 0.505882 0.592830 0.508824 0.592830 0.511765 0.591549 0.514706 0.591549 0.523529 0.591549 0.517647 0.592830 0.514706 0.594110 0.517647 0.594110 0.526471 0.592830 0.529412 0.592830 0.535294 0.594110 0.538235 0.594110 0.535294 0.595391 0.532353 0.596671 0.532353 0.597951 0.535294 0.597951 0.538235 0.599232 0.535294 0.601793 0.541176 0.599232 0.547059 0.597951 0.547059 0.596671 0.544118 0.594110 0.550000 0.590269 0.550000 0.590269 0.552941 0.588988 0.555882 0.587708 0.555882 0.587708 0.558824 0.588988 0.561765 0.586428 0.567647 0.581306 0.567647 0.580026 0.564706 0.580026 0.555882 0.582586 0.550000 0.583867 0.550000 0.582586 0.547059 0.582586 0.544118 0.581306 0.541176 0.582586 0.538235 0.581306 0.535294 0.581306 0.532353 0.580026 0.535294 0.578745 0.535294 0.581306 0.541176 0.581306 0.550000 0.580026 0.552941 0.578745 0.550000 0.577465 0.552941 0.578745 0.555882 0.577465 0.558824 0.577465 0.561765 0.576184 0.564706 0.576184 0.567647 0.574904 0.570588 0.573624 0.567647 0.572343 0.570588 0.569782 0.570588 0.568502 0.567647 0.568502 0.561765 0.565941 0.555882 0.564661 0.558824 0.565941 0.561765 0.565941 0.564706 0.567222 0.567647 0.567222 0.576471 0.568502 0.576471 0.571063 0.582353 0.572343 0.582353 0.573624 0.579412 0.574904 0.582353 0.574904 0.585294 0.576184 0.582353 0.577465 0.585294 0.577465 0.591176 0.578745 0.588235 0.580026 0.588235 0.580026 0.585294 0.581306 0.582353 0.583867 0.588235 0.578745 0.600000 0.577465 0.597059 0.576184 0.600000 0.576184 0.608824 0.577465 0.605882 0.578745 0.608824 0.578745 0.611765 0.578745 0.602941 0.580026 0.600000 0.581306 0.602941 0.581306 0.605882 0.581306 0.602941 0.580026 0.600000 0.581306 0.597059 0.581306 0.594118 0.585147 0.585294 0.586428 0.585294 0.588988 0.591176 0.588988 0.594118 0.588988 0.585294 0.590269 0.582353 0.591549 0.585294 0.592830 0.585294 0.594110 0.588235 0.594110 0.597059 0.592830 0.600000 0.592830 0.602941 0.591549 0.605882 0.592830 0.608824 0.592830 0.602941 0.594110 0.600000 0.595391 0.600000 0.596671 0.597059 0.595391 0.597059 0.594110 0.594118 0.594110 0.588235 0.596671 0.582353 0.592830 0.573529 0.594110 0.570588 0.595391 0.570588 0.597951 0.564706 0.601793 0.564706 0.604353 0.558824 0.605634 0.558824 0.604353 0.558824 0.603073 0.561765 0.601793 0.558824 0.601793 0.555882 0.601793 0.558824 0.599232 0.564706 0.597951 0.564706 0.596671 0.567647 0.594110 0.561765 0.594110 0.552941 0.595391 0.550000 0.596671 0.552941 0.597951 0.550000 0.599232 0.552941 0.597951 0.550000 0.601793 0.541176 0.604353 0.547059 0.605634 0.544118 0.606914 0.544118 0.608195 0.547059 0.608195 0.550000 0.608195 0.547059 0.606914 0.544118 0.606914 0.520588 0.608195 0.517647 0.608195 0.494118 0.606914 0.491176 0.606914 0.488235 0.608195 0.485294 0.606914 0.482353 0.606914 0.461765 0.605634 0.458824
1 0.728553 0.438235 0.727273 0.441176 0.728553 0.444118 0.727273 0.447059 0.728553 0.450000 0.728553 0.467647 0.729834 0.470588 0.728553 0.473529 0.727273 0.473529 0.728553 0.476471 0.728553 0.479412 0.729834 0.482353 0.728553 0.485294 0.728553 0.491176 0.729834 0.494118 0.729834 0.520588 0.728553 0.523529 0.728553 0.547059 0.727273 0.550000 0.727273 0.555882 0.728553 0.558824 0.727273 0.561765 0.727273 0.564706 0.728553 0.567647 0.728553 0.588235 0.727273 0.591176 0.727273 0.602941 0.728553 0.605882 0.728553 0.632353 0.729834 0.635294 0.729834 0.644118 0.729834 0.638235 0.731114 0.635294 0.731114 0.629412 0.732394 0.626471 0.732394 0.617647 0.733675 0.614706 0.733675 0.611765 0.734955 0.608824 0.734955 0.605882 0.736236 0.602941 0.736236 0.597059 0.737516 0.594118 0.737516 0.585294 0.738796 0.582353 0.738796 0.561765 0.738796 0.567647 0.737516 0.570588 0.737516 0.576471 0.736236 0.579412 0.736236 0.588235 0.734955 0.591176 0.734955 0.597059 0.733675 0.600000 0.733675 0.605882 0.732394 0.608824 0.732394 0.614706 0.731114 0.617647 0.731114 0.620588 0.729834 0.623529 0.728553 0.620588 0.728553 0.611765 0.729834 0.608824 0.729834 0.605882 0.728553 0.602941 0.728553 0.597059 0.731114 0.591176 0.731114 0.576471 0.732394 0.573529 0.732394 0.564706 0.731114 0.567647 0.729834 0.564706 0.729834 0.561765 0.731114 0.558824 0.731114 0.552941 0.732394 0.550000 0.731114 0.547059 0.732394 0.544118 0.732394 0.541176 0.731114 0.538235 0.732394 0.535294 0.732394 0.532353 0.731114 0.529412 0.731114 0.526471 0.732394 0.523529 0.732394 0.520588 0.731114 0.517647 0.732394 0.514706 0.732394 0.511765 0.731114 0.508824 0.732394 0.505882 0.732394 0.494118 0.731114 0.491176 0.731114 0.488235 0.732394 0.485294 0.731114 0.482353 0.731114 0.461765 0.729834 0.458824 0.731114 0.455882 0.729834 0.452941 0.729834 0.444118 0.728553 0.441176
1 0.809219 0.429412 0.807939 0.432353 0.807939 0.444118 0.806658 0.447059 0.806658 0.488235 0.806658 0.476471 0.807939 0.473529 0.807939 0.452941 0.809219 0.450000
1 0.801536 0.423529 0.800256 0.426471 0.800256 0.435294 0.798976 0.438235 0.800256 0.441176 0.798976 0.444118 0.798976 0.467647 0.797695 0.470588 0.797695 0.491176 0.796415 0.494118 0.796415 0.497059 0.797695 0.500000 0.797695 0.488235 0.798976 0.485294 0.800256 0.488235 0.800256 0.494118 0.800256 0.476471 0.798976 0.473529 0.798976 0.470588 0.800256 0.467647 0.798976 0.464706 0.798976 0.461765 0.800256 0.458824 0.800256 0.441176 0.801536 0.438235
1 0.254802 0.420588 0.254802 0.438235 0.256082 0.441176 0.256082 0.455882 0.257362 0.458824 0.256082 0.461765 0.257362 0.464706 0.257362 0.476471 0.257362 0.464706 0.258643 0.461765 0.258643 0.426471 0.258643 0.447059 0.257362 0.450000 0.256082 0.447059 0.256082 0.432353 0.254802 0.429412
1 0.311140 0.411765 0.309859 0.414706 0.311140 0.417647 0.309859 0.420588 0.309859 0.423529 0.308579 0.426471 0.308579 0.432353 0.307298 0.435294 0.307298 0.461765 0.306018 0.464706 0.307298 0.467647 0.307298 0.479412 0.306018 0.482353 0.307298 0.485294 0.307298 0.502941 0.306018 0.505882 0.307298 0.508824 0.307298 0.567647 0.307298 0.523529 0.308579 0.520588 0.308579 0.494118 0.309859 0.491176 0.309859 0.452941 0.311140 0.450000 0.312420 0.452941 0.312420 0.479412 0.313700 0.482353 0.313700 0.494118 0.313700 0.473529 0.312420 0.470588 0.312420 0.444118 0.311140 0.441176 0.311140 0.423529 0.309859 0.420588 0.311140 0.417647 0.312420 0.417647 0.311140 0.417647 0.309859 0.414706
1 0.464789 0.347059 0.464789 0.350000 0.463508 0.352941 0.463508 0.355882 0.462228 0.358824 0.462228 0.367647 0.460948 0.370588 0.460948 0.373529 0.462228 0.376471 0.462228 0.379412 0.460948 0.382353 0.460948 0.394118 0.462228 0.397059 0.460948 0.400000 0.460948 0.408824 0.459667 0.411765 0.460948 0.414706 0.460948 0.417647 0.459667 0.420588 0.459667 0.438235 0.460948 0.438235 0.462228 0.441176 0.460948 0.444118 0.459667 0.444118 0.459667 0.447059 0.460948 0.450000 0.460948 0.452941 0.459667 0.455882 0.459667 0.461765 0.460948 0.464706 0.460948 0.467647 0.459667 0.470588 0.459667 0.473529 0.460948 0.476471 0.460948 0.479412 0.459667 0.482353 0.460948 0.485294 0.460948 0.505882 0.462228 0.508824 0.460948 0.511765 0.459667 0.511765 0.458387 0.508824 0.458387 0.494118 0.458387 0.514706 0.459667 0.517647 0.459667 0.520588 0.460948 0.523529 0.460948 0.538235 0.458387 0.544118 0.457106 0.544118 0.455826 0.541176 0.455826 0.535294 0.457106 0.532353 0.455826 0.532353 0.454545 0.529412 0.454545 0.520588 0.453265 0.517647 0.453265 0.511765 0.451985 0.508824 0.451985 0.502941 0.451985 0.520588 0.450704 0.523529 0.449424 0.523529 0.449424 0.526471 0.448143 0.529412 0.446863 0.526471 0.448143 0.529412 0.446863 0.532353 0.444302 0.532353 0.444302 0.535294 0.443022 0.538235 0.441741 0.538235 0.443022 0.541176 0.444302 0.541176 0.445583 0.544118 0.449424 0.544118 0.450704 0.547059 0.450704 0.541176 0.449424 0.541176 0.448143 0.538235 0.448143 0.532353 0.450704 0.526471 0.450704 0.523529 0.451985 0.520588 0.453265 0.523529 0.453265 0.541176 0.454545 0.544118 0.454545 0.547059 0.451985 0.552941 0.450704 0.552941 0.449424 0.555882 0.448143 0.555882 0.445583 0.561765 0.444302 0.561765 0.441741 0.567647 0.440461 0.567647 0.437900 0.573529 0.440461 0.567647 0.441741 0.567647 0.444302 0.561765 0.445583 0.561765 0.448143 0.555882 0.449424 0.555882 0.450704 0.552941 0.451985 0.552941 0.453265 0.550000 0.455826 0.555882 0.455826 0.561765 0.457106 0.564706 0.457106 0.570588 0.458387 0.573529 0.458387 0.576471 0.459667 0.579412 0.459667 0.585294 0.460948 0.588235 0.460948 0.594118 0.463508 0.588235 0.466069 0.588235 0.466069 0.582353 0.464789 0.579412 0.464789 0.576471 0.466069 0.573529 0.466069 0.570588 0.464789 0.567647 0.464789 0.538235 0.467350 0.532353 0.468630 0.532353 0.469910 0.529412 0.471191 0.529412 0.469910 0.529412 0.468630 0.532353 0.464789 0.532353 0.463508 0.529412 0.463508 0.523529 0.464789 0.520588 0.464789 0.491176 0.463508 0.488235 0.463508 0.485294 0.464789 0.482353 0.463508 0.479412 0.463508 0.476471 0.464789 0.473529 0.463508 0.470588 0.463508 0.452941 0.462228 0.450000 0.462228 0.441176 0.463508 0.438235 0.463508 0.435294 0.462228 0.432353 0.462228 0.426471 0.463508 0.423529 0.463508 0.408824 0.462228 0.405882 0.464789 0.400000 0.464789 0.397059 0.466069 0.394118 0.464789 0.394118 0.463508 0.391176 0.463508 0.388235 0.464789 0.385294 0.464789 0.373529 0.463508 0.370588 0.463508 0.367647 0.464789 0.364706
1 0.238156 0.282353 0.238156 0.288235 0.236876 0.291176 0.236876 0.302941 0.235595 0.305882 0.235595 0.314706 0.234315 0.317647 0.234315 0.320588 0.235595 0.323529 0.234315 0.326471 0.234315 0.329412 0.235595 0.329412 0.236876 0.332353 0.235595 0.335294 0.233035 0.335294 0.233035 0.338235 0.234315 0.341176 0.233035 0.344118 0.233035 0.355882 0.231754 0.358824 0.231754 0.367647 0.233035 0.370588 0.231754 0.373529 0.231754 0.376471 0.234315 0.382353 0.233035 0.385294 0.233035 0.394118 0.231754 0.397059 0.231754 0.402941 0.233035 0.405882 0.233035 0.408824 0.231754 0.411765 0.231754 0.417647 0.233035 0.420588 0.233035 0.423529 0.231754 0.426471 0.231754 0.432353 0.233035 0.435294 0.231754 0.438235 0.231754 0.447059 0.233035 0.450000 0.233035 0.455882 0.231754 0.458824 0.230474 0.455882 0.230474 0.467647 0.231754 0.470588 0.231754 0.479412 0.233035 0.482353 0.233035 0.494118 0.235595 0.500000 0.235595 0.520588 0.236876 0.523529 0.236876 0.532353 0.234315 0.538235 0.233035 0.535294 0.233035 0.532353 0.231754 0.529412 0.231754 0.517647 0.230474 0.514706 0.230474 0.505882 0.229193 0.502941 0.229193 0.494118 0.227913 0.491176 0.227913 0.479412 0.226633 0.476471 0.226633 0.464706 0.225352 0.461765 0.225352 0.455882 0.224072 0.452941 0.224072 0.447059 0.224072 0.482353 0.225352 0.485294 0.225352 0.494118 0.226633 0.497059 0.226633 0.502941 0.227913 0.505882 0.227913 0.511765 0.229193 0.514706 0.227913 0.517647 0.227913 0.520588 0.229193 0.520588 0.230474 0.523529 0.230474 0.532353 0.231754 0.535294 0.231754 0.544118 0.230474 0.547059 0.229193 0.544118 0.229193 0.541176 0.227913 0.538235 0.227913 0.535294 0.226633 0.532353 0.226633 0.529412 0.226633 0.532353 0.225352 0.535294 0.225352 0.544118 0.226633 0.547059 0.225352 0.550000 0.224072 0.550000 0.224072 0.552941 0.222791 0.555882 0.222791 0.564706 0.222791 0.561765 0.225352 0.555882 0.226633 0.555882 0.227913 0.558824 0.229193 0.555882 0.230474 0.555882 0.229193 0.552941 0.230474 0.550000 0.231754 0.550000 0.233035 0.552941 0.233035 0.558824 0.234315 0.561765 0.234315 0.564706 0.235595 0.567647 0.235595 0.573529 0.236876 0.576471 0.236876 0.602941 0.236876 0.588235 0.239437 0.582353 0.239437 0.579412 0.240717 0.576471 0.241997 0.579412 0.243278 0.579412 0.243278 0.573529 0.244558 0.570588 0.243278 0.570588 0.240717 0.576471 0.238156 0.570588 0.238156 0.558824 0.236876 0.555882 0.236876 0.544118 0.238156 0.541176 0.239437 0.541176 0.239437 0.497059 0.238156 0.494118 0.238156 0.491176 0.236876 0.488235 0.236876 0.482353 0.235595 0.479412 0.235595 0.473529 0.236876 0.470588 0.236876 0.461765 0.238156 0.458824 0.238156 0.455882 0.236876 0.452941 0.238156 0.450000 0.238156 0.441176 0.236876 0.438235 0.236876 0.397059 0.235595 0.394118 0.235595 0.391176 0.236876 0.388235 0.236876 0.373529 0.235595 0.370588 0.236876 0.367647 0.236876 0.361765 0.238156 0.358824 0.238156 0.355882 0.239437 0.352941 0.239437 0.350000 0.238156 0.347059 0.238156 0.341176 0.239437 0.338235 0.239437 0.335294 0.240717 0.332353 0.238156 0.332353 0.236876 0.329412 0.239437 0.323529 0.239437 0.317647 0.238156 0.314706 0.238156 0.305882 0.239437 0.302941 0.239437 0.282353
2 0.115237 0.976471 0.115237 0.979412 0.113956 0.982353 0.113956 0.997059 0.117798 0.997059 0.117798 0.994118 0.116517 0.991176 0.116517 0.988235 0.115237 0.985294
2 0.048656 0.970588 0.048656 0.973529 0.047375 0.976471 0.047375 0.994118 0.046095 0.997059 0.044814 0.994118 0.044814 0.991176 0.043534 0.988235 0.043534 0.985294 0.044814 0.982353 0.044814 0.979412 0.043534 0.979412 0.042254 0.982353 0.043534 0.985294 0.043534 0.988235 0.044814 0.991176 0.044814 0.994118 0.046095 0.997059 0.049936 0.997059 0.049936 0.985294 0.048656 0.982353
2 0.736236 0.944118 0.734955 0.947059 0.734955 0.950000 0.733675 0.952941 0.733675 0.955882 0.729834 0.964706 0.729834 0.970588 0.727273 0.976471 0.727273 0.979412 0.725992 0.982353 0.725992 0.985294 0.723431 0.991176 0.722151 0.988235 0.720871 0.988235 0.718310 0.982353 0.718310 0.979412 0.717029 0.976471 0.717029 0.991176 0.715749 0.994118 0.715749 0.997059 0.717029 0.997059 0.718310 0.994118 0.719590 0.994118 0.718310 0.991176 0.719590 0.988235 0.720871 0.988235 0.722151 0.991176 0.722151 0.997059 0.724712 0.997059 0.725992 0.994118 0.727273 0.997059 0.728553 0.997059 0.731114 0.991176 0.731114 0.988235 0.732394 0.985294 0.732394 0.982353 0.733675 0.979412 0.733675 0.976471 0.734955 0.973529 0.734955 0.970588 0.736236 0.967647 0.736236 0.964706 0.737516 0.961765 0.743918 0.961765 0.745198 0.964706 0.737516 0.982353 0.736236 0.982353 0.737516 0.985294 0.737516 0.982353 0.738796 0.979412 0.740077 0.979412 0.741357 0.982353 0.745198 0.982353 0.746479 0.979412 0.747759 0.979412 0.749040 0.976471 0.750320 0.976471 0.749040 0.976471 0.747759 0.973529 0.749040 0.970588 0.747759 0.973529 0.746479 0.973529 0.747759 0.973529 0.749040 0.976471 0.747759 0.979412 0.743918 0.979412 0.741357 0.973529 0.745198 0.964706 0.745198 0.961765 0.740077 0.961765 0.738796 0.958824 0.738796 0.955882 0.740077 0.952941 0.740077 0.950000 0.741357 0.947059 0.738796 0.952941 0.737516 0.952941 0.737516 0.955882 0.734955 0.961765 0.733675 0.961765 0.732394 0.958824 0.733675 0.955882 0.733675 0.952941 0.734955 0.950000 0.734955 0.947059
2 0.588988 0.941176 0.588988 0.950000 0.587708 0.952941 0.588988 0.955882 0.588988 0.958824 0.587708 0.961765 0.587708 0.964706 0.586428 0.967647 0.586428 0.973529 0.586428 0.970588 0.590269 0.961765 0.590269 0.958824 0.591549 0.955882 0.592830 0.958824 0.594110 0.955882 0.595391 0.958824 0.594110 0.955882 0.594110 0.944118 0.594110 0.947059 0.592830 0.950000 0.592830 0.952941 0.591549 0.955882 0.590269 0.952941 0.590269 0.950000 0.588988 0.947059
2 0.215109 0.938235 0.215109 0.947059 0.212548 0.952941 0.213828 0.955882 0.212548 0.958824 0.212548 0.970588 0.215109 0.970588
2 0.588988 0.911765 0.588988 0.914706 0.587708 0.917647 0.587708 0.920588 0.585147 0.926471 0.585147 0.929412 0.583867 0.932353 0.583867 0.935294 0.582586 0.938235 0.582586 0.950000 0.581306 0.952941 0.581306 0.955882 0.580026 0.958824 0.580026 0.961765 0.577465 0.967647 0.577465 0.970588 0.576184 0.973529 0.580026 0.964706 0.580026 0.961765 0.581306 0.958824 0.582586 0.961765 0.582586 0.967647 0.581306 0.970588 0.581306 0.976471 0.572343 0.997059 0.574904 0.991176 0.577465 0.997059 0.578745 0.997059 0.577465 0.994118 0.577465 0.991176 0.576184 0.988235 0.580026 0.979412 0.581306 0.982353 0.581306 0.997059 0.581306 0.991176 0.582586 0.988235 0.583867 0.991176 0.582586 0.988235 0.582586 0.973529 0.583867 0.970588 0.583867 0.958824 0.585147 0.955882 0.585147 0.952941 0.583867 0.955882 0.582586 0.952941 0.582586 0.944118 0.591549 0.923529 0.590269 0.920588 0.590269 0.914706
2 0.824584 0.891176 0.824584 0.897059 0.823303 0.900000 0.823303 0.911765 0.824584 0.914706 0.824584 0.923529 0.825864 0.926471 0.825864 0.932353 0.827145 0.935294 0.827145 0.941176 0.828425 0.944118 0.828425 0.952941 0.829706 0.955882 0.829706 0.961765 0.830986 0.964706 0.830986 0.976471 0.832266 0.979412 0.832266 0.997059 0.833547 0.997059 0.833547 0.991176 0.832266 0.988235 0.832266 0.976471 0.830986 0.973529 0.830986 0.961765 0.829706 0.958824 0.829706 0.947059 0.828425 0.944118 0.828425 0.932353 0.827145 0.929412 0.827145 0.917647 0.825864 0.914706 0.825864 0.902941 0.824584 0.900000
2 0.774648 0.888235 0.777209 0.894118 0.777209 0.897059 0.782330 0.908824 0.782330 0.911765 0.781050 0.914706 0.778489 0.908824 0.781050 0.914706 0.782330 0.914706 0.784891 0.920588 0.784891 0.926471 0.783611 0.929412 0.784891 0.926471 0.786172 0.929412 0.786172 0.932353 0.787452 0.935294 0.786172 0.938235 0.790013 0.947059 0.790013 0.952941 0.788732 0.955882 0.786172 0.950000 0.784891 0.950000 0.782330 0.944118 0.782330 0.941176 0.779770 0.935294 0.779770 0.932353 0.775928 0.923529 0.775928 0.920588 0.774648 0.917647 0.775928 0.920588 0.775928 0.923529 0.777209 0.926471 0.777209 0.929412 0.778489 0.932353 0.778489 0.935294 0.779770 0.938235 0.779770 0.941176 0.781050 0.944118 0.781050 0.947059 0.782330 0.950000 0.782330 0.952941 0.783611 0.955882 0.783611 0.958824 0.784891 0.961765 0.784891 0.964706 0.786172 0.967647 0.786172 0.970588 0.787452 0.973529 0.787452 0.976471 0.788732 0.979412 0.788732 0.982353 0.790013 0.985294 0.790013 0.991176 0.791293 0.991176 0.792574 0.994118 0.791293 0.997059 0.792574 0.994118 0.793854 0.997059 0.796415 0.997059 0.797695 0.994118 0.798976 0.997059 0.800256 0.994118 0.798976 0.991176 0.798976 0.988235 0.801536 0.982353 0.800256 0.979412 0.800256 0.976471 0.798976 0.973529 0.798976 0.970588 0.797695 0.967647 0.797695 0.964706 0.796415 0.961765 0.796415 0.955882 0.795134 0.952941 0.795134 0.950000 0.793854 0.947059 0.793854 0.944118 0.792574 0.941176 0.792574 0.938235 0.791293 0.935294 0.790013 0.935294 0.788732 0.932353 0.790013 0.929412 0.790013 0.926471 0.788732 0.926471 0.787452 0.923529 0.788732 0.920588 0.787452 0.923529 0.786172 0.920588 0.786172 0.917647 0.783611 0.911765 0.783611 0.908824
2 0.745198 0.882353 0.743918 0.885294 0.745198 0.882353 0.750320 0.894118 0.750320 0.897059 0.754161 0.905882 0.754161 0.908824 0.759283 0.920588 0.759283 0.923529 0.763124 0.932353 0.763124 0.935294 0.766965 0.944118 0.766965 0.947059 0.768246 0.950000 0.769526 0.950000 0.770807 0.952941 0.770807 0.958824 0.772087 0.961765 0.772087 0.964706 0.773367 0.967647 0.773367 0.970588 0.775928 0.976471 0.775928 0.979412 0.777209 0.982353 0.777209 0.985294 0.778489 0.988235 0.778489 0.991176 0.777209 0.994118 0.775928 0.991176 0.774648 0.991176 0.772087 0.985294 0.772087 0.982353 0.772087 0.991176 0.774648 0.997059 0.777209 0.997059 0.777209 0.994118 0.778489 0.991176 0.779770 0.994118 0.779770 0.997059 0.781050 0.997059 0.782330 0.994118 0.783611 0.997059 0.784891 0.997059 0.786172 0.994118 0.784891 0.994118 0.783611 0.991176 0.783611 0.988235 0.782330 0.985294 0.782330 0.982353 0.781050 0.979412 0.781050 0.976471 0.778489 0.970588 0.778489 0.967647 0.777209 0.964706 0.777209 0.961765 0.775928 0.958824 0.775928 0.955882 0.772087 0.947059 0.772087 0.944118 0.770807 0.941176 0.770807 0.938235 0.769526 0.938235 0.751601 0.897059 0.754161 0.891176 0.751601 0.897059
2 0.813060 0.879412 0.813060 0.885294 0.811780 0.888235 0.810499 0.888235 0.811780 0.891176 0.811780 0.900000 0.809219 0.905882 0.805378 0.905882 0.805378 0.923529 0.806658 0.926471 0.806658 0.944118 0.807939 0.947059 0.807939 0.950000 0.809219 0.952941 0.807939 0.955882 0.809219 0.958824 0.809219 0.964706 0.810499 0.967647 0.810499 0.973529 0.811780 0.976471 0.811780 0.982353 0.813060 0.985294 0.813060 0.991176 0.814341 0.994118 0.814341 0.997059 0.814341 0.994118 0.815621 0.991176 0.815621 0.988235 0.816901 0.985294 0.818182 0.988235 0.818182 0.991176 0.819462 0.994118 0.819462 0.997059 0.822023 0.997059 0.822023 0.994118 0.820743 0.991176 0.820743 0.985294 0.819462 0.982353 0.819462 0.976471 0.820743 0.973529 0.822023 0.976471 0.820743 0.973529 0.820743 0.970588 0.822023 0.967647 0.825864 0.976471 0.825864 0.982353 0.827145 0.985294 0.827145 0.994118 0.828425 0.997059 0.828425 0.988235 0.827145 0.985294 0.827145 0.976471 0.825864 0.973529 0.825864 0.964706 0.824584 0.961765 0.824584 0.950000 0.823303 0.947059 0.823303 0.938235 0.822023 0.935294 0.822023 0.923529 0.820743 0.920588 0.820743 0.911765 0.819462 0.908824 0.819462 0.900000 0.818182 0.897059 0.818182 0.885294 0.818182 0.902941 0.816901 0.905882 0.815621 0.902941 0.815621 0.900000 0.814341 0.897059 0.814341 0.891176 0.813060 0.888235
2 0.755442 0.797059 0.758003 0.802941 0.755442 0.808824 0.758003 0.802941 0.764405 0.817647 0.765685 0.817647 0.766965 0.820588 0.766965 0.823529 0.769526 0.829412 0.769526 0.832353 0.772087 0.838235 0.772087 0.832353 0.770807 0.829412 0.770807 0.826471 0.769526 0.823529 0.768246 0.823529 0.766965 0.820588 0.768246 0.817647 0.766965 0.820588 0.764405 0.814706 0.764405 0.811765 0.761844 0.811765
2 0.765685 0.741176 0.764405 0.744118 0.765685 0.747059 0.765685 0.750000 0.764405 0.752941 0.763124 0.750000 0.766965 0.758824 0.765685 0.761765 0.766965 0.758824 0.768246 0.758824 0.769526 0.761765 0.769526 0.764706 0.770807 0.767647 0.770807 0.770588 0.772087 0.773529 0.770807 0.776471 0.769526 0.776471 0.768246 0.779412 0.766965 0.776471 0.766965 0.773529 0.765685 0.773529 0.764405 0.770588 0.765685 0.767647 0.766965 0.767647 0.765685 0.767647 0.764405 0.770588 0.760563 0.761765 0.761844 0.758824 0.760563 0.761765 0.758003 0.755882 0.764405 0.770588 0.763124 0.773529 0.761844 0.773529 0.756722 0.761765 0.764405 0.779412 0.765685 0.776471 0.768246 0.782353 0.768246 0.785294 0.770807 0.791176 0.770807 0.794118 0.773367 0.800000 0.774648 0.797059 0.773367 0.797059 0.770807 0.791176 0.770807 0.788235 0.769526 0.785294 0.772087 0.779412 0.773367 0.779412 0.774648 0.782353 0.773367 0.785294 0.774648 0.788235 0.773367 0.785294 0.774648 0.782353 0.774648 0.773529 0.773367 0.770588 0.774648 0.767647 0.774648 0.764706 0.773367 0.764706 0.770807 0.758824 0.769526 0.761765 0.768246 0.758824 0.768246 0.755882 0.766965 0.752941 0.766965 0.750000 0.764405 0.744118
2 0.763124 0.714706 0.763124 0.717647 0.764405 0.717647 0.766965 0.723529 0.766965 0.726471 0.768246 0.726471 0.770807 0.732353 0.769526 0.735294 0.769526 0.738235 0.772087 0.744118 0.774648 0.744118 0.775928 0.747059 0.775928 0.752941 0.775928 0.741176 0.777209 0.738235 0.775928 0.735294 0.774648 0.735294 0.773367 0.738235 0.772087 0.735294 0.772087 0.732353 0.766965 0.720588 0.766965 0.717647 0.765685 0.714706 0.764405 0.717647
2 0.878361 0.567647 0.878361 0.573529 0.877081 0.576471 0.875800 0.576471 0.874520 0.579412 0.877081 0.585294 0.878361 0.585294 0.879641 0.582353 0.880922 0.585294 0.880922 0.582353 0.882202 0.579412 0.882202 0.576471 0.883483 0.573529 0.883483 0.570588 0.880922 0.570588 0.879641 0.567647
2 0.865557 0.552941 0.865557 0.558824 0.864277 0.561765 0.862996 0.558824 0.861716 0.558824 0.861716 0.564706 0.862996 0.567647 0.862996 0.570588 0.864277 0.567647 0.865557 0.570588 0.865557 0.573529 0.866837 0.570588 0.868118 0.573529 0.869398 0.570588 0.870679 0.573529 0.869398 0.570588 0.870679 0.567647 0.871959 0.567647 0.871959 0.564706 0.870679 0.561765 0.870679 0.552941 0.869398 0.555882 0.868118 0.555882 0.866837 0.552941
2 0.813060 0.552941 0.811780 0.555882 0.810499 0.555882 0.810499 0.558824 0.809219 0.561765 0.807939 0.558824 0.806658 0.558824 0.806658 0.561765 0.807939 0.564706 0.806658 0.567647 0.807939 0.570588 0.807939 0.582353 0.806658 0.585294 0.806658 0.588235 0.807939 0.591176 0.807939 0.617647 0.809219 0.620588 0.809219 0.623529 0.807939 0.626471 0.807939 0.632353 0.809219 0.635294 0.809219 0.644118 0.807939 0.647059 0.809219 0.650000 0.809219 0.652941 0.809219 0.647059 0.810499 0.644118 0.813060 0.650000 0.813060 0.661765 0.810499 0.667647 0.809219 0.664706 0.809219 0.658824 0.809219 0.667647 0.811780 0.673529 0.811780 0.676471 0.813060 0.679412 0.813060 0.682353 0.815621 0.688235 0.815621 0.691176 0.816901 0.694118 0.816901 0.697059 0.815621 0.700000 0.813060 0.694118 0.813060 0.691176 0.810499 0.685294 0.810499 0.682353 0.809219 0.679412 0.809219 0.682353 0.810499 0.685294 0.810499 0.688235 0.809219 0.691176 0.809219 0.694118 0.810499 0.697059 0.810499 0.700000 0.809219 0.702941 0.809219 0.729412 0.807939 0.732353 0.807939 0.752941 0.809219 0.752941 0.810499 0.755882 0.810499 0.758824 0.813060 0.764706 0.811780 0.767647 0.810499 0.767647 0.811780 0.770588 0.811780 0.776471 0.813060 0.779412 0.813060 0.782353 0.814341 0.785294 0.814341 0.811765 0.813060 0.814706 0.811780 0.811765 0.811780 0.800000 0.810499 0.797059 0.810499 0.785294 0.809219 0.782353 0.809219 0.773529 0.807939 0.770588 0.807939 0.764706 0.807939 0.811765 0.806658 0.814706 0.806658 0.820588 0.807939 0.823529 0.807939 0.829412 0.809219 0.832353 0.809219 0.841176 0.807939 0.844118 0.806658 0.841176 0.806658 0.838235 0.806658 0.844118 0.807939 0.847059 0.807939 0.852941 0.809219 0.855882 0.809219 0.864706 0.807939 0.867647 0.807939 0.870588 0.809219 0.867647 0.809219 0.855882 0.810499 0.852941 0.810499 0.844118 0.809219 0.841176 0.809219 0.838235 0.810499 0.835294 0.814341 0.844118 0.814341 0.847059 0.815621 0.850000 0.815621 0.852941 0.816901 0.855882 0.816901 0.858824 0.815621 0.861765 0.816901 0.864706 0.816901 0.855882 0.815621 0.852941 0.815621 0.844118 0.816901 0.841176 0.818182 0.844118 0.818182 0.850000 0.819462 0.852941 0.819462 0.855882 0.820743 0.855882 0.819462 0.852941 0.819462 0.835294 0.818182 0.832353 0.818182 0.823529 0.819462 0.820588 0.820743 0.823529 0.820743 0.826471 0.822023 0.829412 0.822023 0.832353 0.823303 0.832353 0.824584 0.835294 0.824584 0.844118 0.825864 0.847059 0.825864 0.855882 0.827145 0.858824 0.827145 0.861765 0.828425 0.864706 0.827145 0.867647 0.827145 0.870588 0.828425 0.873529 0.828425 0.882353 0.829706 0.885294 0.829706 0.891176 0.830986 0.894118 0.830986 0.900000 0.832266 0.900000 0.833547 0.902941 0.833547 0.914706 0.834827 0.917647 0.834827 0.923529 0.836108 0.926471 0.836108 0.929412 0.837388 0.932353 0.837388 0.938235 0.838668 0.941176 0.838668 0.947059 0.839949 0.950000 0.839949 0.952941 0.841229 0.955882 0.841229 0.961765 0.842510 0.964706 0.842510 0.970588 0.843790 0.973529 0.843790 0.976471 0.845070 0.979412 0.845070 0.997059 0.846351 0.997059 0.847631 0.994118 0.848912 0.994118 0.850192 0.997059 0.891165 0.997059 0.891165 0.988235 0.892446 0.985294 0.895006 0.991176 0.895006 0.997059 0.915493 0.997059 0.916773 0.994118 0.916773 0.991176 0.918054 0.988235 0.919334 0.991176 0.919334 0.997059 0.941101 0.997059 0.941101 0.994118 0.942382 0.991176 0.944942 0.997059 0.946223 0.997059 0.947503 0.994118 0.948784 0.997059 0.950064 0.997059 0.951344 0.994118 0.952625 0.994118 0.953905 0.991176 0.955186 0.991176 0.956466 0.988235 0.959027 0.988235 0.960307 0.985294 0.961588 0.985294 0.962868 0.988235 0.960307 0.994118 0.959027 0.994118 0.959027 0.997059 0.971831 0.997059 0.971831 0.982353 0.970551 0.979412 0.970551 0.961765 0.969270 0.958824 0.969270 0.950000 0.967990 0.947059 0.967990 0.941176 0.966709 0.941176 0.965429 0.938235 0.967990 0.932353 0.970551 0.938235 0.970551 0.941176 0.973111 0.947059 0.973111 0.950000 0.976953 0.958824 0.975672 0.961765 0.976953 0.961765 0.980794 0.970588 0.980794 0.976471 0.979513 0.979412 0.976953 0.973529 0.976953 0.970588 0.976953 0.979412 0.978233 0.982353 0.978233 0.997059 0.983355 0.997059 0.983355 0.994118 0.984635 0.991176 0.984635 0.988235 0.985915 0.985294 0.987196 0.988235 0.987196 0.991176 0.988476 0.994118 0.988476 0.997059 0.997439 0.997059 0.998720 0.994118 0.998720 0.985294 0.998720 0.988235 0.997439 0.991176 0.996159 0.988235 0.996159 0.976471 0.994878 0.973529 0.994878 0.955882 0.993598 0.952941 0.993598 0.938235 0.994878 0.935294 0.996159 0.938235 0.996159 0.941176 0.998720 0.947059 0.998720 0.852941 0.997439 0.850000 0.997439 0.844118 0.997439 0.850000 0.994878 0.855882 0.994878 0.858824 0.993598 0.861765 0.992318 0.858824 0.992318 0.855882 0.988476 0.847059 0.989757 0.844118 0.988476 0.844118 0.985915 0.838235 0.985915 0.820588 0.987196 0.817647 0.988476 0.820588 0.987196 0.817647 0.987196 0.808824 0.988476 0.805882 0.989757 0.805882 0.991037 0.808824 0.991037 0.826471 0.989757 0.829412 0.991037 0.829412 0.992318 0.832353 0.991037 0.835294 0.992318 0.838235 0.992318 0.844118 0.993598 0.847059 0.993598 0.850000 0.993598 0.844118 0.994878 0.841176 0.994878 0.838235 0.996159 0.835294 0.996159 0.832353 0.997439 0.829412 0.998720 0.832353 0.998720 0.838235 0.998720 0.808824 0.997439 0.805882 0.998720 0.802941 0.998720 0.773529 0.997439 0.773529 0.996159 0.776471 0.994878 0.776471 0.993598 0.773529 0.993598 0.767647 0.994878 0.764706 0.993598 0.761765 0.993598 0.758824 0.994878 0.755882 0.993598 0.752941 0.992318 0.752941 0.991037 0.750000 0.988476 0.750000 0.987196 0.747059 0.987196 0.729412 0.985915 0.726471 0.985915 0.708824 0.985915 0.747059 0.984635 0.750000 0.980794 0.741176 0.976953 0.741176 0.975672 0.738235 0.975672 0.735294 0.974392 0.735294 0.973111 0.732353 0.973111 0.729412 0.974392 0.726471 0.974392 0.720588 0.975672 0.717647 0.975672 0.714706 0.976953 0.711765 0.976953 0.708824 0.976953 0.711765 0.974392 0.717647 0.974392 0.720588 0.973111 0.723529 0.973111 0.726471 0.970551 0.732353 0.967990 0.726471 0.966709 0.726471 0.966709 0.729412 0.965429 0.732353 0.964149 0.729412 0.962868 0.729412 0.960307 0.723529 0.959027 0.726471 0.959027 0.732353 0.957746 0.735294 0.959027 0.738235 0.957746 0.741176 0.955186 0.741176 0.953905 0.738235 0.953905 0.732353 0.955186 0.729412 0.955186 0.723529 0.956466 0.720588 0.956466 0.717647 0.957746 0.714706 0.957746 0.708824 0.959027 0.705882 0.957746 0.702941 0.959027 0.700000 0.959027 0.697059 0.960307 0.694118 0.960307 0.691176 0.961588 0.688235 0.961588 0.685294 0.962868 0.682353 0.962868 0.676471 0.965429 0.670588 0.965429 0.667647 0.966709 0.664706 0.966709 0.661765 0.967990 0.658824 0.966709 0.661765 0.966709 0.664706 0.961588 0.676471 0.961588 0.679412 0.956466 0.691176 0.956466 0.694118 0.953905 0.700000 0.952625 0.700000 0.952625 0.702941 0.951344 0.705882 0.951344 0.708824 0.947503 0.717647 0.947503 0.723529 0.946223 0.726471 0.946223 0.729412 0.943662 0.735294 0.938540 0.735294 0.937260 0.732353 0.937260 0.729412 0.938540 0.726471 0.938540 0.714706 0.939821 0.711765 0.939821 0.708824 0.938540 0.705882 0.938540 0.702941 0.937260 0.700000 0.939821 0.694118 0.939821 0.688235 0.937260 0.682353 0.937260 0.676471 0.935980 0.673529 0.935980 0.670588 0.937260 0.667647 0.937260 0.658824 0.935980 0.655882 0.935980 0.650000 0.937260 0.647059 0.937260 0.644118 0.935980 0.647059 0.934699 0.644118 0.934699 0.638235 0.933419 0.638235 0.933419 0.641176 0.932138 0.644118 0.930858 0.641176 0.930858 0.635294 0.929577 0.638235 0.928297 0.638235 0.927017 0.635294 0.928297 0.632353 0.928297 0.626471 0.927017 0.623529 0.925736 0.626471 0.924456 0.623529 0.924456 0.620588 0.925736 0.617647 0.927017 0.617647 0.928297 0.614706 0.925736 0.608824 0.925736 0.602941 0.927017 0.600000 0.927017 0.597059 0.928297 0.594118 0.928297 0.591176 0.925736 0.591176 0.924456 0.594118 0.923175 0.594118 0.921895 0.591176 0.921895 0.585294 0.919334 0.585294 0.918054 0.588235 0.916773 0.588235 0.914213 0.582353 0.912932 0.585294 0.912932 0.597059 0.911652 0.600000 0.911652 0.608824 0.914213 0.614706 0.912932 0.617647 0.912932 0.623529 0.914213 0.626471 0.914213 0.632353 0.915493 0.635294 0.915493 0.638235 0.916773 0.638235 0.918054 0.641176 0.916773 0.644118 0.916773 0.650000 0.918054 0.652941 0.918054 0.655882 0.920615 0.661765 0.920615 0.667647 0.921895 0.670588 0.921895 0.673529 0.923175 0.676471 0.923175 0.688235 0.925736 0.694118 0.925736 0.697059 0.928297 0.702941 0.928297 0.705882 0.927017 0.708824 0.927017 0.714706 0.925736 0.717647 0.924456 0.714706 0.924456 0.702941 0.923175 0.702941 0.921895 0.700000 0.916773 0.700000 0.915493 0.702941 0.914213 0.700000 0.909091 0.700000 0.907810 0.697059 0.903969 0.697059 0.905250 0.700000 0.905250 0.705882 0.903969 0.708824 0.902689 0.705882 0.902689 0.735294 0.903969 0.738235 0.903969 0.741176 0.905250 0.744118 0.905250 0.747059 0.902689 0.752941 0.900128 0.747059 0.900128 0.744118 0.898848 0.741176 0.898848 0.732353 0.897567 0.729412 0.897567 0.726471 0.896287 0.729412 0.895006 0.729412 0.895006 0.732353 0.896287 0.735294 0.896287 0.738235 0.897567 0.741176 0.897567 0.744118 0.896287 0.747059 0.896287 0.750000 0.895006 0.752941 0.893726 0.750000 0.893726 0.741176 0.892446 0.738235 0.892446 0.729412 0.891165 0.726471 0.891165 0.717647 0.889885 0.714706 0.889885 0.702941 0.892446 0.697059 0.893726 0.700000 0.893726 0.705882 0.895006 0.708824 0.895006 0.711765 0.896287 0.708824 0.897567 0.711765 0.897567 0.714706 0.896287 0.717647 0.897567 0.714706 0.898848 0.714706 0.897567 0.711765 0.897567 0.705882 0.896287 0.702941 0.896287 0.697059 0.893726 0.691176 0.893726 0.688235 0.895006 0.685294 0.895006 0.682353 0.897567 0.676471 0.901408 0.685294 0.901408 0.688235 0.901408 0.676471 0.902689 0.673529 0.903969 0.676471 0.903969 0.664706 0.905250 0.661765 0.905250 0.658824 0.906530 0.655882 0.907810 0.658824 0.907810 0.667647 0.906530 0.670588 0.906530 0.676471 0.907810 0.679412 0.909091 0.676471 0.910371 0.676471 0.911652 0.679412 0.911652 0.658824 0.909091 0.658824 0.907810 0.655882 0.910371 0.650000 0.909091 0.647059 0.909091 0.638235 0.910371 0.635294 0.910371 0.632353 0.911652 0.629412 0.910371 0.632353 0.907810 0.626471 0.909091 0.623529 0.907810 0.626471 0.907810 0.629412 0.905250 0.635294 0.905250 0.638235 0.902689 0.644118 0.901408 0.644118 0.900128 0.641176 0.897567 0.647059 0.896287 0.644118 0.895006 0.644118 0.893726 0.647059 0.892446 0.647059 0.891165 0.644118 0.892446 0.641176 0.892446 0.638235 0.892446 0.641176 0.891165 0.644118 0.887324 0.635294 0.887324 0.632353 0.888604 0.629412 0.888604 0.623529 0.888604 0.626471 0.887324 0.629412 0.886044 0.626471 0.886044 0.623529 0.886044 0.626471 0.884763 0.629412 0.882202 0.623529 0.882202 0.617647 0.883483 0.614706 0.883483 0.611765 0.884763 0.608824 0.884763 0.605882 0.886044 0.602941 0.886044 0.600000 0.880922 0.600000 0.879641 0.597059 0.879641 0.600000 0.878361 0.602941 0.875800 0.597059 0.877081 0.594118 0.871959 0.594118 0.870679 0.597059 0.868118 0.591176 0.869398 0.588235 0.866837 0.588235 0.865557 0.585294 0.864277 0.585294 0.861716 0.579412 0.860435 0.579412 0.859155 0.576471 0.860435 0.573529 0.859155 0.570588 0.860435 0.573529 0.859155 0.576471 0.859155 0.582353 0.857875 0.585294 0.856594 0.585294 0.857875 0.588235 0.857875 0.594118 0.859155 0.597059 0.859155 0.600000 0.857875 0.602941 0.857875 0.605882 0.855314 0.611765 0.857875 0.617647 0.857875 0.623529 0.859155 0.626471 0.859155 0.629412 0.857875 0.632353 0.859155 0.629412 0.860435 0.629412 0.861716 0.632353 0.860435 0.635294 0.860435 0.638235 0.861716 0.641176 0.861716 0.644118 0.862996 0.647059 0.862996 0.650000 0.862996 0.644118 0.864277 0.641176 0.866837 0.647059 0.866837 0.650000 0.868118 0.652941 0.868118 0.655882 0.869398 0.658824 0.866837 0.664706 0.865557 0.661765 0.864277 0.664706 0.862996 0.661765 0.862996 0.658824 0.859155 0.650000 0.859155 0.647059 0.859155 0.650000 0.861716 0.655882 0.861716 0.658824 0.862996 0.661765 0.861716 0.664706 0.862996 0.661765 0.864277 0.664706 0.864277 0.685294 0.861716 0.691176 0.862996 0.694118 0.862996 0.702941 0.861716 0.705882 0.860435 0.702941 0.859155 0.705882 0.857875 0.702941 0.857875 0.700000 0.859155 0.697059 0.857875 0.694118 0.857875 0.682353 0.856594 0.679412 0.856594 0.673529 0.855314 0.673529 0.854033 0.670588 0.852753 0.670588 0.854033 0.673529 0.854033 0.682353 0.855314 0.679412 0.856594 0.682353 0.856594 0.688235 0.855314 0.691176 0.854033 0.688235 0.852753 0.691176 0.851472 0.688235 0.851472 0.691176 0.852753 0.694118 0.852753 0.697059 0.854033 0.700000 0.854033 0.702941 0.855314 0.705882 0.855314 0.708824 0.856594 0.711765 0.854033 0.717647 0.852753 0.714706 0.852753 0.711765 0.850192 0.705882 0.851472 0.708824 0.851472 0.714706 0.854033 0.720588 0.852753 0.723529 0.852753 0.735294 0.851472 0.738235 0.851472 0.752941 0.850192 0.755882 0.850192 0.761765 0.850192 0.758824 0.851472 0.755882 0.852753 0.758824 0.852753 0.764706 0.854033 0.767647 0.854033 0.776471 0.852753 0.779412 0.851472 0.776471 0.851472 0.773529 0.851472 0.791176 0.850192 0.794118 0.848912 0.794118 0.847631 0.791176 0.847631 0.755882 0.846351 0.752941 0.846351 0.747059 0.847631 0.744118 0.847631 0.720588 0.846351 0.717647 0.847631 0.714706 0.845070 0.708824 0.845070 0.702941 0.846351 0.700000 0.847631 0.702941 0.846351 0.700000 0.847631 0.697059 0.846351 0.694118 0.846351 0.688235 0.845070 0.685294 0.845070 0.682353 0.846351 0.679412 0.845070 0.676471 0.845070 0.658824 0.843790 0.655882 0.845070 0.652941 0.845070 0.650000 0.846351 0.647059 0.846351 0.638235 0.842510 0.638235 0.842510 0.641176 0.841229 0.644118 0.839949 0.641176 0.839949 0.638235 0.838668 0.635294 0.838668 0.629412 0.836108 0.623529 0.836108 0.620588 0.834827 0.617647 0.834827 0.614706 0.833547 0.611765 0.832266 0.614706 0.833547 0.617647 0.833547 0.620588 0.834827 0.623529 0.834827 0.626471 0.836108 0.629412 0.836108 0.632353 0.838668 0.638235 0.837388 0.641176 0.836108 0.641176 0.832266 0.632353 0.832266 0.626471 0.830986 0.626471 0.829706 0.623529 0.828425 0.623529 0.825864 0.617647 0.827145 0.614706 0.825864 0.614706 0.825864 0.617647 0.827145 0.620588 0.827145 0.626471 0.828425 0.626471 0.829706 0.623529 0.830986 0.626471 0.830986 0.629412 0.833547 0.635294 0.832266 0.638235 0.830986 0.638235 0.828425 0.632353 0.825864 0.632353 0.820743 0.620588 0.819462 0.620588 0.818182 0.623529 0.816901 0.620588 0.816901 0.617647 0.818182 0.614706 0.818182 0.611765 0.819462 0.608824 0.818182 0.611765 0.818182 0.614706 0.814341 0.623529 0.813060 0.620588 0.813060 0.614706 0.811780 0.611765 0.813060 0.608824 0.814341 0.608824 0.814341 0.605882 0.813060 0.602941 0.813060 0.600000 0.814341 0.597059 0.814341 0.594118 0.813060 0.591176 0.815621 0.585294 0.815621 0.576471 0.816901 0.573529 0.816901 0.570588 0.819462 0.564706 0.819462 0.558824 0.816901 0.558824 0.815621 0.555882 0.815621 0.552941
2 0.724712 0.552941 0.724712 0.555882 0.725992 0.558824 0.725992 0.564706 0.727273 0.567647 0.725992 0.570588 0.725992 0.573529 0.724712 0.576471 0.725992 0.579412 0.725992 0.597059 0.725992 0.591176 0.727273 0.588235 0.727273 0.567647 0.725992 0.564706 0.725992 0.561765 0.727273 0.558824
2 0.832266 0.547059 0.832266 0.550000 0.830986 0.552941 0.829706 0.552941 0.829706 0.564706 0.828425 0.567647 0.827145 0.564706 0.825864 0.564706 0.824584 0.561765 0.824584 0.570588 0.828425 0.579412 0.828425 0.582353 0.828425 0.579412 0.829706 0.576471 0.830986 0.579412 0.830986 0.582353 0.832266 0.585294 0.832266 0.588235 0.833547 0.591176 0.833547 0.594118 0.832266 0.597059 0.833547 0.597059 0.834827 0.594118 0.836108 0.597059 0.836108 0.602941 0.836108 0.597059 0.837388 0.594118 0.839949 0.600000 0.841229 0.600000 0.842510 0.602941 0.842510 0.605882 0.841229 0.608824 0.839949 0.608824 0.838668 0.611765 0.838668 0.614706 0.839949 0.614706 0.841229 0.617647 0.841229 0.626471 0.842510 0.629412 0.843790 0.629412 0.845070 0.632353 0.845070 0.626471 0.843790 0.623529 0.845070 0.620588 0.845070 0.605882 0.843790 0.608824 0.842510 0.605882 0.842510 0.594118 0.843790 0.591176 0.846351 0.597059 0.845070 0.600000 0.846351 0.600000 0.847631 0.602941 0.847631 0.605882 0.847631 0.594118 0.846351 0.591176 0.847631 0.588235 0.847631 0.573529 0.848912 0.570588 0.848912 0.558824 0.847631 0.561765 0.847631 0.576471 0.846351 0.579412 0.845070 0.579412 0.843790 0.576471 0.843790 0.573529 0.845070 0.570588 0.842510 0.576471 0.841229 0.573529 0.839949 0.573529 0.837388 0.567647 0.837388 0.564706 0.834827 0.558824 0.836108 0.555882 0.836108 0.550000 0.833547 0.550000
2 0.732394 0.547059 0.733675 0.550000 0.732394 0.552941 0.732394 0.558824 0.731114 0.561765 0.731114 0.564706 0.732394 0.561765 0.733675 0.564706 0.733675 0.573529 0.732394 0.576471 0.732394 0.591176 0.729834 0.597059 0.729834 0.602941 0.731114 0.600000 0.732394 0.602941 0.732394 0.605882 0.732394 0.591176 0.733675 0.588235 0.734955 0.588235 0.734955 0.573529 0.737516 0.567647 0.737516 0.558824 0.736236 0.558824 0.733675 0.552941 0.733675 0.550000
2 0.457106 0.535294 0.457106 0.541176 0.458387 0.541176 0.459667 0.544118 0.458387 0.547059 0.459667 0.550000 0.459667 0.561765 0.460948 0.564706 0.460948 0.570588 0.462228 0.573529 0.462228 0.582353 0.462228 0.564706 0.460948 0.561765 0.462228 0.558824 0.460948 0.555882 0.460948 0.544118 0.459667 0.544118 0.458387 0.541176 0.459667 0.538235 0.458387 0.538235
2 0.774648 0.532353 0.774648 0.541176 0.777209 0.547059 0.777209 0.550000 0.778489 0.552941 0.777209 0.555882 0.775928 0.555882 0.775928 0.558824 0.777209 0.561765 0.777209 0.567647 0.775928 0.570588 0.774648 0.570588 0.775928 0.573529 0.774648 0.576471 0.774648 0.579412 0.775928 0.582353 0.774648 0.585294 0.775928 0.588235 0.775928 0.594118 0.778489 0.600000 0.779770 0.600000 0.781050 0.602941 0.779770 0.605882 0.778489 0.605882 0.777209 0.608824 0.777209 0.623529 0.775928 0.626471 0.775928 0.629412 0.774648 0.632353 0.772087 0.626471 0.773367 0.623529 0.773367 0.620588 0.773367 0.623529 0.770807 0.629412 0.769526 0.626471 0.768246 0.626471 0.766965 0.623529 0.768246 0.620588 0.770807 0.620588 0.766965 0.620588 0.759283 0.602941 0.764405 0.614706 0.760563 0.623529 0.764405 0.614706 0.766965 0.620588 0.766965 0.623529 0.768246 0.626471 0.769526 0.626471 0.772087 0.632353 0.769526 0.638235 0.766965 0.632353 0.769526 0.638235 0.769526 0.641176 0.768246 0.644118 0.764405 0.635294 0.765685 0.638235 0.764405 0.641176 0.765685 0.644118 0.766965 0.644118 0.768246 0.647059 0.766965 0.650000 0.768246 0.647059 0.769526 0.650000 0.769526 0.652941 0.770807 0.655882 0.769526 0.658824 0.770807 0.655882 0.773367 0.661765 0.773367 0.664706 0.772087 0.667647 0.770807 0.664706 0.769526 0.664706 0.768246 0.667647 0.766965 0.664706 0.766965 0.661765 0.764405 0.661765 0.761844 0.655882 0.761844 0.658824 0.764405 0.664706 0.761844 0.670588 0.760563 0.670588 0.761844 0.670588 0.764405 0.664706 0.765685 0.664706 0.768246 0.670588 0.768246 0.673529 0.769526 0.670588 0.770807 0.673529 0.770807 0.676471 0.769526 0.679412 0.773367 0.688235 0.770807 0.694118 0.772087 0.694118 0.773367 0.697059 0.775928 0.697059 0.777209 0.700000 0.775928 0.702941 0.777209 0.700000 0.778489 0.702941 0.778489 0.705882 0.775928 0.711765 0.772087 0.702941 0.770807 0.702941 0.768246 0.697059 0.768246 0.694118 0.765685 0.688235 0.766965 0.685294 0.765685 0.682353 0.764405 0.685294 0.763124 0.682353 0.763124 0.679412 0.761844 0.679412 0.760563 0.676471 0.761844 0.679412 0.759283 0.685294 0.758003 0.682353 0.758003 0.685294 0.756722 0.688235 0.758003 0.685294 0.759283 0.685294 0.761844 0.679412 0.766965 0.691176 0.766965 0.694118 0.770807 0.702941 0.770807 0.708824 0.769526 0.711765 0.768246 0.708824 0.768246 0.705882 0.766965 0.705882 0.770807 0.714706 0.770807 0.720588 0.772087 0.723529 0.773367 0.723529 0.774648 0.726471 0.774648 0.729412 0.774648 0.726471 0.775928 0.723529 0.777209 0.726471 0.777209 0.729412 0.778489 0.726471 0.778489 0.720588 0.777209 0.717647 0.778489 0.714706 0.777209 0.711765 0.777209 0.708824 0.778489 0.705882 0.779770 0.708824 0.779770 0.679412 0.777209 0.673529 0.778489 0.670588 0.779770 0.670588 0.781050 0.673529 0.781050 0.652941 0.782330 0.650000 0.783611 0.652941 0.783611 0.676471 0.782330 0.679412 0.783611 0.679412 0.784891 0.676471 0.786172 0.679412 0.786172 0.688235 0.784891 0.691176 0.784891 0.697059 0.784891 0.691176 0.786172 0.688235 0.788732 0.694118 0.788732 0.700000 0.790013 0.702941 0.790013 0.705882 0.791293 0.708824 0.790013 0.711765 0.791293 0.714706 0.790013 0.717647 0.788732 0.717647 0.787452 0.714706 0.788732 0.717647 0.788732 0.720588 0.787452 0.723529 0.784891 0.717647 0.784891 0.711765 0.783611 0.711765 0.782330 0.714706 0.782330 0.720588 0.781050 0.723529 0.781050 0.732353 0.782330 0.735294 0.781050 0.738235 0.779770 0.738235 0.779770 0.741176 0.781050 0.744118 0.779770 0.747059 0.779770 0.779412 0.778489 0.782353 0.778489 0.791176 0.781050 0.797059 0.779770 0.800000 0.778489 0.800000 0.778489 0.802941 0.781050 0.808824 0.781050 0.811765 0.782330 0.814706 0.781050 0.817647 0.778489 0.817647 0.777209 0.814706 0.778489 0.811765 0.777209 0.808824 0.777209 0.814706 0.779770 0.820588 0.779770 0.823529 0.781050 0.826471 0.781050 0.829412 0.779770 0.832353 0.775928 0.823529 0.775928 0.829412 0.778489 0.835294 0.778489 0.838235 0.779770 0.841176 0.779770 0.844118 0.778489 0.847059 0.775928 0.841176 0.774648 0.844118 0.774648 0.847059 0.778489 0.855882 0.775928 0.861765 0.774648 0.858824 0.774648 0.855882 0.774648 0.861765 0.775928 0.864706 0.774648 0.867647 0.774648 0.873529 0.775928 0.873529 0.779770 0.882353 0.779770 0.885294 0.783611 0.894118 0.783611 0.897059 0.784891 0.900000 0.784891 0.902941 0.786172 0.905882 0.787452 0.905882 0.788732 0.908824 0.787452 0.911765 0.788732 0.908824 0.790013 0.911765 0.790013 0.914706 0.797695 0.932353 0.797695 0.938235 0.798976 0.941176 0.798976 0.947059 0.800256 0.950000 0.800256 0.952941 0.801536 0.950000 0.801536 0.941176 0.800256 0.938235 0.800256 0.932353 0.798976 0.929412 0.798976 0.926471 0.800256 0.923529 0.800256 0.917647 0.798976 0.914706 0.798976 0.900000 0.797695 0.897059 0.798976 0.894118 0.798976 0.885294 0.797695 0.882353 0.797695 0.876471 0.796415 0.876471 0.795134 0.873529 0.796415 0.870588 0.796415 0.864706 0.795134 0.861765 0.795134 0.855882 0.793854 0.852941 0.793854 0.850000 0.795134 0.847059 0.795134 0.838235 0.793854 0.835294 0.793854 0.826471 0.792574 0.823529 0.792574 0.814706 0.791293 0.814706 0.790013 0.811765 0.791293 0.808824 0.791293 0.805882 0.790013 0.802941 0.790013 0.800000 0.788732 0.797059 0.788732 0.791176 0.787452 0.788235 0.787452 0.785294 0.786172 0.782353 0.786172 0.776471 0.784891 0.773529 0.784891 0.770588 0.783611 0.767647 0.783611 0.764706 0.782330 0.761765 0.783611 0.758824 0.782330 0.755882 0.783611 0.752941 0.784891 0.752941 0.784891 0.744118 0.786172 0.741176 0.787452 0.744118 0.787452 0.741176 0.790013 0.735294 0.791293 0.735294 0.792574 0.738235 0.792574 0.747059 0.791293 0.750000 0.790013 0.747059 0.790013 0.744118 0.790013 0.747059 0.788732 0.750000 0.790013 0.752941 0.790013 0.758824 0.791293 0.761765 0.791293 0.764706 0.788732 0.770588 0.790013 0.773529 0.790013 0.785294 0.791293 0.788235 0.791293 0.791176 0.792574 0.791176 0.793854 0.788235 0.795134 0.791176 0.795134 0.797059 0.793854 0.800000 0.795134 0.797059 0.795134 0.791176 0.793854 0.788235 0.793854 0.782353 0.793854 0.788235 0.792574 0.791176 0.791293 0.788235 0.791293 0.779412 0.792574 0.776471 0.792574 0.770588 0.793854 0.767647 0.795134 0.767647 0.796415 0.770588 0.795134 0.773529 0.795134 0.776471 0.796415 0.779412 0.796415 0.785294 0.798976 0.791176 0.798976 0.797059 0.801536 0.802941 0.800256 0.805882 0.800256 0.811765 0.801536 0.814706 0.801536 0.844118 0.802817 0.847059 0.802817 0.858824 0.802817 0.855882 0.804097 0.852941 0.802817 0.850000 0.802817 0.838235 0.804097 0.835294 0.804097 0.826471 0.802817 0.823529 0.802817 0.820588 0.801536 0.817647 0.801536 0.811765 0.802817 0.808824 0.804097 0.811765 0.802817 0.808824 0.802817 0.800000 0.804097 0.797059 0.804097 0.761765 0.802817 0.758824 0.804097 0.755882 0.802817 0.755882 0.800256 0.750000 0.798976 0.750000 0.795134 0.741176 0.796415 0.738235 0.797695 0.738235 0.798976 0.741176 0.800256 0.741176 0.802817 0.747059 0.805378 0.747059 0.805378 0.741176 0.804097 0.738235 0.804097 0.732353 0.801536 0.738235 0.800256 0.738235 0.798976 0.735294 0.798976 0.729412 0.797695 0.726471 0.797695 0.720588 0.798976 0.717647 0.797695 0.717647 0.796415 0.714706 0.797695 0.711765 0.797695 0.708824 0.796415 0.705882 0.797695 0.702941 0.796415 0.700000 0.796415 0.691176 0.795134 0.688235 0.796415 0.685294 0.797695 0.685294 0.798976 0.688235 0.798976 0.694118 0.800256 0.697059 0.800256 0.702941 0.801536 0.705882 0.801536 0.711765 0.801536 0.700000 0.798976 0.694118 0.800256 0.691176 0.801536 0.691176 0.800256 0.688235 0.800256 0.667647 0.798976 0.664706 0.798976 0.644118 0.800256 0.641176 0.798976 0.638235 0.798976 0.635294 0.797695 0.632353 0.797695 0.629412 0.795134 0.623529 0.796415 0.620588 0.797695 0.620588 0.797695 0.597059 0.796415 0.594118 0.797695 0.591176 0.797695 0.579412 0.796415 0.579412 0.795134 0.576471 0.795134 0.561765 0.796415 0.558824 0.795134 0.558824 0.793854 0.555882 0.793854 0.547059 0.795134 0.544118 0.793854 0.541176 0.793854 0.544118 0.792574 0.547059 0.792574 0.552941 0.791293 0.555882 0.791293 0.561765 0.790013 0.564706 0.790013 0.582353 0.790013 0.579412 0.791293 0.576471 0.792574 0.579412 0.792574 0.585294 0.793854 0.582353 0.796415 0.588235 0.796415 0.617647 0.795134 0.620588 0.793854 0.617647 0.793854 0.594118 0.792574 0.591176 0.790013 0.591176 0.790013 0.594118 0.788732 0.597059 0.788732 0.600000 0.787452 0.602941 0.787452 0.605882 0.788732 0.608824 0.787452 0.611765 0.787452 0.623529 0.786172 0.626471 0.786172 0.635294 0.787452 0.638235 0.787452 0.644118 0.788732 0.647059 0.788732 0.650000 0.790013 0.652941 0.790013 0.658824 0.791293 0.661765 0.791293 0.664706 0.790013 0.667647 0.788732 0.664706 0.787452 0.664706 0.784891 0.658824 0.784891 0.650000 0.782330 0.644118 0.782330 0.626471 0.781050 0.623529 0.781050 0.617647 0.782330 0.614706 0.782330 0.600000 0.783611 0.597059 0.782330 0.594118 0.782330 0.591176 0.783611 0.588235 0.783611 0.585294 0.782330 0.582353 0.781050 0.582353 0.779770 0.579412 0.781050 0.576471 0.783611 0.576471 0.783611 0.573529 0.784891 0.570588 0.784891 0.547059 0.784891 0.561765 0.783611 0.564706 0.782330 0.561765 0.782330 0.555882 0.781050 0.552941 0.781050 0.544118 0.779770 0.544118 0.778489 0.541176 0.778489 0.535294 0.777209 0.538235
2 0.585147 0.529412 0.583867 0.532353 0.582586 0.532353 0.582586 0.535294 0.583867 0.535294 0.585147 0.538235 0.583867 0.541176 0.582586 0.541176 0.583867 0.544118 0.583867 0.547059 0.585147 0.547059 0.586428 0.550000 0.585147 0.552941 0.582586 0.552941 0.582586 0.558824 0.581306 0.561765 0.581306 0.564706 0.582586 0.564706 0.582586 0.558824 0.583867 0.555882 0.586428 0.561765 0.586428 0.564706 0.587708 0.561765 0.586428 0.558824 0.586428 0.555882 0.587708 0.552941 0.588988 0.552941 0.588988 0.547059 0.587708 0.544118 0.587708 0.541176 0.586428 0.541176 0.585147 0.538235
2 0.568502 0.526471 0.568502 0.532353 0.567222 0.535294 0.567222 0.544118 0.565941 0.547059 0.565941 0.552941 0.569782 0.561765 0.569782 0.564706 0.571063 0.567647 0.572343 0.567647 0.573624 0.564706 0.574904 0.567647 0.574904 0.564706 0.576184 0.561765 0.576184 0.558824 0.577465 0.555882 0.576184 0.552941 0.577465 0.550000 0.577465 0.541176 0.576184 0.538235 0.574904 0.538235 0.574904 0.541176 0.576184 0.544118 0.576184 0.552941 0.574904 0.555882 0.573624 0.555882 0.572343 0.552941 0.572343 0.538235 0.571063 0.535294 0.571063 0.529412 0.569782 0.526471
2 0.467350 0.523529 0.467350 0.526471 0.469910 0.532353 0.468630 0.535294 0.467350 0.535294 0.467350 0.538235 0.466069 0.541176 0.466069 0.567647 0.467350 0.570588 0.467350 0.573529 0.466069 0.576471 0.466069 0.579412 0.467350 0.582353 0.467350 0.588235 0.466069 0.591176 0.463508 0.591176 0.460948 0.597059 0.459667 0.594118 0.459667 0.588235 0.458387 0.585294 0.458387 0.579412 0.457106 0.576471 0.457106 0.573529 0.455826 0.570588 0.455826 0.564706 0.454545 0.561765 0.454545 0.555882 0.451985 0.550000 0.453265 0.547059 0.453265 0.544118 0.451985 0.541176 0.451985 0.532353 0.450704 0.529412 0.449424 0.532353 0.449424 0.538235 0.450704 0.538235 0.451985 0.541176 0.451985 0.547059 0.450704 0.550000 0.449424 0.547059 0.445583 0.547059 0.444302 0.544118 0.444302 0.547059 0.443022 0.550000 0.444302 0.547059 0.445583 0.547059 0.446863 0.550000 0.444302 0.555882 0.441741 0.555882 0.440461 0.552941 0.440461 0.547059 0.441741 0.544118 0.441741 0.541176 0.440461 0.538235 0.440461 0.535294 0.441741 0.532353 0.443022 0.535294 0.441741 0.532353 0.441741 0.529412 0.440461 0.529412 0.439181 0.532353 0.439181 0.544118 0.437900 0.547059 0.436620 0.547059 0.432778 0.538235 0.432778 0.535294 0.430218 0.529412 0.430218 0.535294 0.432778 0.541176 0.432778 0.544118 0.434059 0.547059 0.434059 0.550000 0.432778 0.552941 0.434059 0.555882 0.432778 0.558824 0.434059 0.561765 0.432778 0.564706 0.432778 0.567647 0.434059 0.570588 0.432778 0.573529 0.434059 0.576471 0.434059 0.585294 0.432778 0.588235 0.431498 0.588235 0.430218 0.585294 0.430218 0.582353 0.428937 0.582353 0.428937 0.588235 0.430218 0.588235 0.431498 0.591176 0.428937 0.597059 0.427657 0.597059 0.425096 0.591176 0.425096 0.585294 0.426376 0.582353 0.426376 0.555882 0.425096 0.552941 0.423816 0.552941 0.422535 0.550000 0.423816 0.552941 0.423816 0.555882 0.425096 0.558824 0.425096 0.567647 0.426376 0.570588 0.426376 0.573529 0.425096 0.576471 0.422535 0.570588 0.421255 0.570588 0.419974 0.567647 0.419974 0.564706 0.418694 0.561765 0.419974 0.558824 0.421255 0.558824 0.421255 0.555882 0.419974 0.552941 0.419974 0.544118 0.421255 0.541176 0.421255 0.538235 0.422535 0.535294 0.421255 0.535294 0.421255 0.541176 0.419974 0.544118 0.418694 0.541176 0.418694 0.538235 0.417414 0.535294 0.416133 0.535294 0.414853 0.538235 0.414853 0.541176 0.413572 0.544118 0.412292 0.541176 0.411012 0.541176 0.411012 0.544118 0.409731 0.547059 0.408451 0.544118 0.408451 0.541176 0.407170 0.541176 0.407170 0.544118 0.403329 0.552941 0.404609 0.555882 0.403329 0.558824 0.403329 0.561765 0.402049 0.564706 0.399488 0.558824 0.399488 0.555882 0.398207 0.552941 0.398207 0.550000 0.396927 0.547059 0.396927 0.544118 0.394366 0.544118 0.393086 0.541176 0.393086 0.550000 0.394366 0.552941 0.394366 0.555882 0.393086 0.558824 0.395647 0.564706 0.394366 0.567647 0.395647 0.570588 0.394366 0.573529 0.395647 0.576471 0.395647 0.585294 0.394366 0.588235 0.395647 0.591176 0.395647 0.594118 0.394366 0.597059 0.394366 0.605882 0.394366 0.602941 0.395647 0.600000 0.396927 0.602941 0.396927 0.608824 0.394366 0.614706 0.393086 0.611765 0.394366 0.614706 0.393086 0.617647 0.390525 0.617647 0.389245 0.620588 0.387964 0.620588 0.386684 0.617647 0.386684 0.614706 0.387964 0.611765 0.389245 0.611765 0.390525 0.608824 0.387964 0.602941 0.389245 0.600000 0.391805 0.600000 0.391805 0.597059 0.390525 0.594118 0.390525 0.591176 0.391805 0.588235 0.391805 0.585294 0.389245 0.585294 0.387964 0.582353 0.390525 0.576471 0.390525 0.573529 0.391805 0.570588 0.391805 0.564706 0.390525 0.561765 0.389245 0.564706 0.386684 0.558824 0.386684 0.555882 0.387964 0.552941 0.387964 0.550000 0.386684 0.550000 0.385403 0.547059 0.385403 0.541176 0.384123 0.538235 0.382843 0.538235 0.380282 0.544118 0.379001 0.541176 0.377721 0.541176 0.376440 0.538235 0.376440 0.535294 0.377721 0.532353 0.376440 0.532353 0.375160 0.535294 0.373880 0.535294 0.373880 0.544118 0.372599 0.547059 0.371319 0.547059 0.370038 0.544118 0.370038 0.541176 0.370038 0.544118 0.368758 0.547059 0.367478 0.544118 0.367478 0.541176 0.366197 0.538235 0.366197 0.544118 0.367478 0.547059 0.367478 0.552941 0.366197 0.555882 0.366197 0.564706 0.367478 0.567647 0.366197 0.570588 0.366197 0.602941 0.364917 0.605882 0.363636 0.602941 0.363636 0.576471 0.363636 0.591176 0.362356 0.594118 0.362356 0.597059 0.361076 0.600000 0.361076 0.602941 0.362356 0.605882 0.362356 0.611765 0.361076 0.614706 0.359795 0.614706 0.358515 0.611765 0.358515 0.605882 0.357234 0.602941 0.357234 0.600000 0.355954 0.597059 0.355954 0.594118 0.357234 0.591176 0.357234 0.585294 0.358515 0.582353 0.359795 0.585294 0.359795 0.591176 0.359795 0.579412 0.361076 0.576471 0.361076 0.573529 0.358515 0.567647 0.359795 0.564706 0.357234 0.558824 0.357234 0.547059 0.355954 0.544118 0.355954 0.541176 0.357234 0.538235 0.355954 0.538235 0.355954 0.550000 0.357234 0.552941 0.357234 0.555882 0.355954 0.558824 0.353393 0.552941 0.353393 0.535294 0.353393 0.541176 0.352113 0.544118 0.350832 0.541176 0.350832 0.538235 0.350832 0.552941 0.352113 0.555882 0.352113 0.561765 0.354673 0.567647 0.354673 0.591176 0.355954 0.594118 0.355954 0.597059 0.357234 0.600000 0.357234 0.623529 0.355954 0.626471 0.354673 0.623529 0.354673 0.611765 0.354673 0.647059 0.353393 0.650000 0.352113 0.650000 0.353393 0.652941 0.352113 0.655882 0.352113 0.658824 0.353393 0.661765 0.352113 0.664706 0.350832 0.664706 0.348271 0.658824 0.348271 0.647059 0.346991 0.647059 0.346991 0.650000 0.345711 0.652941 0.344430 0.650000 0.344430 0.644118 0.345711 0.641176 0.344430 0.638235 0.344430 0.629412 0.346991 0.623529 0.346991 0.617647 0.348271 0.614706 0.349552 0.617647 0.348271 0.614706 0.348271 0.597059 0.346991 0.594118 0.348271 0.591176 0.348271 0.588235 0.346991 0.585294 0.346991 0.561765 0.345711 0.558824 0.346991 0.555882 0.346991 0.547059 0.345711 0.544118 0.345711 0.555882 0.344430 0.558824 0.341869 0.552941 0.341869 0.541176 0.340589 0.544118 0.339309 0.544118 0.336748 0.550000 0.336748 0.552941 0.335467 0.555882 0.334187 0.552941 0.334187 0.547059 0.330346 0.547059 0.330346 0.550000 0.332907 0.555882 0.332907 0.558824 0.331626 0.561765 0.330346 0.561765 0.329065 0.558824 0.329065 0.555882 0.327785 0.558824 0.326504 0.555882 0.326504 0.558824 0.325224 0.561765 0.323944 0.561765 0.323944 0.564706 0.325224 0.567647 0.323944 0.570588 0.322663 0.570588 0.321383 0.573529 0.320102 0.570588 0.320102 0.564706 0.321383 0.561765 0.320102 0.564706 0.320102 0.567647 0.318822 0.570588 0.318822 0.573529 0.317542 0.576471 0.316261 0.573529 0.314981 0.576471 0.313700 0.573529 0.313700 0.570588 0.314981 0.567647 0.314981 0.561765 0.316261 0.558824 0.317542 0.558824 0.317542 0.552941 0.316261 0.555882 0.313700 0.555882 0.313700 0.561765 0.312420 0.564706 0.312420 0.591176 0.311140 0.594118 0.311140 0.617647 0.309859 0.620588 0.309859 0.650000 0.311140 0.652941 0.311140 0.708824 0.312420 0.711765 0.312420 0.714706 0.311140 0.717647 0.311140 0.723529 0.311140 0.720588 0.312420 0.717647 0.312420 0.700000 0.314981 0.694118 0.316261 0.697059 0.316261 0.700000 0.314981 0.702941 0.314981 0.723529 0.313700 0.726471 0.313700 0.758824 0.311140 0.764706 0.309859 0.761765 0.309859 0.744118 0.308579 0.741176 0.308579 0.723529 0.307298 0.720588 0.308579 0.717647 0.308579 0.708824 0.307298 0.705882 0.307298 0.588235 0.308579 0.585294 0.308579 0.579412 0.309859 0.576471 0.309859 0.570588 0.308579 0.567647 0.307298 0.570588 0.306018 0.567647 0.306018 0.561765 0.304738 0.561765 0.304738 0.564706 0.306018 0.567647 0.306018 0.570588 0.304738 0.573529 0.303457 0.573529 0.302177 0.576471 0.299616 0.570588 0.298335 0.570588 0.298335 0.573529 0.297055 0.576471 0.294494 0.576471 0.294494 0.579412 0.293214 0.582353 0.291933 0.582353 0.291933 0.588235 0.294494 0.594118 0.294494 0.600000 0.293214 0.602941 0.290653 0.597059 0.289373 0.600000 0.288092 0.600000 0.286812 0.602941 0.285531 0.600000 0.285531 0.588235 0.286812 0.585294 0.286812 0.576471 0.285531 0.579412 0.284251 0.579412 0.284251 0.582353 0.282971 0.585294 0.281690 0.582353 0.281690 0.576471 0.280410 0.576471 0.279129 0.573529 0.279129 0.570588 0.277849 0.567647 0.277849 0.564706 0.276569 0.561765 0.276569 0.558824 0.279129 0.552941 0.277849 0.550000 0.277849 0.547059 0.276569 0.547059 0.275288 0.544118 0.275288 0.541176 0.274008 0.541176 0.272727 0.538235 0.270166 0.538235 0.270166 0.544118 0.271447 0.547059 0.271447 0.550000 0.268886 0.555882 0.267606 0.552941 0.267606 0.550000 0.266325 0.550000 0.265045 0.552941 0.265045 0.555882 0.263764 0.558824 0.262484 0.555882 0.262484 0.558824 0.261204 0.561765 0.261204 0.564706 0.259923 0.567647 0.259923 0.573529 0.258643 0.576471 0.258643 0.582353 0.257362 0.585294 0.256082 0.585294 0.256082 0.588235 0.254802 0.591176 0.253521 0.588235 0.253521 0.576471 0.253521 0.585294 0.252241 0.588235 0.250960 0.585294 0.250960 0.579412 0.249680 0.579412 0.248399 0.576471 0.247119 0.579412 0.245839 0.579412 0.244558 0.582353 0.241997 0.582353 0.240717 0.579412 0.240717 0.582353 0.239437 0.585294 0.239437 0.588235 0.238156 0.591176 0.238156 0.602941 0.236876 0.605882 0.235595 0.602941 0.235595 0.591176 0.233035 0.585294 0.234315 0.582353 0.235595 0.582353 0.234315 0.579412 0.235595 0.576471 0.234315 0.573529 0.234315 0.567647 0.233035 0.564706 0.230474 0.570588 0.227913 0.570588 0.226633 0.573529 0.225352 0.570588 0.225352 0.567647 0.226633 0.564706 0.225352 0.567647 0.224072 0.567647 0.224072 0.573529 0.225352 0.576471 0.225352 0.579412 0.226633 0.582353 0.227913 0.582353 0.229193 0.585294 0.229193 0.591176 0.227913 0.594118 0.227913 0.600000 0.225352 0.605882 0.221511 0.605882 0.221511 0.632353 0.220230 0.635294 0.218950 0.632353 0.218950 0.626471 0.217670 0.623529 0.217670 0.605882 0.218950 0.602941 0.218950 0.597059 0.217670 0.594118 0.217670 0.582353 0.217670 0.588235 0.216389 0.591176 0.215109 0.588235 0.215109 0.582353 0.213828 0.579412 0.215109 0.576471 0.213828 0.573529 0.213828 0.567647 0.212548 0.564706 0.213828 0.561765 0.212548 0.558824 0.213828 0.555882 0.213828 0.552941 0.212548 0.550000 0.211268 0.552941 0.209987 0.550000 0.206146 0.550000 0.204866 0.552941 0.206146 0.555882 0.206146 0.561765 0.207426 0.564706 0.206146 0.567647 0.204866 0.567647 0.203585 0.570588 0.202305 0.570588 0.201024 0.567647 0.201024 0.561765 0.201024 0.570588 0.199744 0.573529 0.198464 0.570588 0.198464 0.573529 0.197183 0.576471 0.195903 0.576471 0.194622 0.573529 0.195903 0.570588 0.195903 0.567647 0.197183 0.564706 0.197183 0.561765 0.195903 0.558824 0.194622 0.558824 0.193342 0.561765 0.192061 0.561765 0.192061 0.564706 0.190781 0.567647 0.189501 0.564706 0.188220 0.564706 0.188220 0.576471 0.186940 0.579412 0.185659 0.576471 0.185659 0.585294 0.186940 0.585294 0.186940 0.579412 0.188220 0.576471 0.189501 0.579412 0.189501 0.588235 0.188220 0.591176 0.186940 0.591176 0.188220 0.594118 0.188220 0.620588 0.186940 0.623529 0.186940 0.632353 0.185659 0.635294 0.184379 0.632353 0.184379 0.617647 0.185659 0.614706 0.185659 0.602941 0.185659 0.611765 0.184379 0.614706 0.184379 0.617647 0.183099 0.620588 0.180538 0.614706 0.180538 0.608824 0.181818 0.605882 0.181818 0.602941 0.183099 0.600000 0.183099 0.594118 0.181818 0.591176 0.180538 0.594118 0.179257 0.594118 0.177977 0.591176 0.179257 0.588235 0.179257 0.579412 0.180538 0.576471 0.180538 0.555882 0.177977 0.561765 0.177977 0.564706 0.176697 0.567647 0.175416 0.564706 0.174136 0.564706 0.172855 0.567647 0.170294 0.567647 0.169014 0.564706 0.169014 0.555882 0.166453 0.561765 0.167734 0.564706 0.167734 0.567647 0.166453 0.570588 0.167734 0.573529 0.167734 0.576471 0.166453 0.579412 0.166453 0.582353 0.167734 0.585294 0.166453 0.588235 0.166453 0.594118 0.167734 0.597059 0.166453 0.600000 0.166453 0.602941 0.163892 0.608824 0.165173 0.608824 0.166453 0.611765 0.166453 0.614706 0.163892 0.620588 0.163892 0.635294 0.162612 0.638235 0.161332 0.635294 0.161332 0.632353 0.158771 0.626471 0.158771 0.594118 0.160051 0.591176 0.158771 0.588235 0.158771 0.591176 0.157490 0.594118 0.156210 0.591176 0.154930 0.594118 0.154930 0.600000 0.153649 0.602941 0.151088 0.602941 0.149808 0.600000 0.149808 0.597059 0.149808 0.600000 0.148528 0.602941 0.147247 0.602941 0.147247 0.623529 0.148528 0.626471 0.148528 0.641176 0.147247 0.644118 0.147247 0.650000 0.145967 0.652941 0.144686 0.650000 0.144686 0.644118 0.143406 0.641176 0.143406 0.638235 0.140845 0.632353 0.140845 0.629412 0.142125 0.626471 0.142125 0.623529 0.140845 0.620588 0.140845 0.617647 0.139565 0.617647 0.138284 0.620588 0.137004 0.617647 0.137004 0.611765 0.138284 0.608824 0.139565 0.608824 0.139565 0.605882 0.140845 0.602941 0.142125 0.605882 0.142125 0.597059 0.140845 0.594118 0.142125 0.591176 0.140845 0.591176 0.139565 0.588235 0.139565 0.585294 0.138284 0.582353 0.138284 0.576471 0.137004 0.579412 0.135723 0.579412 0.134443 0.576471 0.134443 0.573529 0.133163 0.570588 0.131882 0.573529 0.130602 0.570588 0.130602 0.576471 0.129321 0.579412 0.128041 0.576471 0.125480 0.576471 0.124200 0.579412 0.122919 0.576471 0.122919 0.573529 0.121639 0.570588 0.120359 0.570588 0.119078 0.573529 0.117798 0.570588 0.116517 0.573529 0.117798 0.576471 0.117798 0.579412 0.119078 0.582353 0.119078 0.585294 0.121639 0.591176 0.121639 0.594118 0.122919 0.594118 0.124200 0.597059 0.124200 0.600000 0.125480 0.602941 0.125480 0.608824 0.126761 0.611765 0.126761 0.623529 0.128041 0.626471 0.128041 0.632353 0.129321 0.635294 0.129321 0.647059 0.128041 0.650000 0.126761 0.647059 0.126761 0.638235 0.126761 0.641176 0.125480 0.644118 0.129321 0.652941 0.128041 0.655882 0.128041 0.658824 0.129321 0.661765 0.128041 0.664706 0.128041 0.670588 0.126761 0.673529 0.125480 0.670588 0.124200 0.670588 0.122919 0.667647 0.122919 0.670588 0.124200 0.670588 0.125480 0.673529 0.124200 0.676471 0.124200 0.679412 0.125480 0.682353 0.125480 0.685294 0.124200 0.688235 0.124200 0.697059 0.122919 0.700000 0.121639 0.697059 0.121639 0.676471 0.121639 0.705882 0.124200 0.711765 0.122919 0.714706 0.122919 0.717647 0.124200 0.720588 0.124200 0.732353 0.125480 0.735294 0.125480 0.773529 0.125480 0.764706 0.126761 0.761765 0.128041 0.764706 0.128041 0.782353 0.126761 0.785294 0.126761 0.794118 0.125480 0.797059 0.125480 0.808824 0.124200 0.811765 0.122919 0.808824 0.122919 0.794118 0.121639 0.791176 0.121639 0.758824 0.120359 0.755882 0.120359 0.723529 0.119078 0.720588 0.119078 0.700000 0.117798 0.697059 0.119078 0.694118 0.119078 0.691176 0.119078 0.694118 0.117798 0.697059 0.116517 0.694118 0.116517 0.688235 0.115237 0.685294 0.115237 0.682353 0.117798 0.676471 0.116517 0.673529 0.116517 0.658824 0.115237 0.655882 0.115237 0.652941 0.112676 0.647059 0.111396 0.650000 0.110115 0.647059 0.110115 0.635294 0.111396 0.632353 0.110115 0.629412 0.110115 0.620588 0.111396 0.617647 0.111396 0.611765 0.112676 0.608824 0.112676 0.605882 0.111396 0.602941 0.110115 0.605882 0.108835 0.605882 0.107554 0.602941 0.107554 0.597059 0.107554 0.602941 0.104994 0.608824 0.102433 0.608824 0.102433 0.611765 0.101152 0.614706 0.099872 0.611765 0.099872 0.608824 0.098592 0.605882 0.098592 0.594118 0.099872 0.591176 0.099872 0.588235 0.101152 0.585294 0.101152 0.582353 0.102433 0.579412 0.102433 0.570588 0.101152 0.570588 0.099872 0.573529 0.097311 0.573529 0.097311 0.576471 0.096031 0.579412 0.094750 0.576471 0.092190 0.576471 0.093470 0.579412 0.093470 0.582353 0.092190 0.585294 0.090909 0.585294 0.089629 0.582353 0.089629 0.579412 0.087068 0.573529 0.085787 0.576471 0.081946 0.576471 0.080666 0.579412 0.080666 0.582353 0.079385 0.585294 0.078105 0.582353 0.072983 0.582353 0.071703 0.579412 0.069142 0.579412 0.067862 0.582353 0.067862 0.588235 0.070423 0.594118 0.070423 0.597059 0.072983 0.602941 0.072983 0.608824 0.070423 0.614706 0.069142 0.614706 0.067862 0.611765 0.066581 0.611765 0.065301 0.608824 0.064020 0.608824 0.062740 0.611765 0.061460 0.608824 0.061460 0.605882 0.060179 0.605882 0.060179 0.608824 0.061460 0.611765 0.061460 0.620588 0.058899 0.626471 0.057618 0.626471 0.055058 0.620588 0.056338 0.617647 0.057618 0.617647 0.057618 0.608824 0.056338 0.608824 0.055058 0.605882 0.053777 0.605882 0.052497 0.608824 0.053777 0.611765 0.052497 0.614706 0.051216 0.614706 0.046095 0.602941 0.044814 0.602941 0.043534 0.600000 0.043534 0.594118 0.044814 0.591176 0.044814 0.588235 0.043534 0.588235 0.042254 0.585294 0.039693 0.591176 0.037132 0.585294 0.037132 0.582353 0.035851 0.579412 0.034571 0.579412 0.033291 0.582353 0.029449 0.582353 0.029449 0.588235 0.030730 0.591176 0.030730 0.594118 0.032010 0.597059 0.032010 0.600000 0.035851 0.608824 0.037132 0.605882 0.038412 0.608824 0.038412 0.611765 0.040973 0.617647 0.040973 0.620588 0.042254 0.623529 0.040973 0.626471 0.040973 0.632353 0.039693 0.635294 0.039693 0.638235 0.038412 0.641176 0.038412 0.647059 0.037132 0.650000 0.037132 0.658824 0.035851 0.661765 0.035851 0.670588 0.033291 0.676471 0.032010 0.673529 0.030730 0.673529 0.028169 0.667647 0.028169 0.635294 0.029449 0.632353 0.029449 0.629412 0.030730 0.626471 0.030730 0.620588 0.028169 0.614706 0.029449 0.611765 0.028169 0.611765 0.026889 0.608824 0.026889 0.605882 0.025608 0.602941 0.025608 0.600000 0.024328 0.597059 0.021767 0.602941 0.020487 0.600000 0.019206 0.600000 0.019206 0.602941 0.017926 0.605882 0.016645 0.602941 0.014085 0.602941 0.014085 0.605882 0.016645 0.611765 0.016645 0.626471 0.015365 0.629412 0.012804 0.629412 0.011524 0.626471 0.011524 0.623529 0.011524 0.641176 0.012804 0.644118 0.011524 0.647059 0.010243 0.647059 0.008963 0.644118 0.008963 0.641176 0.007682 0.638235 0.007682 0.632353 0.006402 0.629412 0.006402 0.623529 0.005122 0.620588 0.005122 0.614706 0.006402 0.611765 0.007682 0.611765 0.008963 0.608824 0.010243 0.611765 0.010243 0.605882 0.011524 0.602941 0.011524 0.597059 0.012804 0.594118 0.012804 0.591176 0.014085 0.588235 0.014085 0.585294 0.015365 0.582353 0.015365 0.573529 0.014085 0.576471 0.012804 0.576471 0.011524 0.573529 0.010243 0.573529 0.006402 0.582353 0.006402 0.585294 0.005122 0.588235 0.002561 0.582353 0.001280 0.582353 0.001280 0.585294 0.002561 0.588235 0.001280 0.591176 0.000000 0.591176 0.000000 0.611765 0.001280 0.614706 0.000000 0.617647 0.000000 0.655882 0.001280 0.652941 0.002561 0.655882 0.002561 0.661765 0.001280 0.664706 0.001280 0.667647 0.002561 0.664706 0.003841 0.667647 0.003841 0.670588 0.002561 0.673529 0.001280 0.673529 0.002561 0.676471 0.002561 0.679412 0.001280 0.682353 0.001280 0.691176 0.000000 0.694118 0.000000 0.750000 0.001280 0.750000 0.002561 0.752941 0.002561 0.755882 0.002561 0.732353 0.001280 0.729412 0.002561 0.726471 0.003841 0.726471 0.006402 0.732353 0.006402 0.735294 0.007682 0.738235 0.007682 0.747059 0.006402 0.750000 0.006402 0.764706 0.005122 0.767647 0.005122 0.785294 0.003841 0.788235 0.003841 0.805882 0.002561 0.808824 0.001280 0.808824 0.000000 0.805882 0.000000 0.785294 0.001280 0.782353 0.000000 0.779412 0.000000 0.776471 0.000000 0.829412 0.001280 0.832353 0.000000 0.835294 0.000000 0.850000 0.000000 0.847059 0.001280 0.844118 0.003841 0.850000 0.003841 0.870588 0.002561 0.873529 0.001280 0.870588 0.001280 0.858824 0.001280 0.876471 0.000000 0.879412 0.000000 0.997059 0.007682 0.997059 0.007682 0.994118 0.008963 0.991176 0.008963 0.985294 0.010243 0.982353 0.011524 0.985294 0.011524 0.997059 0.019206 0.997059 0.019206 0.982353 0.020487 0.979412 0.021767 0.982353 0.021767 0.991176 0.023047 0.994118 0.023047 0.997059 0.028169 0.997059 0.029449 0.994118 0.029449 0.985294 0.028169 0.982353 0.028169 0.979412 0.026889 0.979412 0.025608 0.976471 0.026889 0.973529 0.025608 0.973529 0.024328 0.970588 0.025608 0.967647 0.024328 0.964706 0.024328 0.961765 0.023047 0.961765 0.023047 0.967647 0.021767 0.970588 0.020487 0.967647 0.020487 0.947059 0.019206 0.944118 0.019206 0.941176 0.017926 0.938235 0.017926 0.935294 0.016645 0.932353 0.016645 0.926471 0.017926 0.923529 0.020487 0.923529 0.021767 0.920588 0.023047 0.920588 0.024328 0.917647 0.025608 0.917647 0.026889 0.914706 0.028169 0.917647 0.028169 0.920588 0.030730 0.914706 0.030730 0.911765 0.034571 0.902941 0.034571 0.900000 0.035851 0.897059 0.035851 0.879412 0.037132 0.876471 0.038412 0.879412 0.038412 0.894118 0.039693 0.897059 0.039693 0.905882 0.039693 0.885294 0.042254 0.879412 0.043534 0.882353 0.043534 0.905882 0.042254 0.908824 0.042254 0.917647 0.040973 0.920588 0.040973 0.938235 0.042254 0.938235 0.043534 0.941176 0.044814 0.938235 0.043534 0.935294 0.043534 0.932353 0.044814 0.929412 0.046095 0.929412 0.047375 0.932353 0.048656 0.932353 0.049936 0.935294 0.049936 0.952941 0.048656 0.955882 0.049936 0.958824 0.049936 0.964706 0.051216 0.967647 0.051216 0.973529 0.052497 0.976471 0.052497 0.982353 0.053777 0.985294 0.053777 0.988235 0.055058 0.991176 0.055058 0.997059 0.056338 0.994118 0.056338 0.973529 0.057618 0.970588 0.057618 0.950000 0.058899 0.947059 0.058899 0.926471 0.060179 0.923529 0.060179 0.902941 0.061460 0.900000 0.062740 0.902941 0.062740 0.935294 0.064020 0.938235 0.062740 0.941176 0.062740 0.997059 0.071703 0.997059 0.071703 0.994118 0.072983 0.991176 0.074264 0.994118 0.074264 0.997059 0.080666 0.997059 0.083227 0.991176 0.081946 0.988235 0.083227 0.985294 0.081946 0.988235 0.080666 0.985294 0.080666 0.982353 0.079385 0.979412 0.079385 0.961765 0.078105 0.961765 0.075544 0.955882 0.076825 0.952941 0.076825 0.950000 0.078105 0.947059 0.078105 0.944118 0.079385 0.941176 0.079385 0.938235 0.080666 0.935294 0.081946 0.938235 0.084507 0.932353 0.085787 0.935294 0.085787 0.979412 0.087068 0.982353 0.087068 0.997059 0.092190 0.997059 0.092190 0.994118 0.090909 0.991176 0.090909 0.976471 0.092190 0.973529 0.092190 0.967647 0.094750 0.961765 0.094750 0.958824 0.093470 0.958824 0.092190 0.955882 0.092190 0.952941 0.093470 0.950000 0.094750 0.950000 0.099872 0.961765 0.099872 0.970588 0.097311 0.976471 0.097311 0.982353 0.096031 0.985294 0.096031 0.994118 0.094750 0.997059 0.098592 0.997059 0.099872 0.994118 0.101152 0.997059 0.102433 0.994118 0.103713 0.997059 0.102433 0.994118 0.102433 0.991176 0.103713 0.988235 0.103713 0.973529 0.104994 0.970588 0.104994 0.964706 0.106274 0.961765 0.106274 0.932353 0.107554 0.929412 0.110115 0.935294 0.110115 0.929412 0.111396 0.926471 0.110115 0.923529 0.112676 0.917647 0.111396 0.914706 0.111396 0.908824 0.112676 0.905882 0.113956 0.908824 0.112676 0.905882 0.112676 0.902941 0.113956 0.900000 0.115237 0.900000 0.113956 0.897059 0.112676 0.900000 0.111396 0.897059 0.111396 0.885294 0.112676 0.882353 0.112676 0.870588 0.113956 0.867647 0.115237 0.867647 0.116517 0.870588 0.117798 0.870588 0.120359 0.876471 0.121639 0.873529 0.122919 0.876471 0.122919 0.882353 0.121639 0.885294 0.121639 0.894118 0.120359 0.897059 0.120359 0.900000 0.119078 0.902941 0.120359 0.902941 0.121639 0.905882 0.121639 0.908824 0.119078 0.914706 0.119078 0.923529 0.120359 0.926471 0.120359 0.935294 0.120359 0.932353 0.124200 0.923529 0.125480 0.926471 0.125480 0.929412 0.122919 0.935294 0.122919 0.941176 0.121639 0.944118 0.121639 0.973529 0.122919 0.976471 0.122919 0.997059 0.125480 0.997059 0.125480 0.988235 0.124200 0.985294 0.124200 0.976471 0.125480 0.973529 0.126761 0.976471 0.126761 0.979412 0.128041 0.982353 0.128041 0.997059 0.128041 0.985294 0.129321 0.982353 0.129321 0.964706 0.130602 0.961765 0.131882 0.964706 0.131882 0.997059 0.133163 0.997059 0.133163 0.988235 0.134443 0.985294 0.135723 0.988235 0.135723 0.997059 0.137004 0.994118 0.138284 0.997059 0.152369 0.997059 0.152369 0.991176 0.148528 0.982353 0.148528 0.979412 0.151088 0.973529 0.153649 0.973529 0.152369 0.973529 0.151088 0.970588 0.151088 0.967647 0.152369 0.964706 0.151088 0.961765 0.151088 0.952941 0.152369 0.950000 0.153649 0.952941 0.153649 0.955882 0.154930 0.958824 0.154930 0.961765 0.154930 0.952941 0.153649 0.950000 0.153649 0.944118 0.152369 0.941176 0.152369 0.932353 0.149808 0.938235 0.149808 0.944118 0.147247 0.950000 0.145967 0.947059 0.145967 0.941176 0.147247 0.938235 0.147247 0.932353 0.148528 0.929412 0.147247 0.926471 0.147247 0.920588 0.148528 0.917647 0.149808 0.920588 0.149808 0.923529 0.149808 0.920588 0.151088 0.917647 0.152369 0.917647 0.153649 0.920588 0.153649 0.923529 0.154930 0.926471 0.154930 0.932353 0.156210 0.935294 0.156210 0.938235 0.157490 0.941176 0.157490 0.944118 0.158771 0.947059 0.158771 0.952941 0.157490 0.955882 0.157490 0.979412 0.157490 0.973529 0.158771 0.970588 0.158771 0.958824 0.160051 0.955882 0.161332 0.958824 0.161332 0.961765 0.162612 0.964706 0.162612 0.967647 0.163892 0.970588 0.163892 0.991176 0.162612 0.994118 0.162612 0.997059 0.180538 0.997059 0.180538 0.976471 0.181818 0.973529 0.181818 0.967647 0.183099 0.964706 0.183099 0.961765 0.185659 0.955882 0.185659 0.952941 0.186940 0.950000 0.188220 0.952941 0.188220 0.964706 0.186940 0.967647 0.186940 0.991176 0.185659 0.994118 0.185659 0.997059 0.186940 0.997059 0.189501 0.991176 0.188220 0.988235 0.188220 0.985294 0.189501 0.982353 0.190781 0.982353 0.190781 0.979412 0.189501 0.979412 0.188220 0.976471 0.189501 0.973529 0.189501 0.952941 0.190781 0.950000 0.189501 0.947059 0.189501 0.935294 0.190781 0.932353 0.190781 0.923529 0.194622 0.914706 0.194622 0.911765 0.195903 0.908824 0.197183 0.911765 0.197183 0.920588 0.195903 0.923529 0.195903 0.932353 0.194622 0.935294 0.194622 0.938235 0.195903 0.941176 0.195903 0.944118 0.193342 0.950000 0.193342 0.952941 0.192061 0.955882 0.193342 0.952941 0.194622 0.955882 0.194622 0.958824 0.193342 0.961765 0.194622 0.964706 0.194622 0.967647 0.195903 0.970588 0.195903 0.985294 0.195903 0.979412 0.197183 0.976471 0.197183 0.967647 0.198464 0.964706 0.199744 0.967647 0.199744 0.997059 0.208707 0.997059 0.208707 0.976471 0.207426 0.973529 0.207426 0.952941 0.206146 0.950000 0.206146 0.926471 0.206146 0.929412 0.204866 0.932353 0.202305 0.926471 0.202305 0.923529 0.203585 0.920588 0.203585 0.911765 0.202305 0.908824 0.203585 0.905882 0.203585 0.902941 0.202305 0.900000 0.204866 0.894118 0.203585 0.891176 0.204866 0.888235 0.204866 0.885294 0.203585 0.882353 0.203585 0.879412 0.204866 0.876471 0.204866 0.867647 0.206146 0.864706 0.207426 0.864706 0.208707 0.867647 0.208707 0.935294 0.209987 0.938235 0.209987 0.941176 0.211268 0.944118 0.211268 0.947059 0.211268 0.923529 0.209987 0.920588 0.209987 0.902941 0.211268 0.900000 0.212548 0.902941 0.212548 0.891176 0.211268 0.888235 0.211268 0.879412 0.209987 0.876471 0.209987 0.858824 0.211268 0.855882 0.212548 0.855882 0.215109 0.861765 0.215109 0.873529 0.216389 0.876471 0.215109 0.879412 0.216389 0.882353 0.215109 0.885294 0.215109 0.888235 0.216389 0.888235 0.217670 0.891176 0.216389 0.894118 0.217670 0.897059 0.216389 0.900000 0.216389 0.914706 0.215109 0.917647 0.213828 0.917647 0.215109 0.917647 0.216389 0.920588 0.216389 0.923529 0.217670 0.926471 0.217670 0.932353 0.218950 0.929412 0.220230 0.929412 0.221511 0.932353 0.221511 0.947059 0.222791 0.950000 0.222791 0.952941 0.224072 0.955882 0.224072 0.958824 0.222791 0.961765 0.222791 0.967647 0.221511 0.970588 0.221511 0.973529 0.222791 0.976471 0.224072 0.976471 0.225352 0.979412 0.224072 0.982353 0.221511 0.982353 0.220230 0.979412 0.215109 0.979412 0.213828 0.982353 0.212548 0.979412 0.212548 0.976471 0.212548 0.997059 0.227913 0.997059 0.227913 0.982353 0.229193 0.979412 0.229193 0.958824 0.230474 0.955882 0.230474 0.947059 0.231754 0.944118 0.233035 0.947059 0.233035 0.970588 0.231754 0.973529 0.231754 0.976471 0.233035 0.979412 0.233035 0.985294 0.231754 0.988235 0.231754 0.991176 0.230474 0.994118 0.230474 0.997059 0.252241 0.997059 0.253521 0.994118 0.254802 0.997059 0.354673 0.997059 0.353393 0.994118 0.353393 0.979412 0.352113 0.976471 0.353393 0.973529 0.353393 0.970588 0.354673 0.967647 0.355954 0.970588 0.355954 0.979412 0.355954 0.970588 0.354673 0.967647 0.354673 0.961765 0.355954 0.958824 0.355954 0.950000 0.357234 0.947059 0.359795 0.952941 0.359795 0.955882 0.361076 0.958824 0.361076 0.976471 0.359795 0.979412 0.359795 0.988235 0.358515 0.991176 0.357234 0.988235 0.358515 0.991176 0.358515 0.997059 0.362356 0.997059 0.362356 0.976471 0.363636 0.973529 0.364917 0.973529 0.366197 0.976471 0.366197 0.979412 0.367478 0.982353 0.367478 0.985294 0.368758 0.988235 0.368758 0.997059 0.382843 0.997059 0.382843 0.976471 0.384123 0.973529 0.385403 0.976471 0.385403 0.982353 0.386684 0.985294 0.386684 0.994118 0.389245 0.988235 0.390525 0.988235 0.391805 0.985294 0.393086 0.988235 0.393086 0.997059 0.396927 0.997059 0.396927 0.988235 0.398207 0.985294 0.399488 0.988235 0.399488 0.994118 0.400768 0.997059 0.434059 0.997059 0.435339 0.994118 0.435339 0.991176 0.434059 0.988235 0.435339 0.985294 0.435339 0.982353 0.434059 0.979412 0.434059 0.976471 0.432778 0.973529 0.432778 0.970588 0.431498 0.967647 0.431498 0.964706 0.428937 0.958824 0.428937 0.955882 0.427657 0.952941 0.427657 0.950000 0.426376 0.950000 0.425096 0.947059 0.426376 0.944118 0.423816 0.938235 0.423816 0.935294 0.422535 0.932353 0.421255 0.932353 0.419974 0.929412 0.421255 0.926471 0.419974 0.923529 0.419974 0.920588 0.418694 0.917647 0.418694 0.914706 0.417414 0.911765 0.417414 0.914706 0.416133 0.917647 0.414853 0.914706 0.414853 0.908824 0.416133 0.905882 0.414853 0.902941 0.414853 0.897059 0.413572 0.894118 0.413572 0.905882 0.412292 0.908824 0.412292 0.923529 0.409731 0.929412 0.408451 0.926471 0.408451 0.920588 0.407170 0.917647 0.407170 0.894118 0.408451 0.891176 0.408451 0.888235 0.411012 0.882353 0.412292 0.885294 0.412292 0.888235 0.411012 0.891176 0.412292 0.888235 0.412292 0.885294 0.411012 0.882353 0.411012 0.879412 0.409731 0.876471 0.409731 0.873529 0.408451 0.870588 0.408451 0.864706 0.408451 0.888235 0.407170 0.891176 0.405890 0.888235 0.405890 0.879412 0.404609 0.876471 0.404609 0.867647 0.405890 0.864706 0.405890 0.861765 0.407170 0.858824 0.405890 0.855882 0.405890 0.852941 0.404609 0.850000 0.404609 0.847059 0.403329 0.850000 0.402049 0.847059 0.402049 0.838235 0.400768 0.838235 0.398207 0.832353 0.399488 0.829412 0.402049 0.829412 0.403329 0.826471 0.404609 0.829412 0.405890 0.829412 0.407170 0.832353 0.407170 0.829412 0.408451 0.826471 0.409731 0.829412 0.409731 0.838235 0.407170 0.844118 0.407170 0.847059 0.408451 0.850000 0.408451 0.852941 0.408451 0.850000 0.409731 0.847059 0.409731 0.844118 0.411012 0.841176 0.411012 0.838235 0.412292 0.835294 0.413572 0.838235 0.413572 0.844118 0.413572 0.841176 0.414853 0.838235 0.416133 0.838235 0.417414 0.841176 0.416133 0.844118 0.416133 0.858824 0.414853 0.861765 0.414853 0.864706 0.413572 0.867647 0.414853 0.870588 0.414853 0.873529 0.416133 0.876471 0.416133 0.885294 0.417414 0.885294 0.418694 0.888235 0.417414 0.891176 0.418694 0.894118 0.418694 0.897059 0.421255 0.902941 0.421255 0.908824 0.422535 0.911765 0.422535 0.914706 0.423816 0.917647 0.423816 0.920588 0.425096 0.923529 0.425096 0.926471 0.426376 0.929412 0.426376 0.932353 0.428937 0.938235 0.428937 0.941176 0.430218 0.944118 0.430218 0.947059 0.432778 0.952941 0.432778 0.955882 0.435339 0.961765 0.435339 0.964706 0.436620 0.967647 0.437900 0.967647 0.440461 0.973529 0.440461 0.976471 0.439181 0.979412 0.437900 0.976471 0.439181 0.979412 0.439181 0.982353 0.440461 0.985294 0.440461 0.988235 0.443022 0.994118 0.443022 0.997059 0.464789 0.997059 0.464789 0.985294 0.466069 0.982353 0.467350 0.985294 0.467350 0.991176 0.468630 0.994118 0.468630 0.997059 0.471191 0.997059 0.471191 0.950000 0.472471 0.947059 0.471191 0.944118 0.471191 0.908824 0.469910 0.905882 0.469910 0.902941 0.472471 0.897059 0.472471 0.894118 0.473752 0.891176 0.475032 0.894118 0.475032 0.902941 0.473752 0.905882 0.473752 0.932353 0.475032 0.935294 0.475032 0.941176 0.476312 0.944118 0.475032 0.947059 0.476312 0.950000 0.475032 0.952941 0.475032 0.970588 0.476312 0.973529 0.475032 0.976471 0.473752 0.976471 0.473752 0.997059 0.475032 0.997059 0.476312 0.994118 0.476312 0.982353 0.477593 0.979412 0.478873 0.982353 0.478873 0.997059 0.483995 0.997059 0.483995 0.991176 0.485275 0.988235 0.485275 0.985294 0.486556 0.982353 0.487836 0.985294 0.487836 0.988235 0.489117 0.991176 0.489117 0.997059 0.489117 0.988235 0.490397 0.985294 0.490397 0.979412 0.491677 0.976471 0.491677 0.973529 0.492958 0.970588 0.494238 0.970588 0.495519 0.973529 0.494238 0.976471 0.494238 0.985294 0.492958 0.988235 0.492958 0.991176 0.492958 0.988235 0.494238 0.985294 0.495519 0.988235 0.495519 0.994118 0.494238 0.997059 0.500640 0.997059 0.501921 0.994118 0.501921 0.988235 0.503201 0.985294 0.503201 0.979412 0.504481 0.976471 0.504481 0.973529 0.505762 0.970588 0.505762 0.964706 0.507042 0.961765 0.507042 0.955882 0.508323 0.952941 0.508323 0.947059 0.509603 0.944118 0.510883 0.947059 0.510883 0.958824 0.509603 0.961765 0.510883 0.964706 0.510883 0.967647 0.508323 0.973529 0.508323 0.979412 0.507042 0.982353 0.507042 0.991176 0.505762 0.994118 0.505762 0.997059 0.514725 0.997059 0.517286 0.991176 0.518566 0.994118 0.518566 0.997059 0.519846 0.997059 0.518566 0.994118 0.518566 0.988235 0.517286 0.985294 0.517286 0.976471 0.518566 0.973529 0.517286 0.970588 0.516005 0.973529 0.513444 0.967647 0.514725 0.964706 0.516005 0.964706 0.517286 0.961765 0.517286 0.955882 0.516005 0.952941 0.516005 0.950000 0.514725 0.947059 0.514725 0.944118 0.516005 0.941176 0.516005 0.932353 0.517286 0.929412 0.519846 0.935294 0.519846 0.958824 0.521127 0.961765 0.521127 0.967647 0.522407 0.970588 0.522407 0.973529 0.523688 0.976471 0.522407 0.979412 0.521127 0.979412 0.522407 0.982353 0.521127 0.985294 0.521127 0.988235 0.522407 0.985294 0.523688 0.988235 0.523688 0.991176 0.522407 0.994118 0.522407 0.997059 0.523688 0.997059 0.523688 0.976471 0.522407 0.973529 0.523688 0.970588 0.523688 0.964706 0.524968 0.961765 0.526248 0.964706 0.526248 0.991176 0.527529 0.994118 0.527529 0.997059 0.532650 0.997059 0.533931 0.994118 0.533931 0.991176 0.535211 0.988235 0.535211 0.979412 0.536492 0.976471 0.537772 0.979412 0.537772 0.988235 0.537772 0.979412 0.539052 0.976471 0.539052 0.973529 0.540333 0.970588 0.541613 0.973529 0.544174 0.967647 0.544174 0.964706 0.546735 0.958824 0.548015 0.961765 0.548015 0.964706 0.546735 0.967647 0.546735 0.970588 0.545455 0.973529 0.545455 0.976471 0.542894 0.982353 0.542894 0.985294 0.541613 0.988235 0.545455 0.979412 0.545455 0.976471 0.548015 0.970588 0.548015 0.964706 0.549296 0.961765 0.549296 0.958824 0.548015 0.961765 0.546735 0.958824 0.546735 0.955882 0.549296 0.950000 0.551857 0.955882 0.551857 0.958824 0.551857 0.955882 0.553137 0.952941 0.553137 0.944118 0.551857 0.941176 0.553137 0.938235 0.553137 0.929412 0.554417 0.926471 0.554417 0.923529 0.553137 0.920588 0.554417 0.917647 0.555698 0.917647 0.556978 0.914706 0.558259 0.917647 0.556978 0.914706 0.556978 0.911765 0.558259 0.908824 0.560819 0.914706 0.560819 0.929412 0.559539 0.932353 0.558259 0.929412 0.558259 0.923529 0.558259 0.938235 0.556978 0.941176 0.558259 0.944118 0.556978 0.947059 0.556978 0.961765 0.555698 0.964706 0.555698 0.967647 0.556978 0.970588 0.556978 0.976471 0.558259 0.979412 0.556978 0.982353 0.556978 0.985294 0.555698 0.988235 0.555698 0.994118 0.554417 0.997059 0.553137 0.994118 0.553137 0.991176 0.551857 0.994118 0.551857 0.997059 0.556978 0.997059 0.556978 0.991176 0.558259 0.988235 0.559539 0.988235 0.560819 0.991176 0.559539 0.994118 0.559539 0.997059 0.560819 0.997059 0.562100 0.994118 0.563380 0.997059 0.563380 0.985294 0.564661 0.982353 0.565941 0.985294 0.565941 0.997059 0.567222 0.997059 0.567222 0.988235 0.568502 0.985294 0.565941 0.979412 0.565941 0.967647 0.567222 0.964706 0.568502 0.967647 0.568502 0.973529 0.569782 0.976471 0.569782 0.979412 0.569782 0.976471 0.568502 0.973529 0.568502 0.967647 0.569782 0.964706 0.571063 0.967647 0.571063 0.970588 0.571063 0.967647 0.572343 0.964706 0.573624 0.967647 0.573624 0.973529 0.572343 0.976471 0.572343 0.982353 0.571063 0.985294 0.571063 0.988235 0.569782 0.991176 0.569782 0.997059 0.569782 0.991176 0.571063 0.988235 0.572343 0.988235 0.572343 0.985294 0.573624 0.982353 0.573624 0.967647 0.574904 0.964706 0.574904 0.961765 0.577465 0.955882 0.576184 0.952941 0.577465 0.950000 0.577465 0.920588 0.580026 0.914706 0.581306 0.917647 0.581306 0.923529 0.581306 0.911765 0.582586 0.908824 0.582586 0.902941 0.581306 0.900000 0.581306 0.897059 0.582586 0.894118 0.585147 0.900000 0.585147 0.911765 0.583867 0.914706 0.583867 0.917647 0.586428 0.911765 0.586428 0.908824 0.587708 0.905882 0.587708 0.894118 0.588988 0.891176 0.588988 0.888235 0.590269 0.885294 0.588988 0.882353 0.590269 0.879412 0.590269 0.876471 0.591549 0.873529 0.592830 0.876471 0.592830 0.879412 0.594110 0.882353 0.592830 0.885294 0.592830 0.888235 0.591549 0.891176 0.591549 0.894118 0.590269 0.897059 0.591549 0.897059 0.592830 0.900000 0.591549 0.902941 0.592830 0.905882 0.592830 0.908824 0.594110 0.911765 0.594110 0.917647 0.595391 0.914706 0.595391 0.911765 0.596671 0.908824 0.597951 0.908824 0.599232 0.911765 0.597951 0.914706 0.599232 0.911765 0.600512 0.914706 0.600512 0.926471 0.599232 0.929412 0.599232 0.932353 0.599232 0.929412 0.600512 0.926471 0.600512 0.920588 0.601793 0.917647 0.603073 0.917647 0.601793 0.914706 0.601793 0.911765 0.603073 0.908824 0.604353 0.911765 0.603073 0.908824 0.603073 0.900000 0.604353 0.897059 0.603073 0.894118 0.603073 0.867647 0.601793 0.864706 0.603073 0.861765 0.603073 0.850000 0.604353 0.847059 0.604353 0.844118 0.605634 0.841176 0.605634 0.838235 0.606914 0.835294 0.606914 0.832353 0.608195 0.829412 0.606914 0.826471 0.606914 0.823529 0.608195 0.820588 0.608195 0.811765 0.609475 0.808824 0.610755 0.811765 0.612036 0.808824 0.612036 0.805882 0.613316 0.802941 0.613316 0.788235 0.612036 0.785294 0.613316 0.782353 0.614597 0.782353 0.615877 0.779412 0.615877 0.776471 0.617157 0.773529 0.617157 0.767647 0.618438 0.764706 0.619718 0.767647 0.619718 0.773529 0.620999 0.776471 0.619718 0.779412 0.620999 0.779412 0.622279 0.782353 0.622279 0.785294 0.623560 0.788235 0.623560 0.791176 0.624840 0.794118 0.624840 0.808824 0.626120 0.811765 0.626120 0.814706 0.627401 0.817647 0.627401 0.820588 0.628681 0.823529 0.628681 0.826471 0.627401 0.829412 0.628681 0.832353 0.628681 0.838235 0.629962 0.841176 0.629962 0.847059 0.631242 0.850000 0.631242 0.855882 0.632522 0.858824 0.632522 0.861765 0.633803 0.864706 0.633803 0.867647 0.635083 0.870588 0.635083 0.873529 0.633803 0.876471 0.629962 0.876471 0.627401 0.870588 0.627401 0.867647 0.626120 0.864706 0.627401 0.861765 0.626120 0.864706 0.624840 0.861765 0.624840 0.855882 0.626120 0.852941 0.626120 0.844118 0.623560 0.838235 0.623560 0.829412 0.624840 0.826471 0.623560 0.823529 0.623560 0.814706 0.622279 0.811765 0.622279 0.800000 0.620999 0.797059 0.622279 0.800000 0.622279 0.808824 0.620999 0.811765 0.620999 0.817647 0.622279 0.820588 0.622279 0.823529 0.623560 0.826471 0.623560 0.832353 0.622279 0.835294 0.620999 0.835294 0.622279 0.838235 0.622279 0.852941 0.623560 0.855882 0.620999 0.861765 0.619718 0.858824 0.619718 0.850000 0.618438 0.847059 0.619718 0.844118 0.619718 0.841176 0.618438 0.838235 0.618438 0.817647 0.617157 0.817647 0.618438 0.820588 0.617157 0.823529 0.617157 0.829412 0.615877 0.832353 0.615877 0.835294 0.614597 0.838235 0.613316 0.838235 0.612036 0.835294 0.613316 0.832353 0.613316 0.829412 0.613316 0.832353 0.612036 0.835294 0.613316 0.838235 0.613316 0.841176 0.614597 0.844118 0.613316 0.847059 0.612036 0.847059 0.610755 0.844118 0.610755 0.841176 0.609475 0.844118 0.609475 0.852941 0.608195 0.855882 0.609475 0.858824 0.608195 0.861765 0.609475 0.864706 0.608195 0.867647 0.608195 0.870588 0.606914 0.873529 0.606914 0.879412 0.605634 0.882353 0.605634 0.885294 0.606914 0.885294 0.608195 0.888235 0.606914 0.891176 0.606914 0.894118 0.609475 0.894118 0.609475 0.891176 0.610755 0.888235 0.610755 0.885294 0.612036 0.882353 0.612036 0.879412 0.608195 0.888235 0.606914 0.885294 0.606914 0.879412 0.608195 0.876471 0.608195 0.870588 0.609475 0.867647 0.610755 0.870588 0.612036 0.870588 0.613316 0.867647 0.614597 0.870588 0.614597 0.873529 0.615877 0.870588 0.618438 0.870588 0.619718 0.873529 0.618438 0.870588 0.620999 0.864706 0.622279 0.867647 0.623560 0.867647 0.624840 0.870588 0.622279 0.876471 0.622279 0.894118 0.620999 0.897059 0.619718 0.897059 0.619718 0.908824 0.618438 0.911765 0.619718 0.908824 0.619718 0.905882 0.620999 0.902941 0.622279 0.905882 0.622279 0.914706 0.623560 0.917647 0.623560 0.926471 0.623560 0.923529 0.624840 0.920588 0.626120 0.923529 0.626120 0.926471 0.627401 0.929412 0.626120 0.932353 0.624840 0.932353 0.624840 0.938235 0.626120 0.941176 0.626120 0.950000 0.627401 0.950000 0.628681 0.952941 0.628681 0.955882 0.627401 0.958824 0.627401 0.964706 0.628681 0.967647 0.628681 0.976471 0.627401 0.979412 0.626120 0.976471 0.626120 0.973529 0.624840 0.970588 0.624840 0.967647 0.623560 0.964706 0.623560 0.961765 0.622279 0.958824 0.622279 0.941176 0.620999 0.944118 0.619718 0.944118 0.618438 0.947059 0.613316 0.947059 0.612036 0.950000 0.610755 0.947059 0.610755 0.944118 0.612036 0.941176 0.613316 0.941176 0.615877 0.935294 0.617157 0.938235 0.617157 0.929412 0.619718 0.923529 0.620999 0.926471 0.620999 0.935294 0.620999 0.920588 0.619718 0.917647 0.618438 0.920588 0.617157 0.917647 0.615877 0.917647 0.614597 0.914706 0.614597 0.908824 0.613316 0.905882 0.614597 0.902941 0.615877 0.902941 0.614597 0.900000 0.615877 0.897059 0.617157 0.897059 0.615877 0.894118 0.617157 0.891176 0.619718 0.891176 0.619718 0.885294 0.618438 0.882353 0.618438 0.879412 0.618438 0.885294 0.617157 0.888235 0.615877 0.888235 0.614597 0.891176 0.614597 0.894118 0.610755 0.902941 0.610755 0.911765 0.609475 0.914706 0.610755 0.917647 0.606914 0.926471 0.606914 0.929412 0.603073 0.938235 0.603073 0.947059 0.601793 0.950000 0.601793 0.952941 0.603073 0.955882 0.603073 0.958824 0.601793 0.961765 0.601793 0.964706 0.599232 0.970588 0.599232 0.973529 0.597951 0.976471 0.595391 0.970588 0.595391 0.964706 0.594110 0.967647 0.596671 0.973529 0.596671 0.979412 0.595391 0.982353 0.594110 0.979412 0.594110 0.976471 0.594110 0.985294 0.595391 0.988235 0.594110 0.991176 0.594110 0.994118 0.595391 0.997059 0.595391 0.994118 0.596671 0.991176 0.594110 0.985294 0.595391 0.982353 0.596671 0.982353 0.600512 0.991176 0.600512 0.997059 0.603073 0.997059 0.603073 0.994118 0.605634 0.988235 0.606914 0.991176 0.606914 0.997059 0.610755 0.997059 0.612036 0.994118 0.613316 0.997059 0.614597 0.997059 0.614597 0.994118 0.615877 0.991176 0.615877 0.985294 0.617157 0.982353 0.618438 0.985294 0.618438 0.991176 0.619718 0.988235 0.620999 0.991176 0.620999 0.994118 0.619718 0.997059 0.620999 0.997059 0.620999 0.994118 0.622279 0.991176 0.623560 0.994118 0.623560 0.997059 0.659411 0.997059 0.659411 0.994118 0.660691 0.991176 0.663252 0.997059 0.664533 0.994118 0.665813 0.997059 0.692702 0.997059 0.693982 0.994118 0.695262 0.997059 0.696543 0.994118 0.697823 0.997059 0.705506 0.997059 0.706786 0.994118 0.706786 0.988235 0.708067 0.985294 0.708067 0.982353 0.709347 0.979412 0.710627 0.979412 0.713188 0.973529 0.713188 0.961765 0.714469 0.958824 0.715749 0.958824 0.717029 0.955882 0.717029 0.947059 0.718310 0.944118 0.719590 0.947059 0.719590 0.950000 0.720871 0.952941 0.720871 0.950000 0.719590 0.947059 0.722151 0.941176 0.723431 0.944118 0.725992 0.938235 0.725992 0.935294 0.728553 0.929412 0.729834 0.929412 0.733675 0.920588 0.734955 0.923529 0.738796 0.914706 0.740077 0.914706 0.741357 0.911765 0.740077 0.914706 0.738796 0.914706 0.737516 0.911765 0.738796 0.908824 0.736236 0.914706 0.734955 0.911765 0.733675 0.911765 0.732394 0.914706 0.728553 0.914706 0.727273 0.917647 0.725992 0.917647 0.724712 0.914706 0.727273 0.908824 0.728553 0.908824 0.729834 0.905882 0.729834 0.902941 0.731114 0.900000 0.736236 0.900000 0.736236 0.897059 0.734955 0.897059 0.733675 0.894118 0.733675 0.888235 0.734955 0.885294 0.734955 0.879412 0.736236 0.876471 0.734955 0.873529 0.736236 0.876471 0.734955 0.879412 0.733675 0.879412 0.732394 0.876471 0.732394 0.873529 0.731114 0.870588 0.731114 0.864706 0.732394 0.861765 0.733675 0.864706 0.733675 0.867647 0.734955 0.864706 0.736236 0.864706 0.736236 0.861765 0.738796 0.855882 0.740077 0.858824 0.740077 0.867647 0.741357 0.870588 0.740077 0.873529 0.740077 0.879412 0.740077 0.873529 0.741357 0.870588 0.742638 0.873529 0.741357 0.870588 0.743918 0.864706 0.742638 0.861765 0.745198 0.855882 0.745198 0.852941 0.749040 0.844118 0.747759 0.841176 0.749040 0.838235 0.750320 0.838235 0.751601 0.835294 0.750320 0.838235 0.749040 0.838235 0.747759 0.841176 0.746479 0.838235 0.746479 0.841176 0.745198 0.844118 0.743918 0.841176 0.743918 0.844118 0.742638 0.847059 0.741357 0.847059 0.742638 0.847059 0.743918 0.850000 0.742638 0.852941 0.742638 0.855882 0.741357 0.858824 0.740077 0.858824 0.738796 0.855882 0.737516 0.858824 0.736236 0.858824 0.733675 0.864706 0.732394 0.861765 0.732394 0.855882 0.733675 0.852941 0.733675 0.850000 0.733675 0.852941 0.732394 0.855882 0.731114 0.852941 0.729834 0.852941 0.728553 0.850000 0.729834 0.847059 0.731114 0.847059 0.731114 0.832353 0.732394 0.829412 0.732394 0.826471 0.731114 0.823529 0.731114 0.817647 0.732394 0.814706 0.732394 0.811765 0.733675 0.808824 0.733675 0.805882 0.734955 0.802941 0.736236 0.802941 0.740077 0.794118 0.740077 0.791176 0.743918 0.782353 0.743918 0.779412 0.746479 0.773529 0.746479 0.770588 0.747759 0.767647 0.747759 0.761765 0.751601 0.752941 0.752881 0.755882 0.755442 0.750000 0.758003 0.750000 0.758003 0.747059 0.759283 0.744118 0.761844 0.744118 0.759283 0.744118 0.758003 0.741176 0.759283 0.744118 0.758003 0.747059 0.755442 0.747059 0.754161 0.744118 0.755442 0.741176 0.754161 0.744118 0.755442 0.747059 0.754161 0.750000 0.751601 0.750000 0.749040 0.744118 0.750320 0.741176 0.751601 0.741176 0.752881 0.738235 0.752881 0.729412 0.751601 0.726471 0.752881 0.723529 0.754161 0.723529 0.751601 0.717647 0.752881 0.714706 0.754161 0.714706 0.754161 0.711765 0.756722 0.705882 0.758003 0.705882 0.759283 0.708824 0.758003 0.705882 0.758003 0.697059 0.756722 0.694118 0.755442 0.697059 0.754161 0.697059 0.752881 0.694118 0.754161 0.691176 0.749040 0.702941 0.749040 0.705882 0.747759 0.708824 0.749040 0.705882 0.750320 0.705882 0.750320 0.702941 0.751601 0.700000 0.751601 0.697059 0.752881 0.694118 0.754161 0.697059 0.755442 0.697059 0.756722 0.700000 0.755442 0.702941 0.754161 0.702941 0.752881 0.705882 0.752881 0.708824 0.750320 0.714706 0.750320 0.717647 0.749040 0.720588 0.749040 0.726471 0.747759 0.729412 0.746479 0.729412 0.743918 0.735294 0.742638 0.735294 0.741357 0.732353 0.743918 0.726471 0.743918 0.723529 0.742638 0.720588 0.743918 0.717647 0.743918 0.714706 0.742638 0.711765 0.742638 0.705882 0.742638 0.708824 0.741357 0.711765 0.740077 0.708824 0.740077 0.702941 0.738796 0.700000 0.740077 0.697059 0.740077 0.694118 0.741357 0.691176 0.742638 0.694118 0.741357 0.691176 0.741357 0.688235 0.743918 0.682353 0.743918 0.679412 0.745198 0.676471 0.746479 0.676471 0.749040 0.670588 0.750320 0.673529 0.750320 0.676471 0.749040 0.679412 0.749040 0.682353 0.746479 0.688235 0.750320 0.679412 0.752881 0.685294 0.751601 0.688235 0.750320 0.688235 0.751601 0.688235 0.754161 0.682353 0.754161 0.679412 0.755442 0.676471 0.755442 0.673529 0.751601 0.682353 0.750320 0.679412 0.750320 0.673529 0.749040 0.670588 0.749040 0.667647 0.749040 0.670588 0.746479 0.676471 0.745198 0.673529 0.745198 0.670588 0.746479 0.667647 0.746479 0.661765 0.745198 0.658824 0.747759 0.652941 0.747759 0.650000 0.746479 0.647059 0.749040 0.641176 0.749040 0.632353 0.750320 0.629412 0.751601 0.632353 0.751601 0.635294 0.752881 0.638235 0.751601 0.635294 0.752881 0.632353 0.752881 0.629412 0.754161 0.626471 0.755442 0.629412 0.756722 0.626471 0.755442 0.623529 0.754161 0.623529 0.752881 0.620588 0.754161 0.617647 0.755442 0.617647 0.754161 0.617647 0.752881 0.614706 0.752881 0.611765 0.754161 0.608824 0.755442 0.611765 0.752881 0.605882 0.754161 0.602941 0.754161 0.597059 0.755442 0.594118 0.754161 0.591176 0.756722 0.585294 0.756722 0.582353 0.755442 0.585294 0.755442 0.588235 0.754161 0.591176 0.752881 0.588235 0.752881 0.579412 0.754161 0.576471 0.754161 0.570588 0.752881 0.567647 0.754161 0.564706 0.752881 0.561765 0.754161 0.558824 0.754161 0.555882 0.755442 0.552941 0.755442 0.550000 0.752881 0.544118 0.752881 0.541176 0.750320 0.541176 0.749040 0.544118 0.747759 0.544118 0.749040 0.547059 0.747759 0.550000 0.747759 0.552941 0.746479 0.555882 0.745198 0.552941 0.745198 0.550000 0.743918 0.550000 0.743918 0.561765 0.742638 0.564706 0.740077 0.558824 0.740077 0.552941 0.740077 0.582353 0.738796 0.585294 0.738796 0.588235 0.740077 0.591176 0.740077 0.594118 0.738796 0.597059 0.737516 0.597059 0.738796 0.600000 0.737516 0.602941 0.737516 0.605882 0.734955 0.611765 0.734955 0.620588 0.733675 0.623529 0.733675 0.644118 0.732394 0.647059 0.731114 0.644118 0.731114 0.641176 0.731114 0.644118 0.729834 0.647059 0.728553 0.644118 0.728553 0.638235 0.728553 0.650000 0.727273 0.652941 0.725992 0.652941 0.724712 0.650000 0.724712 0.641176 0.725992 0.638235 0.725992 0.632353 0.725992 0.635294 0.724712 0.638235 0.723431 0.638235 0.723431 0.650000 0.724712 0.652941 0.724712 0.661765 0.723431 0.664706 0.722151 0.664706 0.720871 0.661765 0.719590 0.664706 0.718310 0.661765 0.718310 0.647059 0.719590 0.644118 0.719590 0.641176 0.718310 0.638235 0.718310 0.635294 0.719590 0.632353 0.720871 0.635294 0.720871 0.623529 0.719590 0.620588 0.720871 0.617647 0.720871 0.608824 0.722151 0.605882 0.722151 0.594118 0.720871 0.597059 0.719590 0.594118 0.719590 0.591176 0.720871 0.588235 0.719590 0.591176 0.714469 0.591176 0.713188 0.588235 0.714469 0.585294 0.714469 0.579412 0.713188 0.576471 0.711908 0.579412 0.710627 0.579412 0.709347 0.576471 0.709347 0.573529 0.710627 0.570588 0.710627 0.567647 0.709347 0.570588 0.708067 0.570588 0.706786 0.573529 0.702945 0.564706 0.701665 0.567647 0.700384 0.564706 0.696543 0.564706 0.695262 0.567647 0.693982 0.567647 0.692702 0.564706 0.692702 0.561765 0.693982 0.558824 0.696543 0.558824 0.697823 0.555882 0.695262 0.555882 0.693982 0.558824 0.691421 0.552941 0.692702 0.550000 0.693982 0.550000 0.692702 0.547059 0.695262 0.541176 0.693982 0.541176 0.692702 0.544118 0.691421 0.541176 0.691421 0.555882 0.692702 0.558824 0.692702 0.564706 0.690141 0.570588 0.688860 0.570588 0.688860 0.573529 0.687580 0.576471 0.685019 0.576471 0.686300 0.579412 0.685019 0.582353 0.683739 0.582353 0.683739 0.588235 0.682458 0.591176 0.681178 0.591176 0.679898 0.588235 0.679898 0.573529 0.681178 0.570588 0.682458 0.573529 0.682458 0.576471 0.682458 0.573529 0.681178 0.570588 0.681178 0.564706 0.679898 0.561765 0.679898 0.558824 0.677337 0.552941 0.677337 0.550000 0.676056 0.550000 0.674776 0.552941 0.674776 0.555882 0.676056 0.558824 0.676056 0.561765 0.674776 0.564706 0.674776 0.573529 0.676056 0.576471 0.676056 0.591176 0.673496 0.597059 0.670935 0.591176 0.672215 0.588235 0.672215 0.582353 0.670935 0.579412 0.670935 0.573529 0.672215 0.570588 0.672215 0.561765 0.670935 0.561765 0.669654 0.558824 0.669654 0.552941 0.670935 0.550000 0.672215 0.552941 0.672215 0.550000 0.670935 0.547059 0.672215 0.544118 0.672215 0.538235 0.667093 0.538235 0.667093 0.544118 0.664533 0.550000 0.660691 0.541176 0.660691 0.538235 0.659411 0.535294 0.656850 0.535294 0.658131 0.538235 0.658131 0.541176 0.659411 0.544118 0.658131 0.547059 0.658131 0.555882 0.656850 0.558824 0.658131 0.555882 0.659411 0.558824 0.659411 0.561765 0.658131 0.564706 0.659411 0.567647 0.656850 0.573529 0.655570 0.570588 0.655570 0.567647 0.654289 0.567647 0.651729 0.573529 0.650448 0.570588 0.649168 0.573529 0.646607 0.567647 0.646607 0.564706 0.647887 0.561765 0.646607 0.558824 0.646607 0.550000 0.645327 0.547059 0.645327 0.544118 0.644046 0.547059 0.642766 0.544118 0.641485 0.544118 0.641485 0.547059 0.638924 0.552941 0.637644 0.552941 0.637644 0.558824 0.635083 0.564706 0.629962 0.552941 0.629962 0.550000 0.629962 0.552941 0.628681 0.555882 0.627401 0.552941 0.624840 0.552941 0.622279 0.547059 0.620999 0.547059 0.619718 0.544118 0.619718 0.541176 0.618438 0.544118 0.617157 0.541176 0.617157 0.538235 0.615877 0.538235 0.614597 0.535294 0.615877 0.532353 0.613316 0.532353 0.612036 0.535294 0.613316 0.538235 0.612036 0.541176 0.609475 0.541176 0.608195 0.544118 0.609475 0.547059 0.609475 0.550000 0.608195 0.552941 0.606914 0.552941 0.605634 0.550000 0.605634 0.547059 0.604353 0.550000 0.601793 0.544118 0.596671 0.555882 0.595391 0.555882 0.595391 0.561765 0.597951 0.567647 0.596671 0.570588 0.596671 0.579412 0.597951 0.582353 0.596671 0.585294 0.596671 0.594118 0.597951 0.597059 0.595391 0.602941 0.594110 0.602941 0.594110 0.608824 0.592830 0.611765 0.590269 0.605882 0.590269 0.597059 0.591549 0.594118 0.592830 0.597059 0.592830 0.588235 0.591549 0.588235 0.590269 0.585294 0.590269 0.591176 0.591549 0.594118 0.590269 0.597059 0.590269 0.600000 0.588988 0.602941 0.587708 0.600000 0.587708 0.591176 0.586428 0.591176 0.583867 0.585294 0.582586 0.588235 0.581306 0.585294 0.581306 0.588235 0.580026 0.591176 0.578745 0.591176 0.578745 0.597059 0.581306 0.591176 0.582586 0.594118 0.582586 0.597059 0.581306 0.600000 0.582586 0.602941 0.582586 0.605882 0.581306 0.608824 0.581306 0.629412 0.582586 0.632353 0.582586 0.635294 0.581306 0.638235 0.581306 0.644118 0.580026 0.647059 0.581306 0.650000 0.581306 0.682353 0.580026 0.685294 0.578745 0.685294 0.577465 0.682353 0.577465 0.673529 0.576184 0.673529 0.574904 0.676471 0.573624 0.673529 0.574904 0.676471 0.574904 0.679412 0.576184 0.682353 0.576184 0.688235 0.574904 0.691176 0.572343 0.691176 0.571063 0.694118 0.572343 0.697059 0.571063 0.700000 0.571063 0.708824 0.568502 0.714706 0.565941 0.708824 0.567222 0.705882 0.567222 0.700000 0.568502 0.697059 0.568502 0.691176 0.569782 0.688235 0.569782 0.685294 0.568502 0.682353 0.567222 0.685294 0.567222 0.697059 0.565941 0.700000 0.564661 0.700000 0.563380 0.697059 0.564661 0.694118 0.564661 0.676471 0.567222 0.670588 0.567222 0.664706 0.564661 0.664706 0.563380 0.661765 0.565941 0.655882 0.567222 0.655882 0.567222 0.652941 0.565941 0.650000 0.565941 0.644118 0.572343 0.629412 0.573624 0.629412 0.573624 0.623529 0.574904 0.620588 0.576184 0.623529 0.576184 0.641176 0.577465 0.644118 0.577465 0.641176 0.576184 0.638235 0.576184 0.635294 0.577465 0.632353 0.578745 0.635294 0.578745 0.623529 0.577465 0.620588 0.577465 0.608824 0.576184 0.611765 0.574904 0.608824 0.574904 0.600000 0.576184 0.597059 0.574904 0.597059 0.573624 0.594118 0.574904 0.591176 0.574904 0.588235 0.573624 0.585294 0.573624 0.582353 0.572343 0.585294 0.571063 0.585294 0.568502 0.579412 0.568502 0.582353 0.567222 0.585294 0.565941 0.582353 0.565941 0.567647 0.564661 0.564706 0.564661 0.561765 0.563380 0.558824 0.563380 0.555882 0.562100 0.552941 0.562100 0.550000 0.562100 0.552941 0.560819 0.555882 0.559539 0.552941 0.560819 0.555882 0.559539 0.558824 0.559539 0.561765 0.560819 0.561765 0.562100 0.564706 0.560819 0.567647 0.560819 0.576471 0.562100 0.579412 0.562100 0.588235 0.563380 0.591176 0.564661 0.591176 0.565941 0.594118 0.565941 0.602941 0.567222 0.605882 0.567222 0.608824 0.569782 0.614706 0.569782 0.617647 0.565941 0.626471 0.564661 0.623529 0.562100 0.623529 0.559539 0.617647 0.559539 0.611765 0.558259 0.611765 0.556978 0.608824 0.556978 0.605882 0.558259 0.602941 0.556978 0.600000 0.556978 0.591176 0.555698 0.591176 0.555698 0.594118 0.554417 0.597059 0.553137 0.594118 0.551857 0.594118 0.549296 0.588235 0.551857 0.582353 0.550576 0.579412 0.550576 0.567647 0.551857 0.564706 0.550576 0.561765 0.550576 0.555882 0.550576 0.558824 0.549296 0.561765 0.548015 0.558824 0.548015 0.555882 0.546735 0.552941 0.546735 0.547059 0.545455 0.544118 0.545455 0.541176 0.544174 0.541176 0.542894 0.544118 0.541613 0.544118 0.540333 0.541176 0.540333 0.529412 0.541613 0.526471 0.539052 0.526471 0.537772 0.529412 0.539052 0.532353 0.539052 0.547059 0.537772 0.550000 0.537772 0.552941 0.536492 0.555882 0.535211 0.555882 0.533931 0.552941 0.533931 0.541176 0.532650 0.538235 0.532650 0.535294 0.532650 0.538235 0.531370 0.541176 0.531370 0.558824 0.532650 0.561765 0.532650 0.564706 0.531370 0.567647 0.531370 0.570588 0.530090 0.573529 0.528809 0.570588 0.528809 0.564706 0.527529 0.564706 0.527529 0.567647 0.526248 0.570588 0.526248 0.573529 0.527529 0.573529 0.528809 0.576471 0.528809 0.582353 0.527529 0.585294 0.526248 0.582353 0.526248 0.579412 0.526248 0.582353 0.528809 0.588235 0.527529 0.591176 0.526248 0.591176 0.526248 0.597059 0.526248 0.594118 0.527529 0.591176 0.528809 0.594118 0.528809 0.597059 0.528809 0.588235 0.530090 0.585294 0.531370 0.588235 0.531370 0.597059 0.532650 0.600000 0.532650 0.602941 0.531370 0.605882 0.530090 0.605882 0.528809 0.608824 0.527529 0.605882 0.527529 0.602941 0.526248 0.605882 0.526248 0.608824 0.524968 0.611765 0.524968 0.620588 0.526248 0.623529 0.524968 0.626471 0.522407 0.626471 0.521127 0.629412 0.519846 0.626471 0.519846 0.605882 0.521127 0.602941 0.521127 0.597059 0.519846 0.594118 0.521127 0.591176 0.519846 0.588235 0.521127 0.585294 0.521127 0.567647 0.518566 0.567647 0.517286 0.564706 0.518566 0.561765 0.521127 0.561765 0.521127 0.541176 0.522407 0.538235 0.523688 0.541176 0.523688 0.544118 0.523688 0.535294 0.522407 0.538235 0.519846 0.538235 0.519846 0.541176 0.521127 0.544118 0.521127 0.558824 0.519846 0.561765 0.518566 0.558824 0.518566 0.552941 0.517286 0.552941 0.516005 0.550000 0.516005 0.547059 0.517286 0.544118 0.517286 0.532353 0.518566 0.529412 0.517286 0.526471 0.518566 0.523529 0.517286 0.523529 0.516005 0.526471 0.516005 0.529412 0.514725 0.532353 0.513444 0.532353 0.513444 0.535294 0.512164 0.538235 0.510883 0.535294 0.510883 0.529412 0.508323 0.529412 0.507042 0.532353 0.507042 0.535294 0.505762 0.538235 0.504481 0.535294 0.503201 0.535294 0.501921 0.538235 0.501921 0.541176 0.500640 0.544118 0.499360 0.541176 0.499360 0.535294 0.499360 0.541176 0.498079 0.544118 0.495519 0.538235 0.495519 0.541176 0.494238 0.544118 0.492958 0.541176 0.490397 0.541176 0.489117 0.538235 0.489117 0.529412 0.487836 0.532353 0.487836 0.555882 0.489117 0.558824 0.489117 0.561765 0.487836 0.564706 0.486556 0.561765 0.485275 0.561765 0.483995 0.558824 0.483995 0.552941 0.485275 0.550000 0.483995 0.547059 0.483995 0.535294 0.483995 0.547059 0.482714 0.550000 0.480154 0.544118 0.481434 0.541176 0.480154 0.538235 0.481434 0.535294 0.481434 0.532353 0.478873 0.538235 0.476312 0.532353 0.476312 0.535294 0.475032 0.538235 0.473752 0.538235 0.472471 0.535294 0.472471 0.526471 0.473752 0.523529 0.472471 0.526471 0.471191 0.523529 0.469910 0.526471 0.468630 0.523529