1 0.719590 0.970588 0.719590 0.979412 0.717029 0.985294 0.715749 0.982353 0.717029 0.985294 0.715749 0.988235 0.714469 0.988235 0.711908 0.982353 0.711908 0.985294 0.713188 0.988235 0.713188 0.994118 0.711908 0.997059 0.710627 0.997059 0.709347 0.994118 0.708067 0.997059 0.706786 0.994118 0.706786 0.991176 0.708067 0.988235 0.706786 0.985294 0.708067 0.988235 0.706786 0.991176 0.706786 0.994118 0.708067 0.997059 0.709347 0.994118 0.710627 0.997059 0.725992 0.997059 0.725992 0.985294 0.724712 0.982353 0.722151 0.982353 0.720871 0.979412 0.720871 0.976471 0.719590 0.973529
1 0.384123 0.970588 0.382843 0.973529 0.382843 0.979412 0.381562 0.982353 0.381562 0.997059 0.384123 0.997059 0.384123 0.979412 0.382843 0.976471 0.382843 0.973529
1 0.644046 0.947059 0.644046 0.952941 0.642766 0.955882 0.644046 0.955882 0.645327 0.958824 0.641485 0.967647 0.642766 0.970588 0.642766 0.973529 0.644046 0.976471 0.642766 0.979412 0.645327 0.979412 0.647887 0.985294 0.646607 0.988235 0.647887 0.991176 0.647887 0.994118 0.649168 0.997059 0.656850 0.997059 0.658131 0.994118 0.656850 0.991176 0.658131 0.988235 0.656850 0.991176 0.655570 0.991176 0.654289 0.994118 0.653009 0.991176 0.653009 0.985294 0.654289 0.982353 0.655570 0.982353 0.654289 0.982353 0.651729 0.976471 0.654289 0.970588 0.655570 0.970588 0.654289 0.970588 0.653009 0.967647 0.651729 0.970588 0.649168 0.964706 0.650448 0.961765 0.649168 0.961765 0.647887 0.958824 0.649168 0.955882 0.649168 0.952941 0.647887 0.955882 0.646607 0.952941 0.645327 0.952941 0.644046 0.950000
1 0.691421 0.935294 0.690141 0.938235 0.690141 0.961765 0.691421 0.964706 0.690141 0.967647 0.691421 0.970588 0.691421 0.982353 0.692702 0.985294 0.692702 0.997059 0.696543 0.997059 0.696543 0.994118 0.697823 0.991176 0.699104 0.994118 0.699104 0.997059 0.699104 0.994118 0.697823 0.991176 0.697823 0.982353 0.697823 0.988235 0.696543 0.991176 0.695262 0.988235 0.695262 0.964706 0.693982 0.961765 0.693982 0.947059 0.692702 0.944118 0.692702 0.938235
1 0.980794 0.929412 0.979513 0.932353 0.979513 0.941176 0.980794 0.944118 0.979513 0.947059 0.979513 0.950000 0.980794 0.952941 0.983355 0.952941 0.984635 0.955882 0.984635 0.958824 0.983355 0.961765 0.980794 0.961765 0.982074 0.961765 0.983355 0.964706 0.985915 0.964706 0.987196 0.967647 0.991037 0.967647 0.992318 0.970588 0.993598 0.970588 0.993598 0.967647 0.994878 0.964706 0.993598 0.961765 0.992318 0.961765 0.991037 0.958824 0.991037 0.955882 0.993598 0.950000 0.993598 0.947059 0.991037 0.947059 0.988476 0.941176 0.987196 0.944118 0.985915 0.941176 0.985915 0.938235 0.987196 0.935294 0.984635 0.935294 0.983355 0.932353 0.982074 0.932353
1 0.239437 0.926471 0.238156 0.929412 0.238156 0.950000 0.236876 0.952941 0.236876 0.970588 0.235595 0.973529 0.235595 0.982353 0.236876 0.979412 0.238156 0.982353 0.238156 0.985294 0.238156 0.979412 0.239437 0.976471 0.239437 0.955882 0.240717 0.952941 0.241997 0.952941 0.241997 0.944118 0.240717 0.941176 0.240717 0.938235 0.241997 0.935294 0.240717 0.935294 0.238156 0.929412
1 0.185659 0.920588 0.185659 0.926471 0.183099 0.932353 0.181818 0.932353 0.181818 0.935294 0.179257 0.941176 0.179257 0.947059 0.177977 0.950000 0.177977 0.952941 0.176697 0.955882 0.177977 0.958824 0.176697 0.961765 0.177977 0.961765 0.179257 0.964706 0.179257 0.967647 0.180538 0.964706 0.180538 0.961765 0.181818 0.958824 0.181818 0.952941 0.183099 0.950000 0.183099 0.947059 0.184379 0.944118 0.184379 0.941176 0.185659 0.938235 0.185659 0.935294 0.186940 0.932353 0.186940 0.929412 0.185659 0.926471
1 0.646607 0.911765 0.650448 0.920588 0.650448 0.923529 0.651729 0.926471 0.651729 0.929412 0.653009 0.932353 0.653009 0.935294 0.654289 0.938235 0.654289 0.941176 0.655570 0.944118 0.655570 0.947059 0.656850 0.950000 0.656850 0.952941 0.658131 0.955882 0.658131 0.961765 0.659411 0.964706 0.659411 0.967647 0.660691 0.970588 0.660691 0.976471 0.661972 0.979412 0.661972 0.982353 0.663252 0.985294 0.663252 0.991176 0.664533 0.994118 0.664533 0.997059 0.667093 0.997059 0.667093 0.994118 0.665813 0.991176 0.665813 0.988235 0.664533 0.985294 0.664533 0.979412 0.663252 0.976471 0.663252 0.973529 0.661972 0.970588 0.661972 0.967647 0.660691 0.964706 0.660691 0.961765 0.659411 0.958824 0.659411 0.955882 0.658131 0.952941 0.658131 0.950000 0.656850 0.947059 0.656850 0.944118 0.654289 0.938235 0.654289 0.935294 0.653009 0.932353 0.653009 0.929412 0.650448 0.923529 0.650448 0.920588
1 0.437900 0.902941 0.436620 0.905882 0.434059 0.905882 0.434059 0.908824 0.432778 0.911765 0.431498 0.911765 0.431498 0.920588 0.432778 0.923529 0.432778 0.926471 0.434059 0.929412 0.436620 0.929412 0.436620 0.926471 0.435339 0.923529 0.435339 0.920588 0.436620 0.917647 0.436620 0.911765 0.437900 0.908824 0.436620 0.905882
1 0.189501 0.864706 0.189501 0.876471 0.190781 0.879412 0.190781 0.885294 0.192061 0.885294 0.193342 0.888235 0.193342 0.891176 0.192061 0.894118 0.193342 0.897059 0.193342 0.902941 0.194622 0.905882 0.194622 0.911765 0.194622 0.900000 0.193342 0.897059 0.193342 0.888235 0.192061 0.885294 0.192061 0.876471 0.190781 0.873529 0.190781 0.864706
1 0.239437 0.861765 0.239437 0.864706 0.236876 0.870588 0.235595 0.867647 0.234315 0.870588 0.231754 0.870588 0.230474 0.873529 0.229193 0.873529 0.227913 0.870588 0.229193 0.867647 0.227913 0.870588 0.229193 0.873529 0.229193 0.882353 0.226633 0.888235 0.226633 0.891176 0.227913 0.888235 0.229193 0.888235 0.230474 0.891176 0.230474 0.888235 0.231754 0.885294 0.234315 0.885294 0.234315 0.882353 0.235595 0.879412 0.236876 0.879412 0.235595 0.876471 0.236876 0.873529 0.238156 0.873529 0.239437 0.870588 0.241997 0.870588 0.240717 0.867647 0.241997 0.864706 0.240717 0.861765
1 0.171575 0.852941 0.170294 0.855882 0.169014 0.855882 0.169014 0.858824 0.165173 0.867647 0.166453 0.870588 0.169014 0.864706 0.170294 0.864706 0.171575 0.867647 0.174136 0.867647 0.172855 0.864706 0.174136 0.861765 0.174136 0.852941
1 0.553137 0.841176 0.542894 0.864706 0.542894 0.870588 0.549296 0.855882 0.549296 0.852941 0.553137 0.844118
1 0.879641 0.823529 0.879641 0.832353 0.880922 0.835294 0.879641 0.838235 0.878361 0.838235 0.878361 0.841176 0.879641 0.844118 0.878361 0.847059 0.879641 0.847059 0.879641 0.844118 0.878361 0.841176 0.879641 0.838235 0.880922 0.838235 0.883483 0.844118 0.884763 0.844118 0.883483 0.841176 0.883483 0.835294 0.880922 0.829412 0.880922 0.826471
1 0.672215 0.811765 0.672215 0.829412 0.673496 0.832353 0.673496 0.847059 0.674776 0.850000 0.674776 0.861765 0.676056 0.864706 0.676056 0.882353 0.677337 0.885294 0.677337 0.900000 0.678617 0.902941 0.678617 0.917647 0.679898 0.920588 0.679898 0.932353 0.681178 0.935294 0.681178 0.950000 0.682458 0.952941 0.682458 0.967647 0.683739 0.970588 0.683739 0.979412 0.685019 0.982353 0.685019 0.997059 0.688860 0.997059 0.687580 0.994118 0.687580 0.982353 0.686300 0.979412 0.686300 0.967647 0.685019 0.964706 0.685019 0.952941 0.683739 0.950000 0.683739 0.938235 0.682458 0.935294 0.682458 0.926471 0.681178 0.923529 0.681178 0.914706 0.679898 0.911765 0.679898 0.902941 0.678617 0.900000 0.678617 0.885294 0.677337 0.882353 0.677337 0.867647 0.676056 0.864706 0.676056 0.852941 0.674776 0.850000 0.674776 0.838235 0.673496 0.835294 0.673496 0.823529 0.672215 0.820588
1 0.135723 0.805882 0.134443 0.808824 0.133163 0.808824 0.131882 0.811765 0.130602 0.811765 0.129321 0.814706 0.128041 0.814706 0.126761 0.817647 0.124200 0.817647 0.122919 0.820588 0.121639 0.820588 0.117798 0.829412 0.119078 0.826471 0.120359 0.826471 0.121639 0.823529 0.122919 0.823529 0.124200 0.820588 0.125480 0.820588 0.126761 0.817647 0.129321 0.817647 0.130602 0.814706 0.131882 0.814706 0.133163 0.811765 0.134443 0.811765 0.135723 0.808824 0.137004 0.808824 0.138284 0.805882 0.140845 0.805882
1 0.870679 0.797059 0.870679 0.800000 0.871959 0.802941 0.871959 0.805882 0.873239 0.808824 0.873239 0.811765 0.871959 0.814706 0.873239 0.811765 0.875800 0.817647 0.875800 0.820588 0.874520 0.823529 0.873239 0.820588 0.874520 0.823529 0.874520 0.826471 0.875800 0.826471 0.877081 0.823529 0.877081 0.820588 0.878361 0.817647 0.874520 0.808824 0.874520 0.805882
1 0.503201 0.794118 0.501921 0.797059 0.501921 0.802941 0.500640 0.805882 0.492958 0.805882 0.491677 0.808824 0.490397 0.805882 0.487836 0.805882 0.489117 0.808824 0.487836 0.811765 0.487836 0.820588 0.486556 0.823529 0.487836 0.820588 0.492958 0.832353 0.492958 0.835294 0.495519 0.841176 0.496799 0.841176 0.498079 0.838235 0.498079 0.829412 0.496799 0.826471 0.496799 0.820588 0.494238 0.814706 0.494238 0.811765 0.492958 0.808824 0.494238 0.805882 0.503201 0.805882 0.501921 0.802941 0.501921 0.797059
1 0.489117 0.791176 0.486556 0.797059 0.485275 0.794118 0.485275 0.797059 0.483995 0.800000 0.483995 0.805882 0.482714 0.808824 0.482714 0.811765 0.481434 0.814706 0.481434 0.817647 0.480154 0.820588 0.480154 0.826471 0.478873 0.829412 0.478873 0.838235 0.477593 0.841176 0.477593 0.847059 0.476312 0.850000 0.476312 0.855882 0.475032 0.858824 0.473752 0.855882 0.473752 0.841176 0.473752 0.858824 0.475032 0.861765 0.475032 0.864706 0.473752 0.867647 0.473752 0.873529 0.475032 0.873529 0.476312 0.876471 0.476312 0.891176 0.477593 0.894118 0.477593 0.897059 0.478873 0.900000 0.478873 0.914706 0.480154 0.917647 0.480154 0.923529 0.481434 0.926471 0.481434 0.944118 0.482714 0.947059 0.482714 0.958824 0.483995 0.961765 0.483995 0.970588 0.483995 0.955882 0.482714 0.952941 0.482714 0.941176 0.481434 0.938235 0.481434 0.926471 0.480154 0.923529 0.480154 0.911765 0.478873 0.908824 0.478873 0.900000 0.477593 0.897059 0.478873 0.894118 0.478873 0.882353 0.480154 0.879412 0.481434 0.882353 0.481434 0.885294 0.482714 0.888235 0.482714 0.891176 0.485275 0.891176 0.485275 0.888235 0.483995 0.885294 0.483995 0.882353 0.485275 0.879412 0.485275 0.876471 0.483995 0.879412 0.482714 0.876471 0.482714 0.873529 0.483995 0.870588 0.485275 0.870588 0.483995 0.867647 0.483995 0.864706 0.481434 0.864706 0.481434 0.870588 0.480154 0.873529 0.481434 0.876471 0.478873 0.882353 0.477593 0.879412 0.477593 0.870588 0.476312 0.867647 0.476312 0.864706 0.475032 0.861765 0.475032 0.858824 0.476312 0.855882 0.476312 0.850000 0.477593 0.847059 0.477593 0.841176 0.478873 0.838235 0.478873 0.835294 0.480154 0.832353 0.480154 0.826471 0.481434 0.823529 0.481434 0.817647 0.482714 0.814706 0.482714 0.808824 0.485275 0.802941 0.485275 0.800000
1 0.350832 0.785294 0.350832 0.791176 0.352113 0.794118 0.350832 0.797059 0.352113 0.800000 0.350832 0.802941 0.350832 0.805882 0.352113 0.805882 0.352113 0.800000 0.353393 0.797059 0.353393 0.794118 0.354673 0.791176 0.352113 0.785294
1 0.541613 0.773529 0.541613 0.779412 0.540333 0.782353 0.540333 0.791176 0.539052 0.794118 0.539052 0.800000 0.537772 0.802941 0.537772 0.814706 0.536492 0.817647 0.536492 0.823529 0.535211 0.826471 0.535211 0.835294 0.533931 0.838235 0.533931 0.847059 0.532650 0.850000 0.532650 0.858824 0.533931 0.861765 0.533931 0.850000 0.535211 0.847059 0.535211 0.838235 0.536492 0.835294 0.536492 0.823529 0.537772 0.820588 0.537772 0.811765 0.539052 0.808824 0.539052 0.797059 0.540333 0.794118 0.540333 0.785294 0.541613 0.782353
1 0.370038 0.755882 0.370038 0.758824 0.368758 0.761765 0.368758 0.767647 0.367478 0.770588 0.366197 0.770588 0.366197 0.773529 0.367478 0.776471 0.366197 0.779412 0.367478 0.776471 0.368758 0.779412 0.372599 0.779412 0.372599 0.776471 0.370038 0.770588 0.371319 0.767647 0.371319 0.764706 0.372599 0.761765 0.372599 0.755882 0.371319 0.758824
1 0.124200 0.741176 0.124200 0.744118 0.122919 0.747059 0.122919 0.750000 0.121639 0.752941 0.121639 0.755882 0.120359 0.758824 0.120359 0.764706 0.119078 0.767647 0.119078 0.770588 0.116517 0.776471 0.113956 0.776471 0.112676 0.773529 0.110115 0.779412 0.108835 0.776471 0.108835 0.782353 0.106274 0.788235 0.104994 0.785294 0.103713 0.785294 0.104994 0.788235 0.103713 0.791176 0.102433 0.791176 0.101152 0.788235 0.102433 0.791176 0.102433 0.794118 0.101152 0.797059 0.098592 0.797059 0.098592 0.800000 0.099872 0.802941 0.098592 0.805882 0.097311 0.805882 0.096031 0.802941 0.094750 0.802941 0.093470 0.800000 0.093470 0.802941 0.090909 0.808824 0.090909 0.811765 0.089629 0.814706 0.092190 0.820588 0.092190 0.823529 0.094750 0.817647 0.096031 0.817647 0.097311 0.820588 0.097311 0.823529 0.098592 0.820588 0.099872 0.823529 0.101152 0.820588 0.104994 0.820588 0.104994 0.817647 0.106274 0.814706 0.107554 0.814706 0.108835 0.817647 0.110115 0.817647 0.111396 0.820588 0.111396 0.823529 0.111396 0.814706 0.112676 0.811765 0.115237 0.811765 0.116517 0.808824 0.116517 0.802941 0.117798 0.800000 0.117798 0.794118 0.119078 0.791176 0.119078 0.785294 0.120359 0.782353 0.120359 0.773529 0.121639 0.770588 0.121639 0.767647 0.122919 0.764706 0.122919 0.758824 0.124200 0.755882 0.124200 0.752941 0.122919 0.750000 0.124200 0.747059 0.125480 0.747059 0.125480 0.744118
1 0.516005 0.729412 0.516005 0.732353 0.513444 0.738235 0.513444 0.747059 0.512164 0.750000 0.510883 0.750000 0.509603 0.752941 0.508323 0.750000 0.507042 0.752941 0.505762 0.750000 0.504481 0.750000 0.505762 0.752941 0.503201 0.758824 0.503201 0.767647 0.501921 0.770588 0.500640 0.770588 0.496799 0.779412 0.495519 0.779412 0.494238 0.782353 0.495519 0.779412 0.496799 0.779412 0.499360 0.773529 0.500640 0.773529 0.501921 0.776471 0.501921 0.779412 0.504481 0.779412 0.505762 0.782353 0.504481 0.785294 0.503201 0.785294 0.504481 0.788235 0.505762 0.785294 0.507042 0.788235 0.507042 0.791176 0.505762 0.794118 0.507042 0.797059 0.508323 0.797059 0.509603 0.800000 0.509603 0.802941 0.509603 0.797059 0.510883 0.794118 0.512164 0.797059 0.512164 0.800000 0.513444 0.800000 0.514725 0.802941 0.514725 0.817647 0.514725 0.811765 0.517286 0.805882 0.516005 0.805882 0.514725 0.802941 0.514725 0.767647 0.516005 0.764706 0.517286 0.767647 0.518566 0.764706 0.521127 0.764706 0.521127 0.761765 0.519846 0.761765 0.518566 0.758824 0.517286 0.761765 0.514725 0.755882 0.514725 0.750000 0.517286 0.744118 0.517286 0.741176 0.516005 0.738235
1 0.468630 0.729412 0.468630 0.732353 0.467350 0.735294 0.468630 0.738235 0.468630 0.770588 0.469910 0.773529 0.469910 0.800000 0.471191 0.802941 0.469910 0.805882 0.471191 0.808824 0.471191 0.811765 0.471191 0.770588 0.469910 0.767647 0.469910 0.729412
1 0.690141 0.711765 0.691421 0.714706 0.692702 0.714706 0.695262 0.720588 0.693982 0.723529 0.693982 0.732353 0.695262 0.735294 0.695262 0.738235 0.696543 0.741176 0.696543 0.732353 0.695262 0.729412 0.695262 0.714706 0.693982 0.711765 0.692702 0.714706 0.691421 0.711765
1 0.681178 0.685294 0.681178 0.688235 0.683739 0.694118 0.683739 0.697059 0.682458 0.700000 0.679898 0.700000 0.681178 0.702941 0.683739 0.702941 0.685019 0.700000 0.686300 0.702941 0.687580 0.700000 0.687580 0.697059 0.688860 0.694118 0.687580 0.694118 0.686300 0.691176 0.685019 0.694118
1 0.431498 0.682353 0.431498 0.688235 0.430218 0.691176 0.430218 0.697059 0.428937 0.700000 0.427657 0.697059 0.426376 0.700000 0.423816 0.694118 0.423816 0.691176 0.423816 0.700000 0.422535 0.702941 0.419974 0.697059 0.419974 0.700000 0.422535 0.705882 0.419974 0.711765 0.421255 0.711765 0.422535 0.708824 0.423816 0.711765 0.425096 0.708824 0.427657 0.714706 0.427657 0.717647 0.427657 0.714706 0.428937 0.711765 0.428937 0.708824 0.430218 0.705882 0.430218 0.700000 0.432778 0.694118 0.431498 0.691176
1 0.700384 0.676471 0.700384 0.679412 0.701665 0.682353 0.701665 0.685294 0.702945 0.688235 0.702945 0.694118 0.704225 0.694118 0.705506 0.697059 0.704225 0.700000 0.704225 0.702941 0.705506 0.705882 0.705506 0.711765 0.706786 0.714706 0.706786 0.720588 0.708067 0.723529 0.708067 0.732353 0.709347 0.735294 0.709347 0.761765 0.710627 0.764706 0.710627 0.782353 0.711908 0.785294 0.711908 0.800000 0.713188 0.802941 0.713188 0.814706 0.714469 0.817647 0.714469 0.826471 0.715749 0.829412 0.715749 0.838235 0.714469 0.841176 0.714469 0.847059 0.715749 0.850000 0.715749 0.864706 0.715749 0.852941 0.717029 0.850000 0.718310 0.852941 0.718310 0.870588 0.719590 0.873529 0.719590 0.879412 0.720871 0.882353 0.720871 0.920588 0.722151 0.923529 0.720871 0.920588 0.720871 0.879412 0.719590 0.876471 0.719590 0.864706 0.718310 0.861765 0.718310 0.847059 0.717029 0.844118 0.717029 0.832353 0.715749 0.829412 0.715749 0.814706 0.714469 0.811765 0.714469 0.800000 0.713188 0.797059 0.713188 0.785294 0.711908 0.782353 0.711908 0.776471 0.713188 0.773529 0.713188 0.761765 0.713188 0.770588 0.711908 0.773529 0.710627 0.770588 0.710627 0.758824 0.711908 0.755882 0.711908 0.752941 0.710627 0.752941 0.709347 0.750000 0.710627 0.747059 0.710627 0.744118 0.709347 0.741176 0.709347 0.723529 0.710627 0.720588 0.709347 0.717647 0.709347 0.705882 0.710627 0.702941 0.711908 0.702941 0.713188 0.705882 0.713188 0.697059 0.710627 0.691176 0.710627 0.685294 0.709347 0.682353 0.709347 0.676471 0.709347 0.682353 0.708067 0.685294 0.708067 0.705882 0.706786 0.708824 0.705506 0.705882 0.705506 0.694118 0.704225 0.694118 0.702945 0.691176 0.702945 0.688235 0.701665 0.685294 0.701665 0.682353 0.700384 0.679412
1 0.363636 0.676471 0.362356 0.679412 0.362356 0.682353 0.361076 0.685294 0.361076 0.688235 0.359795 0.691176 0.359795 0.694118 0.358515 0.697059 0.358515 0.700000 0.355954 0.705882 0.355954 0.708824 0.354673 0.711765 0.354673 0.714706 0.353393 0.717647 0.353393 0.720588 0.352113 0.723529 0.352113 0.726471 0.350832 0.729412 0.350832 0.732353 0.348271 0.738235 0.348271 0.741176 0.346991 0.744118 0.346991 0.747059 0.345711 0.750000 0.345711 0.752941 0.343150 0.758824 0.343150 0.761765 0.341869 0.764706 0.341869 0.767647 0.340589 0.770588 0.340589 0.773529 0.338028 0.779412 0.338028 0.782353 0.336748 0.785294 0.336748 0.788235 0.335467 0.791176 0.335467 0.794118 0.332907 0.800000 0.332907 0.802941 0.331626 0.805882 0.331626 0.808824 0.329065 0.814706 0.329065 0.817647 0.327785 0.820588 0.327785 0.823529 0.326504 0.826471 0.326504 0.829412 0.323944 0.835294 0.323944 0.841176 0.322663 0.844118 0.322663 0.847059 0.321383 0.850000 0.321383 0.852941 0.320102 0.855882 0.320102 0.858824 0.318822 0.861765 0.318822 0.867647 0.317542 0.870588 0.317542 0.873529 0.316261 0.876471 0.316261 0.882353 0.314981 0.885294 0.314981 0.888235 0.313700 0.891176 0.313700 0.897059 0.312420 0.900000 0.312420 0.902941 0.311140 0.905882 0.311140 0.911765 0.309859 0.914706 0.309859 0.917647 0.308579 0.920588 0.308579 0.926471 0.307298 0.929412 0.307298 0.935294 0.306018 0.938235 0.306018 0.941176 0.304738 0.944118 0.304738 0.947059 0.303457 0.950000 0.303457 0.952941 0.302177 0.955882 0.302177 0.961765 0.300896 0.964706 0.300896 0.967647 0.299616 0.970588 0.299616 0.973529 0.298335 0.976471 0.298335 0.982353 0.297055 0.985294 0.297055 0.988235 0.294494 0.994118 0.294494 0.997059 0.295775 0.997059 0.295775 0.994118 0.297055 0.991176 0.297055 0.988235 0.298335 0.985294 0.298335 0.979412 0.299616 0.976471 0.299616 0.973529 0.300896 0.970588 0.300896 0.967647 0.302177 0.964706 0.302177 0.961765 0.303457 0.958824 0.303457 0.955882 0.304738 0.952941 0.304738 0.947059 0.306018 0.944118 0.306018 0.941176 0.307298 0.938235 0.307298 0.935294 0.308579 0.932353 0.308579 0.929412 0.311140 0.923529 0.311140 0.920588 0.318822 0.902941 0.320102 0.905882 0.321383 0.905882 0.323944 0.911765 0.322663 0.914706 0.322663 0.920588 0.320102 0.926471 0.320102 0.929412 0.322663 0.929412 0.325224 0.935294 0.325224 0.947059 0.326504 0.947059 0.331626 0.935294 0.332907 0.938235 0.332907 0.947059 0.331626 0.950000 0.331626 0.952941 0.330346 0.955882 0.330346 0.964706 0.331626 0.964706 0.334187 0.958824 0.335467 0.958824 0.336748 0.955882 0.336748 0.950000 0.338028 0.947059 0.336748 0.944118 0.336748 0.938235 0.335467 0.935294 0.335467 0.932353 0.334187 0.929412 0.334187 0.923529 0.332907 0.920588 0.332907 0.917647 0.331626 0.914706 0.331626 0.911765 0.330346 0.911765 0.329065 0.908824 0.329065 0.905882 0.330346 0.902941 0.329065 0.905882 0.327785 0.905882 0.326504 0.908824 0.325224 0.908824 0.323944 0.911765 0.321383 0.905882 0.320102 0.905882 0.318822 0.902941 0.318822 0.900000 0.335467 0.861765 0.336748 0.861765 0.338028 0.858824 0.339309 0.858824 0.341869 0.852941 0.343150 0.852941 0.345711 0.847059 0.346991 0.847059 0.349552 0.841176 0.350832 0.841176 0.352113 0.838235 0.353393 0.838235 0.357234 0.829412 0.358515 0.829412 0.361076 0.823529 0.362356 0.823529 0.367478 0.811765 0.366197 0.814706 0.364917 0.814706 0.363636 0.817647 0.362356 0.817647 0.361076 0.820588 0.359795 0.820588 0.358515 0.823529 0.357234 0.823529 0.357234 0.826471 0.355954 0.829412 0.354673 0.829412 0.353393 0.832353 0.352113 0.832353 0.348271 0.841176 0.346991 0.841176 0.344430 0.847059 0.343150 0.847059 0.338028 0.858824 0.336748 0.858824 0.322663 0.891176 0.321383 0.891176 0.320102 0.888235 0.321383 0.885294 0.321383 0.882353 0.321383 0.885294 0.320102 0.888235 0.320102 0.891176 0.318822 0.894118 0.318822 0.897059 0.317542 0.900000 0.317542 0.902941 0.316261 0.905882 0.314981 0.905882 0.313700 0.902941 0.313700 0.900000 0.314981 0.897059 0.314981 0.891176 0.316261 0.888235 0.316261 0.885294 0.317542 0.882353 0.317542 0.879412 0.318822 0.876471 0.318822 0.873529 0.320102 0.870588 0.320102 0.867647 0.321383 0.864706 0.321383 0.861765 0.322663 0.858824 0.322663 0.855882 0.323944 0.852941 0.323944 0.850000 0.325224 0.847059 0.325224 0.844118 0.326504 0.841176 0.326504 0.838235 0.327785 0.835294 0.327785 0.832353 0.329065 0.829412 0.329065 0.826471 0.330346 0.823529 0.330346 0.820588 0.331626 0.817647 0.331626 0.814706 0.332907 0.811765 0.332907 0.808824 0.335467 0.802941 0.335467 0.800000 0.336748 0.797059 0.336748 0.794118 0.338028 0.791176 0.338028 0.788235 0.339309 0.785294 0.339309 0.782353 0.340589 0.779412 0.340589 0.776471 0.341869 0.773529 0.341869 0.770588 0.344430 0.764706 0.346991 0.770588 0.346991 0.773529 0.348271 0.776471 0.348271 0.779412 0.350832 0.779412 0.354673 0.770588 0.355954 0.770588 0.357234 0.767647 0.358515 0.770588 0.358515 0.767647 0.355954 0.761765 0.358515 0.755882 0.359795 0.755882 0.361076 0.758824 0.361076 0.761765 0.361076 0.758824 0.359795 0.755882 0.359795 0.752941 0.361076 0.750000 0.361076 0.741176 0.359795 0.738235 0.361076 0.735294 0.359795 0.732353 0.359795 0.735294 0.358515 0.738235 0.357234 0.735294 0.358515 0.738235 0.355954 0.744118 0.354673 0.741176 0.355954 0.744118 0.354673 0.747059 0.354673 0.750000 0.355954 0.750000 0.358515 0.755882 0.355954 0.761765 0.355954 0.764706 0.354673 0.767647 0.354673 0.770588 0.350832 0.779412 0.348271 0.773529 0.348271 0.770588 0.344430 0.761765 0.345711 0.758824 0.345711 0.755882 0.346991 0.752941 0.346991 0.750000 0.348271 0.747059 0.348271 0.744118 0.349552 0.741176 0.349552 0.738235 0.350832 0.735294 0.350832 0.732353 0.352113 0.729412 0.352113 0.726471 0.353393 0.723529 0.353393 0.720588 0.354673 0.717647 0.354673 0.714706 0.355954 0.711765 0.355954 0.708824 0.357234 0.705882 0.357234 0.702941 0.358515 0.700000 0.358515 0.697059 0.359795 0.694118 0.359795 0.691176 0.361076 0.688235 0.361076 0.685294 0.364917 0.676471
1 0.133163 0.650000 0.134443 0.652941 0.133163 0.655882 0.133163 0.658824 0.131882 0.661765 0.131882 0.664706 0.133163 0.667647 0.131882 0.670588 0.131882 0.679412 0.130602 0.682353 0.130602 0.697059 0.129321 0.700000 0.129321 0.720588 0.128041 0.723529 0.128041 0.726471 0.128041 0.723529 0.129321 0.720588 0.129321 0.714706 0.130602 0.711765 0.130602 0.702941 0.131882 0.700000 0.131882 0.691176 0.133163 0.688235 0.133163 0.676471 0.134443 0.673529 0.134443 0.652941
1 0.860435 0.644118 0.859155 0.647059 0.859155 0.711765 0.857875 0.714706 0.856594 0.714706 0.857875 0.714706 0.859155 0.717647 0.859155 0.723529 0.860435 0.726471 0.860435 0.729412 0.859155 0.732353 0.859155 0.735294 0.860435 0.738235 0.860435 0.752941 0.859155 0.755882 0.857875 0.755882 0.856594 0.752941 0.855314 0.752941 0.854033 0.750000 0.852753 0.750000 0.851472 0.747059 0.851472 0.750000 0.852753 0.750000 0.854033 0.752941 0.855314 0.752941 0.856594 0.755882 0.857875 0.755882 0.859155 0.758824 0.860435 0.758824 0.861716 0.761765 0.861716 0.788235 0.862996 0.791176 0.862996 0.805882 0.862996 0.791176 0.861716 0.788235 0.861716 0.764706 0.862996 0.761765 0.864277 0.764706 0.865557 0.764706 0.866837 0.767647 0.868118 0.767647 0.869398 0.770588 0.870679 0.770588 0.871959 0.773529 0.873239 0.773529 0.874520 0.776471 0.875800 0.776471 0.877081 0.779412 0.878361 0.779412 0.879641 0.776471 0.880922 0.779412 0.880922 0.782353 0.879641 0.785294 0.883483 0.785294 0.884763 0.788235 0.886044 0.788235 0.887324 0.791176 0.887324 0.797059 0.889885 0.797059 0.891165 0.800000 0.889885 0.802941 0.889885 0.805882 0.888604 0.808824 0.888604 0.814706 0.889885 0.811765 0.892446 0.817647 0.893726 0.817647 0.896287 0.823529 0.897567 0.823529 0.897567 0.820588 0.898848 0.817647 0.901408 0.823529 0.900128 0.820588 0.900128 0.814706 0.898848 0.811765 0.898848 0.808824 0.898848 0.817647 0.897567 0.820588 0.896287 0.817647 0.893726 0.817647 0.892446 0.814706 0.893726 0.811765 0.892446 0.811765 0.891165 0.808824 0.892446 0.805882 0.895006 0.805882 0.893726 0.802941 0.895006 0.800000 0.893726 0.800000 0.892446 0.797059 0.892446 0.794118 0.893726 0.791176 0.892446 0.788235 0.892446 0.782353 0.891165 0.779412 0.891165 0.776471 0.884763 0.761765 0.883483 0.761765 0.882202 0.758824 0.882202 0.755882 0.879641 0.750000 0.879641 0.747059 0.878361 0.744118 0.877081 0.744118 0.877081 0.755882 0.878361 0.755882 0.879641 0.758824 0.878361 0.761765 0.878361 0.764706 0.877081 0.767647 0.877081 0.770588 0.878361 0.767647 0.879641 0.770588 0.879641 0.773529 0.878361 0.776471 0.875800 0.776471 0.874520 0.773529 0.873239 0.773529 0.871959 0.770588 0.870679 0.770588 0.869398 0.767647 0.868118 0.767647 0.866837 0.764706 0.865557 0.764706 0.864277 0.761765 0.862996 0.761765 0.861716 0.758824 0.861716 0.747059 0.864277 0.741176 0.865557 0.744118 0.866837 0.744118 0.868118 0.741176 0.869398 0.741176 0.869398 0.738235 0.870679 0.735294 0.871959 0.738235 0.873239 0.735294 0.874520 0.738235 0.875800 0.735294 0.877081 0.738235 0.877081 0.735294 0.874520 0.729412 0.871959 0.735294 0.868118 0.726471 0.868118 0.723529 0.866837 0.720588 0.864277 0.720588 0.862996 0.717647 0.864277 0.714706 0.865557 0.714706 0.862996 0.714706 0.860435 0.708824 0.860435 0.691176 0.859155 0.688235 0.859155 0.673529 0.860435 0.670588
1 0.449424 0.638235 0.449424 0.670588 0.448143 0.673529 0.448143 0.679412 0.446863 0.682353 0.446863 0.688235 0.448143 0.691176 0.446863 0.694118 0.445583 0.694118 0.444302 0.697059 0.445583 0.697059 0.446863 0.700000 0.446863 0.705882 0.448143 0.702941 0.446863 0.700000 0.448143 0.697059 0.446863 0.694118 0.448143 0.691176 0.449424 0.691176 0.450704 0.688235 0.449424 0.688235 0.448143 0.685294 0.448143 0.682353 0.449424 0.679412
1 0.166453 0.638235 0.166453 0.644118 0.165173 0.647059 0.165173 0.650000 0.163892 0.652941 0.163892 0.658824 0.162612 0.661765 0.162612 0.664706 0.161332 0.667647 0.161332 0.673529 0.160051 0.676471 0.160051 0.682353 0.158771 0.685294 0.158771 0.691176 0.157490 0.694118 0.157490 0.700000 0.156210 0.702941 0.156210 0.708824 0.154930 0.711765 0.154930 0.720588 0.153649 0.723529 0.153649 0.729412 0.152369 0.732353 0.152369 0.738235 0.151088 0.741176 0.151088 0.747059 0.149808 0.750000 0.149808 0.758824 0.149808 0.750000 0.151088 0.747059 0.151088 0.741176 0.152369 0.738235 0.152369 0.732353 0.153649 0.729412 0.153649 0.723529 0.154930 0.720588 0.154930 0.714706 0.156210 0.711765 0.156210 0.708824 0.158771 0.702941 0.160051 0.705882 0.160051 0.708824 0.160051 0.705882 0.158771 0.702941 0.158771 0.691176 0.160051 0.688235 0.160051 0.682353 0.161332 0.679412 0.161332 0.670588 0.162612 0.667647 0.162612 0.661765 0.163892 0.658824 0.163892 0.655882 0.165173 0.652941 0.165173 0.650000 0.166453 0.647059 0.166453 0.644118 0.167734 0.641176 0.167734 0.638235
1 0.276569 0.629412 0.276569 0.638235 0.275288 0.641176 0.275288 0.644118 0.274008 0.647059 0.275288 0.650000 0.274008 0.652941 0.274008 0.658824 0.272727 0.661765 0.274008 0.664706 0.272727 0.667647 0.272727 0.679412 0.271447 0.682353 0.271447 0.688235 0.272727 0.691176 0.271447 0.694118 0.270166 0.694118 0.271447 0.697059 0.271447 0.700000 0.270166 0.702941 0.271447 0.705882 0.270166 0.708824 0.270166 0.711765 0.271447 0.714706 0.270166 0.717647 0.268886 0.717647 0.268886 0.723529 0.270166 0.726471 0.270166 0.747059 0.268886 0.750000 0.267606 0.747059 0.267606 0.738235 0.266325 0.735294 0.266325 0.714706 0.266325 0.747059 0.267606 0.750000 0.267606 0.758824 0.266325 0.761765 0.266325 0.764706 0.265045 0.767647 0.266325 0.764706 0.267606 0.764706 0.268886 0.767647 0.268886 0.773529 0.268886 0.767647 0.270166 0.764706 0.268886 0.761765 0.268886 0.758824 0.272727 0.750000 0.272727 0.744118 0.271447 0.741176 0.271447 0.729412 0.270166 0.726471 0.271447 0.723529 0.271447 0.717647 0.272727 0.714706 0.272727 0.679412 0.274008 0.676471 0.274008 0.667647 0.275288 0.664706 0.275288 0.658824 0.276569 0.655882 0.276569 0.652941 0.275288 0.650000 0.276569 0.647059 0.275288 0.644118 0.275288 0.641176 0.276569 0.638235 0.276569 0.632353 0.277849 0.629412
1 0.619718 0.626471 0.619718 0.638235 0.620999 0.641176 0.618438 0.647059 0.617157 0.644118 0.617157 0.635294 0.617157 0.658824 0.618438 0.661765 0.618438 0.679412 0.619718 0.682353 0.619718 0.685294 0.618438 0.688235 0.618438 0.714706 0.619718 0.717647 0.618438 0.720588 0.619718 0.723529 0.619718 0.741176 0.619718 0.726471 0.620999 0.723529 0.619718 0.720588 0.620999 0.717647 0.620999 0.708824 0.622279 0.705882 0.622279 0.694118 0.620999 0.691176 0.622279 0.688235 0.622279 0.676471 0.620999 0.673529 0.622279 0.670588 0.620999 0.667647 0.622279 0.664706 0.620999 0.661765 0.622279 0.658824 0.620999 0.655882 0.620999 0.647059 0.619718 0.644118 0.620999 0.641176 0.620999 0.635294 0.619718 0.632353
1 0.773367 0.623529 0.773367 0.626471 0.772087 0.629412 0.772087 0.632353 0.773367 0.635294 0.773367 0.641176 0.774648 0.644118 0.774648 0.650000 0.775928 0.652941 0.775928 0.661765 0.777209 0.664706 0.777209 0.670588 0.778489 0.673529 0.778489 0.682353 0.779770 0.685294 0.779770 0.691176 0.781050 0.694118 0.781050 0.702941 0.782330 0.705882 0.782330 0.711765 0.783611 0.714706 0.783611 0.720588 0.784891 0.723529 0.784891 0.729412 0.786172 0.732353 0.786172 0.738235 0.787452 0.741176 0.787452 0.744118 0.788732 0.747059 0.788732 0.752941 0.790013 0.755882 0.790013 0.758824 0.791293 0.761765 0.791293 0.767647 0.792574 0.770588 0.792574 0.776471 0.793854 0.779412 0.793854 0.782353 0.795134 0.785294 0.795134 0.791176 0.796415 0.794118 0.796415 0.808824 0.796415 0.794118 0.795134 0.791176 0.795134 0.785294 0.793854 0.782353 0.793854 0.776471 0.792574 0.773529 0.792574 0.767647 0.791293 0.764706 0.791293 0.758824 0.790013 0.755882 0.790013 0.750000 0.788732 0.747059 0.788732 0.741176 0.787452 0.738235 0.787452 0.732353 0.786172 0.729412 0.786172 0.726471 0.784891 0.723529 0.784891 0.717647 0.783611 0.714706 0.783611 0.708824 0.782330 0.705882 0.782330 0.700000 0.783611 0.697059 0.782330 0.700000 0.781050 0.697059 0.781050 0.691176 0.779770 0.688235 0.779770 0.679412 0.778489 0.676471 0.778489 0.655882 0.777209 0.652941 0.777209 0.644118 0.775928 0.641176 0.775928 0.638235 0.774648 0.635294 0.774648 0.629412 0.773367 0.626471
1 0.558259 0.620588 0.558259 0.623529 0.556978 0.626471 0.556978 0.641176 0.555698 0.644118 0.554417 0.641176 0.554417 0.626471 0.553137 0.623529 0.553137 0.632353 0.554417 0.635294 0.554417 0.641176 0.553137 0.644118 0.553137 0.670588 0.555698 0.676471 0.554417 0.679412 0.554417 0.682353 0.553137 0.685294 0.553137 0.700000 0.550576 0.705882 0.549296 0.702941 0.549296 0.700000 0.548015 0.700000 0.548015 0.705882 0.546735 0.708824 0.548015 0.711765 0.548015 0.705882 0.549296 0.702941 0.551857 0.708824 0.554417 0.708824 0.555698 0.711765 0.555698 0.726471 0.556978 0.729412 0.556978 0.738235 0.554417 0.744118 0.553137 0.744118 0.551857 0.747059 0.550576 0.747059 0.549296 0.750000 0.548015 0.750000 0.546735 0.752941 0.545455 0.752941 0.544174 0.750000 0.544174 0.755882 0.542894 0.758824 0.541613 0.755882 0.537772 0.755882 0.535211 0.750000 0.535211 0.744118 0.536492 0.741176 0.537772 0.741176 0.539052 0.744118 0.539052 0.729412 0.540333 0.726471 0.539052 0.723529 0.539052 0.720588 0.537772 0.717647 0.539052 0.714706 0.540333 0.714706 0.541613 0.711765 0.540333 0.714706 0.539052 0.711765 0.539052 0.705882 0.537772 0.702941 0.539052 0.700000 0.537772 0.697059 0.537772 0.676471 0.539052 0.673529 0.537772 0.670588 0.539052 0.667647 0.539052 0.650000 0.539052 0.655882 0.537772 0.658824 0.537772 0.664706 0.539052 0.667647 0.537772 0.670588 0.537772 0.708824 0.539052 0.711765 0.537772 0.714706 0.537772 0.720588 0.536492 0.723529 0.536492 0.726471 0.532650 0.735294 0.532650 0.744118 0.531370 0.747059 0.528809 0.747059 0.526248 0.741176 0.527529 0.744118 0.526248 0.747059 0.526248 0.750000 0.527529 0.750000 0.530090 0.755882 0.527529 0.761765 0.532650 0.750000 0.535211 0.755882 0.535211 0.758824 0.536492 0.761765 0.536492 0.773529 0.536492 0.767647 0.537772 0.764706 0.540333 0.764706 0.541613 0.761765 0.542894 0.764706 0.542894 0.767647 0.542894 0.758824 0.544174 0.755882 0.545455 0.755882 0.546735 0.752941 0.548015 0.752941 0.549296 0.750000 0.550576 0.750000 0.551857 0.747059 0.553137 0.747059 0.554417 0.744118 0.555698 0.744118 0.556978 0.741176 0.559539 0.741176 0.560819 0.744118 0.560819 0.747059 0.559539 0.750000 0.559539 0.758824 0.556978 0.764706 0.556978 0.776471 0.558259 0.779412 0.558259 0.782353 0.558259 0.767647 0.560819 0.761765 0.560819 0.758824 0.562100 0.755882 0.562100 0.747059 0.563380 0.744118 0.562100 0.741176 0.564661 0.735294 0.567222 0.735294 0.568502 0.732353 0.569782 0.732353 0.568502 0.732353 0.567222 0.735294 0.564661 0.735294 0.563380 0.732353 0.563380 0.720588 0.563380 0.729412 0.562100 0.732353 0.560819 0.729412 0.560819 0.717647 0.559539 0.714706 0.559539 0.679412 0.560819 0.676471 0.559539 0.673529 0.559539 0.667647 0.560819 0.664706 0.559539 0.661765 0.559539 0.655882 0.560819 0.652941 0.559539 0.650000 0.560819 0.647059 0.559539 0.644118 0.559539 0.638235 0.560819 0.635294 0.559539 0.632353 0.559539 0.626471 0.558259 0.623529
1 0.606914 0.611765 0.606914 0.620588 0.605634 0.623529 0.605634 0.626471 0.606914 0.629412 0.606914 0.655882 0.608195 0.658824 0.606914 0.661765 0.608195 0.664706 0.606914 0.667647 0.608195 0.670588 0.608195 0.682353 0.609475 0.685294 0.609475 0.702941 0.610755 0.705882 0.609475 0.708824 0.609475 0.711765 0.610755 0.714706 0.610755 0.726471 0.609475 0.729412 0.606914 0.723529 0.606914 0.717647 0.605634 0.720588 0.606914 0.723529 0.606914 0.726471 0.609475 0.732353 0.609475 0.741176 0.610755 0.744118 0.610755 0.747059 0.612036 0.750000 0.612036 0.694118 0.610755 0.691176 0.610755 0.679412 0.609475 0.676471 0.609475 0.664706 0.608195 0.661765 0.608195 0.638235 0.606914 0.635294 0.606914 0.632353 0.608195 0.629412 0.606914 0.626471 0.608195 0.623529 0.606914 0.620588 0.608195 0.617647 0.606914 0.614706 0.608195 0.611765
1 0.318822 0.611765 0.317542 0.614706 0.317542 0.620588 0.316261 0.623529 0.316261 0.626471 0.314981 0.629412 0.314981 0.644118 0.313700 0.647059 0.314981 0.650000 0.313700 0.652941 0.314981 0.655882 0.314981 0.658824 0.313700 0.661765 0.314981 0.664706 0.313700 0.667647 0.313700 0.676471 0.312420 0.679412 0.313700 0.682353 0.312420 0.685294 0.312420 0.688235 0.313700 0.691176 0.313700 0.694118 0.312420 0.697059 0.313700 0.700000 0.313700 0.702941 0.312420 0.705882 0.312420 0.708824 0.313700 0.711765 0.312420 0.714706 0.312420 0.732353 0.313700 0.735294 0.312420 0.738235 0.312420 0.782353 0.313700 0.779412 0.313700 0.764706 0.314981 0.761765 0.314981 0.738235 0.316261 0.735294 0.316261 0.720588 0.314981 0.717647 0.314981 0.714706 0.316261 0.711765 0.316261 0.702941 0.314981 0.700000 0.314981 0.679412 0.316261 0.676471 0.316261 0.650000 0.317542 0.647059 0.316261 0.644118 0.317542 0.641176 0.317542 0.626471 0.318822 0.623529
1 0.220230 0.602941 0.220230 0.605882 0.217670 0.611765 0.217670 0.617647 0.215109 0.623529 0.216389 0.626471 0.216389 0.629412 0.215109 0.632353 0.215109 0.638235 0.213828 0.641176 0.215109 0.641176 0.216389 0.644118 0.215109 0.647059 0.213828 0.647059 0.213828 0.661765 0.212548 0.664706 0.212548 0.670588 0.211268 0.673529 0.211268 0.679412 0.212548 0.682353 0.211268 0.685294 0.211268 0.688235 0.212548 0.691176 0.211268 0.694118 0.211268 0.702941 0.209987 0.705882 0.209987 0.708824 0.208707 0.711765 0.209987 0.714706 0.209987 0.735294 0.208707 0.738235 0.207426 0.738235 0.207426 0.741176 0.208707 0.744118 0.209987 0.744118 0.211268 0.747059 0.211268 0.752941 0.209987 0.755882 0.208707 0.755882 0.209987 0.755882 0.213828 0.747059 0.213828 0.735294 0.215109 0.732353 0.216389 0.732353 0.217670 0.735294 0.217670 0.741176 0.216389 0.744118 0.216389 0.750000 0.213828 0.755882 0.213828 0.758824 0.212548 0.761765 0.213828 0.764706 0.213828 0.770588 0.216389 0.770588 0.217670 0.773529 0.217670 0.785294 0.216389 0.788235 0.217670 0.788235 0.218950 0.791176 0.217670 0.794118 0.218950 0.797059 0.220230 0.794118 0.220230 0.785294 0.221511 0.782353 0.222791 0.782353 0.221511 0.782353 0.220230 0.785294 0.218950 0.782353 0.218950 0.776471 0.220230 0.773529 0.218950 0.773529 0.217670 0.770588 0.218950 0.767647 0.221511 0.767647 0.220230 0.767647 0.218950 0.764706 0.220230 0.761765 0.224072 0.761765 0.225352 0.764706 0.227913 0.764706 0.229193 0.767647 0.229193 0.770588 0.230474 0.773529 0.230474 0.770588 0.229193 0.767647 0.230474 0.764706 0.233035 0.764706 0.233035 0.755882 0.234315 0.752941 0.235595 0.752941 0.235595 0.741176 0.235595 0.744118 0.234315 0.747059 0.234315 0.750000 0.233035 0.752941 0.231754 0.750000 0.231754 0.752941 0.229193 0.758824 0.229193 0.761765 0.227913 0.764706 0.225352 0.764706 0.221511 0.755882 0.221511 0.758824 0.220230 0.761765 0.218950 0.758824 0.218950 0.752941 0.217670 0.750000 0.218950 0.747059 0.217670 0.747059 0.216389 0.744118 0.217670 0.741176 0.220230 0.741176 0.221511 0.744118 0.221511 0.738235 0.220230 0.738235 0.218950 0.735294 0.218950 0.732353 0.217670 0.735294 0.215109 0.729412 0.215109 0.723529 0.213828 0.720588 0.213828 0.714706 0.215109 0.711765 0.215109 0.702941 0.213828 0.700000 0.213828 0.694118 0.215109 0.691176 0.215109 0.667647 0.216389 0.664706 0.216389 0.650000 0.217670 0.647059 0.217670 0.644118 0.218950 0.641176 0.217670 0.641176 0.216389 0.638235 0.218950 0.632353 0.218950 0.617647 0.220230 0.614706
1 0.836108 0.600000 0.836108 0.608824 0.834827 0.611765 0.834827 0.617647 0.833547 0.620588 0.836108 0.626471 0.834827 0.629412 0.834827 0.632353 0.836108 0.635294 0.836108 0.638235 0.837388 0.641176 0.836108 0.644118 0.837388 0.647059 0.837388 0.652941 0.838668 0.655882 0.837388 0.658824 0.837388 0.661765 0.838668 0.664706 0.838668 0.667647 0.837388 0.670588 0.834827 0.664706 0.834827 0.658824 0.833547 0.655882 0.833547 0.650000 0.832266 0.647059 0.832266 0.641176 0.830986 0.644118 0.829706 0.641176 0.829706 0.638235 0.830986 0.635294 0.830986 0.632353 0.830986 0.635294 0.829706 0.638235 0.828425 0.635294 0.828425 0.632353 0.827145 0.629412 0.827145 0.626471 0.827145 0.629412 0.828425 0.632353 0.828425 0.635294 0.829706 0.638235 0.829706 0.641176 0.830986 0.644118 0.830986 0.647059 0.832266 0.650000 0.832266 0.652941 0.833547 0.655882 0.833547 0.661765 0.834827 0.664706 0.834827 0.667647 0.836108 0.670588 0.836108 0.673529 0.837388 0.676471 0.837388 0.688235 0.838668 0.691176 0.838668 0.697059 0.839949 0.700000 0.839949 0.705882 0.841229 0.708824 0.841229 0.717647 0.842510 0.720588 0.842510 0.726471 0.843790 0.729412 0.843790 0.735294 0.842510 0.738235 0.841229 0.735294 0.839949 0.735294 0.838668 0.732353 0.837388 0.732353 0.836108 0.729412 0.833547 0.729412 0.832266 0.726471 0.830986 0.726471 0.829706 0.723529 0.827145 0.723529 0.825864 0.720588 0.824584 0.720588 0.823303 0.717647 0.820743 0.717647 0.819462 0.714706 0.815621 0.714706 0.814341 0.711765 0.811780 0.711765 0.814341 0.711765 0.815621 0.714706 0.818182 0.714706 0.819462 0.717647 0.820743 0.717647 0.822023 0.720588 0.824584 0.720588 0.825864 0.723529 0.827145 0.723529 0.828425 0.726471 0.830986 0.726471 0.832266 0.729412 0.833547 0.729412 0.836108 0.735294 0.836108 0.738235 0.837388 0.741176 0.837388 0.744118 0.838668 0.744118 0.837388 0.741176 0.837388 0.738235 0.838668 0.735294 0.839949 0.735294 0.842510 0.741176 0.845070 0.741176 0.846351 0.744118 0.846351 0.750000 0.847631 0.752941 0.847631 0.758824 0.847631 0.750000 0.846351 0.747059 0.846351 0.738235 0.847631 0.735294 0.848912 0.735294 0.850192 0.738235 0.848912 0.735294 0.850192 0.732353 0.848912 0.729412 0.848912 0.717647 0.847631 0.717647 0.846351 0.714706 0.846351 0.700000 0.843790 0.694118 0.843790 0.682353 0.842510 0.679412 0.842510 0.676471 0.841229 0.673529 0.841229 0.661765 0.839949 0.658824 0.839949 0.638235 0.838668 0.635294 0.838668 0.617647 0.837388 0.614706 0.838668 0.611765 0.837388 0.608824 0.837388 0.602941
1 0.478873 0.600000 0.478873 0.614706 0.480154 0.617647 0.478873 0.620588 0.478873 0.629412 0.480154 0.632353 0.480154 0.676471 0.481434 0.679412 0.481434 0.682353 0.480154 0.685294 0.480154 0.688235 0.478873 0.691176 0.478873 0.702941 0.480154 0.702941 0.481434 0.700000 0.481434 0.652941 0.480154 0.650000 0.481434 0.647059 0.480154 0.644118 0.480154 0.614706 0.478873 0.611765
1 0.504481 0.594118 0.504481 0.608824 0.505762 0.611765 0.504481 0.614706 0.505762 0.617647 0.505762 0.626471 0.504481 0.629412 0.504481 0.664706 0.503201 0.667647 0.501921 0.664706 0.501921 0.641176 0.501921 0.667647 0.503201 0.670588 0.501921 0.673529 0.501921 0.676471 0.503201 0.679412 0.503201 0.705882 0.504481 0.708824 0.503201 0.711765 0.501921 0.711765 0.501921 0.714706 0.500640 0.717647 0.499360 0.717647 0.498079 0.720588 0.496799 0.717647 0.496799 0.714706 0.498079 0.711765 0.498079 0.702941 0.498079 0.708824 0.496799 0.711765 0.495519 0.708824 0.494238 0.708824 0.491677 0.702941 0.491677 0.705882 0.492958 0.708824 0.491677 0.711765 0.492958 0.714706 0.492958 0.717647 0.494238 0.720588 0.494238 0.729412 0.492958 0.732353 0.490397 0.732353 0.489117 0.735294 0.490397 0.738235 0.489117 0.741176 0.490397 0.738235 0.491677 0.738235 0.492958 0.741176 0.494238 0.738235 0.495519 0.741176 0.494238 0.738235 0.495519 0.735294 0.498079 0.735294 0.500640 0.729412 0.501921 0.729412 0.504481 0.735294 0.503201 0.738235 0.503201 0.741176 0.503201 0.738235 0.505762 0.732353 0.504481 0.732353 0.503201 0.729412 0.504481 0.726471 0.505762 0.726471 0.507042 0.723529 0.507042 0.714706 0.505762 0.717647 0.505762 0.720588 0.504481 0.723529 0.501921 0.723529 0.500640 0.720588 0.501921 0.717647 0.501921 0.714706 0.504481 0.708824 0.507042 0.708824 0.507042 0.679412 0.508323 0.676471 0.508323 0.664706 0.507042 0.664706 0.504481 0.658824 0.504481 0.655882 0.505762 0.652941 0.505762 0.650000 0.504481 0.647059 0.505762 0.644118 0.504481 0.641176 0.505762 0.638235 0.505762 0.635294 0.504481 0.632353 0.505762 0.629412 0.505762 0.602941 0.504481 0.600000
1 0.231754 0.585294 0.230474 0.588235 0.230474 0.600000 0.229193 0.602941 0.229193 0.605882 0.230474 0.608824 0.230474 0.611765 0.229193 0.614706 0.229193 0.635294 0.230474 0.635294 0.230474 0.602941 0.231754 0.600000
1 0.645327 0.567647 0.645327 0.570588 0.646607 0.573529 0.646607 0.594118 0.647887 0.597059 0.646607 0.600000 0.646607 0.602941 0.647887 0.602941 0.649168 0.605882 0.647887 0.608824 0.647887 0.614706 0.649168 0.617647 0.649168 0.661765 0.650448 0.664706 0.649168 0.667647 0.649168 0.682353 0.650448 0.685294 0.650448 0.735294 0.651729 0.738235 0.651729 0.741176 0.653009 0.738235 0.654289 0.741176 0.654289 0.750000 0.653009 0.752941 0.654289 0.750000 0.654289 0.735294 0.655570 0.732353 0.655570 0.723529 0.656850 0.720588 0.656850 0.714706 0.658131 0.711765 0.658131 0.682353 0.658131 0.691176 0.656850 0.694118 0.656850 0.705882 0.655570 0.708824 0.655570 0.720588 0.654289 0.723529 0.654289 0.732353 0.653009 0.735294 0.651729 0.732353 0.651729 0.705882 0.653009 0.702941 0.653009 0.682353 0.651729 0.679412 0.651729 0.658824 0.650448 0.655882 0.651729 0.652941 0.651729 0.650000 0.650448 0.647059 0.651729 0.644118 0.651729 0.641176 0.650448 0.638235 0.651729 0.635294 0.650448 0.632353 0.650448 0.629412 0.651729 0.626471 0.650448 0.623529 0.650448 0.614706 0.649168 0.611765 0.650448 0.608824 0.649168 0.605882 0.649168 0.602941 0.647887 0.600000 0.649168 0.597059 0.649168 0.591176 0.647887 0.588235 0.647887 0.579412 0.646607 0.576471 0.646607 0.567647
1 0.454545 0.561765 0.454545 0.564706 0.453265 0.567647 0.453265 0.570588 0.454545 0.573529 0.454545 0.582353 0.453265 0.585294 0.454545 0.588235 0.454545 0.605882 0.453265 0.608824 0.453265 0.614706 0.454545 0.617647 0.454545 0.620588 0.455826 0.623529 0.455826 0.629412 0.454545 0.632353 0.453265 0.632353 0.453265 0.635294 0.454545 0.638235 0.454545 0.658824 0.453265 0.661765 0.453265 0.697059 0.451985 0.700000 0.453265 0.702941 0.453265 0.708824 0.451985 0.711765 0.450704 0.708824 0.450704 0.711765 0.451985 0.714706 0.451985 0.732353 0.450704 0.735294 0.451985 0.738235 0.451985 0.747059 0.450704 0.750000 0.449424 0.750000 0.448143 0.752941 0.448143 0.764706 0.449424 0.767647 0.449424 0.791176 0.448143 0.794118 0.446863 0.791176 0.446863 0.847059 0.448143 0.850000 0.446863 0.852941 0.446863 0.879412 0.445583 0.882353 0.445583 0.894118 0.448143 0.900000 0.448143 0.926471 0.446863 0.929412 0.446863 0.950000 0.445583 0.952941 0.445583 0.967647 0.446863 0.970588 0.446863 0.997059 0.450704 0.997059 0.450704 0.994118 0.451985 0.991176 0.451985 0.985294 0.453265 0.982353 0.453265 0.973529 0.454545 0.970588 0.454545 0.967647 0.455826 0.964706 0.455826 0.958824 0.457106 0.955882 0.457106 0.950000 0.458387 0.947059 0.458387 0.941176 0.459667 0.938235 0.459667 0.932353 0.460948 0.929412 0.460948 0.923529 0.462228 0.920588 0.462228 0.905882 0.463508 0.902941 0.463508 0.888235 0.464789 0.885294 0.464789 0.861765 0.466069 0.858824 0.466069 0.844118 0.467350 0.841176 0.467350 0.826471 0.468630 0.823529 0.468630 0.817647 0.468630 0.820588 0.467350 0.823529 0.467350 0.829412 0.466069 0.832353 0.466069 0.838235 0.464789 0.841176 0.464789 0.847059 0.463508 0.850000 0.463508 0.858824 0.462228 0.861765 0.462228 0.870588 0.460948 0.873529 0.460948 0.879412 0.459667 0.882353 0.459667 0.888235 0.458387 0.891176 0.458387 0.894118 0.457106 0.897059 0.457106 0.902941 0.455826 0.905882 0.455826 0.911765 0.454545 0.914706 0.453265 0.911765 0.453265 0.888235 0.451985 0.885294 0.451985 0.867647 0.453265 0.864706 0.451985 0.861765 0.451985 0.852941 0.453265 0.850000 0.453265 0.841176 0.454545 0.838235 0.454545 0.832353 0.453265 0.829412 0.451985 0.829412 0.450704 0.826471 0.453265 0.820588 0.454545 0.820588 0.454545 0.800000 0.455826 0.797059 0.455826 0.764706 0.457106 0.761765 0.457106 0.755882 0.455826 0.752941 0.455826 0.747059 0.457106 0.744118 0.458387 0.747059 0.458387 0.750000 0.459667 0.752941 0.459667 0.773529 0.459667 0.741176 0.460948 0.738235 0.460948 0.720588 0.462228 0.717647 0.462228 0.711765 0.460948 0.708824 0.460948 0.705882 0.463508 0.700000 0.462228 0.700000 0.460948 0.702941 0.459667 0.700000 0.459667 0.694118 0.460948 0.691176 0.460948 0.685294 0.462228 0.682353 0.460948 0.679412 0.460948 0.629412 0.462228 0.626471 0.462228 0.614706 0.463508 0.611765 0.463508 0.608824 0.462228 0.605882 0.463508 0.602941 0.463508 0.600000 0.462228 0.597059 0.462228 0.594118 0.463508 0.591176 0.463508 0.579412 0.462228 0.582353 0.462228 0.597059 0.460948 0.600000 0.459667 0.597059 0.459667 0.594118 0.458387 0.591176 0.459667 0.588235 0.458387 0.585294 0.458387 0.582353 0.457106 0.579412 0.457106 0.567647 0.455826 0.564706 0.455826 0.561765
1 0.700384 0.552941 0.699104 0.555882 0.699104 0.579412 0.697823 0.582353 0.697823 0.585294 0.699104 0.588235 0.699104 0.602941 0.700384 0.605882 0.700384 0.608824 0.699104 0.611765 0.700384 0.614706 0.700384 0.632353 0.701665 0.635294 0.701665 0.650000 0.702945 0.650000 0.704225 0.647059 0.705506 0.650000 0.705506 0.655882 0.706786 0.658824 0.706786 0.664706 0.708067 0.667647 0.708067 0.670588 0.708067 0.661765 0.706786 0.658824 0.706786 0.652941 0.705506 0.650000 0.705506 0.647059 0.704225 0.644118 0.704225 0.641176 0.702945 0.638235 0.702945 0.608824 0.701665 0.605882 0.701665 0.558824 0.700384 0.555882 0.701665 0.552941
1 0.732394 0.550000 0.731114 0.552941 0.731114 0.576471 0.732394 0.579412 0.732394 0.591176 0.733675 0.594118 0.732394 0.597059 0.732394 0.600000 0.733675 0.602941 0.733675 0.614706 0.734955 0.617647 0.734955 0.629412 0.736236 0.632353 0.734955 0.635294 0.737516 0.641176 0.737516 0.658824 0.738796 0.661765 0.738796 0.676471 0.740077 0.679412 0.740077 0.682353 0.738796 0.685294 0.742638 0.694118 0.741357 0.697059 0.741357 0.705882 0.742638 0.705882 0.743918 0.708824 0.743918 0.726471 0.745198 0.729412 0.743918 0.732353 0.742638 0.732353 0.741357 0.729412 0.741357 0.726471 0.740077 0.723529 0.740077 0.720588 0.738796 0.717647 0.738796 0.711765 0.737516 0.708824 0.737516 0.702941 0.736236 0.700000 0.736236 0.697059 0.736236 0.700000 0.737516 0.702941 0.737516 0.708824 0.738796 0.711765 0.738796 0.729412 0.740077 0.732353 0.740077 0.747059 0.741357 0.750000 0.741357 0.755882 0.742638 0.755882 0.743918 0.758824 0.743918 0.764706 0.745198 0.767647 0.745198 0.779412 0.746479 0.782353 0.746479 0.788235 0.746479 0.779412 0.747759 0.776471 0.747759 0.761765 0.746479 0.758824 0.746479 0.741176 0.745198 0.741176 0.743918 0.738235 0.745198 0.735294 0.745198 0.732353 0.746479 0.729412 0.746479 0.711765 0.745198 0.708824 0.745198 0.679412 0.742638 0.673529 0.742638 0.655882 0.740077 0.650000 0.740077 0.635294 0.738796 0.632353 0.738796 0.623529 0.737516 0.620588 0.737516 0.614706 0.736236 0.611765 0.736236 0.597059 0.734955 0.594118 0.734955 0.582353 0.733675 0.579412 0.734955 0.576471 0.733675 0.573529 0.734955 0.570588 0.733675 0.567647 0.733675 0.552941
1 0.180538 0.535294 0.177977 0.541176 0.177977 0.547059 0.176697 0.550000 0.176697 0.558824 0.175416 0.561765 0.175416 0.567647 0.174136 0.570588 0.174136 0.579412 0.172855 0.582353 0.172855 0.594118 0.171575 0.597059 0.171575 0.600000 0.171575 0.597059 0.174136 0.591176 0.174136 0.582353 0.175416 0.579412 0.175416 0.573529 0.176697 0.570588 0.176697 0.564706 0.177977 0.561765 0.177977 0.555882 0.179257 0.552941 0.179257 0.541176 0.180538 0.538235
1 0.856594 0.514706 0.856594 0.517647 0.855314 0.520588 0.855314 0.532353 0.854033 0.535294 0.854033 0.538235 0.855314 0.541176 0.854033 0.544118 0.855314 0.547059 0.855314 0.576471 0.856594 0.579412 0.856594 0.597059 0.857875 0.597059 0.857875 0.541176 0.856594 0.538235
1 0.816901 0.514706 0.815621 0.517647 0.815621 0.526471 0.816901 0.529412 0.816901 0.532353 0.818182 0.535294 0.816901 0.538235 0.818182 0.541176 0.818182 0.544118 0.819462 0.547059 0.819462 0.555882 0.820743 0.558824 0.820743 0.564706 0.822023 0.567647 0.822023 0.573529 0.823303 0.576471 0.823303 0.585294 0.825864 0.591176 0.825864 0.594118 0.825864 0.588235 0.824584 0.585294 0.824584 0.573529 0.823303 0.570588 0.823303 0.558824 0.822023 0.555882 0.822023 0.552941 0.820743 0.550000 0.820743 0.538235 0.819462 0.535294 0.819462 0.532353 0.818182 0.529412 0.818182 0.523529 0.816901 0.520588
1 0.763124 0.508824 0.763124 0.511765 0.761844 0.514706 0.761844 0.526471 0.763124 0.529412 0.763124 0.550000 0.764405 0.552941 0.764405 0.567647 0.765685 0.570588 0.765685 0.582353 0.766965 0.585294 0.766965 0.591176 0.768246 0.594118 0.768246 0.600000 0.768246 0.585294 0.766965 0.582353 0.766965 0.561765 0.765685 0.558824 0.765685 0.541176 0.764405 0.538235 0.764405 0.520588 0.763124 0.517647
1 0.014085 0.485294 0.012804 0.488235 0.012804 0.491176 0.008963 0.500000 0.008963 0.505882 0.007682 0.508824 0.007682 0.523529 0.006402 0.526471 0.007682 0.529412 0.006402 0.532353 0.005122 0.532353 0.005122 0.541176 0.003841 0.544118 0.005122 0.547059 0.005122 0.550000 0.003841 0.552941 0.003841 0.573529 0.002561 0.576471 0.002561 0.594118 0.001280 0.597059 0.001280 0.605882 0.000000 0.608824 0.001280 0.611765 0.001280 0.629412 0.002561 0.632353 0.002561 0.758824 0.003841 0.761765 0.003841 0.767647 0.005122 0.770588 0.003841 0.773529 0.003841 0.805882 0.002561 0.808824 0.000000 0.808824 0.001280 0.811765 0.000000 0.814706 0.001280 0.817647 0.001280 0.820588 0.003841 0.820588 0.005122 0.823529 0.002561 0.829412 0.003841 0.832353 0.003841 0.835294 0.005122 0.838235 0.002561 0.844118 0.001280 0.841176 0.000000 0.841176 0.000000 0.844118 0.002561 0.850000 0.002561 0.855882 0.000000 0.861765 0.000000 0.997059 0.010243 0.997059 0.011524 0.994118 0.012804 0.997059 0.024328 0.997059 0.025608 0.994118 0.025608 0.991176 0.026889 0.988235 0.026889 0.982353 0.028169 0.979412 0.028169 0.976471 0.030730 0.970588 0.032010 0.970588 0.033291 0.967647 0.034571 0.967647 0.035851 0.964706 0.037132 0.964706 0.038412 0.961765 0.039693 0.961765 0.040973 0.958824 0.042254 0.958824 0.043534 0.955882 0.044814 0.955882 0.046095 0.952941 0.047375 0.952941 0.049936 0.947059 0.051216 0.947059 0.052497 0.944118 0.053777 0.944118 0.055058 0.941176 0.056338 0.941176 0.057618 0.938235 0.058899 0.938235 0.061460 0.932353 0.062740 0.932353 0.064020 0.929412 0.065301 0.929412 0.066581 0.926471 0.067862 0.926471 0.069142 0.923529 0.071703 0.923529 0.072983 0.920588 0.074264 0.920588 0.076825 0.914706 0.078105 0.914706 0.080666 0.908824 0.081946 0.908824 0.083227 0.905882 0.084507 0.905882 0.085787 0.902941 0.087068 0.902941 0.088348 0.900000 0.089629 0.900000 0.090909 0.897059 0.092190 0.897059 0.093470 0.894118 0.094750 0.894118 0.096031 0.891176 0.097311 0.891176 0.098592 0.888235 0.099872 0.888235 0.101152 0.885294 0.102433 0.888235 0.102433 0.891176 0.102433 0.888235 0.106274 0.879412 0.107554 0.879412 0.108835 0.876471 0.110115 0.876471 0.111396 0.873529 0.112676 0.873529 0.113956 0.870588 0.115237 0.870588 0.116517 0.867647 0.117798 0.867647 0.119078 0.864706 0.120359 0.864706 0.121639 0.861765 0.124200 0.861765 0.125480 0.858824 0.126761 0.858824 0.128041 0.855882 0.129321 0.855882 0.130602 0.852941 0.131882 0.852941 0.133163 0.850000 0.134443 0.850000 0.135723 0.847059 0.137004 0.847059 0.138284 0.844118 0.139565 0.844118 0.140845 0.841176 0.142125 0.841176 0.143406 0.838235 0.144686 0.838235 0.145967 0.835294 0.148528 0.835294 0.149808 0.832353 0.151088 0.832353 0.152369 0.829412 0.153649 0.829412 0.154930 0.826471 0.156210 0.826471 0.157490 0.823529 0.158771 0.823529 0.160051 0.820588 0.162612 0.820588 0.163892 0.817647 0.165173 0.817647 0.166453 0.814706 0.170294 0.814706 0.171575 0.817647 0.170294 0.814706 0.172855 0.808824 0.174136 0.808824 0.175416 0.805882 0.176697 0.805882 0.177977 0.802941 0.179257 0.802941 0.181818 0.808824 0.181818 0.817647 0.183099 0.820588 0.183099 0.814706 0.181818 0.811765 0.181818 0.808824 0.180538 0.805882 0.180538 0.802941 0.181818 0.800000 0.183099 0.800000 0.184379 0.797059 0.186940 0.797059 0.188220 0.794118 0.189501 0.794118 0.190781 0.791176 0.193342 0.791176 0.194622 0.788235 0.195903 0.788235 0.197183 0.785294 0.198464 0.785294 0.199744 0.782353 0.201024 0.785294 0.201024 0.794118 0.202305 0.791176 0.202305 0.788235 0.203585 0.785294 0.203585 0.773529 0.202305 0.770588 0.202305 0.761765 0.203585 0.758824 0.202305 0.761765 0.201024 0.758824 0.201024 0.747059 0.199744 0.744118 0.199744 0.738235 0.199744 0.761765 0.198464 0.764706 0.197183 0.761765 0.197183 0.767647 0.198464 0.764706 0.199744 0.767647 0.199744 0.779412 0.198464 0.782353 0.197183 0.782353 0.195903 0.785294 0.192061 0.785294 0.190781 0.788235 0.189501 0.788235 0.188220 0.791176 0.185659 0.791176 0.184379 0.794118 0.180538 0.794118 0.179257 0.797059 0.177977 0.794118 0.177977 0.791176 0.176697 0.788235 0.176697 0.785294 0.175416 0.782353 0.175416 0.779412 0.174136 0.776471 0.175416 0.773529 0.177977 0.773529 0.179257 0.770588 0.180538 0.770588 0.179257 0.770588 0.177977 0.773529 0.174136 0.773529 0.172855 0.770588 0.172855 0.767647 0.171575 0.764706 0.171575 0.761765 0.170294 0.758824 0.170294 0.755882 0.169014 0.752941 0.169014 0.750000 0.166453 0.744118 0.166453 0.741176 0.165173 0.738235 0.165173 0.732353 0.163892 0.729412 0.163892 0.726471 0.162612 0.723529 0.162612 0.720588 0.161332 0.717647 0.161332 0.714706 0.161332 0.717647 0.162612 0.720588 0.162612 0.723529 0.163892 0.726471 0.163892 0.732353 0.165173 0.735294 0.165173 0.738235 0.166453 0.741176 0.166453 0.744118 0.167734 0.747059 0.166453 0.750000 0.167734 0.750000 0.169014 0.752941 0.169014 0.755882 0.167734 0.758824 0.169014 0.761765 0.170294 0.761765 0.171575 0.764706 0.171575 0.770588 0.172855 0.773529 0.171575 0.776471 0.169014 0.776471 0.167734 0.779412 0.165173 0.779412 0.163892 0.782353 0.161332 0.782353 0.160051 0.785294 0.157490 0.785294 0.156210 0.788235 0.153649 0.788235 0.152369 0.791176 0.151088 0.791176 0.149808 0.794118 0.147247 0.794118 0.145967 0.797059 0.144686 0.797059 0.144686 0.800000 0.145967 0.797059 0.149808 0.797059 0.151088 0.794118 0.152369 0.794118 0.153649 0.797059 0.154930 0.797059 0.156210 0.800000 0.157490 0.800000 0.160051 0.805882 0.161332 0.805882 0.162612 0.808824 0.161332 0.811765 0.158771 0.811765 0.157490 0.814706 0.154930 0.814706 0.153649 0.817647 0.152369 0.817647 0.151088 0.820588 0.148528 0.820588 0.147247 0.823529 0.145967 0.823529 0.144686 0.826471 0.143406 0.826471 0.142125 0.829412 0.140845 0.829412 0.139565 0.832353 0.137004 0.832353 0.135723 0.835294 0.134443 0.835294 0.133163 0.838235 0.131882 0.838235 0.130602 0.841176 0.129321 0.841176 0.128041 0.844118 0.125480 0.844118 0.124200 0.847059 0.122919 0.847059 0.121639 0.850000 0.120359 0.850000 0.119078 0.852941 0.117798 0.852941 0.116517 0.855882 0.115237 0.855882 0.113956 0.858824 0.112676 0.858824 0.111396 0.861765 0.110115 0.861765 0.108835 0.864706 0.107554 0.861765 0.107554 0.858824 0.108835 0.855882 0.108835 0.852941 0.110115 0.850000 0.108835 0.852941 0.108835 0.855882 0.107554 0.858824 0.107554 0.861765 0.103713 0.870588 0.102433 0.870588 0.101152 0.873529 0.099872 0.873529 0.098592 0.876471 0.097311 0.876471 0.096031 0.879412 0.094750 0.879412 0.093470 0.882353 0.092190 0.882353 0.090909 0.885294 0.089629 0.885294 0.088348 0.888235 0.087068 0.888235 0.085787 0.891176 0.084507 0.891176 0.083227 0.894118 0.081946 0.894118 0.080666 0.897059 0.079385 0.897059 0.078105 0.900000 0.076825 0.900000 0.075544 0.902941 0.074264 0.902941 0.072983 0.905882 0.071703 0.905882 0.070423 0.908824 0.069142 0.908824 0.067862 0.911765 0.066581 0.911765 0.064020 0.917647 0.062740 0.917647 0.061460 0.920588 0.060179 0.920588 0.058899 0.923529 0.057618 0.923529 0.056338 0.926471 0.055058 0.926471 0.053777 0.929412 0.052497 0.929412 0.051216 0.932353 0.049936 0.932353 0.048656 0.935294 0.047375 0.935294 0.044814 0.941176 0.043534 0.941176 0.042254 0.944118 0.040973 0.944118 0.039693 0.947059 0.038412 0.947059 0.037132 0.950000 0.035851 0.950000 0.034571 0.952941 0.033291 0.952941 0.032010 0.950000 0.033291 0.947059 0.033291 0.944118 0.034571 0.941176 0.034571 0.935294 0.037132 0.929412 0.037132 0.920588 0.039693 0.914706 0.039693 0.908824 0.040973 0.905882 0.040973 0.902941 0.042254 0.900000 0.042254 0.894118 0.043534 0.891176 0.043534 0.888235 0.044814 0.885294 0.044814 0.879412 0.046095 0.876471 0.047375 0.876471 0.046095 0.873529 0.047375 0.870588 0.046095 0.867647 0.046095 0.873529 0.044814 0.876471 0.044814 0.885294 0.042254 0.891176 0.042254 0.894118 0.039693 0.900000 0.039693 0.902941 0.035851 0.911765 0.033291 0.911765 0.030730 0.905882 0.029449 0.905882 0.028169 0.902941 0.029449 0.900000 0.030730 0.900000 0.034571 0.891176 0.035851 0.894118 0.037132 0.891176 0.038412 0.891176 0.039693 0.888235 0.039693 0.885294 0.040973 0.882353 0.040973 0.873529 0.042254 0.870588 0.040973 0.870588 0.040973 0.879412 0.035851 0.891176 0.028169 0.891176 0.026889 0.888235 0.028169 0.885294 0.026889 0.885294 0.024328 0.891176 0.023047 0.891176 0.020487 0.885294 0.023047 0.879412 0.023047 0.876471 0.020487 0.870588 0.021767 0.867647 0.023047 0.867647 0.024328 0.864706 0.023047 0.864706 0.021767 0.861765 0.021767 0.858824 0.024328 0.852941 0.030730 0.852941 0.029449 0.852941 0.028169 0.850000 0.029449 0.847059 0.030730 0.847059 0.029449 0.844118 0.030730 0.841176 0.035851 0.841176 0.034571 0.841176 0.033291 0.838235 0.033291 0.832353 0.034571 0.829412 0.039693 0.829412 0.038412 0.826471 0.038412 0.823529 0.039693 0.820588 0.043534 0.820588 0.042254 0.820588 0.038412 0.811765 0.042254 0.802941 0.043534 0.802941 0.044814 0.800000 0.046095 0.800000 0.044814 0.800000 0.043534 0.802941 0.040973 0.802941 0.039693 0.805882 0.034571 0.805882 0.033291 0.802941 0.033291 0.800000 0.035851 0.794118 0.037132 0.797059 0.037132 0.791176 0.038412 0.788235 0.040973 0.788235 0.040973 0.785294 0.039693 0.782353 0.042254 0.776471 0.043534 0.776471 0.043534 0.773529 0.042254 0.776471 0.040973 0.773529 0.039693 0.776471 0.038412 0.776471 0.035851 0.770588 0.037132 0.767647 0.035851 0.764706 0.034571 0.764706 0.033291 0.761765 0.033291 0.758824 0.034571 0.755882 0.035851 0.755882 0.038412 0.750000 0.038412 0.741176 0.037132 0.741176 0.035851 0.738235 0.035851 0.735294 0.040973 0.723529 0.040973 0.720588 0.039693 0.717647 0.039693 0.705882 0.040973 0.702941 0.040973 0.700000 0.039693 0.697059 0.039693 0.694118 0.040973 0.691176 0.042254 0.691176 0.044814 0.685294 0.044814 0.679412 0.043534 0.679412 0.040973 0.673529 0.040973 0.670588 0.042254 0.667647 0.046095 0.667647 0.047375 0.664706 0.047375 0.638235 0.051216 0.629412 0.051216 0.623529 0.049936 0.623529 0.048656 0.620588 0.048656 0.614706 0.049936 0.611765 0.049936 0.608824 0.047375 0.602941 0.047375 0.582353 0.044814 0.576471 0.043534 0.576471 0.043534 0.579412 0.040973 0.585294 0.039693 0.585294 0.039693 0.588235 0.040973 0.591176 0.040973 0.597059 0.039693 0.600000 0.039693 0.605882 0.038412 0.608824 0.039693 0.611765 0.039693 0.614706 0.038412 0.617647 0.038412 0.623529 0.037132 0.626471 0.037132 0.635294 0.035851 0.638235 0.035851 0.650000 0.037132 0.652941 0.037132 0.658824 0.038412 0.661765 0.035851 0.667647 0.034571 0.664706 0.033291 0.664706 0.032010 0.667647 0.032010 0.670588 0.033291 0.673529 0.033291 0.688235 0.032010 0.691176 0.033291 0.694118 0.032010 0.697059 0.032010 0.700000 0.030730 0.702941 0.030730 0.711765 0.029449 0.714706 0.029449 0.717647 0.028169 0.720588 0.026889 0.717647 0.026889 0.714706 0.025608 0.711765 0.025608 0.705882 0.024328 0.702941 0.024328 0.697059 0.023047 0.694118 0.023047 0.691176 0.024328 0.688235 0.023047 0.685294 0.025608 0.679412 0.025608 0.676471 0.024328 0.676471 0.023047 0.673529 0.025608 0.667647 0.026889 0.667647 0.026889 0.664706 0.025608 0.661765 0.026889 0.658824 0.026889 0.650000 0.028169 0.647059 0.028169 0.641176 0.029449 0.638235 0.029449 0.632353 0.028169 0.629412 0.029449 0.626471 0.029449 0.617647 0.030730 0.614706 0.029449 0.614706 0.028169 0.611765 0.029449 0.608824 0.030730 0.608824 0.030730 0.605882 0.032010 0.602941 0.030730 0.600000 0.030730 0.591176 0.029449 0.588235 0.030730 0.585294 0.030730 0.579412 0.029449 0.576471 0.029449 0.570588 0.028169 0.570588 0.028169 0.579412 0.026889 0.582353 0.026889 0.585294 0.028169 0.588235 0.026889 0.591176 0.026889 0.594118 0.025608 0.597059 0.025608 0.605882 0.024328 0.608824 0.023047 0.608824 0.024328 0.611765 0.023047 0.614706 0.025608 0.620588 0.023047 0.626471 0.023047 0.629412 0.024328 0.632353 0.024328 0.644118 0.023047 0.647059 0.023047 0.658824 0.021767 0.661765 0.021767 0.664706 0.020487 0.667647 0.020487 0.673529 0.019206 0.676471 0.019206 0.679412 0.017926 0.682353 0.017926 0.688235 0.016645 0.691176 0.017926 0.694118 0.015365 0.700000 0.015365 0.705882 0.014085 0.708824 0.014085 0.732353 0.012804 0.735294 0.012804 0.738235 0.011524 0.741176 0.010243 0.738235 0.010243 0.714706 0.008963 0.711765 0.008963 0.705882 0.007682 0.702941 0.007682 0.697059 0.006402 0.694118 0.006402 0.685294 0.005122 0.682353 0.005122 0.679412 0.003841 0.676471 0.003841 0.670588 0.002561 0.667647 0.002561 0.650000 0.003841 0.647059 0.003841 0.626471 0.005122 0.623529 0.005122 0.617647 0.006402 0.614706 0.006402 0.600000 0.007682 0.597059 0.007682 0.585294 0.008963 0.582353 0.008963 0.561765 0.010243 0.558824 0.010243 0.552941 0.011524 0.550000 0.011524 0.535294 0.012804 0.532353 0.012804 0.523529 0.014085 0.520588 0.014085 0.517647 0.015365 0.514706 0.014085 0.511765 0.015365 0.508824 0.014085 0.505882 0.014085 0.502941 0.015365 0.500000 0.015365 0.497059 0.014085 0.494118 0.016645 0.488235 0.015365 0.488235
1 0.888604 0.444118 0.888604 0.450000 0.887324 0.452941 0.888604 0.455882 0.888604 0.467647 0.889885 0.470588 0.889885 0.482353 0.892446 0.488235 0.892446 0.497059 0.893726 0.500000 0.893726 0.505882 0.895006 0.508824 0.895006 0.511765 0.893726 0.514706 0.895006 0.517647 0.895006 0.520588 0.893726 0.523529 0.893726 0.529412 0.895006 0.532353 0.895006 0.544118 0.896287 0.544118 0.897567 0.547059 0.895006 0.552941 0.895006 0.555882 0.896287 0.558824 0.896287 0.576471 0.897567 0.579412 0.897567 0.585294 0.896287 0.588235 0.896287 0.597059 0.897567 0.600000 0.897567 0.611765 0.898848 0.614706 0.895006 0.623529 0.895006 0.629412 0.897567 0.635294 0.897567 0.644118 0.898848 0.647059 0.898848 0.650000 0.900128 0.652941 0.900128 0.655882 0.898848 0.658824 0.896287 0.658824 0.896287 0.667647 0.897567 0.670588 0.897567 0.676471 0.898848 0.679412 0.898848 0.682353 0.900128 0.685294 0.898848 0.688235 0.900128 0.691176 0.898848 0.694118 0.900128 0.697059 0.898848 0.700000 0.897567 0.700000 0.898848 0.700000 0.900128 0.702941 0.898848 0.705882 0.896287 0.705882 0.895006 0.702941 0.893726 0.705882 0.892446 0.702941 0.892446 0.670588 0.891165 0.667647 0.891165 0.661765 0.891165 0.664706 0.889885 0.667647 0.888604 0.667647 0.887324 0.670588 0.886044 0.667647 0.886044 0.655882 0.884763 0.652941 0.886044 0.650000 0.886044 0.647059 0.884763 0.644118 0.884763 0.635294 0.883483 0.632353 0.883483 0.626471 0.882202 0.623529 0.882202 0.617647 0.880922 0.614706 0.882202 0.611765 0.880922 0.608824 0.880922 0.600000 0.879641 0.597059 0.879641 0.591176 0.878361 0.588235 0.878361 0.585294 0.877081 0.585294 0.875800 0.582353 0.877081 0.579412 0.875800 0.576471 0.877081 0.573529 0.875800 0.573529 0.874520 0.570588 0.875800 0.567647 0.874520 0.564706 0.874520 0.558824 0.873239 0.555882 0.873239 0.552941 0.871959 0.550000 0.871959 0.547059 0.870679 0.547059 0.870679 0.550000 0.871959 0.552941 0.870679 0.555882 0.871959 0.558824 0.871959 0.561765 0.873239 0.564706 0.873239 0.579412 0.874520 0.582353 0.874520 0.585294 0.875800 0.588235 0.874520 0.591176 0.874520 0.594118 0.877081 0.600000 0.877081 0.602941 0.878361 0.605882 0.878361 0.614706 0.879641 0.617647 0.879641 0.620588 0.880922 0.623529 0.879641 0.626471 0.879641 0.629412 0.880922 0.632353 0.880922 0.638235 0.882202 0.641176 0.880922 0.644118 0.880922 0.647059 0.882202 0.650000 0.882202 0.655882 0.880922 0.658824 0.883483 0.664706 0.883483 0.673529 0.886044 0.679412 0.886044 0.694118 0.884763 0.697059 0.883483 0.694118 0.883483 0.700000 0.884763 0.702941 0.884763 0.711765 0.886044 0.714706 0.886044 0.723529 0.887324 0.726471 0.887324 0.729412 0.888604 0.732353 0.888604 0.735294 0.889885 0.738235 0.889885 0.741176 0.892446 0.741176 0.893726 0.738235 0.895006 0.738235 0.896287 0.741176 0.896287 0.744118 0.898848 0.750000 0.898848 0.752941 0.897567 0.755882 0.897567 0.758824 0.897567 0.755882 0.898848 0.752941 0.900128 0.752941 0.901408 0.755882 0.901408 0.758824 0.901408 0.755882 0.902689 0.752941 0.903969 0.752941 0.905250 0.750000 0.906530 0.752941 0.907810 0.752941 0.909091 0.755882 0.909091 0.767647 0.910371 0.770588 0.910371 0.785294 0.911652 0.788235 0.911652 0.808824 0.912932 0.811765 0.911652 0.814706 0.912932 0.817647 0.912932 0.820588 0.914213 0.823529 0.914213 0.829412 0.915493 0.832353 0.915493 0.838235 0.916773 0.841176 0.916773 0.864706 0.918054 0.867647 0.918054 0.873529 0.919334 0.876471 0.919334 0.885294 0.920615 0.888235 0.920615 0.905882 0.921895 0.908824 0.921895 0.920588 0.923175 0.923529 0.923175 0.932353 0.924456 0.935294 0.925736 0.935294 0.927017 0.938235 0.927017 0.923529 0.925736 0.920588 0.925736 0.911765 0.924456 0.908824 0.924456 0.900000 0.923175 0.897059 0.923175 0.888235 0.921895 0.885294 0.921895 0.844118 0.923175 0.841176 0.923175 0.826471 0.924456 0.823529 0.924456 0.808824 0.925736 0.805882 0.925736 0.758824 0.924456 0.755882 0.924456 0.741176 0.923175 0.738235 0.923175 0.688235 0.924456 0.685294 0.924456 0.676471 0.925736 0.673529 0.924456 0.676471 0.924456 0.682353 0.923175 0.685294 0.923175 0.694118 0.921895 0.697059 0.921895 0.708824 0.920615 0.711765 0.920615 0.729412 0.919334 0.732353 0.919334 0.747059 0.918054 0.750000 0.916773 0.750000 0.915493 0.752941 0.914213 0.752941 0.911652 0.758824 0.910371 0.755882 0.910371 0.752941 0.912932 0.747059 0.911652 0.744118 0.911652 0.738235 0.910371 0.735294 0.910371 0.723529 0.909091 0.720588 0.909091 0.714706 0.910371 0.711765 0.910371 0.708824 0.911652 0.705882 0.911652 0.697059 0.910371 0.697059 0.909091 0.694118 0.907810 0.694118 0.906530 0.691176 0.906530 0.688235 0.907810 0.685294 0.909091 0.685294 0.911652 0.679412 0.909091 0.673529 0.909091 0.647059 0.907810 0.644118 0.907810 0.626471 0.906530 0.623529 0.906530 0.608824 0.905250 0.605882 0.905250 0.602941 0.903969 0.600000 0.906530 0.594118 0.906530 0.585294 0.905250 0.585294 0.903969 0.582353 0.903969 0.579412 0.905250 0.576471 0.905250 0.570588 0.902689 0.564706 0.902689 0.561765 0.903969 0.558824 0.903969 0.555882 0.905250 0.552941 0.902689 0.547059 0.902689 0.538235 0.901408 0.535294 0.901408 0.529412 0.902689 0.526471 0.902689 0.520588 0.901408 0.523529 0.900128 0.523529 0.898848 0.520588 0.898848 0.514706 0.901408 0.508824 0.901408 0.505882 0.900128 0.502941 0.900128 0.497059 0.898848 0.494118 0.900128 0.491176 0.900128 0.479412 0.897567 0.473529 0.897567 0.467647 0.896287 0.467647 0.895006 0.464706 0.895006 0.461765 0.893726 0.458824 0.893726 0.452941 0.891165 0.447059 0.889885 0.447059
2 0.587708 0.950000 0.586428 0.952941 0.585147 0.952941 0.585147 0.955882 0.583867 0.958824 0.585147 0.961765 0.585147 0.967647 0.586428 0.970588 0.586428 0.991176 0.587708 0.994118 0.587708 0.997059 0.588988 0.997059 0.588988 0.991176 0.590269 0.988235 0.591549 0.991176 0.591549 0.997059 0.592830 0.997059 0.592830 0.991176 0.591549 0.988235 0.591549 0.985294 0.590269 0.982353 0.590269 0.964706 0.591549 0.961765 0.591549 0.958824 0.590269 0.955882 0.590269 0.961765 0.588988 0.964706 0.587708 0.961765
2 0.307298 0.941176 0.307298 0.944118 0.306018 0.947059 0.306018 0.952941 0.304738 0.955882 0.304738 0.958824 0.303457 0.961765 0.303457 0.964706 0.302177 0.967647 0.302177 0.970588 0.300896 0.973529 0.300896 0.976471 0.299616 0.979412 0.299616 0.985294 0.298335 0.988235 0.298335 0.991176 0.297055 0.994118 0.297055 0.997059 0.303457 0.997059 0.303457 0.991176 0.304738 0.988235 0.304738 0.973529 0.303457 0.973529 0.302177 0.970588 0.303457 0.967647 0.306018 0.967647 0.306018 0.947059 0.307298 0.944118
2 0.017926 0.914706 0.016645 0.917647 0.016645 0.920588 0.015365 0.923529 0.015365 0.926471 0.014085 0.929412 0.014085 0.935294 0.015365 0.938235 0.015365 0.961765 0.014085 0.964706 0.014085 0.967647 0.012804 0.970588 0.012804 0.973529 0.010243 0.979412 0.008963 0.976471 0.008963 0.970588 0.010243 0.967647 0.010243 0.964706 0.011524 0.961765 0.011524 0.947059 0.010243 0.944118 0.010243 0.941176 0.010243 0.944118 0.008963 0.947059 0.008963 0.950000 0.010243 0.952941 0.010243 0.955882 0.008963 0.958824 0.008963 0.961765 0.007682 0.964706 0.007682 0.976471 0.006402 0.979412 0.006402 0.982353 0.007682 0.982353 0.007682 0.979412 0.008963 0.976471 0.010243 0.979412 0.011524 0.976471 0.014085 0.976471 0.015365 0.973529 0.016645 0.973529 0.019206 0.967647 0.020487 0.967647 0.021767 0.964706 0.021767 0.961765 0.023047 0.958824 0.023047 0.955882 0.025608 0.950000 0.025608 0.947059 0.026889 0.944118 0.026889 0.941176 0.029449 0.935294 0.029449 0.932353 0.030730 0.929412 0.030730 0.926471 0.032010 0.923529 0.032010 0.920588 0.030730 0.923529 0.029449 0.923529 0.026889 0.929412 0.026889 0.935294 0.025608 0.938235 0.023047 0.932353 0.023047 0.929412 0.021767 0.926471 0.021767 0.917647 0.020487 0.914706
2 0.696543 0.900000 0.696543 0.908824 0.693982 0.914706 0.693982 0.917647 0.692702 0.920588 0.691421 0.917647 0.692702 0.920588 0.690141 0.926471 0.691421 0.923529 0.692702 0.926471 0.692702 0.935294 0.693982 0.932353 0.695262 0.932353 0.696543 0.929412 0.696543 0.920588 0.695262 0.917647 0.696543 0.914706
2 0.708067 0.867647 0.706786 0.870588 0.706786 0.873529 0.705506 0.876471 0.704225 0.876471 0.702945 0.879412 0.701665 0.876471 0.704225 0.882353 0.704225 0.885294 0.702945 0.888235 0.701665 0.885294 0.700384 0.888235 0.700384 0.891176 0.699104 0.894118 0.699104 0.905882 0.700384 0.902941 0.701665 0.905882 0.701665 0.908824 0.702945 0.908824 0.704225 0.911765 0.708067 0.902941 0.709347 0.905882 0.709347 0.908824 0.710627 0.911765 0.710627 0.914706 0.709347 0.917647 0.708067 0.914706 0.706786 0.917647 0.708067 0.914706 0.709347 0.917647 0.709347 0.926471 0.708067 0.929412 0.706786 0.926471 0.709347 0.932353 0.708067 0.935294 0.708067 0.938235 0.705506 0.944118 0.702945 0.938235 0.704225 0.935294 0.705506 0.935294 0.705506 0.932353 0.704225 0.929412 0.704225 0.932353 0.702945 0.935294 0.701665 0.935294 0.699104 0.929412 0.699104 0.920588 0.700384 0.917647 0.699104 0.917647 0.699104 0.929412 0.700384 0.932353 0.700384 0.938235 0.699104 0.941176 0.697823 0.941176 0.699104 0.941176 0.700384 0.938235 0.701665 0.938235 0.702945 0.941176 0.702945 0.950000 0.700384 0.955882 0.700384 0.958824 0.697823 0.964706 0.697823 0.967647 0.696543 0.970588 0.697823 0.970588 0.699104 0.967647 0.700384 0.970588 0.700384 0.979412 0.699104 0.982353 0.696543 0.976471 0.697823 0.979412 0.696543 0.982353 0.696543 0.988235 0.696543 0.982353 0.697823 0.979412 0.701665 0.988235 0.700384 0.991176 0.699104 0.991176 0.700384 0.991176 0.701665 0.988235 0.705506 0.997059 0.706786 0.997059 0.708067 0.994118 0.709347 0.997059 0.708067 0.994118 0.709347 0.991176 0.709347 0.988235 0.708067 0.991176 0.705506 0.985294 0.705506 0.982353 0.706786 0.979412 0.706786 0.976471 0.708067 0.973529 0.710627 0.979412 0.711908 0.979412 0.714469 0.985294 0.713188 0.982353 0.713188 0.979412 0.711908 0.976471 0.711908 0.973529 0.710627 0.970588 0.710627 0.961765 0.711908 0.958824 0.713188 0.958824 0.714469 0.961765 0.713188 0.964706 0.713188 0.967647 0.714469 0.967647 0.715749 0.970588 0.714469 0.973529 0.715749 0.973529 0.717029 0.976471 0.715749 0.979412 0.717029 0.982353 0.718310 0.979412 0.719590 0.982353 0.718310 0.979412 0.718310 0.970588 0.717029 0.967647 0.717029 0.964706 0.715749 0.961765 0.717029 0.958824 0.715749 0.955882 0.713188 0.955882 0.711908 0.952941 0.713188 0.950000 0.711908 0.947059 0.714469 0.941176 0.715749 0.944118 0.715749 0.947059 0.715749 0.941176 0.717029 0.938235 0.718310 0.941176 0.718310 0.944118 0.718310 0.941176 0.717029 0.938235 0.717029 0.932353 0.715749 0.929412 0.715749 0.923529 0.714469 0.920588 0.714469 0.914706 0.713188 0.914706 0.711908 0.911765 0.713188 0.908824 0.713188 0.905882 0.711908 0.905882 0.710627 0.902941 0.711908 0.900000 0.711908 0.897059 0.710627 0.894118 0.710627 0.888235 0.709347 0.891176 0.708067 0.888235 0.708067 0.885294 0.709347 0.882353 0.708067 0.879412 0.708067 0.873529 0.706786 0.870588
2 0.711908 0.852941 0.710627 0.855882 0.710627 0.858824 0.711908 0.861765 0.710627 0.864706 0.710627 0.867647 0.713188 0.867647 0.714469 0.870588 0.713188 0.873529 0.711908 0.873529 0.715749 0.882353 0.715749 0.888235 0.714469 0.891176 0.714469 0.897059 0.715749 0.900000 0.715749 0.902941 0.717029 0.905882 0.717029 0.908824 0.719590 0.908824 0.719590 0.905882 0.718310 0.902941 0.718310 0.900000 0.719590 0.897059 0.719590 0.888235 0.718310 0.885294 0.719590 0.882353 0.718310 0.882353 0.717029 0.879412 0.718310 0.876471 0.718310 0.873529 0.713188 0.861765 0.713188 0.855882
2 0.708067 0.820588 0.709347 0.823529 0.709347 0.826471 0.708067 0.829412 0.706786 0.826471 0.705506 0.829412 0.705506 0.838235 0.704225 0.841176 0.705506 0.844118 0.709347 0.835294 0.709347 0.829412 0.710627 0.826471 0.714469 0.835294 0.714469 0.838235 0.714469 0.835294 0.713188 0.832353 0.714469 0.829412 0.713188 0.832353 0.709347 0.823529 0.709347 0.820588
2 0.113956 0.788235 0.115237 0.791176 0.113956 0.794118 0.112676 0.794118 0.112676 0.800000 0.113956 0.802941 0.113956 0.805882 0.115237 0.805882 0.115237 0.800000 0.116517 0.797059 0.116517 0.791176 0.115237 0.788235
2 0.007682 0.770588 0.007682 0.782353 0.008963 0.785294 0.008963 0.802941 0.012804 0.802941 0.014085 0.800000 0.014085 0.797059 0.015365 0.794118 0.015365 0.791176 0.016645 0.788235 0.017926 0.788235 0.016645 0.788235 0.015365 0.791176 0.014085 0.788235 0.014085 0.785294 0.012804 0.785294 0.011524 0.782353 0.011524 0.779412 0.010243 0.779412 0.008963 0.776471 0.010243 0.773529 0.010243 0.770588
2 0.903969 0.755882 0.902689 0.758824 0.902689 0.761765 0.903969 0.764706 0.903969 0.767647 0.906530 0.773529 0.906530 0.776471 0.907810 0.776471 0.909091 0.779412 0.909091 0.770588 0.907810 0.767647 0.907810 0.758824 0.906530 0.758824 0.905250 0.755882
2 0.508323 0.755882 0.508323 0.758824 0.507042 0.761765 0.505762 0.761765 0.504481 0.758824 0.504481 0.761765 0.508323 0.761765 0.509603 0.764706 0.508323 0.767647 0.507042 0.767647 0.507042 0.770588 0.508323 0.767647 0.512164 0.776471 0.512164 0.779412 0.512164 0.755882 0.510883 0.758824 0.509603 0.755882
2 0.000000 0.752941 0.000000 0.782353 0.001280 0.785294 0.000000 0.788235 0.000000 0.805882 0.002561 0.805882 0.002561 0.779412 0.001280 0.776471 0.003841 0.770588 0.002561 0.767647 0.002561 0.764706 0.001280 0.761765 0.001280 0.752941
2 0.870679 0.741176 0.869398 0.744118 0.868118 0.744118 0.866837 0.747059 0.865557 0.747059 0.864277 0.744118 0.862996 0.747059 0.862996 0.758824 0.864277 0.758824 0.865557 0.761765 0.866837 0.761765 0.868118 0.764706 0.869398 0.764706 0.870679 0.767647 0.871959 0.767647 0.873239 0.770588 0.874520 0.770588 0.875800 0.773529 0.878361 0.773529 0.878361 0.770588 0.877081 0.773529 0.875800 0.770588 0.875800 0.764706 0.877081 0.761765 0.875800 0.764706 0.874520 0.764706 0.871959 0.758824 0.871959 0.750000 0.870679 0.747059 0.871959 0.744118 0.873239 0.744118 0.873239 0.741176
2 0.715749 0.723529 0.714469 0.726471 0.713188 0.726471 0.713188 0.729412 0.711908 0.732353 0.710627 0.732353 0.710627 0.741176 0.711908 0.744118 0.711908 0.747059 0.710627 0.750000 0.711908 0.750000 0.713188 0.752941 0.713188 0.755882 0.711908 0.758824 0.711908 0.767647 0.711908 0.761765 0.713188 0.758824 0.713188 0.741176 0.714469 0.738235 0.714469 0.735294 0.717029 0.729412 0.715749 0.726471 0.717029 0.723529
2 0.144686 0.723529 0.143406 0.726471 0.140845 0.726471 0.140845 0.732353 0.139565 0.735294 0.137004 0.729412 0.137004 0.732353 0.135723 0.735294 0.135723 0.741176 0.133163 0.747059 0.131882 0.744118 0.131882 0.750000 0.130602 0.752941 0.130602 0.758824 0.129321 0.761765 0.129321 0.767647 0.128041 0.770588 0.128041 0.773529 0.126761 0.776471 0.126761 0.782353 0.124200 0.788235 0.122919 0.788235 0.122919 0.802941 0.121639 0.805882 0.120359 0.802941 0.120359 0.791176 0.119078 0.794118 0.120359 0.797059 0.117798 0.802941 0.117798 0.808824 0.115237 0.814706 0.112676 0.814706 0.112676 0.823529 0.111396 0.826471 0.110115 0.823529 0.110115 0.820588 0.108835 0.820588 0.107554 0.817647 0.106274 0.817647 0.106274 0.832353 0.104994 0.835294 0.103713 0.832353 0.103713 0.829412 0.102433 0.826471 0.101152 0.829412 0.099872 0.829412 0.098592 0.826471 0.098592 0.823529 0.099872 0.820588 0.097311 0.826471 0.096031 0.823529 0.096031 0.820588 0.094750 0.820588 0.092190 0.826471 0.093470 0.829412 0.090909 0.835294 0.089629 0.832353 0.089629 0.823529 0.090909 0.820588 0.088348 0.814706 0.089629 0.811765 0.089629 0.808824 0.092190 0.802941 0.092190 0.800000 0.093470 0.797059 0.094750 0.800000 0.096031 0.800000 0.097311 0.802941 0.098592 0.802941 0.099872 0.800000 0.098592 0.802941 0.097311 0.800000 0.097311 0.770588 0.097311 0.776471 0.092190 0.788235 0.090909 0.785294 0.090909 0.782353 0.089629 0.779412 0.089629 0.776471 0.088348 0.773529 0.088348 0.770588 0.085787 0.776471 0.084507 0.773529 0.084507 0.770588 0.081946 0.764706 0.080666 0.767647 0.079385 0.764706 0.079385 0.761765 0.080666 0.758824 0.079385 0.755882 0.076825 0.761765 0.075544 0.761765 0.074264 0.758824 0.074264 0.752941 0.071703 0.752941 0.070423 0.755882 0.069142 0.752941 0.069142 0.750000 0.067862 0.747059 0.066581 0.750000 0.065301 0.750000 0.062740 0.755882 0.060179 0.750000 0.060179 0.744118 0.061460 0.741176 0.060179 0.744118 0.058899 0.744118 0.057618 0.747059 0.056338 0.744118 0.056338 0.738235 0.055058 0.738235 0.053777 0.735294 0.049936 0.735294 0.049936 0.744118 0.051216 0.744118 0.052497 0.747059 0.052497 0.750000 0.053777 0.752941 0.053777 0.755882 0.056338 0.761765 0.056338 0.767647 0.057618 0.770588 0.057618 0.779412 0.056338 0.782353 0.057618 0.782353 0.058899 0.785294 0.058899 0.791176 0.056338 0.797059 0.055058 0.797059 0.053777 0.800000 0.052497 0.800000 0.051216 0.802941 0.051216 0.805882 0.049936 0.808824 0.048656 0.805882 0.048656 0.800000 0.047375 0.797059 0.047375 0.791176 0.046095 0.791176 0.046095 0.794118 0.044814 0.797059 0.043534 0.794118 0.043534 0.788235 0.044814 0.785294 0.044814 0.779412 0.042254 0.779412 0.040973 0.782353 0.042254 0.785294 0.042254 0.788235 0.040973 0.791176 0.038412 0.791176 0.038412 0.797059 0.037132 0.800000 0.038412 0.800000 0.039693 0.802941 0.040973 0.800000 0.043534 0.800000 0.044814 0.802941 0.043534 0.805882 0.042254 0.805882 0.039693 0.811765 0.042254 0.817647 0.043534 0.817647 0.044814 0.820588 0.043534 0.823529 0.042254 0.823529 0.040973 0.826471 0.039693 0.826471 0.040973 0.829412 0.039693 0.832353 0.034571 0.832353 0.034571 0.838235 0.035851 0.838235 0.037132 0.841176 0.035851 0.844118 0.033291 0.844118 0.030730 0.850000 0.029449 0.850000 0.030730 0.850000 0.032010 0.852941 0.030730 0.855882 0.024328 0.855882 0.023047 0.858824 0.023047 0.861765 0.024328 0.861765 0.025608 0.864706 0.024328 0.867647 0.024328 0.870588 0.023047 0.873529 0.021767 0.870588 0.024328 0.876471 0.024328 0.879412 0.021767 0.885294 0.023047 0.888235 0.021767 0.891176 0.023047 0.888235 0.024328 0.888235 0.026889 0.882353 0.028169 0.882353 0.029449 0.885294 0.028169 0.888235 0.029449 0.885294 0.030730 0.888235 0.035851 0.888235 0.037132 0.885294 0.037132 0.882353 0.038412 0.879412 0.038412 0.876471 0.039693 0.873529 0.039693 0.870588 0.040973 0.867647 0.042254 0.867647 0.043534 0.870588 0.042254 0.873529 0.042254 0.882353 0.040973 0.885294 0.040973 0.888235 0.038412 0.894118 0.037132 0.894118 0.035851 0.897059 0.034571 0.894118 0.030730 0.902941 0.029449 0.902941 0.030730 0.902941 0.033291 0.908824 0.035851 0.908824 0.038412 0.902941 0.038412 0.900000 0.040973 0.894118 0.040973 0.891176 0.043534 0.885294 0.044814 0.888235 0.044814 0.891176 0.043534 0.894118 0.043534 0.900000 0.042254 0.902941 0.042254 0.905882 0.040973 0.908824 0.040973 0.914706 0.038412 0.920588 0.038412 0.929412 0.035851 0.935294 0.035851 0.941176 0.034571 0.944118 0.034571 0.947059 0.033291 0.950000 0.034571 0.950000 0.035851 0.947059 0.037132 0.947059 0.038412 0.944118 0.039693 0.944118 0.040973 0.941176 0.042254 0.941176 0.043534 0.938235 0.044814 0.938235 0.047375 0.932353 0.048656 0.932353 0.049936 0.929412 0.051216 0.929412 0.052497 0.926471 0.053777 0.926471 0.055058 0.923529 0.056338 0.923529 0.057618 0.920588 0.058899 0.920588 0.060179 0.917647 0.061460 0.917647 0.062740 0.914706 0.064020 0.914706 0.066581 0.908824 0.067862 0.908824 0.069142 0.905882 0.070423 0.905882 0.071703 0.902941 0.072983 0.902941 0.072983 0.900000 0.074264 0.897059 0.075544 0.900000 0.076825 0.897059 0.076825 0.894118 0.078105 0.891176 0.078105 0.885294 0.079385 0.882353 0.080666 0.885294 0.080666 0.894118 0.081946 0.891176 0.083227 0.891176 0.087068 0.882353 0.088348 0.885294 0.089629 0.882353 0.090909 0.882353 0.092190 0.879412 0.093470 0.879412 0.094750 0.876471 0.096031 0.876471 0.097311 0.873529 0.098592 0.873529 0.099872 0.870588 0.101152 0.870588 0.102433 0.867647 0.103713 0.867647 0.104994 0.864706 0.104994 0.861765 0.107554 0.855882 0.107554 0.852941 0.108835 0.850000 0.110115 0.852941 0.110115 0.858824 0.108835 0.861765 0.110115 0.858824 0.111396 0.858824 0.110115 0.855882 0.111396 0.852941 0.112676 0.852941 0.113956 0.855882 0.115237 0.852941 0.116517 0.852941 0.117798 0.850000 0.119078 0.850000 0.120359 0.847059 0.121639 0.847059 0.122919 0.844118 0.124200 0.844118 0.125480 0.841176 0.128041 0.841176 0.128041 0.835294 0.129321 0.832353 0.130602 0.835294 0.130602 0.838235 0.131882 0.835294 0.133163 0.835294 0.134443 0.832353 0.135723 0.832353 0.137004 0.829412 0.139565 0.829412 0.140845 0.826471 0.142125 0.826471 0.143406 0.823529 0.144686 0.823529 0.145967 0.820588 0.147247 0.820588 0.148528 0.817647 0.149808 0.817647 0.151088 0.814706 0.153649 0.814706 0.156210 0.808824 0.157490 0.811765 0.158771 0.808824 0.160051 0.808824 0.157490 0.802941 0.156210 0.802941 0.154930 0.800000 0.153649 0.800000 0.152369 0.797059 0.151088 0.797059 0.149808 0.800000 0.145967 0.800000 0.144686 0.802941 0.143406 0.800000 0.143406 0.797059 0.144686 0.794118 0.145967 0.794118 0.147247 0.791176 0.149808 0.791176 0.151088 0.788235 0.152369 0.788235 0.152369 0.785294 0.153649 0.782353 0.154930 0.785294 0.156210 0.785294 0.158771 0.779412 0.160051 0.782353 0.161332 0.779412 0.163892 0.779412 0.165173 0.776471 0.167734 0.776471 0.169014 0.773529 0.170294 0.773529 0.170294 0.764706 0.169014 0.764706 0.166453 0.770588 0.165173 0.767647 0.165173 0.764706 0.163892 0.761765 0.165173 0.764706 0.165173 0.767647 0.166453 0.770588 0.166453 0.773529 0.165173 0.776471 0.162612 0.770588 0.162612 0.773529 0.161332 0.776471 0.161332 0.779412 0.160051 0.782353 0.158771 0.779412 0.158771 0.773529 0.160051 0.770588 0.160051 0.767647 0.161332 0.764706 0.161332 0.758824 0.163892 0.752941 0.162612 0.750000 0.163892 0.747059 0.165173 0.747059 0.165173 0.741176 0.166453 0.738235 0.167734 0.741176 0.167734 0.738235 0.170294 0.732353 0.170294 0.729412 0.169014 0.726471 0.167734 0.729412 0.166453 0.729412 0.166453 0.738235 0.165173 0.741176 0.163892 0.738235 0.163892 0.735294 0.162612 0.732353 0.161332 0.732353 0.158771 0.738235 0.158771 0.741176 0.157490 0.744118 0.157490 0.747059 0.156210 0.750000 0.154930 0.750000 0.153649 0.747059 0.153649 0.744118 0.154930 0.741176 0.152369 0.741176 0.152369 0.747059 0.151088 0.750000 0.149808 0.747059 0.149808 0.744118 0.149808 0.747059 0.148528 0.750000 0.147247 0.750000 0.145967 0.747059 0.144686 0.747059 0.144686 0.752941 0.143406 0.755882 0.143406 0.758824 0.142125 0.761765 0.139565 0.761765 0.138284 0.758824 0.138284 0.755882 0.139565 0.752941 0.139565 0.750000 0.142125 0.744118 0.142125 0.741176 0.145967 0.732353 0.145967 0.726471
2 0.199744 0.714706 0.199744 0.717647 0.198464 0.720588 0.197183 0.720588 0.195903 0.723529 0.197183 0.726471 0.195903 0.729412 0.194622 0.729412 0.193342 0.726471 0.189501 0.726471 0.188220 0.723529 0.186940 0.726471 0.186940 0.729412 0.185659 0.732353 0.183099 0.732353 0.183099 0.735294 0.181818 0.738235 0.180538 0.735294 0.179257 0.738235 0.176697 0.738235 0.175416 0.741176 0.172855 0.741176 0.172855 0.752941 0.171575 0.755882 0.170294 0.752941 0.171575 0.755882 0.171575 0.758824 0.172855 0.761765 0.172855 0.764706 0.174136 0.767647 0.174136 0.770588 0.177977 0.770588 0.179257 0.773529 0.177977 0.776471 0.175416 0.776471 0.174136 0.779412 0.171575 0.779412 0.170294 0.782353 0.167734 0.782353 0.166453 0.785294 0.163892 0.785294 0.162612 0.788235 0.160051 0.788235 0.158771 0.791176 0.158771 0.794118 0.157490 0.797059 0.156210 0.794118 0.154930 0.794118 0.156210 0.794118 0.157490 0.797059 0.158771 0.797059 0.160051 0.800000 0.161332 0.800000 0.162612 0.802941 0.162612 0.800000 0.161332 0.797059 0.162612 0.794118 0.163892 0.794118 0.165173 0.797059 0.165173 0.802941 0.169014 0.802941 0.170294 0.800000 0.172855 0.800000 0.174136 0.797059 0.175416 0.797059 0.176697 0.794118 0.176697 0.791176 0.177977 0.788235 0.179257 0.791176 0.179257 0.794118 0.180538 0.791176 0.184379 0.791176 0.185659 0.788235 0.188220 0.788235 0.189501 0.785294 0.190781 0.785294 0.192061 0.782353 0.194622 0.782353 0.194622 0.770588 0.195903 0.767647 0.197183 0.770588 0.197183 0.773529 0.198464 0.776471 0.197183 0.779412 0.198464 0.779412 0.198464 0.767647 0.197183 0.770588 0.195903 0.767647 0.195903 0.761765 0.197183 0.758824 0.198464 0.761765 0.198464 0.738235 0.202305 0.729412 0.202305 0.723529 0.204866 0.717647 0.203585 0.714706 0.202305 0.717647 0.201024 0.714706
2 0.824584 0.711765 0.824584 0.717647 0.825864 0.717647 0.827145 0.720588 0.829706 0.720588 0.830986 0.723529 0.832266 0.723529 0.833547 0.726471 0.833547 0.723529 0.830986 0.717647 0.832266 0.714706 0.830986 0.714706 0.829706 0.711765
2 0.791293 0.711765 0.791293 0.714706 0.790013 0.717647 0.790013 0.720588 0.791293 0.723529 0.790013 0.726471 0.788732 0.726471 0.788732 0.738235 0.790013 0.741176 0.790013 0.747059 0.791293 0.750000 0.791293 0.755882 0.792574 0.758824 0.792574 0.764706 0.793854 0.767647 0.793854 0.773529 0.795134 0.776471 0.795134 0.782353 0.793854 0.785294 0.792574 0.782353 0.792574 0.779412 0.791293 0.776471 0.791293 0.770588 0.790013 0.767647 0.790013 0.761765 0.788732 0.758824 0.788732 0.755882 0.787452 0.752941 0.787452 0.747059 0.786172 0.744118 0.786172 0.741176 0.784891 0.738235 0.784891 0.732353 0.783611 0.729412 0.783611 0.723529 0.782330 0.720588 0.781050 0.720588 0.779770 0.717647 0.779770 0.714706 0.778489 0.717647 0.777209 0.717647 0.777209 0.723529 0.779770 0.729412 0.779770 0.741176 0.782330 0.747059 0.782330 0.750000 0.784891 0.755882 0.784891 0.758824 0.786172 0.761765 0.786172 0.767647 0.790013 0.776471 0.790013 0.779412 0.792574 0.785294 0.792574 0.788235 0.793854 0.791176 0.793854 0.797059 0.795134 0.800000 0.793854 0.797059 0.796415 0.791176 0.797695 0.794118 0.797695 0.802941 0.798976 0.805882 0.798976 0.808824 0.801536 0.814706 0.801536 0.817647 0.802817 0.820588 0.801536 0.823529 0.802817 0.820588 0.807939 0.832353 0.807939 0.835294 0.809219 0.838235 0.809219 0.841176 0.813060 0.850000 0.810499 0.855882 0.806658 0.855882 0.805378 0.852941 0.805378 0.850000 0.804097 0.847059 0.804097 0.844118 0.802817 0.841176 0.802817 0.838235 0.801536 0.841176 0.800256 0.838235 0.801536 0.841176 0.800256 0.844118 0.798976 0.844118 0.797695 0.841176 0.797695 0.838235 0.796415 0.835294 0.796415 0.832353 0.796415 0.835294 0.797695 0.838235 0.796415 0.841176 0.797695 0.841176 0.798976 0.844118 0.797695 0.847059 0.798976 0.847059 0.800256 0.850000 0.798976 0.852941 0.798976 0.855882 0.797695 0.858824 0.796415 0.855882 0.796415 0.858824 0.798976 0.864706 0.797695 0.867647 0.796415 0.867647 0.796415 0.897059 0.797695 0.897059 0.798976 0.900000 0.798976 0.902941 0.797695 0.905882 0.796415 0.902941 0.796415 0.905882 0.797695 0.905882 0.798976 0.908824 0.797695 0.911765 0.795134 0.911765 0.792574 0.905882 0.793854 0.902941 0.791293 0.897059 0.793854 0.891176 0.793854 0.861765 0.792574 0.858824 0.792574 0.852941 0.793854 0.850000 0.793854 0.835294 0.791293 0.829412 0.791293 0.826471 0.790013 0.823529 0.790013 0.820588 0.791293 0.817647 0.792574 0.817647 0.793854 0.820588 0.792574 0.817647 0.793854 0.814706 0.795134 0.814706 0.796415 0.817647 0.796415 0.820588 0.796415 0.814706 0.795134 0.811765 0.795134 0.808824 0.793854 0.811765 0.792574 0.811765 0.791293 0.814706 0.788732 0.808824 0.788732 0.800000 0.790013 0.797059 0.788732 0.797059 0.787452 0.794118 0.787452 0.788235 0.788732 0.785294 0.787452 0.785294 0.786172 0.782353 0.787452 0.779412 0.786172 0.776471 0.784891 0.779412 0.782330 0.773529 0.782330 0.770588 0.782330 0.773529 0.781050 0.776471 0.779770 0.773529 0.779770 0.770588 0.779770 0.776471 0.778489 0.779412 0.775928 0.773529 0.778489 0.779412 0.778489 0.782353 0.783611 0.794118 0.782330 0.797059 0.781050 0.797059 0.779770 0.794118 0.778489 0.797059 0.777209 0.797059 0.775928 0.800000 0.770807 0.788235 0.768246 0.794118 0.766965 0.791176 0.768246 0.794118 0.768246 0.797059 0.765685 0.802941 0.764405 0.800000 0.763124 0.802941 0.761844 0.800000 0.761844 0.791176 0.763124 0.788235 0.763124 0.773529 0.764405 0.770588 0.763124 0.767647 0.764405 0.764706 0.764405 0.755882 0.763124 0.752941 0.760563 0.758824 0.759283 0.758824 0.758003 0.755882 0.758003 0.741176 0.756722 0.738235 0.756722 0.735294 0.755442 0.732353 0.756722 0.729412 0.756722 0.726471 0.758003 0.723529 0.758003 0.717647 0.755442 0.717647 0.755442 0.720588 0.754161 0.723529 0.752881 0.720588 0.752881 0.723529 0.754161 0.726471 0.752881 0.729412 0.751601 0.729412 0.750320 0.726471 0.750320 0.729412 0.747759 0.735294 0.749040 0.738235 0.747759 0.741176 0.747759 0.758824 0.750320 0.764706 0.750320 0.773529 0.749040 0.776471 0.749040 0.785294 0.751601 0.791176 0.750320 0.794118 0.750320 0.800000 0.751601 0.802941 0.751601 0.808824 0.752881 0.811765 0.752881 0.814706 0.751601 0.817647 0.751601 0.832353 0.752881 0.835294 0.751601 0.838235 0.749040 0.838235 0.749040 0.844118 0.750320 0.847059 0.750320 0.855882 0.751601 0.858824 0.751601 0.873529 0.750320 0.876471 0.749040 0.873529 0.747759 0.873529 0.746479 0.870588 0.747759 0.867647 0.747759 0.852941 0.746479 0.850000 0.746479 0.838235 0.745198 0.835294 0.745198 0.826471 0.746479 0.823529 0.747759 0.826471 0.747759 0.832353 0.747759 0.826471 0.746479 0.823529 0.746479 0.814706 0.745198 0.811765 0.745198 0.800000 0.746479 0.797059 0.746479 0.791176 0.745198 0.791176 0.745198 0.794118 0.743918 0.797059 0.742638 0.794118 0.742638 0.779412 0.743918 0.776471 0.743918 0.767647 0.742638 0.770588 0.741357 0.767647 0.741357 0.758824 0.740077 0.755882 0.740077 0.750000 0.738796 0.747059 0.738796 0.732353 0.737516 0.729412 0.737516 0.738235 0.734955 0.744118 0.733675 0.741176 0.733675 0.747059 0.734955 0.750000 0.734955 0.755882 0.733675 0.758824 0.732394 0.755882 0.729834 0.755882 0.728553 0.752941 0.728553 0.750000 0.727273 0.750000 0.725992 0.752941 0.723431 0.747059 0.722151 0.750000 0.723431 0.752941 0.723431 0.755882 0.724712 0.758824 0.724712 0.761765 0.725992 0.764706 0.725992 0.767647 0.727273 0.770588 0.727273 0.773529 0.731114 0.782353 0.731114 0.785294 0.732394 0.788235 0.732394 0.791176 0.731114 0.794118 0.728553 0.788235 0.727273 0.788235 0.727273 0.791176 0.724712 0.797059 0.723431 0.794118 0.723431 0.791176 0.722151 0.788235 0.720871 0.788235 0.720871 0.791176 0.718310 0.797059 0.717029 0.794118 0.717029 0.788235 0.715749 0.785294 0.715749 0.770588 0.714469 0.767647 0.714469 0.776471 0.713188 0.779412 0.713188 0.782353 0.714469 0.785294 0.714469 0.797059 0.715749 0.800000 0.715749 0.811765 0.717029 0.814706 0.717029 0.829412 0.718310 0.832353 0.718310 0.844118 0.719590 0.847059 0.719590 0.850000 0.720871 0.852941 0.719590 0.855882 0.720871 0.858824 0.719590 0.861765 0.720871 0.864706 0.720871 0.876471 0.722151 0.876471 0.723431 0.873529 0.724712 0.873529 0.725992 0.876471 0.725992 0.879412 0.727273 0.882353 0.727273 0.885294 0.728553 0.888235 0.728553 0.905882 0.727273 0.908824 0.725992 0.905882 0.725992 0.900000 0.723431 0.894118 0.724712 0.891176 0.723431 0.894118 0.722151 0.891176 0.722151 0.888235 0.722151 0.891176 0.723431 0.894118 0.722151 0.897059 0.722151 0.900000 0.723431 0.900000 0.728553 0.911765 0.728553 0.923529 0.725992 0.929412 0.723431 0.923529 0.723431 0.920588 0.722151 0.917647 0.722151 0.914706 0.723431 0.911765 0.722151 0.911765 0.722151 0.917647 0.723431 0.920588 0.723431 0.923529 0.725992 0.929412 0.725992 0.932353 0.727273 0.929412 0.728553 0.932353 0.728553 0.935294 0.727273 0.938235 0.728553 0.941176 0.728553 0.944118 0.729834 0.947059 0.729834 0.958824 0.728553 0.961765 0.727273 0.958824 0.727273 0.955882 0.727273 0.958824 0.725992 0.961765 0.724712 0.958824 0.724712 0.950000 0.724712 0.955882 0.723431 0.958824 0.724712 0.961765 0.724712 0.967647 0.725992 0.970588 0.725992 0.973529 0.727273 0.970588 0.728553 0.973529 0.728553 0.976471 0.727273 0.979412 0.727273 0.991176 0.728553 0.988235 0.729834 0.991176 0.729834 0.994118 0.728553 0.997059 0.733675 0.997059 0.733675 0.985294 0.732394 0.982353 0.732394 0.967647 0.733675 0.964706 0.734955 0.967647 0.734955 0.979412 0.736236 0.982353 0.736236 0.997059 0.741357 0.997059 0.741357 0.994118 0.742638 0.991176 0.743918 0.994118 0.743918 0.997059 0.810499 0.997059 0.807939 0.991176 0.807939 0.988235 0.809219 0.985294 0.814341 0.997059 0.813060 0.994118 0.813060 0.991176 0.811780 0.991176 0.809219 0.985294 0.809219 0.976471 0.810499 0.973529 0.810499 0.970588 0.811780 0.967647 0.813060 0.970588 0.813060 0.973529 0.814341 0.976471 0.814341 0.982353 0.815621 0.985294 0.815621 0.988235 0.816901 0.988235 0.818182 0.991176 0.818182 0.997059 0.819462 0.994118 0.820743 0.997059 0.820743 0.994118 0.822023 0.991176 0.823303 0.991176 0.824584 0.994118 0.823303 0.997059 0.829706 0.997059 0.828425 0.994118 0.829706 0.991176 0.832266 0.991176 0.833547 0.994118 0.832266 0.997059 0.833547 0.997059 0.834827 0.994118 0.836108 0.997059 0.836108 0.991176 0.838668 0.985294 0.839949 0.988235 0.839949 0.991176 0.838668 0.994118 0.839949 0.997059 0.846351 0.997059 0.846351 0.994118 0.845070 0.997059 0.843790 0.994118 0.843790 0.988235 0.845070 0.985294 0.843790 0.985294 0.842510 0.982353 0.842510 0.976471 0.845070 0.970588 0.846351 0.973529 0.847631 0.973529 0.848912 0.976471 0.847631 0.979412 0.847631 0.982353 0.851472 0.991176 0.851472 0.994118 0.852753 0.997059 0.854033 0.997059 0.854033 0.994118 0.855314 0.991176 0.856594 0.994118 0.856594 0.997059 0.856594 0.988235 0.855314 0.985294 0.856594 0.982353 0.857875 0.982353 0.859155 0.985294 0.859155 0.997059 0.861716 0.997059 0.861716 0.994118 0.860435 0.991176 0.860435 0.985294 0.859155 0.982353 0.859155 0.979412 0.855314 0.970588 0.855314 0.964706 0.854033 0.961765 0.854033 0.958824 0.852753 0.955882 0.852753 0.947059 0.854033 0.944118 0.852753 0.947059 0.851472 0.944118 0.851472 0.941176 0.852753 0.938235 0.852753 0.935294 0.854033 0.932353 0.855314 0.935294 0.855314 0.938235 0.856594 0.941176 0.856594 0.944118 0.857875 0.947059 0.857875 0.952941 0.859155 0.955882 0.859155 0.958824 0.860435 0.961765 0.860435 0.964706 0.861716 0.967647 0.861716 0.970588 0.862996 0.973529 0.862996 0.979412 0.864277 0.982353 0.864277 0.985294 0.865557 0.988235 0.865557 0.994118 0.866837 0.997059 0.875800 0.997059 0.874520 0.994118 0.875800 0.991176 0.877081 0.991176 0.878361 0.994118 0.878361 0.997059 0.892446 0.997059 0.892446 0.985294 0.889885 0.985294 0.888604 0.982353 0.888604 0.979412 0.889885 0.976471 0.891165 0.979412 0.892446 0.979412 0.892446 0.976471 0.893726 0.973529 0.895006 0.976471 0.895006 0.988235 0.896287 0.991176 0.896287 0.997059 0.896287 0.994118 0.897567 0.991176 0.898848 0.991176 0.900128 0.994118 0.900128 0.997059 0.901408 0.997059 0.901408 0.994118 0.900128 0.991176 0.900128 0.988235 0.901408 0.985294 0.898848 0.979412 0.898848 0.976471 0.900128 0.973529 0.897567 0.967647 0.897567 0.964706 0.898848 0.961765 0.898848 0.958824 0.897567 0.958824 0.896287 0.955882 0.896287 0.952941 0.897567 0.950000 0.897567 0.944118 0.898848 0.941176 0.900128 0.941176 0.901408 0.944118 0.901408 0.947059 0.900128 0.950000 0.901408 0.952941 0.901408 0.958824 0.902689 0.961765 0.902689 0.967647 0.903969 0.970588 0.903969 0.976471 0.905250 0.973529 0.907810 0.979412 0.907810 0.976471 0.909091 0.973529 0.911652 0.979412 0.911652 0.994118 0.911652 0.991176 0.912932 0.988235 0.914213 0.991176 0.914213 0.997059 0.915493 0.994118 0.916773 0.997059 0.967990 0.997059 0.966709 0.997059 0.965429 0.994118 0.965429 0.967647 0.964149 0.964706 0.964149 0.950000 0.965429 0.947059 0.966709 0.950000 0.966709 0.958824 0.967990 0.958824 0.969270 0.961765 0.967990 0.964706 0.967990 0.973529 0.969270 0.976471 0.969270 0.985294 0.970551 0.988235 0.970551 0.997059 0.998720 0.997059 0.998720 0.908824 0.997439 0.905882 0.997439 0.891176 0.996159 0.891176 0.994878 0.888235 0.993598 0.891176 0.992318 0.888235 0.992318 0.873529 0.992318 0.885294 0.991037 0.888235 0.988476 0.882353 0.988476 0.876471 0.987196 0.873529 0.987196 0.870588 0.985915 0.870588 0.983355 0.864706 0.982074 0.864706 0.980794 0.861765 0.980794 0.852941 0.982074 0.850000 0.979513 0.844118 0.974392 0.855882 0.971831 0.850000 0.973111 0.847059 0.973111 0.838235 0.974392 0.835294 0.974392 0.829412 0.975672 0.826471 0.974392 0.829412 0.974392 0.832353 0.973111 0.835294 0.973111 0.838235 0.971831 0.841176 0.970551 0.841176 0.967990 0.835294 0.966709 0.835294 0.965429 0.832353 0.964149 0.832353 0.961588 0.826471 0.960307 0.829412 0.957746 0.829412 0.956466 0.826471 0.955186 0.826471 0.955186 0.832353 0.956466 0.835294 0.956466 0.838235 0.957746 0.841176 0.957746 0.844118 0.956466 0.847059 0.953905 0.847059 0.952625 0.844118 0.952625 0.832353 0.952625 0.844118 0.951344 0.847059 0.950064 0.844118 0.948784 0.844118 0.946223 0.838235 0.946223 0.832353 0.947503 0.829412 0.946223 0.826471 0.947503 0.823529 0.946223 0.820588 0.946223 0.800000 0.947503 0.797059 0.947503 0.788235 0.948784 0.785294 0.951344 0.785294 0.951344 0.782353 0.952625 0.779412 0.952625 0.776471 0.953905 0.773529 0.953905 0.761765 0.955186 0.758824 0.955186 0.752941 0.953905 0.750000 0.952625 0.752941 0.950064 0.752941 0.947503 0.747059 0.946223 0.750000 0.946223 0.755882 0.944942 0.758824 0.944942 0.761765 0.943662 0.764706 0.941101 0.758824 0.939821 0.758824 0.938540 0.761765 0.939821 0.764706 0.939821 0.767647 0.941101 0.770588 0.941101 0.773529 0.939821 0.776471 0.938540 0.776471 0.938540 0.785294 0.937260 0.788235 0.935980 0.788235 0.935980 0.794118 0.937260 0.797059 0.935980 0.800000 0.934699 0.800000 0.934699 0.811765 0.932138 0.817647 0.930858 0.814706 0.930858 0.802941 0.927017 0.794118 0.927017 0.788235 0.927017 0.805882 0.925736 0.808824 0.925736 0.832353 0.927017 0.829412 0.928297 0.832353 0.928297 0.847059 0.927017 0.850000 0.925736 0.847059 0.925736 0.838235 0.925736 0.850000 0.924456 0.852941 0.923175 0.850000 0.923175 0.870588 0.925736 0.876471 0.925736 0.879412 0.927017 0.882353 0.927017 0.858824 0.928297 0.855882 0.929577 0.858824 0.929577 0.879412 0.930858 0.882353 0.929577 0.885294 0.930858 0.888235 0.930858 0.900000 0.933419 0.905882 0.932138 0.908824 0.930858 0.908824 0.932138 0.911765 0.932138 0.917647 0.934699 0.923529 0.934699 0.926471 0.935980 0.929412 0.934699 0.932353 0.933419 0.932353 0.934699 0.935294 0.930858 0.944118 0.929577 0.944118 0.928297 0.941176 0.927017 0.941176 0.925736 0.938235 0.923175 0.938235 0.921895 0.935294 0.921895 0.932353 0.920615 0.932353 0.918054 0.926471 0.918054 0.917647 0.919334 0.914706 0.920615 0.917647 0.919334 0.914706 0.920615 0.911765 0.920615 0.908824 0.919334 0.905882 0.919334 0.900000 0.918054 0.897059 0.918054 0.894118 0.919334 0.891176 0.919334 0.888235 0.918054 0.885294 0.918054 0.882353 0.916773 0.879412 0.918054 0.876471 0.916773 0.873529 0.916773 0.867647 0.915493 0.864706 0.915493 0.841176 0.914213 0.838235 0.914213 0.835294 0.912932 0.832353 0.912932 0.823529 0.911652 0.820588 0.911652 0.817647 0.910371 0.814706 0.911652 0.811765 0.910371 0.808824 0.910371 0.802941 0.909091 0.800000 0.909091 0.797059 0.907810 0.800000 0.905250 0.794118 0.905250 0.791176 0.902689 0.785294 0.902689 0.776471 0.901408 0.773529 0.900128 0.773529 0.898848 0.770588 0.898848 0.767647 0.897567 0.764706 0.897567 0.761765 0.896287 0.761765 0.896287 0.764706 0.895006 0.767647 0.893726 0.764706 0.893726 0.752941 0.895006 0.750000 0.895006 0.744118 0.887324 0.744118 0.886044 0.747059 0.884763 0.744118 0.884763 0.741176 0.883483 0.741176 0.882202 0.738235 0.880922 0.738235 0.879641 0.741176 0.879641 0.744118 0.880922 0.747059 0.880922 0.750000 0.883483 0.755882 0.883483 0.758824 0.884763 0.758824 0.892446 0.776471 0.892446 0.779412 0.895006 0.785294 0.895006 0.788235 0.896287 0.791176 0.895006 0.794118 0.893726 0.794118 0.893726 0.797059 0.895006 0.797059 0.896287 0.800000 0.895006 0.802941 0.896287 0.805882 0.895006 0.808824 0.892446 0.808824 0.893726 0.808824 0.895006 0.811765 0.893726 0.814706 0.896287 0.814706 0.897567 0.817647 0.897567 0.808824 0.898848 0.805882 0.900128 0.808824 0.900128 0.811765 0.901408 0.814706 0.901408 0.820588 0.900128 0.823529 0.898848 0.823529 0.896287 0.829412 0.895006 0.826471 0.895006 0.823529 0.893726 0.820588 0.892446 0.820588 0.889885 0.814706 0.888604 0.817647 0.887324 0.814706 0.887324 0.808824 0.888604 0.805882 0.888604 0.802941 0.889885 0.800000 0.887324 0.800000 0.886044 0.797059 0.886044 0.791176 0.884763 0.791176 0.883483 0.788235 0.879641 0.788235 0.878361 0.785294 0.879641 0.782353 0.879641 0.779412 0.878361 0.782353 0.877081 0.782353 0.875800 0.779412 0.874520 0.779412 0.873239 0.776471 0.871959 0.776471 0.870679 0.773529 0.869398 0.773529 0.868118 0.776471 0.866837 0.773529 0.866837 0.770588 0.865557 0.767647 0.864277 0.767647 0.862996 0.764706 0.862996 0.782353 0.864277 0.785294 0.864277 0.797059 0.865557 0.800000 0.865557 0.811765 0.866837 0.814706 0.865557 0.817647 0.866837 0.814706 0.868118 0.817647 0.868118 0.820588 0.865557 0.826471 0.865557 0.829412 0.864277 0.832353 0.865557 0.832353 0.866837 0.835294 0.866837 0.838235 0.866837 0.832353 0.865557 0.829412 0.865557 0.826471 0.866837 0.823529 0.869398 0.829412 0.869398 0.835294 0.870679 0.838235 0.870679 0.841176 0.870679 0.835294 0.869398 0.832353 0.871959 0.826471 0.870679 0.826471 0.869398 0.823529 0.870679 0.820588 0.869398 0.820588 0.868118 0.817647 0.869398 0.814706 0.869398 0.811765 0.868118 0.808824 0.868118 0.805882 0.866837 0.802941 0.870679 0.794118 0.875800 0.805882 0.875800 0.808824 0.879641 0.817647 0.878361 0.820588 0.878361 0.823529 0.875800 0.829412 0.874520 0.829412 0.873239 0.832353 0.873239 0.835294 0.873239 0.832353 0.874520 0.829412 0.875800 0.829412 0.877081 0.832353 0.877081 0.838235 0.875800 0.841176 0.875800 0.847059 0.874520 0.850000 0.873239 0.847059 0.871959 0.847059 0.870679 0.850000 0.870679 0.855882 0.871959 0.858824 0.871959 0.861765 0.873239 0.864706 0.873239 0.882353 0.874520 0.885294 0.874520 0.897059 0.875800 0.900000 0.875800 0.917647 0.877081 0.920588 0.877081 0.932353 0.875800 0.935294 0.871959 0.935294 0.870679 0.932353 0.870679 0.905882 0.869398 0.902941 0.869398 0.897059 0.868118 0.894118 0.869398 0.891176 0.869398 0.879412 0.868118 0.876471 0.868118 0.867647 0.868118 0.876471 0.866837 0.879412 0.865557 0.876471 0.865557 0.855882 0.866837 0.852941 0.868118 0.855882 0.868118 0.852941 0.866837 0.850000 0.868118 0.847059 0.868118 0.844118 0.865557 0.850000 0.864277 0.847059 0.864277 0.838235 0.862996 0.838235 0.864277 0.841176 0.864277 0.844118 0.862996 0.847059 0.860435 0.841176 0.859155 0.841176 0.857875 0.838235 0.857875 0.826471 0.856594 0.823529 0.856594 0.808824 0.857875 0.805882 0.859155 0.808824 0.859155 0.814706 0.860435 0.814706 0.861716 0.817647 0.860435 0.820588 0.861716 0.823529 0.860435 0.826471 0.861716 0.829412 0.861716 0.832353 0.860435 0.835294 0.861716 0.832353 0.861716 0.829412 0.862996 0.826471 0.862996 0.808824 0.861716 0.805882 0.861716 0.797059 0.860435 0.794118 0.860435 0.761765 0.859155 0.761765 0.857875 0.758824 0.856594 0.758824 0.855314 0.755882 0.854033 0.755882 0.852753 0.752941 0.851472 0.752941 0.850192 0.750000 0.850192 0.747059 0.851472 0.744118 0.852753 0.747059 0.854033 0.747059 0.855314 0.750000 0.856594 0.750000 0.857875 0.752941 0.859155 0.752941 0.859155 0.747059 0.857875 0.744118 0.857875 0.735294 0.856594 0.732353 0.856594 0.726471 0.857875 0.723529 0.857875 0.717647 0.855314 0.717647 0.855314 0.720588 0.854033 0.723529 0.852753 0.720588 0.851472 0.720588 0.852753 0.723529 0.851472 0.726471 0.850192 0.726471 0.850192 0.729412 0.851472 0.732353 0.848912 0.738235 0.847631 0.738235 0.847631 0.747059 0.848912 0.750000 0.848912 0.758824 0.847631 0.761765 0.846351 0.758824 0.846351 0.752941 0.845070 0.750000 0.845070 0.744118 0.842510 0.744118 0.841229 0.741176 0.841229 0.744118 0.839949 0.747059 0.837388 0.747059 0.836108 0.744118 0.836108 0.741176 0.834827 0.738235 0.834827 0.735294 0.833547 0.732353 0.832266 0.732353 0.830986 0.729412 0.828425 0.729412 0.827145 0.726471 0.825864 0.726471 0.829706 0.735294 0.829706 0.738235 0.828425 0.741176 0.828425 0.747059 0.827145 0.750000 0.824584 0.744118 0.823303 0.744118 0.824584 0.747059 0.823303 0.750000 0.824584 0.752941 0.823303 0.755882 0.823303 0.761765 0.822023 0.764706 0.819462 0.758824 0.816901 0.764706 0.815621 0.761765 0.815621 0.750000 0.816901 0.747059 0.814341 0.747059 0.811780 0.741176 0.811780 0.738235 0.811780 0.744118 0.810499 0.747059 0.807939 0.741176 0.807939 0.738235 0.809219 0.735294 0.809219 0.732353 0.806658 0.732353 0.805378 0.735294 0.801536 0.735294 0.801536 0.738235 0.800256 0.741176 0.797695 0.741176 0.795134 0.735294 0.796415 0.732353 0.796415 0.723529 0.797695 0.720588 0.797695 0.714706 0.795134 0.714706 0.793854 0.711765
2 0.736236 0.705882 0.736236 0.708824 0.737516 0.711765 0.737516 0.720588 0.737516 0.711765 0.738796 0.708824 0.740077 0.711765 0.740077 0.717647 0.741357 0.720588 0.741357 0.723529 0.742638 0.726471 0.742638 0.729412 0.743918 0.729412 0.742638 0.726471 0.742638 0.711765 0.741357 0.708824 0.740077 0.708824 0.738796 0.705882 0.738796 0.708824 0.737516 0.711765 0.736236 0.708824
2 0.350832 0.700000 0.350832 0.705882 0.349552 0.708824 0.350832 0.711765 0.350832 0.720588 0.348271 0.726471 0.346991 0.726471 0.345711 0.723529 0.345711 0.717647 0.345711 0.720588 0.344430 0.723529 0.343150 0.720588 0.343150 0.717647 0.341869 0.717647 0.341869 0.723529 0.343150 0.726471 0.341869 0.729412 0.340589 0.729412 0.340589 0.732353 0.339309 0.735294 0.338028 0.732353 0.338028 0.729412 0.335467 0.723529 0.335467 0.717647 0.334187 0.720588 0.332907 0.717647 0.332907 0.714706 0.331626 0.711765 0.330346 0.711765 0.330346 0.717647 0.331626 0.720588 0.331626 0.729412 0.330346 0.732353 0.329065 0.729412 0.323944 0.729412 0.322663 0.726471 0.321383 0.726471 0.320102 0.729412 0.320102 0.735294 0.321383 0.738235 0.320102 0.741176 0.320102 0.750000 0.318822 0.752941 0.317542 0.750000 0.317542 0.747059 0.316261 0.747059 0.316261 0.755882 0.317542 0.758824 0.317542 0.761765 0.316261 0.764706 0.317542 0.767647 0.316261 0.770588 0.318822 0.776471 0.317542 0.779412 0.316261 0.779412 0.317542 0.782353 0.316261 0.785294 0.316261 0.794118 0.314981 0.797059 0.314981 0.802941 0.313700 0.805882 0.312420 0.805882 0.311140 0.802941 0.311140 0.800000 0.312420 0.797059 0.311140 0.794118 0.311140 0.791176 0.312420 0.788235 0.312420 0.785294 0.311140 0.782353 0.311140 0.747059 0.309859 0.744118 0.311140 0.741176 0.311140 0.738235 0.312420 0.735294 0.311140 0.735294 0.309859 0.732353 0.311140 0.729412 0.311140 0.714706 0.312420 0.711765 0.311140 0.708824 0.311140 0.711765 0.309859 0.714706 0.308579 0.711765 0.307298 0.711765 0.307298 0.717647 0.306018 0.720588 0.306018 0.723529 0.304738 0.726471 0.304738 0.729412 0.303457 0.732353 0.303457 0.735294 0.302177 0.738235 0.302177 0.744118 0.299616 0.750000 0.299616 0.764706 0.298335 0.767647 0.298335 0.788235 0.299616 0.791176 0.300896 0.791176 0.302177 0.788235 0.303457 0.791176 0.303457 0.797059 0.304738 0.800000 0.304738 0.808824 0.303457 0.811765 0.300896 0.805882 0.303457 0.811765 0.303457 0.814706 0.304738 0.817647 0.304738 0.823529 0.303457 0.826471 0.302177 0.823529 0.302177 0.820588 0.297055 0.808824 0.298335 0.805882 0.297055 0.805882 0.295775 0.802941 0.294494 0.802941 0.293214 0.800000 0.294494 0.797059 0.294494 0.794118 0.295775 0.791176 0.294494 0.788235 0.294494 0.782353 0.295775 0.779412 0.295775 0.776471 0.294494 0.773529 0.293214 0.773529 0.291933 0.770588 0.293214 0.767647 0.291933 0.770588 0.290653 0.767647 0.290653 0.761765 0.291933 0.758824 0.293214 0.758824 0.294494 0.755882 0.294494 0.750000 0.293214 0.747059 0.293214 0.723529 0.293214 0.747059 0.291933 0.750000 0.289373 0.750000 0.289373 0.755882 0.288092 0.758824 0.286812 0.755882 0.286812 0.752941 0.285531 0.750000 0.284251 0.750000 0.282971 0.747059 0.281690 0.750000 0.280410 0.747059 0.280410 0.741176 0.277849 0.747059 0.276569 0.744118 0.276569 0.735294 0.277849 0.732353 0.277849 0.726471 0.279129 0.723529 0.277849 0.720588 0.277849 0.717647 0.274008 0.717647 0.274008 0.726471 0.272727 0.729412 0.272727 0.738235 0.274008 0.741176 0.274008 0.750000 0.270166 0.758824 0.268886 0.755882 0.270166 0.758824 0.270166 0.761765 0.271447 0.764706 0.270166 0.767647 0.270166 0.791176 0.268886 0.794118 0.267606 0.794118 0.266325 0.797059 0.265045 0.794118 0.265045 0.791176 0.267606 0.785294 0.266325 0.782353 0.266325 0.776471 0.265045 0.776471 0.263764 0.773529 0.263764 0.767647 0.262484 0.764706 0.263764 0.761765 0.263764 0.758824 0.266325 0.752941 0.266325 0.750000 0.263764 0.744118 0.265045 0.747059 0.265045 0.750000 0.263764 0.752941 0.261204 0.747059 0.261204 0.741176 0.259923 0.741176 0.258643 0.738235 0.259923 0.735294 0.261204 0.735294 0.261204 0.729412 0.262484 0.726471 0.262484 0.723529 0.261204 0.720588 0.262484 0.717647 0.263764 0.717647 0.263764 0.714706 0.262484 0.711765 0.259923 0.711765 0.259923 0.714706 0.258643 0.717647 0.258643 0.723529 0.257362 0.726471 0.256082 0.723529 0.256082 0.720588 0.256082 0.732353 0.257362 0.735294 0.257362 0.741176 0.256082 0.744118 0.254802 0.741176 0.254802 0.744118 0.256082 0.747059 0.253521 0.752941 0.252241 0.752941 0.250960 0.750000 0.252241 0.747059 0.252241 0.744118 0.248399 0.744118 0.247119 0.741176 0.247119 0.738235 0.245839 0.735294 0.245839 0.732353 0.244558 0.729412 0.247119 0.723529 0.245839 0.723529 0.244558 0.720588 0.243278 0.723529 0.241997 0.720588 0.241997 0.726471 0.240717 0.729412 0.240717 0.744118 0.239437 0.747059 0.238156 0.744118 0.238156 0.758824 0.236876 0.761765 0.235595 0.758824 0.234315 0.761765 0.234315 0.764706 0.233035 0.767647 0.231754 0.767647 0.231754 0.779412 0.230474 0.782353 0.229193 0.779412 0.229193 0.773529 0.229193 0.776471 0.227913 0.779412 0.226633 0.776471 0.226633 0.770588 0.227913 0.767647 0.225352 0.767647 0.224072 0.764706 0.225352 0.761765 0.227913 0.761765 0.226633 0.758824 0.227913 0.755882 0.227913 0.750000 0.229193 0.747059 0.227913 0.744118 0.229193 0.741176 0.227913 0.738235 0.227913 0.732353 0.229193 0.729412 0.227913 0.729412 0.226633 0.726471 0.222791 0.726471 0.222791 0.729412 0.224072 0.729412 0.225352 0.732353 0.224072 0.735294 0.222791 0.735294 0.222791 0.750000 0.224072 0.752941 0.224072 0.758824 0.225352 0.761765 0.224072 0.764706 0.222791 0.764706 0.224072 0.767647 0.222791 0.770588 0.218950 0.770588 0.220230 0.770588 0.221511 0.773529 0.220230 0.776471 0.220230 0.782353 0.221511 0.785294 0.221511 0.794118 0.217670 0.802941 0.216389 0.800000 0.216389 0.791176 0.215109 0.788235 0.215109 0.773529 0.213828 0.773529 0.212548 0.770588 0.212548 0.764706 0.211268 0.761765 0.212548 0.758824 0.212548 0.755882 0.215109 0.750000 0.215109 0.744118 0.216389 0.741176 0.217670 0.744118 0.216389 0.741176 0.216389 0.738235 0.215109 0.735294 0.215109 0.747059 0.211268 0.755882 0.209987 0.752941 0.209987 0.747059 0.204866 0.747059 0.203585 0.750000 0.202305 0.750000 0.202305 0.758824 0.203585 0.755882 0.204866 0.758824 0.204866 0.761765 0.203585 0.764706 0.203585 0.770588 0.204866 0.773529 0.204866 0.785294 0.203585 0.788235 0.203585 0.791176 0.201024 0.797059 0.199744 0.794118 0.199744 0.785294 0.198464 0.788235 0.198464 0.791176 0.199744 0.794118 0.198464 0.797059 0.194622 0.797059 0.193342 0.800000 0.192061 0.797059 0.192061 0.794118 0.190781 0.794118 0.189501 0.797059 0.188220 0.797059 0.186940 0.800000 0.184379 0.800000 0.183099 0.802941 0.181818 0.802941 0.181818 0.805882 0.180538 0.808824 0.179257 0.805882 0.177977 0.805882 0.176697 0.808824 0.175416 0.808824 0.175416 0.811765 0.174136 0.814706 0.172855 0.811765 0.169014 0.820588 0.167734 0.817647 0.166453 0.820588 0.163892 0.820588 0.162612 0.823529 0.160051 0.823529 0.158771 0.826471 0.157490 0.826471 0.157490 0.829412 0.156210 0.832353 0.154930 0.829412 0.154930 0.832353 0.153649 0.835294 0.152369 0.832353 0.151088 0.835294 0.149808 0.835294 0.148528 0.838235 0.145967 0.838235 0.147247 0.841176 0.145967 0.844118 0.144686 0.844118 0.143406 0.841176 0.142125 0.844118 0.140845 0.844118 0.139565 0.847059 0.138284 0.847059 0.137004 0.850000 0.137004 0.864706 0.138284 0.867647 0.138284 0.882353 0.139565 0.882353 0.140845 0.885294 0.140845 0.891176 0.139565 0.894118 0.138284 0.891176 0.138284 0.900000 0.137004 0.902941 0.135723 0.900000 0.135723 0.876471 0.134443 0.873529 0.134443 0.852941 0.133163 0.852941 0.131882 0.855882 0.130602 0.855882 0.129321 0.858824 0.128041 0.858824 0.126761 0.861765 0.125480 0.861765 0.124200 0.864706 0.121639 0.864706 0.120359 0.867647 0.119078 0.867647 0.117798 0.870588 0.116517 0.870588 0.115237 0.873529 0.113956 0.873529 0.112676 0.876471 0.111396 0.876471 0.110115 0.879412 0.108835 0.879412 0.106274 0.885294 0.106274 0.888235 0.102433 0.897059 0.099872 0.891176 0.098592 0.891176 0.097311 0.894118 0.096031 0.894118 0.094750 0.897059 0.093470 0.897059 0.092190 0.900000 0.090909 0.900000 0.089629 0.902941 0.088348 0.902941 0.087068 0.905882 0.085787 0.905882 0.084507 0.908824 0.083227 0.908824 0.081946 0.911765 0.080666 0.911765 0.078105 0.917647 0.076825 0.917647 0.074264 0.923529 0.072983 0.923529 0.071703 0.926471 0.069142 0.926471 0.067862 0.929412 0.066581 0.929412 0.065301 0.932353 0.064020 0.932353 0.062740 0.935294 0.061460 0.935294 0.058899 0.941176 0.057618 0.941176 0.056338 0.944118 0.055058 0.944118 0.053777 0.947059 0.052497 0.947059 0.051216 0.950000 0.049936 0.950000 0.047375 0.955882 0.046095 0.955882 0.044814 0.958824 0.043534 0.958824 0.042254 0.961765 0.040973 0.961765 0.039693 0.964706 0.038412 0.964706 0.037132 0.967647 0.035851 0.967647 0.034571 0.970588 0.033291 0.970588 0.032010 0.973529 0.030730 0.973529 0.029449 0.976471 0.029449 0.979412 0.028169 0.982353 0.028169 0.988235 0.026889 0.991176 0.026889 0.994118 0.025608 0.997059 0.070423 0.997059 0.071703 0.994118 0.072983 0.994118 0.074264 0.997059 0.093470 0.997059 0.093470 0.988235 0.094750 0.985294 0.094750 0.979412 0.096031 0.976471 0.097311 0.979412 0.097311 0.994118 0.096031 0.997059 0.107554 0.997059 0.108835 0.994118 0.108835 0.985294 0.110115 0.982353 0.111396 0.985294 0.111396 0.991176 0.112676 0.994118 0.112676 0.997059 0.112676 0.994118 0.113956 0.991176 0.115237 0.991176 0.116517 0.994118 0.116517 0.997059 0.117798 0.997059 0.117798 0.985294 0.119078 0.982353 0.120359 0.985294 0.120359 0.997059 0.121639 0.997059 0.121639 0.979412 0.120359 0.976471 0.122919 0.970588 0.122919 0.967647 0.124200 0.964706 0.124200 0.961765 0.125480 0.958824 0.125480 0.952941 0.126761 0.950000 0.128041 0.952941 0.128041 0.979412 0.126761 0.982353 0.126761 0.997059 0.133163 0.997059 0.133163 0.991176 0.134443 0.988235 0.135723 0.991176 0.135723 0.997059 0.137004 0.997059 0.138284 0.994118 0.139565 0.997059 0.142125 0.997059 0.142125 0.991176 0.143406 0.988235 0.143406 0.979412 0.144686 0.976471 0.144686 0.967647 0.145967 0.964706 0.145967 0.958824 0.144686 0.955882 0.145967 0.952941 0.147247 0.952941 0.147247 0.947059 0.148528 0.944118 0.149808 0.947059 0.149808 0.958824 0.148528 0.961765 0.149808 0.964706 0.148528 0.967647 0.148528 0.976471 0.147247 0.979412 0.147247 0.991176 0.145967 0.994118 0.145967 0.997059 0.147247 0.994118 0.148528 0.997059 0.188220 0.997059 0.188220 0.991176 0.189501 0.988235 0.190781 0.991176 0.190781 0.997059 0.233035 0.997059 0.233035 0.994118 0.234315 0.991176 0.235595 0.994118 0.235595 0.997059 0.241997 0.997059 0.241997 0.985294 0.243278 0.982353 0.244558 0.985294 0.244558 0.997059 0.248399 0.997059 0.248399 0.994118 0.249680 0.991176 0.250960 0.991176 0.252241 0.994118 0.252241 0.997059 0.258643 0.997059 0.258643 0.994118 0.259923 0.991176 0.259923 0.967647 0.258643 0.964706 0.258643 0.958824 0.258643 0.961765 0.257362 0.964706 0.256082 0.961765 0.256082 0.941176 0.257362 0.938235 0.258643 0.941176 0.258643 0.950000 0.259923 0.952941 0.259923 0.941176 0.261204 0.938235 0.261204 0.926471 0.262484 0.923529 0.262484 0.911765 0.263764 0.908824 0.263764 0.902941 0.262484 0.905882 0.261204 0.902941 0.261204 0.882353 0.262484 0.879412 0.262484 0.876471 0.263764 0.873529 0.266325 0.879412 0.266325 0.882353 0.267606 0.885294 0.267606 0.894118 0.266325 0.897059 0.265045 0.894118 0.265045 0.891176 0.265045 0.894118 0.266325 0.897059 0.266325 0.917647 0.265045 0.920588 0.265045 0.926471 0.266325 0.929412 0.266325 0.935294 0.267606 0.938235 0.267606 0.955882 0.267606 0.952941 0.268886 0.950000 0.270166 0.952941 0.270166 0.958824 0.268886 0.961765 0.267606 0.961765 0.266325 0.964706 0.266325 0.967647 0.267606 0.964706 0.268886 0.967647 0.268886 0.997059 0.268886 0.988235 0.270166 0.985294 0.271447 0.985294 0.271447 0.982353 0.270166 0.979412 0.270166 0.967647 0.271447 0.964706 0.271447 0.961765 0.272727 0.958824 0.272727 0.952941 0.274008 0.950000 0.275288 0.952941 0.275288 0.961765 0.274008 0.964706 0.274008 0.991176 0.272727 0.994118 0.271447 0.991176 0.272727 0.994118 0.271447 0.997059 0.288092 0.997059 0.288092 0.991176 0.289373 0.988235 0.290653 0.991176 0.290653 0.997059 0.290653 0.973529 0.291933 0.970588 0.291933 0.958824 0.290653 0.955882 0.291933 0.952941 0.291933 0.950000 0.293214 0.947059 0.294494 0.950000 0.294494 0.964706 0.295775 0.961765 0.297055 0.964706 0.297055 0.967647 0.295775 0.970588 0.294494 0.970588 0.295775 0.973529 0.295775 0.982353 0.294494 0.985294 0.294494 0.991176 0.295775 0.988235 0.295775 0.982353 0.297055 0.979412 0.297055 0.976471 0.298335 0.973529 0.298335 0.970588 0.299616 0.967647 0.299616 0.964706 0.300896 0.961765 0.300896 0.955882 0.302177 0.952941 0.302177 0.950000 0.303457 0.947059 0.303457 0.944118 0.304738 0.941176 0.304738 0.938235 0.306018 0.935294 0.306018 0.929412 0.307298 0.926471 0.307298 0.920588 0.308579 0.917647 0.308579 0.908824 0.309859 0.905882 0.309859 0.888235 0.311140 0.885294 0.312420 0.888235 0.312420 0.891176 0.312420 0.882353 0.313700 0.879412 0.314981 0.882353 0.314981 0.876471 0.316261 0.873529 0.314981 0.870588 0.314981 0.864706 0.316261 0.861765 0.317542 0.864706 0.317542 0.855882 0.316261 0.858824 0.316261 0.861765 0.314981 0.864706 0.313700 0.861765 0.313700 0.855882 0.314981 0.852941 0.314981 0.838235 0.316261 0.835294 0.317542 0.835294 0.318822 0.838235 0.318822 0.841176 0.318822 0.835294 0.317542 0.832353 0.317542 0.800000 0.316261 0.797059 0.316261 0.785294 0.317542 0.782353 0.318822 0.782353 0.321383 0.788235 0.320102 0.791176 0.318822 0.791176 0.318822 0.794118 0.320102 0.797059 0.320102 0.826471 0.320102 0.814706 0.321383 0.811765 0.322663 0.811765 0.323944 0.814706 0.322663 0.817647 0.323944 0.820588 0.322663 0.823529 0.322663 0.832353 0.323944 0.832353 0.325224 0.829412 0.325224 0.826471 0.326504 0.823529 0.325224 0.820588 0.326504 0.817647 0.327785 0.817647 0.326504 0.814706 0.327785 0.811765 0.329065 0.811765 0.330346 0.808824 0.330346 0.805882 0.331626 0.802941 0.331626 0.800000 0.334187 0.794118 0.334187 0.791176 0.335467 0.788235 0.335467 0.785294 0.336748 0.782353 0.335467 0.779412 0.335467 0.773529 0.336748 0.770588 0.338028 0.773529 0.338028 0.776471 0.338028 0.770588 0.339309 0.767647 0.339309 0.744118 0.340589 0.741176 0.343150 0.747059 0.341869 0.750000 0.341869 0.761765 0.341869 0.752941 0.343150 0.750000 0.344430 0.752941 0.343150 0.750000 0.343150 0.747059 0.340589 0.741176 0.340589 0.738235 0.341869 0.735294 0.341869 0.732353 0.343150 0.729412 0.344430 0.732353 0.344430 0.735294 0.345711 0.738235 0.345711 0.747059 0.345711 0.744118 0.346991 0.741176 0.346991 0.738235 0.349552 0.732353 0.349552 0.729412 0.350832 0.726471 0.350832 0.723529 0.352113 0.720588 0.352113 0.717647 0.353393 0.714706 0.353393 0.711765 0.354673 0.708824 0.353393 0.705882 0.354673 0.702941 0.352113 0.702941
2 0.402049 0.697059 0.402049 0.702941 0.400768 0.705882 0.399488 0.705882 0.398207 0.702941 0.398207 0.700000 0.396927 0.700000 0.395647 0.702941 0.394366 0.702941 0.394366 0.705882 0.393086 0.708824 0.393086 0.714706 0.391805 0.717647 0.391805 0.726471 0.390525 0.729412 0.387964 0.723529 0.387964 0.720588 0.386684 0.717647 0.387964 0.714706 0.386684 0.711765 0.386684 0.708824 0.385403 0.708824 0.385403 0.711765 0.384123 0.714706 0.382843 0.714706 0.382843 0.717647 0.381562 0.720588 0.380282 0.717647 0.379001 0.720588 0.376440 0.720588 0.375160 0.717647 0.372599 0.717647 0.371319 0.720588 0.370038 0.717647 0.370038 0.714706 0.368758 0.714706 0.367478 0.711765 0.364917 0.717647 0.363636 0.714706 0.359795 0.723529 0.358515 0.720588 0.358515 0.711765 0.357234 0.711765 0.355954 0.714706 0.355954 0.723529 0.354673 0.726471 0.355954 0.723529 0.357234 0.726471 0.357234 0.729412 0.358515 0.732353 0.358515 0.735294 0.357234 0.738235 0.354673 0.738235 0.353393 0.741176 0.352113 0.738235 0.352113 0.732353 0.352113 0.735294 0.350832 0.738235 0.350832 0.741176 0.349552 0.744118 0.349552 0.747059 0.348271 0.750000 0.348271 0.752941 0.346991 0.755882 0.346991 0.758824 0.345711 0.761765 0.349552 0.770588 0.349552 0.773529 0.352113 0.779412 0.350832 0.782353 0.349552 0.782353 0.349552 0.811765 0.350832 0.808824 0.352113 0.811765 0.352113 0.829412 0.350832 0.832353 0.349552 0.829412 0.349552 0.820588 0.349552 0.826471 0.348271 0.829412 0.348271 0.832353 0.346991 0.835294 0.345711 0.835294 0.344430 0.832353 0.344430 0.820588 0.345711 0.817647 0.345711 0.808824 0.346991 0.805882 0.346991 0.794118 0.345711 0.791176 0.346991 0.788235 0.346991 0.779412 0.344430 0.773529 0.345711 0.770588 0.344430 0.767647 0.343150 0.770588 0.343150 0.773529 0.341869 0.776471 0.341869 0.779412 0.340589 0.782353 0.341869 0.785294 0.341869 0.791176 0.340589 0.794118 0.338028 0.794118 0.338028 0.797059 0.336748 0.800000 0.336748 0.802941 0.334187 0.808824 0.334187 0.811765 0.332907 0.814706 0.332907 0.817647 0.331626 0.820588 0.331626 0.829412 0.330346 0.832353 0.329065 0.832353 0.329065 0.835294 0.327785 0.838235 0.327785 0.841176 0.326504 0.844118 0.326504 0.847059 0.325224 0.850000 0.325224 0.852941 0.323944 0.855882 0.323944 0.858824 0.322663 0.861765 0.322663 0.864706 0.321383 0.867647 0.321383 0.870588 0.320102 0.873529 0.320102 0.876471 0.318822 0.879412 0.318822 0.888235 0.320102 0.885294 0.321383 0.888235 0.320102 0.885294 0.320102 0.882353 0.321383 0.879412 0.321383 0.873529 0.322663 0.870588 0.323944 0.873529 0.323944 0.885294 0.325224 0.888235 0.320102 0.900000 0.320102 0.902941 0.318822 0.905882 0.318822 0.908824 0.317542 0.911765 0.318822 0.914706 0.317542 0.917647 0.318822 0.920588 0.317542 0.923529 0.317542 0.935294 0.316261 0.938235 0.314981 0.935294 0.314981 0.932353 0.312420 0.938235 0.311140 0.935294 0.311140 0.955882 0.312420 0.958824 0.311140 0.961765 0.312420 0.961765 0.313700 0.964706 0.312420 0.967647 0.311140 0.967647 0.312420 0.970588 0.309859 0.976471 0.308579 0.973529 0.308579 0.961765 0.308579 0.988235 0.307298 0.991176 0.307298 0.997059 0.332907 0.997059 0.331626 0.994118 0.331626 0.982353 0.330346 0.979412 0.329065 0.979412 0.327785 0.976471 0.329065 0.973529 0.332907 0.973529 0.334187 0.970588 0.332907 0.967647 0.335467 0.961765 0.334187 0.961765 0.332907 0.964706 0.332907 0.967647 0.331626 0.970588 0.330346 0.967647 0.329065 0.970588 0.327785 0.967647 0.327785 0.961765 0.329065 0.958824 0.329065 0.955882 0.330346 0.952941 0.330346 0.950000 0.331626 0.947059 0.331626 0.938235 0.325224 0.952941 0.323944 0.950000 0.323944 0.935294 0.322663 0.932353 0.320102 0.932353 0.318822 0.929412 0.318822 0.926471 0.321383 0.920588 0.320102 0.917647 0.320102 0.908824 0.318822 0.905882 0.320102 0.902941 0.321383 0.902941 0.323944 0.908824 0.322663 0.911765 0.325224 0.905882 0.326504 0.905882 0.327785 0.902941 0.329065 0.902941 0.330346 0.905882 0.330346 0.908824 0.331626 0.908824 0.332907 0.911765 0.332907 0.914706 0.334187 0.917647 0.334187 0.920588 0.335467 0.923529 0.335467 0.929412 0.336748 0.926471 0.336748 0.914706 0.338028 0.911765 0.338028 0.900000 0.339309 0.897059 0.339309 0.885294 0.340589 0.882353 0.341869 0.885294 0.341869 0.897059 0.343150 0.900000 0.343150 0.905882 0.341869 0.908824 0.343150 0.905882 0.344430 0.908824 0.344430 0.911765 0.341869 0.917647 0.341869 0.923529 0.343150 0.926471 0.341869 0.929412 0.341869 0.932353 0.340589 0.935294 0.339309 0.932353 0.338028 0.935294 0.338028 0.944118 0.339309 0.947059 0.339309 0.958824 0.338028 0.961765 0.339309 0.964706 0.339309 0.967647 0.336748 0.973529 0.336748 0.985294 0.335467 0.988235 0.335467 0.994118 0.336748 0.997059 0.349552 0.997059 0.348271 0.994118 0.349552 0.991176 0.349552 0.985294 0.350832 0.982353 0.352113 0.985294 0.352113 0.994118 0.353393 0.997059 0.352113 0.994118 0.353393 0.991176 0.357234 0.991176 0.359795 0.997059 0.380282 0.997059 0.380282 0.982353 0.381562 0.979412 0.381562 0.958824 0.382843 0.955882 0.382843 0.935294 0.384123 0.932353 0.385403 0.935294 0.385403 0.970588 0.385403 0.941176 0.386684 0.938235 0.387964 0.941176 0.387964 0.955882 0.389245 0.958824 0.389245 0.964706 0.387964 0.967647 0.389245 0.970588 0.389245 0.976471 0.387964 0.979412 0.389245 0.982353 0.389245 0.985294 0.390525 0.985294 0.391805 0.988235 0.391805 0.991176 0.390525 0.994118 0.391805 0.997059 0.413572 0.997059 0.414853 0.994118 0.416133 0.997059 0.418694 0.997059 0.419974 0.994118 0.421255 0.997059 0.436620 0.997059 0.436620 0.985294 0.437900 0.982353 0.439181 0.985294 0.439181 0.988235 0.440461 0.991176 0.440461 0.997059 0.445583 0.997059 0.445583 0.973529 0.444302 0.970588 0.444302 0.952941 0.445583 0.950000 0.445583 0.929412 0.446863 0.926471 0.446863 0.900000 0.445583 0.897059 0.444302 0.897059 0.444302 0.900000 0.443022 0.902941 0.443022 0.914706 0.440461 0.920588 0.439181 0.917647 0.439181 0.905882 0.440461 0.902941 0.440461 0.900000 0.441741 0.897059 0.440461 0.894118 0.440461 0.885294 0.441741 0.882353 0.443022 0.885294 0.443022 0.864706 0.444302 0.861765 0.444302 0.850000 0.445583 0.847059 0.446863 0.850000 0.445583 0.847059 0.445583 0.791176 0.448143 0.785294 0.448143 0.767647 0.446863 0.764706 0.446863 0.752941 0.449424 0.747059 0.450704 0.747059 0.450704 0.738235 0.449424 0.735294 0.449424 0.732353 0.450704 0.729412 0.450704 0.714706 0.449424 0.711765 0.449424 0.705882 0.448143 0.705882 0.448143 0.711765 0.449424 0.714706 0.449424 0.723529 0.448143 0.726471 0.446863 0.723529 0.445583 0.726471 0.445583 0.735294 0.444302 0.738235 0.444302 0.752941 0.443022 0.755882 0.441741 0.752941 0.441741 0.732353 0.443022 0.729412 0.443022 0.720588 0.444302 0.717647 0.444302 0.711765 0.445583 0.708824 0.445583 0.702941 0.444302 0.705882 0.444302 0.708824 0.443022 0.711765 0.441741 0.711765 0.440461 0.708824 0.440461 0.720588 0.439181 0.723529 0.440461 0.726471 0.439181 0.729412 0.441741 0.735294 0.440461 0.738235 0.440461 0.750000 0.436620 0.758824 0.435339 0.755882 0.435339 0.752941 0.436620 0.750000 0.436620 0.747059 0.437900 0.744118 0.436620 0.741176 0.436620 0.726471 0.435339 0.723529 0.435339 0.732353 0.434059 0.735294 0.431498 0.729412 0.432778 0.726471 0.431498 0.723529 0.432778 0.720588 0.432778 0.717647 0.431498 0.714706 0.434059 0.708824 0.434059 0.702941 0.435339 0.700000 0.435339 0.697059 0.432778 0.697059 0.432778 0.700000 0.431498 0.702941 0.432778 0.705882 0.428937 0.714706 0.428937 0.717647 0.427657 0.720588 0.426376 0.717647 0.426376 0.714706 0.426376 0.720588 0.427657 0.723529 0.427657 0.726471 0.426376 0.729412 0.425096 0.726471 0.423816 0.729412 0.422535 0.726471 0.422535 0.723529 0.419974 0.723529 0.418694 0.720588 0.418694 0.714706 0.417414 0.714706 0.414853 0.708824 0.413572 0.711765 0.413572 0.723529 0.412292 0.726471 0.411012 0.726471 0.409731 0.723529 0.409731 0.720588 0.408451 0.717647 0.408451 0.708824 0.407170 0.708824 0.404609 0.702941 0.404609 0.700000 0.403329 0.697059
2 0.464789 0.694118 0.464789 0.700000 0.463508 0.702941 0.463508 0.705882 0.460948 0.711765 0.462228 0.708824 0.463508 0.708824 0.464789 0.711765 0.464789 0.714706 0.462228 0.720588 0.462228 0.738235 0.460948 0.741176 0.460948 0.761765 0.462228 0.758824 0.463508 0.761765 0.463508 0.770588 0.460948 0.776471 0.459667 0.776471 0.458387 0.773529 0.458387 0.764706 0.457106 0.764706 0.457106 0.797059 0.455826 0.800000 0.455826 0.820588 0.454545 0.823529 0.453265 0.823529 0.451985 0.826471 0.453265 0.826471 0.455826 0.832353 0.455826 0.838235 0.454545 0.841176 0.454545 0.850000 0.453265 0.852941 0.453265 0.861765 0.454545 0.864706 0.453265 0.867647 0.453265 0.882353 0.453265 0.873529 0.454545 0.870588 0.455826 0.873529 0.455826 0.879412 0.457106 0.882353 0.457106 0.894118 0.457106 0.891176 0.458387 0.888235 0.458387 0.882353 0.459667 0.879412 0.459667 0.873529 0.460948 0.870588 0.460948 0.861765 0.462228 0.858824 0.462228 0.850000 0.463508 0.847059 0.463508 0.841176 0.464789 0.838235 0.464789 0.832353 0.466069 0.829412 0.466069 0.823529 0.467350 0.820588 0.467350 0.817647 0.468630 0.814706 0.469910 0.817647 0.469910 0.823529 0.468630 0.826471 0.468630 0.841176 0.467350 0.844118 0.467350 0.858824 0.466069 0.861765 0.466069 0.885294 0.464789 0.888235 0.464789 0.902941 0.463508 0.905882 0.463508 0.920588 0.462228 0.923529 0.462228 0.929412 0.460948 0.932353 0.460948 0.938235 0.459667 0.941176 0.459667 0.947059 0.458387 0.950000 0.458387 0.967647 0.457106 0.970588 0.455826 0.967647 0.455826 0.973529 0.454545 0.976471 0.454545 0.991176 0.455826 0.988235 0.457106 0.991176 0.457106 0.997059 0.462228 0.997059 0.463508 0.994118 0.464789 0.997059 0.469910 0.997059 0.469910 0.973529 0.471191 0.970588 0.472471 0.970588 0.473752 0.973529 0.472471 0.976471 0.472471 0.997059 0.477593 0.997059 0.477593 0.947059 0.478873 0.944118 0.478873 0.920588 0.478873 0.941176 0.477593 0.944118 0.476312 0.941176 0.476312 0.935294 0.475032 0.932353 0.475032 0.923529 0.476312 0.920588 0.476312 0.905882 0.477593 0.902941 0.477593 0.900000 0.476312 0.897059 0.476312 0.894118 0.475032 0.897059 0.473752 0.894118 0.473752 0.888235 0.475032 0.885294 0.475032 0.876471 0.473752 0.876471 0.473752 0.897059 0.475032 0.897059 0.476312 0.900000 0.476312 0.905882 0.475032 0.908824 0.475032 0.914706 0.473752 0.917647 0.468630 0.917647 0.467350 0.914706 0.467350 0.911765 0.468630 0.908824 0.468630 0.897059 0.467350 0.894118 0.468630 0.891176 0.468630 0.888235 0.467350 0.885294 0.468630 0.882353 0.468630 0.873529 0.469910 0.870588 0.469910 0.829412 0.471191 0.826471 0.471191 0.814706 0.469910 0.811765 0.469910 0.808824 0.468630 0.805882 0.469910 0.802941 0.468630 0.800000 0.468630 0.776471 0.467350 0.773529 0.467350 0.755882 0.466069 0.752941 0.467350 0.750000 0.467350 0.747059 0.464789 0.741176 0.466069 0.738235 0.466069 0.735294 0.467350 0.732353 0.466069 0.729412 0.467350 0.726471 0.469910 0.726471 0.471191 0.729412 0.471191 0.767647 0.472471 0.770588 0.472471 0.788235 0.473752 0.791176 0.473752 0.817647 0.475032 0.817647 0.475032 0.802941 0.476312 0.800000 0.478873 0.805882 0.478873 0.808824 0.477593 0.811765 0.478873 0.814706 0.477593 0.817647 0.478873 0.820588 0.477593 0.823529 0.473752 0.823529 0.473752 0.838235 0.475032 0.841176 0.475032 0.847059 0.476312 0.847059 0.477593 0.850000 0.477593 0.855882 0.476312 0.858824 0.476312 0.861765 0.477593 0.864706 0.477593 0.867647 0.478873 0.870588 0.478873 0.873529 0.480154 0.876471 0.478873 0.879412 0.480154 0.882353 0.480154 0.891176 0.481434 0.894118 0.481434 0.900000 0.480154 0.902941 0.480154 0.908824 0.481434 0.911765 0.481434 0.923529 0.482714 0.926471 0.482714 0.935294 0.483995 0.938235 0.483995 0.950000 0.483995 0.947059 0.485275 0.944118 0.486556 0.944118 0.487836 0.947059 0.486556 0.950000 0.486556 0.952941 0.485275 0.955882 0.485275 0.970588 0.483995 0.973529 0.482714 0.970588 0.482714 0.961765 0.481434 0.958824 0.481434 0.955882 0.481434 0.982353 0.482714 0.982353 0.483995 0.985294 0.481434 0.991176 0.482714 0.994118 0.481434 0.997059 0.486556 0.997059 0.487836 0.994118 0.489117 0.997059 0.489117 0.988235 0.487836 0.985294 0.487836 0.982353 0.489117 0.979412 0.489117 0.941176 0.490397 0.938235 0.491677 0.941176 0.491677 0.947059 0.492958 0.950000 0.492958 0.964706 0.491677 0.967647 0.491677 0.997059 0.491677 0.991176 0.492958 0.988235 0.494238 0.991176 0.494238 0.997059 0.494238 0.979412 0.495519 0.976471 0.496799 0.979412 0.496799 0.997059 0.499360 0.997059 0.499360 0.988235 0.498079 0.985294 0.499360 0.982353 0.498079 0.985294 0.496799 0.982353 0.496799 0.970588 0.494238 0.964706 0.494238 0.961765 0.495519 0.958824 0.495519 0.941176 0.496799 0.938235 0.496799 0.926471 0.495519 0.923529 0.495519 0.914706 0.494238 0.911765 0.494238 0.902941 0.495519 0.900000 0.496799 0.902941 0.496799 0.908824 0.496799 0.902941 0.498079 0.900000 0.498079 0.891176 0.499360 0.888235 0.500640 0.888235 0.501921 0.891176 0.501921 0.894118 0.500640 0.897059 0.500640 0.911765 0.499360 0.914706 0.500640 0.917647 0.499360 0.920588 0.500640 0.923529 0.500640 0.932353 0.501921 0.935294 0.501921 0.941176 0.501921 0.935294 0.503201 0.932353 0.504481 0.935294 0.504481 0.944118 0.503201 0.947059 0.503201 0.958824 0.501921 0.961765 0.501921 0.967647 0.503201 0.970588 0.503201 0.973529 0.501921 0.976471 0.501921 0.985294 0.503201 0.988235 0.501921 0.991176 0.501921 0.994118 0.503201 0.997059 0.526248 0.997059 0.528809 0.991176 0.530090 0.994118 0.530090 0.997059 0.530090 0.976471 0.531370 0.973529 0.531370 0.958824 0.532650 0.955882 0.532650 0.947059 0.533931 0.944118 0.535211 0.947059 0.535211 0.952941 0.536492 0.955882 0.536492 0.964706 0.533931 0.970588 0.535211 0.973529 0.535211 0.982353 0.533931 0.985294 0.533931 0.994118 0.532650 0.997059 0.571063 0.997059 0.572343 0.994118 0.573624 0.997059 0.583867 0.997059 0.583867 0.994118 0.582586 0.991176 0.582586 0.985294 0.581306 0.982353 0.582586 0.979412 0.580026 0.973529 0.581306 0.970588 0.580026 0.967647 0.580026 0.958824 0.577465 0.952941 0.578745 0.950000 0.578745 0.938235 0.580026 0.935294 0.581306 0.938235 0.582586 0.935294 0.583867 0.938235 0.583867 0.941176 0.582586 0.944118 0.582586 0.950000 0.585147 0.944118 0.583867 0.941176 0.583867 0.932353 0.587708 0.923529 0.587708 0.920588 0.588988 0.917647 0.588988 0.908824 0.590269 0.905882 0.591549 0.905882 0.592830 0.908824 0.592830 0.917647 0.591549 0.920588 0.591549 0.926471 0.592830 0.926471 0.592830 0.923529 0.594110 0.920588 0.594110 0.917647 0.596671 0.911765 0.597951 0.914706 0.597951 0.920588 0.599232 0.923529 0.599232 0.997059 0.604353 0.997059 0.604353 0.976471 0.605634 0.973529 0.606914 0.976471 0.606914 0.997059 0.609475 0.997059 0.608195 0.997059 0.606914 0.994118 0.606914 0.950000 0.608195 0.947059 0.606914 0.947059 0.605634 0.944118 0.605634 0.926471 0.606914 0.923529 0.606914 0.908824 0.608195 0.905882 0.609475 0.908824 0.609475 0.920588 0.610755 0.923529 0.610755 0.947059 0.612036 0.950000 0.612036 0.973529 0.612036 0.947059 0.610755 0.944118 0.610755 0.917647 0.609475 0.914706 0.609475 0.911765 0.610755 0.908824 0.612036 0.908824 0.613316 0.911765 0.613316 0.917647 0.614597 0.914706 0.613316 0.911765 0.615877 0.905882 0.617157 0.908824 0.617157 0.917647 0.618438 0.920588 0.618438 0.923529 0.617157 0.926471 0.615877 0.926471 0.615877 0.935294 0.617157 0.932353 0.618438 0.935294 0.618438 0.950000 0.617157 0.952941 0.615877 0.950000 0.614597 0.950000 0.614597 0.958824 0.615877 0.961765 0.615877 0.967647 0.614597 0.970588 0.614597 0.982353 0.615877 0.985294 0.615877 0.997059 0.640205 0.997059 0.641485 0.994118 0.641485 0.991176 0.642766 0.988235 0.644046 0.991176 0.644046 0.997059 0.645327 0.997059 0.645327 0.982353 0.642766 0.982353 0.641485 0.979412 0.642766 0.976471 0.641485 0.973529 0.641485 0.970588 0.640205 0.967647 0.644046 0.958824 0.642766 0.958824 0.641485 0.955882 0.642766 0.952941 0.642766 0.947059 0.644046 0.944118 0.646607 0.944118 0.646607 0.929412 0.647887 0.926471 0.649168 0.929412 0.649168 0.950000 0.647887 0.952941 0.649168 0.950000 0.650448 0.952941 0.650448 0.955882 0.649168 0.958824 0.650448 0.958824 0.651729 0.961765 0.651729 0.967647 0.653009 0.964706 0.654289 0.964706 0.656850 0.970588 0.655570 0.973529 0.654289 0.973529 0.654289 0.979412 0.655570 0.979412 0.655570 0.976471 0.656850 0.973529 0.658131 0.976471 0.658131 0.985294 0.659411 0.988235 0.658131 0.991176 0.659411 0.994118 0.658131 0.997059 0.659411 0.994118 0.659411 0.985294 0.660691 0.982353 0.661972 0.985294 0.661972 0.994118 0.663252 0.997059 0.661972 0.994118 0.661972 0.985294 0.660691 0.982353 0.660691 0.979412 0.659411 0.976471 0.659411 0.970588 0.658131 0.967647 0.658131 0.964706 0.656850 0.961765 0.656850 0.955882 0.655570 0.952941 0.655570 0.950000 0.654289 0.947059 0.654289 0.944118 0.653009 0.941176 0.653009 0.938235 0.651729 0.935294 0.651729 0.932353 0.650448 0.929412 0.650448 0.926471 0.651729 0.923529 0.653009 0.923529 0.654289 0.926471 0.654289 0.932353 0.655570 0.935294 0.655570 0.938235 0.658131 0.944118 0.658131 0.947059 0.659411 0.950000 0.659411 0.952941 0.659411 0.944118 0.660691 0.941176 0.661972 0.944118 0.661972 0.964706 0.663252 0.967647 0.663252 0.935294 0.664533 0.932353 0.665813 0.935294 0.665813 0.944118 0.667093 0.947059 0.665813 0.950000 0.665813 0.958824 0.668374 0.952941 0.668374 0.950000 0.670935 0.944118 0.670935 0.941176 0.672215 0.938235 0.672215 0.932353 0.673496 0.929412 0.674776 0.932353 0.673496 0.929412 0.674776 0.926471 0.676056 0.926471 0.677337 0.929412 0.677337 0.935294 0.676056 0.938235 0.676056 0.947059 0.674776 0.950000 0.673496 0.947059 0.673496 0.944118 0.673496 0.947059 0.672215 0.950000 0.672215 0.964706 0.670935 0.967647 0.669654 0.964706 0.669654 0.961765 0.669654 0.964706 0.668374 0.967647 0.668374 0.997059 0.669654 0.994118 0.669654 0.991176 0.670935 0.988235 0.669654 0.985294 0.669654 0.982353 0.670935 0.979412 0.672215 0.982353 0.673496 0.979412 0.673496 0.973529 0.677337 0.964706 0.677337 0.961765 0.678617 0.958824 0.678617 0.950000 0.679898 0.947059 0.679898 0.935294 0.678617 0.932353 0.678617 0.920588 0.678617 0.926471 0.677337 0.929412 0.676056 0.926471 0.676056 0.920588 0.676056 0.923529 0.674776 0.926471 0.673496 0.923529 0.673496 0.920588 0.672215 0.917647 0.672215 0.902941 0.673496 0.900000 0.674776 0.902941 0.674776 0.908824 0.674776 0.905882 0.676056 0.902941 0.676056 0.894118 0.674776 0.897059 0.673496 0.894118 0.673496 0.891176 0.674776 0.888235 0.676056 0.888235 0.676056 0.885294 0.674776 0.882353 0.674776 0.876471 0.673496 0.873529 0.673496 0.850000 0.672215 0.847059 0.672215 0.832353 0.670935 0.829412 0.670935 0.811765 0.672215 0.808824 0.673496 0.811765 0.673496 0.820588 0.674776 0.823529 0.674776 0.835294 0.676056 0.838235 0.676056 0.850000 0.676056 0.847059 0.677337 0.844118 0.677337 0.838235 0.678617 0.835294 0.679898 0.838235 0.679898 0.855882 0.678617 0.858824 0.679898 0.861765 0.679898 0.867647 0.678617 0.870588 0.678617 0.882353 0.679898 0.885294 0.679898 0.891176 0.681178 0.888235 0.682458 0.891176 0.682458 0.900000 0.681178 0.902941 0.681178 0.911765 0.682458 0.914706 0.682458 0.917647 0.683739 0.920588 0.683739 0.935294 0.685019 0.938235 0.685019 0.935294 0.687580 0.929412 0.687580 0.920588 0.686300 0.923529 0.685019 0.920588 0.685019 0.911765 0.686300 0.908824 0.686300 0.900000 0.687580 0.897059 0.687580 0.888235 0.688860 0.885294 0.690141 0.888235 0.690141 0.891176 0.690141 0.885294 0.691421 0.882353 0.691421 0.879412 0.693982 0.873529 0.693982 0.861765 0.695262 0.858824 0.695262 0.855882 0.695262 0.858824 0.693982 0.861765 0.693982 0.864706 0.691421 0.870588 0.688860 0.864706 0.690141 0.861765 0.691421 0.861765 0.691421 0.858824 0.692702 0.855882 0.691421 0.852941 0.692702 0.850000 0.691421 0.847059 0.692702 0.844118 0.692702 0.820588 0.693982 0.817647 0.695262 0.820588 0.695262 0.829412 0.696543 0.826471 0.697823 0.829412 0.697823 0.832353 0.699104 0.835294 0.697823 0.838235 0.697823 0.841176 0.699104 0.844118 0.699104 0.847059 0.697823 0.850000 0.697823 0.864706 0.699104 0.867647 0.697823 0.870588 0.697823 0.873529 0.699104 0.876471 0.697823 0.873529 0.697823 0.870588 0.699104 0.867647 0.697823 0.864706 0.701665 0.855882 0.702945 0.858824 0.702945 0.861765 0.702945 0.858824 0.704225 0.855882 0.704225 0.852941 0.702945 0.852941 0.701665 0.850000 0.701665 0.847059 0.700384 0.844118 0.700384 0.841176 0.699104 0.838235 0.699104 0.835294 0.700384 0.832353 0.701665 0.835294 0.701665 0.832353 0.700384 0.829412 0.701665 0.826471 0.700384 0.826471 0.699104 0.823529 0.700384 0.820588 0.701665 0.820588 0.701665 0.797059 0.702945 0.794118 0.704225 0.794118 0.705506 0.797059 0.705506 0.811765 0.709347 0.811765 0.710627 0.814706 0.710627 0.811765 0.711908 0.808824 0.711908 0.802941 0.710627 0.805882 0.709347 0.805882 0.708067 0.802941 0.708067 0.800000 0.706786 0.797059 0.709347 0.791176 0.710627 0.794118 0.710627 0.797059 0.710627 0.785294 0.709347 0.782353 0.709347 0.764706 0.708067 0.761765 0.708067 0.735294 0.706786 0.732353 0.706786 0.723529 0.705506 0.720588 0.706786 0.723529 0.705506 0.726471 0.704225 0.726471 0.704225 0.732353 0.702945 0.735294 0.701665 0.732353 0.701665 0.723529 0.700384 0.720588 0.699104 0.723529 0.697823 0.720588 0.697823 0.708824 0.696543 0.708824 0.695262 0.705882 0.695262 0.711765 0.696543 0.714706 0.696543 0.729412 0.699104 0.729412 0.700384 0.732353 0.700384 0.735294 0.699104 0.738235 0.699104 0.741176 0.700384 0.744118 0.699104 0.747059 0.697823 0.747059 0.693982 0.738235 0.693982 0.735294 0.692702 0.732353 0.692702 0.726471 0.691421 0.726471 0.690141 0.723529 0.690141 0.720588 0.688860 0.723529 0.687580 0.720588 0.687580 0.729412 0.688860 0.732353 0.688860 0.735294 0.687580 0.738235 0.686300 0.735294 0.685019 0.735294 0.683739 0.738235 0.681178 0.738235 0.679898 0.735294 0.678617 0.738235 0.678617 0.741176 0.677337 0.744118 0.676056 0.744118 0.674776 0.741176 0.676056 0.738235 0.674776 0.738235 0.673496 0.735294 0.673496 0.729412 0.674776 0.726471 0.674776 0.723529 0.676056 0.720588 0.676056 0.714706 0.673496 0.720588 0.672215 0.717647 0.673496 0.720588 0.673496 0.723529 0.670935 0.729412 0.670935 0.738235 0.669654 0.741176 0.668374 0.738235 0.669654 0.741176 0.669654 0.750000 0.668374 0.752941 0.665813 0.747059 0.667093 0.744118 0.665813 0.747059 0.664533 0.744118 0.664533 0.741176 0.665813 0.738235 0.664533 0.735294 0.664533 0.732353 0.661972 0.732353 0.660691 0.729412 0.660691 0.723529 0.659411 0.723529 0.658131 0.720588 0.658131 0.717647 0.658131 0.720588 0.656850 0.723529 0.656850 0.732353 0.655570 0.735294 0.655570 0.750000 0.654289 0.752941 0.653009 0.750000 0.653009 0.741176 0.653009 0.744118 0.651729 0.747059 0.650448 0.744118 0.650448 0.738235 0.647887 0.738235 0.646607 0.735294 0.646607 0.732353 0.645327 0.735294 0.645327 0.741176 0.644046 0.744118 0.642766 0.744118 0.641485 0.741176 0.641485 0.738235 0.642766 0.735294 0.642766 0.732353 0.644046 0.729412 0.644046 0.726471 0.642766 0.726471 0.641485 0.729412 0.638924 0.723529 0.640205 0.720588 0.640205 0.717647 0.641485 0.714706 0.641485 0.708824 0.642766 0.705882 0.642766 0.702941 0.641485 0.702941 0.641485 0.705882 0.640205 0.708824 0.638924 0.705882 0.638924 0.708824 0.640205 0.711765 0.637644 0.717647 0.638924 0.720588 0.637644 0.723529 0.637644 0.726471 0.636364 0.729412 0.635083 0.726471 0.635083 0.717647 0.633803 0.717647 0.632522 0.720588 0.631242 0.717647 0.631242 0.714706 0.632522 0.711765 0.631242 0.714706 0.629962 0.711765 0.629962 0.714706 0.628681 0.717647 0.627401 0.714706 0.627401 0.720588 0.624840 0.726471 0.624840 0.738235 0.622279 0.744118 0.620999 0.741176 0.620999 0.738235 0.620999 0.741176 0.619718 0.744118 0.618438 0.741176 0.618438 0.738235 0.617157 0.738235 0.615877 0.735294 0.615877 0.717647 0.614597 0.717647 0.613316 0.714706 0.613316 0.750000 0.612036 0.752941 0.609475 0.747059 0.609475 0.744118 0.608195 0.741176 0.608195 0.732353 0.605634 0.726471 0.605634 0.723529 0.604353 0.720588 0.605634 0.717647 0.604353 0.717647 0.601793 0.723529 0.600512 0.720588 0.600512 0.708824 0.599232 0.711765 0.597951 0.708824 0.597951 0.705882 0.596671 0.708824 0.596671 0.711765 0.595391 0.714706 0.596671 0.717647 0.595391 0.714706 0.596671 0.711765 0.599232 0.711765 0.600512 0.714706 0.599232 0.717647 0.600512 0.720588 0.600512 0.729412 0.599232 0.732353 0.596671 0.726471 0.597951 0.723529 0.596671 0.726471 0.595391 0.726471 0.594110 0.729412 0.592830 0.726471 0.591549 0.726471 0.588988 0.720588 0.588988 0.717647 0.587708 0.717647 0.586428 0.714706 0.585147 0.714706 0.583867 0.711765 0.585147 0.708824 0.585147 0.705882 0.582586 0.705882 0.581306 0.702941 0.582586 0.700000 0.582586 0.697059 0.581306 0.697059 0.578745 0.702941 0.577465 0.702941 0.576184 0.705882 0.576184 0.708824 0.577465 0.711765 0.576184 0.714706 0.576184 0.720588 0.574904 0.723529 0.576184 0.723529 0.577465 0.726471 0.578745 0.726471 0.580026 0.729412 0.578745 0.732353 0.576184 0.732353 0.576184 0.735294 0.578745 0.741176 0.578745 0.744118 0.577465 0.747059 0.573624 0.738235 0.573624 0.735294 0.572343 0.732353 0.573624 0.729412 0.569782 0.720588 0.569782 0.717647 0.568502 0.714706 0.565941 0.714706 0.564661 0.717647 0.563380 0.717647 0.560819 0.711765 0.560819 0.714706 0.562100 0.717647 0.562100 0.729412 0.562100 0.720588 0.563380 0.717647 0.564661 0.720588 0.564661 0.732353 0.565941 0.729412 0.565941 0.726471 0.567222 0.723529 0.568502 0.726471 0.568502 0.729412 0.569782 0.729412 0.571063 0.732353 0.569782 0.735294 0.568502 0.735294 0.567222 0.738235 0.564661 0.738235 0.563380 0.741176 0.564661 0.744118 0.563380 0.747059 0.563380 0.750000 0.564661 0.752941 0.562100 0.758824 0.562100 0.764706 0.563380 0.767647 0.562100 0.770588 0.562100 0.782353 0.560819 0.785294 0.559539 0.782353 0.559539 0.767647 0.559539 0.782353 0.558259 0.785294 0.556978 0.782353 0.556978 0.779412 0.555698 0.782353 0.554417 0.779412 0.554417 0.776471 0.555698 0.773529 0.555698 0.764706 0.558259 0.758824 0.558259 0.750000 0.559539 0.747059 0.559539 0.744118 0.560819 0.741176 0.559539 0.744118 0.556978 0.744118 0.555698 0.747059 0.554417 0.747059 0.553137 0.750000 0.551857 0.750000 0.550576 0.752941 0.549296 0.752941 0.548015 0.755882 0.546735 0.755882 0.545455 0.758824 0.544174 0.758824 0.542894 0.755882 0.542894 0.750000 0.544174 0.747059 0.545455 0.747059 0.546735 0.750000 0.548015 0.747059 0.549296 0.747059 0.550576 0.744118 0.551857 0.744118 0.553137 0.741176 0.554417 0.741176 0.555698 0.738235 0.555698 0.729412 0.554417 0.726471 0.554417 0.711765 0.551857 0.711765 0.550576 0.708824 0.548015 0.714706 0.546735 0.711765 0.545455 0.714706 0.544174 0.711765 0.544174 0.708824 0.545455 0.705882 0.541613 0.705882 0.541613 0.708824 0.542894 0.711765 0.540333 0.717647 0.540333 0.720588 0.541613 0.723529 0.541613 0.726471 0.540333 0.729412 0.540333 0.744118 0.539052 0.747059 0.539052 0.752941 0.541613 0.752941 0.544174 0.758824 0.544174 0.767647 0.545455 0.770588 0.545455 0.779412 0.542894 0.785294 0.541613 0.785294 0.541613 0.800000 0.540333 0.802941 0.540333 0.808824 0.539052 0.811765 0.539052 0.838235 0.540333 0.841176 0.540333 0.850000 0.539052 0.852941 0.536492 0.847059 0.536492 0.838235 0.536492 0.847059 0.535211 0.850000 0.535211 0.861765 0.533931 0.864706 0.531370 0.858824 0.531370 0.844118 0.532650 0.841176 0.532650 0.838235 0.533931 0.835294 0.531370 0.829412 0.532650 0.826471 0.532650 0.823529 0.535211 0.817647 0.535211 0.808824 0.533931 0.805882 0.535211 0.802941 0.535211 0.791176 0.536492 0.788235 0.537772 0.791176 0.537772 0.800000 0.537772 0.794118 0.539052 0.791176 0.537772 0.788235 0.537772 0.779412 0.539052 0.776471 0.540333 0.779412 0.540333 0.773529 0.541613 0.770588 0.542894 0.773529 0.541613 0.770588 0.541613 0.764706 0.540333 0.767647 0.537772 0.767647 0.539052 0.770588 0.537772 0.773529 0.537772 0.782353 0.536492 0.785294 0.535211 0.782353 0.535211 0.779412 0.533931 0.776471 0.533931 0.773529 0.532650 0.770588 0.533931 0.767647 0.533931 0.764706 0.535211 0.761765 0.533931 0.758824 0.533931 0.755882 0.532650 0.752941 0.530090 0.758824 0.527529 0.752941 0.526248 0.752941 0.524968 0.750000 0.524968 0.747059 0.527529 0.741176 0.528809 0.744118 0.531370 0.744118 0.530090 0.741176 0.531370 0.738235 0.531370 0.735294 0.532650 0.732353 0.533931 0.735294 0.535211 0.732353 0.533931 0.729412 0.535211 0.726471 0.535211 0.723529 0.536492 0.720588 0.536492 0.700000 0.535211 0.702941 0.535211 0.705882 0.533931 0.708824 0.535211 0.708824 0.536492 0.711765 0.536492 0.714706 0.535211 0.717647 0.533931 0.714706 0.531370 0.714706 0.531370 0.720588 0.530090 0.723529 0.528809 0.720588 0.528809 0.714706 0.527529 0.711765 0.527529 0.705882 0.526248 0.708824 0.527529 0.711765 0.526248 0.714706 0.527529 0.711765 0.528809 0.714706 0.528809 0.723529 0.530090 0.726471 0.528809 0.729412 0.527529 0.729412 0.527529 0.732353 0.526248 0.735294 0.524968 0.732353 0.524968 0.729412 0.523688 0.726471 0.523688 0.723529 0.524968 0.720588 0.526248 0.723529 0.522407 0.714706 0.522407 0.708824 0.523688 0.705882 0.523688 0.700000 0.522407 0.700000 0.522407 0.702941 0.521127 0.705882 0.519846 0.705882 0.518566 0.708824 0.517286 0.705882 0.517286 0.702941 0.516005 0.702941 0.514725 0.705882 0.516005 0.708824 0.516005 0.711765 0.514725 0.714706 0.512164 0.714706 0.512164 0.723529 0.510883 0.726471 0.509603 0.723529 0.510883 0.726471 0.510883 0.729412 0.509603 0.732353 0.508323 0.732353 0.507042 0.729412 0.505762 0.729412 0.507042 0.732353 0.505762 0.735294 0.507042 0.738235 0.507042 0.750000 0.508323 0.747059 0.509603 0.750000 0.510883 0.747059 0.512164 0.747059 0.512164 0.738235 0.514725 0.732353 0.513444 0.729412 0.514725 0.726471 0.516005 0.726471 0.517286 0.729412 0.517286 0.738235 0.518566 0.741176 0.518566 0.744118 0.517286 0.747059 0.517286 0.750000 0.516005 0.752941 0.516005 0.755882 0.517286 0.758824 0.518566 0.755882 0.519846 0.758824 0.521127 0.758824 0.522407 0.761765 0.522407 0.764706 0.521127 0.767647 0.518566 0.767647 0.517286 0.770588 0.516005 0.767647 0.516005 0.802941 0.517286 0.802941 0.518566 0.805882 0.516005 0.811765 0.516005 0.823529 0.517286 0.826471 0.517286 0.835294 0.516005 0.838235 0.514725 0.835294 0.514725 0.829412 0.513444 0.826471 0.513444 0.802941 0.512164 0.802941 0.510883 0.800000 0.510883 0.797059 0.510883 0.802941 0.509603 0.805882 0.508323 0.802941 0.508323 0.800000 0.507042 0.800000 0.504481 0.794118 0.504481 0.791176 0.505762 0.788235 0.504481 0.791176 0.501921 0.785294 0.503201 0.782353 0.504481 0.782353 0.501921 0.782353 0.500640 0.779412 0.500640 0.776471 0.499360 0.776471 0.500640 0.779412 0.500640 0.782353 0.501921 0.785294 0.500640 0.788235 0.499360 0.788235 0.499360 0.791176 0.498079 0.794118 0.496799 0.791176 0.496799 0.782353 0.495519 0.782353 0.494238 0.779412 0.495519 0.776471 0.496799 0.776471 0.496799 0.773529 0.498079 0.770588 0.499360 0.770588 0.500640 0.767647 0.500640 0.764706 0.501921 0.761765 0.501921 0.752941 0.503201 0.750000 0.503201 0.744118 0.501921 0.744118 0.500640 0.741176 0.500640 0.738235 0.501921 0.735294 0.503201 0.735294 0.501921 0.732353 0.500640 0.732353 0.498079 0.738235 0.495519 0.738235 0.492958 0.744118 0.491677 0.741176 0.490397 0.741176 0.487836 0.735294 0.490397 0.729412 0.492958 0.729412 0.492958 0.720588 0.491677 0.717647 0.491677 0.714706 0.490397 0.711765 0.491677 0.708824 0.490397 0.708824 0.487836 0.702941 0.489117 0.700000 0.489117 0.694118 0.487836 0.697059 0.487836 0.700000 0.483995 0.708824 0.482714 0.705882 0.485275 0.711765 0.485275 0.714706 0.483995 0.717647 0.483995 0.729412 0.482714 0.732353 0.480154 0.732353 0.478873 0.729412 0.480154 0.726471 0.480154 0.723529 0.478873 0.720588 0.478873 0.717647 0.480154 0.714706 0.481434 0.714706 0.480154 0.711765 0.480154 0.705882 0.476312 0.705882 0.473752 0.700000 0.473752 0.694118 0.473752 0.697059 0.471191 0.702941 0.468630 0.702941 0.467350 0.700000 0.467350 0.697059 0.466069 0.694118