1 0.064020 0.935294 0.065301 0.935294 0.066581 0.938235 0.069142 0.938235 0.070423 0.941176 0.070423 0.944118 0.069142 0.947059 0.061460 0.947059 0.062740 0.947059 0.064020 0.950000 0.064020 0.955882 0.061460 0.961765 0.056338 0.961765 0.057618 0.964706 0.058899 0.964706 0.060179 0.967647 0.060179 0.970588 0.061460 0.973529 0.061460 0.976471 0.060179 0.979412 0.053777 0.979412 0.053777 0.982353 0.051216 0.988235 0.049936 0.988235 0.049936 0.991176 0.048656 0.994118 0.047375 0.994118 0.046095 0.991176 0.046095 0.982353 0.047375 0.979412 0.044814 0.979412 0.043534 0.976471 0.043534 0.979412 0.042254 0.982353 0.039693 0.982353 0.038412 0.979412 0.037132 0.979412 0.038412 0.982353 0.038412 0.985294 0.039693 0.988235 0.039693 0.991176 0.037132 0.997059 0.034571 0.997059 0.057618 0.997059 0.058899 0.994118 0.060179 0.997059 0.067862 0.997059 0.067862 0.973529 0.069142 0.970588 0.069142 0.947059 0.070423 0.944118 0.070423 0.935294
1 0.975672 0.891176 0.975672 0.897059 0.976953 0.900000 0.975672 0.902941 0.974392 0.902941 0.978233 0.911765 0.975672 0.917647 0.973111 0.917647 0.979513 0.917647 0.982074 0.923529 0.982074 0.926471 0.983355 0.929412 0.983355 0.932353 0.984635 0.935294 0.984635 0.938235 0.985915 0.941176 0.985915 0.947059 0.987196 0.950000 0.987196 0.952941 0.988476 0.955882 0.988476 0.958824 0.989757 0.961765 0.989757 0.964706 0.991037 0.967647 0.991037 0.970588 0.992318 0.973529 0.992318 0.976471 0.994878 0.982353 0.994878 0.985294 0.996159 0.988235 0.996159 0.991176 0.998720 0.997059 0.998720 0.976471 0.997439 0.973529 0.997439 0.970588 0.996159 0.967647 0.996159 0.964706 0.994878 0.961765 0.994878 0.958824 0.992318 0.952941 0.992318 0.950000 0.988476 0.941176 0.988476 0.938235 0.987196 0.935294 0.987196 0.932353 0.983355 0.923529 0.983355 0.920588 0.980794 0.914706 0.980794 0.911765 0.978233 0.905882 0.978233 0.902941 0.976953 0.900000 0.976953 0.897059 0.975672 0.894118
1 0.180538 0.888235 0.179257 0.891176 0.177977 0.891176 0.176697 0.894118 0.175416 0.894118 0.172855 0.900000 0.171575 0.900000 0.169014 0.905882 0.167734 0.905882 0.165173 0.911765 0.163892 0.911765 0.163892 0.917647 0.162612 0.920588 0.162612 0.926471 0.163892 0.926471 0.167734 0.917647 0.169014 0.917647 0.171575 0.911765 0.172855 0.911765 0.175416 0.905882 0.176697 0.905882 0.181818 0.894118 0.180538 0.891176
1 0.089629 0.888235 0.089629 0.905882 0.088348 0.908824 0.087068 0.908824 0.085787 0.911765 0.083227 0.905882 0.081946 0.908824 0.081946 0.914706 0.080666 0.917647 0.079385 0.914706 0.078105 0.914706 0.076825 0.917647 0.075544 0.917647 0.075544 0.991176 0.078105 0.991176 0.080666 0.997059 0.083227 0.997059 0.085787 0.991176 0.087068 0.994118 0.085787 0.991176 0.085787 0.988235 0.087068 0.985294 0.088348 0.985294 0.085787 0.985294 0.084507 0.982353 0.085787 0.979412 0.087068 0.979412 0.088348 0.976471 0.089629 0.976471 0.087068 0.976471 0.085787 0.973529 0.087068 0.970588 0.084507 0.976471 0.083227 0.976471 0.080666 0.970588 0.080666 0.961765 0.081946 0.958824 0.080666 0.955882 0.079385 0.958824 0.078105 0.958824 0.076825 0.955882 0.076825 0.952941 0.078105 0.950000 0.080666 0.950000 0.081946 0.947059 0.081946 0.944118 0.083227 0.941176 0.084507 0.941176 0.085787 0.938235 0.087068 0.938235 0.085787 0.935294 0.084507 0.935294 0.083227 0.932353 0.084507 0.929412 0.087068 0.929412 0.088348 0.926471 0.087068 0.923529 0.088348 0.920588 0.089629 0.920588 0.087068 0.914706 0.087068 0.911765 0.089629 0.905882 0.090909 0.908824 0.090909 0.911765 0.092190 0.914706 0.092190 0.905882 0.093470 0.902941 0.093470 0.900000 0.092190 0.897059 0.092190 0.891176 0.090909 0.888235
1 0.924456 0.794118 0.924456 0.797059 0.923175 0.800000 0.923175 0.805882 0.921895 0.808824 0.919334 0.808824 0.921895 0.814706 0.920615 0.817647 0.920615 0.820588 0.921895 0.823529 0.921895 0.832353 0.921895 0.823529 0.924456 0.817647 0.927017 0.823529 0.928297 0.823529 0.930858 0.829412 0.932138 0.829412 0.933419 0.832353 0.934699 0.832353 0.938540 0.841176 0.938540 0.835294 0.937260 0.832353 0.935980 0.832353 0.934699 0.829412 0.933419 0.829412 0.929577 0.820588 0.928297 0.820588 0.927017 0.817647 0.925736 0.817647 0.924456 0.814706
1 0.134443 0.791176 0.134443 0.794118 0.133163 0.797059 0.131882 0.794118 0.129321 0.800000 0.125480 0.800000 0.125480 0.808824 0.126761 0.805882 0.128041 0.805882 0.130602 0.800000 0.131882 0.800000 0.133163 0.797059 0.134443 0.797059
1 0.116517 0.758824 0.115237 0.761765 0.113956 0.761765 0.112676 0.764706 0.108835 0.764706 0.107554 0.761765 0.107554 0.764706 0.106274 0.767647 0.103713 0.767647 0.103713 0.770588 0.101152 0.776471 0.102433 0.779412 0.102433 0.785294 0.103713 0.782353 0.104994 0.782353 0.106274 0.785294 0.103713 0.791176 0.103713 0.794118 0.102433 0.797059 0.102433 0.800000 0.101152 0.802941 0.102433 0.802941 0.103713 0.800000 0.104994 0.802941 0.106274 0.802941 0.107554 0.805882 0.104994 0.811765 0.104994 0.817647 0.103713 0.820588 0.103713 0.823529 0.102433 0.826471 0.102433 0.829412 0.101152 0.832353 0.098592 0.832353 0.097311 0.835294 0.097311 0.838235 0.098592 0.841176 0.101152 0.835294 0.102433 0.835294 0.103713 0.832353 0.107554 0.832353 0.108835 0.835294 0.108835 0.838235 0.108835 0.791176 0.110115 0.788235 0.110115 0.782353 0.108835 0.779412 0.110115 0.776471 0.110115 0.767647 0.111396 0.764706 0.112676 0.767647 0.112676 0.817647 0.113956 0.817647 0.113956 0.805882 0.115237 0.802941 0.116517 0.805882 0.116517 0.820588 0.117798 0.820588 0.120359 0.814706 0.121639 0.817647 0.122919 0.817647 0.124200 0.814706 0.122919 0.811765 0.122919 0.805882 0.121639 0.802941 0.122919 0.800000 0.122919 0.797059 0.124200 0.794118 0.126761 0.794118 0.125480 0.791176 0.126761 0.788235 0.129321 0.788235 0.126761 0.788235 0.125480 0.785294 0.129321 0.776471 0.128041 0.773529 0.129321 0.776471 0.125480 0.785294 0.122919 0.779412 0.124200 0.776471 0.122919 0.779412 0.121639 0.779412 0.120359 0.776471 0.120359 0.770588 0.119078 0.773529 0.116517 0.773529 0.115237 0.770588 0.117798 0.764706 0.116517 0.764706 0.115237 0.761765
1 0.385403 0.744118 0.385403 0.800000 0.386684 0.800000 0.386684 0.752941 0.385403 0.750000
1 0.970551 0.732353 0.971831 0.735294 0.970551 0.738235 0.971831 0.738235 0.974392 0.744118 0.973111 0.747059 0.971831 0.747059 0.973111 0.750000 0.975672 0.750000 0.976953 0.752941 0.975672 0.755882 0.973111 0.755882 0.974392 0.758824 0.978233 0.758824 0.980794 0.764706 0.979513 0.767647 0.979513 0.770588 0.978233 0.773529 0.976953 0.773529 0.983355 0.773529 0.985915 0.767647 0.988476 0.767647 0.991037 0.773529 0.992318 0.773529 0.994878 0.779412 0.996159 0.779412 0.997439 0.782353 0.997439 0.791176 0.998720 0.794118 0.998720 0.779412 0.997439 0.776471 0.998720 0.773529 0.998720 0.764706 0.997439 0.761765 0.996159 0.761765 0.994878 0.758824 0.993598 0.758824 0.992318 0.755882 0.993598 0.758824 0.991037 0.764706 0.987196 0.764706 0.984635 0.758824 0.984635 0.755882 0.983355 0.755882 0.982074 0.752941 0.983355 0.750000 0.983355 0.747059 0.980794 0.741176 0.979513 0.741176 0.978233 0.738235 0.979513 0.735294 0.975672 0.735294 0.974392 0.732353 0.973111 0.735294 0.971831 0.735294
1 0.997439 0.723529 0.997439 0.726471 0.996159 0.729412 0.996159 0.732353 0.994878 0.735294 0.994878 0.738235 0.996159 0.741176 0.998720 0.735294 0.998720 0.726471
1 0.020487 0.723529 0.019206 0.726471 0.017926 0.726471 0.017926 0.729412 0.019206 0.729412 0.020487 0.732353 0.021767 0.729412 0.023047 0.732353 0.023047 0.735294 0.024328 0.735294 0.024328 0.732353 0.025608 0.729412 0.024328 0.726471 0.025608 0.723529 0.024328 0.723529 0.023047 0.726471 0.021767 0.726471
1 0.514725 0.720588 0.513444 0.723529 0.510883 0.723529 0.512164 0.726471 0.510883 0.729412 0.510883 0.732353 0.512164 0.735294 0.510883 0.738235 0.512164 0.741176 0.512164 0.738235 0.513444 0.735294 0.513444 0.732353 0.516005 0.726471 0.517286 0.729412 0.517286 0.735294 0.516005 0.738235 0.516005 0.744118 0.514725 0.747059 0.516005 0.750000 0.516005 0.752941 0.517286 0.752941 0.518566 0.750000 0.519846 0.750000 0.518566 0.747059 0.518566 0.741176 0.517286 0.738235 0.517286 0.729412 0.516005 0.726471 0.514725 0.726471 0.513444 0.723529
1 0.443022 0.720588 0.443022 0.726471 0.440461 0.732353 0.439181 0.729412 0.440461 0.732353 0.440461 0.735294 0.439181 0.738235 0.439181 0.744118 0.439181 0.738235 0.440461 0.735294 0.443022 0.741176 0.443022 0.744118 0.444302 0.741176 0.444302 0.723529
1 0.434059 0.717647 0.434059 0.723529 0.435339 0.726471 0.434059 0.729412 0.436620 0.735294 0.436620 0.723529 0.437900 0.720588 0.436620 0.717647
1 0.158771 0.708824 0.158771 0.729412 0.157490 0.732353 0.157490 0.735294 0.157490 0.732353 0.158771 0.729412 0.160051 0.732353 0.160051 0.735294 0.162612 0.735294 0.162612 0.732353 0.163892 0.729412 0.165173 0.729412 0.163892 0.729412 0.161332 0.723529 0.162612 0.720588 0.165173 0.720588 0.160051 0.720588 0.158771 0.717647 0.158771 0.711765 0.160051 0.708824
1 0.693982 0.702941 0.693982 0.705882 0.695262 0.708824 0.695262 0.723529 0.696543 0.726471 0.696543 0.744118 0.699104 0.738235 0.700384 0.741176 0.700384 0.744118 0.699104 0.747059 0.699104 0.750000 0.697823 0.752941 0.697823 0.755882 0.699104 0.758824 0.699104 0.755882 0.700384 0.752941 0.701665 0.752941 0.701665 0.747059 0.700384 0.744118 0.700384 0.741176 0.699104 0.738235 0.699104 0.732353 0.697823 0.729412 0.697823 0.720588 0.699104 0.717647 0.699104 0.714706 0.696543 0.714706 0.695262 0.711765 0.695262 0.705882
1 0.916773 0.700000 0.918054 0.702941 0.918054 0.705882 0.919334 0.708824 0.919334 0.711765 0.921895 0.717647 0.921895 0.720588 0.924456 0.726471 0.924456 0.729412 0.927017 0.735294 0.927017 0.738235 0.930858 0.747059 0.930858 0.750000 0.934699 0.758824 0.934699 0.761765 0.938540 0.770588 0.938540 0.773529 0.941101 0.779412 0.941101 0.782353 0.941101 0.776471 0.937260 0.767647 0.937260 0.764706 0.933419 0.755882 0.934699 0.752941 0.933419 0.750000 0.933419 0.747059 0.932138 0.750000 0.928297 0.741176 0.928297 0.738235 0.927017 0.735294 0.927017 0.732353 0.925736 0.729412 0.925736 0.726471 0.921895 0.717647 0.921895 0.714706 0.918054 0.705882 0.918054 0.702941
1 0.066581 0.667647 0.066581 0.670588 0.065301 0.673529 0.064020 0.673529 0.062740 0.670588 0.061460 0.670588 0.062740 0.673529 0.061460 0.676471 0.062740 0.676471 0.065301 0.682353 0.064020 0.685294 0.062740 0.685294 0.064020 0.688235 0.062740 0.691176 0.065301 0.691176 0.066581 0.694118 0.065301 0.697059 0.064020 0.697059 0.065301 0.700000 0.067862 0.700000 0.069142 0.702941 0.069142 0.705882 0.070423 0.705882 0.071703 0.708824 0.069142 0.714706 0.066581 0.714706 0.065301 0.711765 0.066581 0.708824 0.066581 0.705882 0.066581 0.708824 0.065301 0.711765 0.065301 0.714706 0.064020 0.717647 0.064020 0.720588 0.062740 0.723529 0.061460 0.720588 0.061460 0.723529 0.060179 0.726471 0.058899 0.723529 0.058899 0.726471 0.057618 0.729412 0.057618 0.732353 0.056338 0.735294 0.056338 0.741176 0.057618 0.744118 0.057618 0.747059 0.056338 0.750000 0.056338 0.752941 0.055058 0.755882 0.055058 0.761765 0.053777 0.764706 0.053777 0.770588 0.056338 0.770588 0.056338 0.767647 0.057618 0.764706 0.057618 0.761765 0.058899 0.758824 0.058899 0.752941 0.060179 0.750000 0.060179 0.744118 0.061460 0.741176 0.061460 0.738235 0.062740 0.735294 0.064020 0.738235 0.064020 0.741176 0.064020 0.738235 0.066581 0.732353 0.069142 0.732353 0.070423 0.735294 0.070423 0.738235 0.069142 0.741176 0.066581 0.741176 0.066581 0.747059 0.065301 0.750000 0.065301 0.752941 0.069142 0.761765 0.070423 0.761765 0.071703 0.764706 0.071703 0.767647 0.074264 0.767647 0.075544 0.764706 0.076825 0.764706 0.078105 0.767647 0.078105 0.764706 0.079385 0.761765 0.080666 0.761765 0.081946 0.764706 0.083227 0.761765 0.085787 0.761765 0.085787 0.755882 0.088348 0.750000 0.087068 0.750000 0.084507 0.744118 0.084507 0.741176 0.081946 0.735294 0.081946 0.732353 0.080666 0.729412 0.080666 0.726471 0.078105 0.720588 0.079385 0.717647 0.080666 0.717647 0.081946 0.720588 0.080666 0.717647 0.081946 0.714706 0.085787 0.714706 0.087068 0.717647 0.088348 0.714706 0.090909 0.714706 0.092190 0.717647 0.089629 0.723529 0.089629 0.726471 0.088348 0.729412 0.090909 0.729412 0.092190 0.732353 0.093470 0.732353 0.093470 0.720588 0.094750 0.717647 0.097311 0.717647 0.097311 0.714706 0.098592 0.711765 0.097311 0.714706 0.096031 0.714706 0.094750 0.711765 0.094750 0.708824 0.093470 0.705882 0.093470 0.702941 0.094750 0.700000 0.096031 0.700000 0.097311 0.697059 0.098592 0.697059 0.097311 0.697059 0.096031 0.694118 0.098592 0.688235 0.099872 0.688235 0.101152 0.685294 0.099872 0.685294 0.098592 0.688235 0.097311 0.688235 0.096031 0.685294 0.093470 0.685294 0.092190 0.688235 0.092190 0.691176 0.090909 0.694118 0.088348 0.694118 0.085787 0.700000 0.084507 0.697059 0.083227 0.697059 0.081946 0.694118 0.083227 0.691176 0.081946 0.691176 0.080666 0.694118 0.079385 0.691176 0.079385 0.694118 0.078105 0.697059 0.076825 0.694118 0.074264 0.694118 0.072983 0.691176 0.075544 0.685294 0.075544 0.682353 0.076825 0.679412 0.075544 0.679412 0.074264 0.676471 0.072983 0.676471 0.071703 0.679412 0.070423 0.676471 0.070423 0.673529 0.071703 0.670588 0.071703 0.667647 0.070423 0.670588 0.067862 0.670588
1 0.996159 0.661765 0.993598 0.667647 0.991037 0.667647 0.989757 0.664706 0.989757 0.667647 0.992318 0.667647 0.993598 0.670588 0.993598 0.673529 0.992318 0.676471 0.993598 0.673529 0.994878 0.673529 0.996159 0.676471 0.994878 0.679412 0.996159 0.682353 0.994878 0.685294 0.996159 0.682353 0.997439 0.685294 0.997439 0.682353 0.998720 0.679412 0.998720 0.661765
1 0.207426 0.655882 0.206146 0.658824 0.206146 0.661765 0.204866 0.664706 0.203585 0.661765 0.203585 0.670588 0.202305 0.673529 0.202305 0.676471 0.199744 0.682353 0.199744 0.685294 0.197183 0.691176 0.197183 0.694118 0.194622 0.700000 0.194622 0.702941 0.193342 0.705882 0.189501 0.705882 0.188220 0.708824 0.188220 0.717647 0.186940 0.720588 0.185659 0.720588 0.183099 0.726471 0.181818 0.726471 0.181818 0.729412 0.180538 0.732353 0.181818 0.732353 0.183099 0.729412 0.184379 0.729412 0.185659 0.726471 0.186940 0.726471 0.188220 0.723529 0.189501 0.726471 0.189501 0.729412 0.197183 0.711765 0.198464 0.711765 0.199744 0.708824 0.201024 0.708824 0.202305 0.705882 0.203585 0.705882 0.204866 0.702941 0.206146 0.702941 0.207426 0.700000 0.208707 0.700000 0.209987 0.697059 0.211268 0.697059 0.212548 0.694118 0.213828 0.694118 0.215109 0.691176 0.216389 0.691176 0.217670 0.688235 0.220230 0.688235 0.222791 0.682353 0.225352 0.682353 0.226633 0.679412 0.227913 0.679412 0.229193 0.676471 0.231754 0.676471 0.233035 0.673529 0.234315 0.673529 0.233035 0.673529 0.231754 0.676471 0.229193 0.676471 0.227913 0.679412 0.224072 0.679412 0.222791 0.682353 0.221511 0.682353 0.220230 0.685294 0.217670 0.685294 0.216389 0.688235 0.213828 0.688235 0.212548 0.691176 0.211268 0.691176 0.209987 0.694118 0.208707 0.694118 0.207426 0.697059 0.206146 0.697059 0.204866 0.694118 0.204866 0.688235 0.203585 0.685294 0.204866 0.688235 0.204866 0.697059 0.202305 0.702941 0.201024 0.702941 0.199744 0.705882 0.198464 0.705882 0.197183 0.708824 0.195903 0.708824 0.194622 0.705882 0.194622 0.702941 0.195903 0.700000 0.198464 0.700000 0.197183 0.700000 0.195903 0.697059 0.198464 0.691176 0.198464 0.688235 0.199744 0.685294 0.199744 0.682353 0.202305 0.676471 0.202305 0.673529 0.203585 0.670588 0.204866 0.673529 0.204866 0.679412 0.206146 0.682353 0.204866 0.679412 0.204866 0.664706 0.206146 0.661765 0.206146 0.658824
1 0.928297 0.644118 0.929577 0.644118 0.930858 0.647059 0.933419 0.647059 0.934699 0.650000 0.937260 0.650000 0.938540 0.652941 0.941101 0.652941 0.942382 0.655882 0.943662 0.655882 0.944942 0.658824 0.947503 0.658824 0.948784 0.661765 0.950064 0.661765 0.951344 0.664706 0.952625 0.664706 0.953905 0.667647 0.956466 0.667647 0.957746 0.670588 0.959027 0.670588 0.960307 0.673529 0.961588 0.673529 0.962868 0.676471 0.964149 0.676471 0.965429 0.679412 0.966709 0.679412 0.967990 0.682353 0.969270 0.682353 0.970551 0.685294 0.971831 0.685294 0.973111 0.688235 0.974392 0.688235 0.975672 0.691176 0.976953 0.691176 0.978233 0.694118 0.979513 0.694118 0.980794 0.697059 0.982074 0.697059 0.983355 0.700000 0.984635 0.700000 0.985915 0.702941 0.987196 0.702941 0.988476 0.705882 0.988476 0.700000 0.987196 0.700000 0.985915 0.697059 0.984635 0.697059 0.983355 0.694118 0.982074 0.694118 0.980794 0.691176 0.979513 0.691176 0.978233 0.688235 0.976953 0.688235 0.975672 0.685294 0.974392 0.685294 0.973111 0.682353 0.971831 0.682353 0.970551 0.679412 0.969270 0.679412 0.967990 0.676471 0.966709 0.676471 0.965429 0.673529 0.964149 0.673529 0.962868 0.670588 0.961588 0.670588 0.960307 0.667647 0.959027 0.667647 0.957746 0.664706 0.955186 0.664706 0.953905 0.661765 0.952625 0.661765 0.951344 0.658824 0.948784 0.658824 0.947503 0.655882 0.944942 0.655882 0.943662 0.652941 0.941101 0.652941 0.939821 0.650000 0.934699 0.650000 0.933419 0.647059 0.930858 0.647059 0.929577 0.644118
1 0.192061 0.644118 0.192061 0.647059 0.189501 0.652941 0.186940 0.652941 0.185659 0.650000 0.185659 0.652941 0.186940 0.655882 0.188220 0.655882 0.190781 0.661765 0.192061 0.661765 0.193342 0.664706 0.195903 0.664706 0.194622 0.661765 0.194622 0.652941 0.193342 0.650000 0.193342 0.644118
1 0.448143 0.635294 0.448143 0.641176 0.446863 0.644118 0.446863 0.650000 0.445583 0.652941 0.445583 0.661765 0.444302 0.664706 0.444302 0.676471 0.445583 0.676471 0.445583 0.673529 0.446863 0.670588 0.448143 0.670588 0.451985 0.679412 0.450704 0.682353 0.449424 0.682353 0.448143 0.679412 0.448143 0.685294 0.449424 0.685294 0.450704 0.688235 0.450704 0.691176 0.451985 0.691176 0.453265 0.694118 0.453265 0.700000 0.454545 0.700000 0.453265 0.697059 0.453265 0.694118 0.451985 0.691176 0.453265 0.688235 0.451985 0.685294 0.453265 0.682353 0.450704 0.676471 0.450704 0.673529 0.449424 0.670588 0.450704 0.667647 0.449424 0.664706 0.450704 0.661765 0.450704 0.655882 0.449424 0.652941 0.450704 0.650000 0.448143 0.644118
1 0.171575 0.614706 0.169014 0.620588 0.169014 0.623529 0.167734 0.626471 0.167734 0.629412 0.162612 0.641176 0.162612 0.644118 0.158771 0.652941 0.158771 0.655882 0.154930 0.664706 0.154930 0.667647 0.152369 0.673529 0.152369 0.676471 0.151088 0.679412 0.151088 0.682353 0.152369 0.685294 0.151088 0.682353 0.151088 0.679412 0.154930 0.670588 0.156210 0.673529 0.158771 0.667647 0.161332 0.667647 0.162612 0.670588 0.161332 0.673529 0.160051 0.673529 0.156210 0.682353 0.157490 0.685294 0.157490 0.688235 0.156210 0.691176 0.154930 0.691176 0.153649 0.694118 0.152369 0.694118 0.152369 0.697059 0.151088 0.700000 0.149808 0.697059 0.149808 0.700000 0.151088 0.702941 0.151088 0.705882 0.149808 0.708824 0.148528 0.708824 0.147247 0.705882 0.148528 0.708824 0.148528 0.711765 0.147247 0.714706 0.145967 0.714706 0.144686 0.717647 0.143406 0.717647 0.142125 0.714706 0.140845 0.714706 0.139565 0.717647 0.138284 0.714706 0.139565 0.717647 0.137004 0.723529 0.138284 0.723529 0.139565 0.726471 0.138284 0.729412 0.138284 0.732353 0.137004 0.735294 0.137004 0.738235 0.135723 0.741176 0.135723 0.744118 0.135723 0.741176 0.137004 0.738235 0.137004 0.735294 0.142125 0.723529 0.143406 0.726471 0.143406 0.729412 0.142125 0.732353 0.144686 0.726471 0.147247 0.732353 0.148528 0.729412 0.149808 0.732353 0.149808 0.735294 0.151088 0.735294 0.152369 0.732353 0.153649 0.732353 0.154930 0.729412 0.154930 0.714706 0.156210 0.711765 0.156210 0.697059 0.157490 0.694118 0.158771 0.697059 0.158771 0.702941 0.160051 0.702941 0.161332 0.700000 0.161332 0.697059 0.163892 0.691176 0.165173 0.694118 0.165173 0.691176 0.166453 0.688235 0.167734 0.691176 0.170294 0.685294 0.171575 0.685294 0.172855 0.682353 0.174136 0.685294 0.177977 0.685294 0.176697 0.682353 0.177977 0.679412 0.176697 0.676471 0.177977 0.673529 0.176697 0.676471 0.175416 0.676471 0.175416 0.679412 0.174136 0.682353 0.172855 0.682353 0.170294 0.676471 0.172855 0.670588 0.174136 0.670588 0.175416 0.667647 0.176697 0.667647 0.175416 0.667647 0.172855 0.661765 0.171575 0.664706 0.170294 0.664706 0.169014 0.667647 0.167734 0.664706 0.165173 0.664706 0.163892 0.661765 0.163892 0.658824 0.161332 0.652941 0.161332 0.647059 0.163892 0.641176 0.163892 0.638235 0.167734 0.629412 0.167734 0.626471 0.170294 0.620588 0.170294 0.617647
1 0.212548 0.585294 0.212548 0.588235 0.213828 0.591176 0.213828 0.594118 0.215109 0.591176 0.216389 0.594118 0.216389 0.600000 0.215109 0.602941 0.213828 0.602941 0.212548 0.605882 0.211268 0.602941 0.209987 0.605882 0.209987 0.608824 0.211268 0.611765 0.212548 0.608824 0.215109 0.608824 0.216389 0.605882 0.217670 0.608824 0.217670 0.611765 0.218950 0.614706 0.217670 0.611765 0.217670 0.605882 0.218950 0.602941 0.220230 0.605882 0.221511 0.605882 0.227913 0.620588 0.226633 0.623529 0.226633 0.626471 0.227913 0.629412 0.229193 0.629412 0.230474 0.632353 0.231754 0.632353 0.233035 0.635294 0.231754 0.638235 0.231754 0.641176 0.233035 0.641176 0.234315 0.638235 0.235595 0.638235 0.236876 0.641176 0.236876 0.638235 0.238156 0.635294 0.239437 0.638235 0.239437 0.641176 0.240717 0.638235 0.244558 0.638235 0.244558 0.635294 0.243278 0.635294 0.241997 0.632353 0.241997 0.629412 0.243278 0.626471 0.241997 0.623529 0.243278 0.620588 0.243278 0.614706 0.244558 0.611765 0.243278 0.608824 0.243278 0.605882 0.241997 0.605882 0.240717 0.608824 0.236876 0.600000 0.235595 0.600000 0.234315 0.597059 0.235595 0.594118 0.233035 0.594118 0.233035 0.600000 0.231754 0.602941 0.234315 0.602941 0.235595 0.605882 0.234315 0.608824 0.233035 0.608824 0.230474 0.614706 0.229193 0.614706 0.235595 0.614706 0.236876 0.617647 0.236876 0.623529 0.235595 0.626471 0.234315 0.623529 0.234315 0.626471 0.233035 0.629412 0.231754 0.629412 0.221511 0.605882 0.225352 0.597059 0.221511 0.597059 0.220230 0.600000 0.218950 0.597059 0.218950 0.594118 0.217670 0.597059 0.216389 0.594118 0.216389 0.591176 0.217670 0.588235 0.216389 0.585294
1 0.631242 0.576471 0.631242 0.582353 0.632522 0.585294 0.632522 0.600000 0.633803 0.602941 0.633803 0.614706 0.635083 0.617647 0.633803 0.620588 0.633803 0.626471 0.632522 0.629412 0.629962 0.629412 0.628681 0.626471 0.629962 0.623529 0.631242 0.623529 0.631242 0.620588 0.628681 0.620588 0.627401 0.617647 0.627401 0.611765 0.626120 0.614706 0.624840 0.614706 0.626120 0.614706 0.627401 0.617647 0.627401 0.620588 0.626120 0.623529 0.626120 0.626471 0.623560 0.632353 0.622279 0.629412 0.622279 0.626471 0.619718 0.620588 0.619718 0.629412 0.620999 0.632353 0.617157 0.641176 0.615877 0.641176 0.613316 0.635294 0.613316 0.632353 0.612036 0.632353 0.612036 0.641176 0.614597 0.647059 0.614597 0.650000 0.613316 0.652941 0.613316 0.655882 0.614597 0.658824 0.614597 0.655882 0.615877 0.652941 0.617157 0.652941 0.618438 0.655882 0.618438 0.652941 0.619718 0.650000 0.619718 0.644118 0.618438 0.641176 0.618438 0.638235 0.619718 0.635294 0.622279 0.641176 0.623560 0.638235 0.627401 0.638235 0.628681 0.635294 0.629962 0.635294 0.628681 0.632353 0.629962 0.629412 0.631242 0.629412 0.632522 0.632353 0.632522 0.644118 0.632522 0.632353 0.633803 0.629412 0.636364 0.635294 0.636364 0.647059 0.637644 0.650000 0.637644 0.664706 0.638924 0.667647 0.638924 0.682353 0.640205 0.685294 0.640205 0.694118 0.641485 0.697059 0.641485 0.705882 0.642766 0.708824 0.642766 0.717647 0.641485 0.720588 0.640205 0.717647 0.640205 0.723529 0.642766 0.717647 0.644046 0.720588 0.644046 0.726471 0.645327 0.729412 0.645327 0.738235 0.646607 0.741176 0.646607 0.750000 0.646607 0.741176 0.645327 0.738235 0.645327 0.726471 0.644046 0.723529 0.644046 0.714706 0.642766 0.711765 0.642766 0.700000 0.641485 0.697059 0.641485 0.688235 0.640205 0.685294 0.640205 0.676471 0.638924 0.673529 0.638924 0.658824 0.637644 0.655882 0.637644 0.644118 0.636364 0.641176 0.636364 0.605882 0.635083 0.602941 0.635083 0.597059 0.633803 0.594118 0.633803 0.585294 0.632522 0.582353 0.632522 0.579412
1 0.548015 0.570588 0.548015 0.576471 0.549296 0.579412 0.549296 0.582353 0.548015 0.585294 0.549296 0.588235 0.549296 0.600000 0.548015 0.602941 0.549296 0.605882 0.548015 0.608824 0.549296 0.611765 0.548015 0.614706 0.548015 0.635294 0.546735 0.638235 0.546735 0.644118 0.548015 0.647059 0.546735 0.650000 0.548015 0.652941 0.548015 0.655882 0.546735 0.658824 0.548015 0.655882 0.548015 0.652941 0.549296 0.650000 0.550576 0.652941 0.550576 0.679412 0.551857 0.682353 0.551857 0.697059 0.551857 0.679412 0.553137 0.676471 0.551857 0.676471 0.550576 0.673529 0.551857 0.670588 0.550576 0.667647 0.551857 0.664706 0.550576 0.661765 0.550576 0.650000 0.549296 0.650000 0.548015 0.647059 0.549296 0.644118 0.549296 0.617647 0.550576 0.614706 0.549296 0.611765 0.549296 0.582353 0.550576 0.579412 0.551857 0.582353 0.551857 0.588235 0.551857 0.582353 0.549296 0.576471 0.549296 0.570588
1 0.407170 0.555882 0.407170 0.558824 0.405890 0.561765 0.405890 0.564706 0.404609 0.567647 0.403329 0.567647 0.403329 0.573529 0.404609 0.573529 0.405890 0.576471 0.405890 0.579412 0.404609 0.582353 0.404609 0.588235 0.405890 0.588235 0.407170 0.591176 0.408451 0.591176 0.409731 0.594118 0.412292 0.594118 0.414853 0.600000 0.414853 0.605882 0.413572 0.608824 0.412292 0.608824 0.411012 0.605882 0.411012 0.602941 0.411012 0.608824 0.409731 0.611765 0.408451 0.608824 0.408451 0.600000 0.407170 0.602941 0.405890 0.602941 0.407170 0.605882 0.405890 0.608824 0.404609 0.608824 0.403329 0.605882 0.403329 0.600000 0.402049 0.597059 0.402049 0.594118 0.400768 0.591176 0.400768 0.588235 0.399488 0.585294 0.399488 0.582353 0.398207 0.579412 0.399488 0.582353 0.399488 0.588235 0.400768 0.591176 0.400768 0.594118 0.399488 0.597059 0.398207 0.597059 0.399488 0.600000 0.399488 0.602941 0.400768 0.605882 0.400768 0.611765 0.399488 0.614706 0.396927 0.614706 0.396927 0.617647 0.399488 0.617647 0.400768 0.620588 0.400768 0.623529 0.402049 0.623529 0.403329 0.620588 0.404609 0.623529 0.405890 0.623529 0.407170 0.626471 0.407170 0.629412 0.407170 0.626471 0.408451 0.623529 0.409731 0.626471 0.408451 0.623529 0.408451 0.617647 0.407170 0.614706 0.407170 0.611765 0.408451 0.608824 0.409731 0.611765 0.411012 0.608824 0.412292 0.608824 0.413572 0.611765 0.412292 0.614706 0.413572 0.611765 0.414853 0.614706 0.414853 0.623529 0.416133 0.623529 0.417414 0.626471 0.416133 0.629412 0.416133 0.638235 0.417414 0.641176 0.417414 0.647059 0.418694 0.650000 0.418694 0.655882 0.417414 0.658824 0.417414 0.661765 0.416133 0.664706 0.414853 0.661765 0.416133 0.664706 0.414853 0.667647 0.413572 0.667647 0.413572 0.679412 0.414853 0.679412 0.416133 0.682353 0.413572 0.676471 0.414853 0.673529 0.414853 0.667647 0.416133 0.664706 0.417414 0.664706 0.418694 0.667647 0.418694 0.682353 0.419974 0.685294 0.419974 0.691176 0.419974 0.688235 0.421255 0.685294 0.422535 0.685294 0.422535 0.682353 0.421255 0.679412 0.421255 0.676471 0.422535 0.673529 0.419974 0.667647 0.422535 0.661765 0.422535 0.655882 0.421255 0.652941 0.422535 0.650000 0.422535 0.644118 0.421255 0.641176 0.422535 0.638235 0.422535 0.635294 0.421255 0.632353 0.421255 0.626471 0.419974 0.623529 0.421255 0.620588 0.421255 0.617647 0.419974 0.617647 0.418694 0.614706 0.419974 0.611765 0.419974 0.608824 0.418694 0.605882 0.419974 0.602941 0.421255 0.602941 0.419974 0.600000 0.421255 0.597059 0.419974 0.597059 0.418694 0.594118 0.418694 0.570588 0.417414 0.567647 0.417414 0.558824 0.416133 0.558824 0.416133 0.582353 0.413572 0.588235 0.412292 0.588235 0.411012 0.585294 0.411012 0.576471 0.408451 0.570588 0.408451 0.558824
1 0.195903 0.550000 0.195903 0.552941 0.194622 0.555882 0.194622 0.561765 0.195903 0.564706 0.195903 0.573529 0.197183 0.576471 0.197183 0.588235 0.198464 0.591176 0.198464 0.600000 0.199744 0.602941 0.199744 0.620588 0.201024 0.623529 0.201024 0.629412 0.202305 0.632353 0.202305 0.635294 0.202305 0.629412 0.201024 0.626471 0.201024 0.611765 0.199744 0.608824 0.199744 0.597059 0.198464 0.594118 0.199744 0.591176 0.201024 0.591176 0.199744 0.591176 0.198464 0.588235 0.198464 0.576471 0.197183 0.573529 0.197183 0.570588 0.195903 0.567647
1 0.754161 0.544118 0.754161 0.555882 0.752881 0.558824 0.752881 0.561765 0.754161 0.564706 0.754161 0.573529 0.755442 0.576471 0.754161 0.579412 0.754161 0.588235 0.755442 0.591176 0.755442 0.602941 0.756722 0.605882 0.756722 0.620588 0.758003 0.623529 0.758003 0.641176 0.756722 0.644118 0.756722 0.647059 0.758003 0.650000 0.758003 0.658824 0.759283 0.658824 0.760563 0.661765 0.759283 0.664706 0.759283 0.676471 0.758003 0.679412 0.756722 0.676471 0.756722 0.679412 0.758003 0.682353 0.758003 0.685294 0.759283 0.688235 0.759283 0.714706 0.760563 0.717647 0.760563 0.735294 0.760563 0.717647 0.761844 0.714706 0.761844 0.711765 0.760563 0.708824 0.760563 0.679412 0.761844 0.676471 0.761844 0.652941 0.760563 0.650000 0.760563 0.623529 0.759283 0.620588 0.759283 0.608824 0.758003 0.605882 0.758003 0.591176 0.756722 0.588235 0.756722 0.579412 0.755442 0.576471 0.755442 0.547059
1 0.464789 0.544118 0.464789 0.552941 0.466069 0.555882 0.466069 0.573529 0.467350 0.576471 0.467350 0.608824 0.466069 0.611765 0.466069 0.614706 0.467350 0.611765 0.468630 0.614706 0.468630 0.623529 0.467350 0.626471 0.466069 0.626471 0.463508 0.632353 0.463508 0.644118 0.462228 0.647059 0.462228 0.652941 0.462228 0.647059 0.463508 0.644118 0.464789 0.647059 0.463508 0.644118 0.463508 0.638235 0.464789 0.635294 0.464789 0.629412 0.466069 0.626471 0.467350 0.629412 0.467350 0.635294 0.468630 0.638235 0.468630 0.658824 0.469910 0.661765 0.469910 0.708824 0.469910 0.647059 0.468630 0.644118 0.468630 0.638235 0.469910 0.635294 0.468630 0.632353 0.468630 0.626471 0.469910 0.623529 0.469910 0.620588 0.468630 0.617647 0.468630 0.594118 0.467350 0.591176 0.467350 0.570588 0.466069 0.567647 0.466069 0.555882 0.464789 0.552941
1 0.599232 0.502941 0.597951 0.505882 0.597951 0.517647 0.599232 0.520588 0.599232 0.526471 0.597951 0.529412 0.599232 0.532353 0.599232 0.552941 0.600512 0.555882 0.600512 0.576471 0.599232 0.579412 0.601793 0.585294 0.600512 0.588235 0.600512 0.594118 0.601793 0.597059 0.601793 0.605882 0.600512 0.608824 0.599232 0.605882 0.600512 0.608824 0.600512 0.626471 0.601793 0.629412 0.601793 0.632353 0.601793 0.629412 0.600512 0.626471 0.601793 0.623529 0.601793 0.611765 0.600512 0.608824 0.601793 0.605882 0.601793 0.602941 0.603073 0.600000 0.603073 0.588235 0.601793 0.585294 0.601793 0.561765 0.600512 0.558824 0.600512 0.529412 0.599232 0.526471
1 0.701665 0.494118 0.701665 0.535294 0.702945 0.538235 0.702945 0.544118 0.701665 0.547059 0.702945 0.550000 0.702945 0.567647 0.704225 0.570588 0.702945 0.573529 0.700384 0.573529 0.699104 0.570588 0.699104 0.558824 0.700384 0.555882 0.699104 0.552941 0.697823 0.552941 0.697823 0.564706 0.696543 0.567647 0.696543 0.570588 0.695262 0.573529 0.696543 0.576471 0.696543 0.594118 0.697823 0.597059 0.696543 0.600000 0.696543 0.602941 0.697823 0.605882 0.697823 0.614706 0.696543 0.617647 0.697823 0.620588 0.697823 0.632353 0.699104 0.635294 0.697823 0.638235 0.697823 0.644118 0.699104 0.647059 0.699104 0.676471 0.700384 0.679412 0.700384 0.694118 0.701665 0.697059 0.701665 0.705882 0.700384 0.708824 0.699104 0.705882 0.699104 0.702941 0.697823 0.702941 0.697823 0.705882 0.699104 0.708824 0.700384 0.708824 0.702945 0.714706 0.702945 0.732353 0.704225 0.735294 0.710627 0.735294 0.710627 0.729412 0.711908 0.726471 0.711908 0.723529 0.713188 0.720588 0.711908 0.717647 0.711908 0.711765 0.711908 0.714706 0.710627 0.717647 0.710627 0.729412 0.709347 0.732353 0.706786 0.732353 0.705506 0.729412 0.705506 0.723529 0.706786 0.720588 0.706786 0.714706 0.708067 0.711765 0.706786 0.708824 0.706786 0.702941 0.709347 0.697059 0.709347 0.694118 0.708067 0.691176 0.708067 0.682353 0.706786 0.679412 0.710627 0.670588 0.709347 0.673529 0.708067 0.670588 0.708067 0.664706 0.709347 0.661765 0.709347 0.655882 0.708067 0.652941 0.709347 0.650000 0.709347 0.647059 0.708067 0.644118 0.708067 0.641176 0.709347 0.638235 0.709347 0.635294 0.708067 0.635294 0.706786 0.632353 0.709347 0.626471 0.709347 0.623529 0.708067 0.620588 0.708067 0.614706 0.706786 0.611765 0.708067 0.608824 0.708067 0.594118 0.706786 0.591176 0.708067 0.588235 0.708067 0.585294 0.706786 0.585294 0.705506 0.582353 0.706786 0.579412 0.705506 0.576471 0.706786 0.573529 0.706786 0.564706 0.704225 0.558824 0.705506 0.555882 0.704225 0.552941 0.704225 0.544118 0.702945 0.541176 0.702945 0.535294 0.701665 0.532353
1 0.335467 0.479412 0.335467 0.500000 0.334187 0.502941 0.335467 0.505882 0.335467 0.517647 0.336748 0.520588 0.335467 0.523529 0.335467 0.526471 0.336748 0.529412 0.335467 0.532353 0.335467 0.547059 0.334187 0.550000 0.334187 0.558824 0.332907 0.561765 0.331626 0.561765 0.331626 0.564706 0.330346 0.567647 0.329065 0.567647 0.330346 0.567647 0.331626 0.570588 0.330346 0.573529 0.330346 0.576471 0.327785 0.582353 0.326504 0.579412 0.325224 0.579412 0.323944 0.576471 0.323944 0.573529 0.325224 0.570588 0.325224 0.558824 0.323944 0.555882 0.323944 0.552941 0.325224 0.550000 0.326504 0.550000 0.326504 0.544118 0.327785 0.541176 0.325224 0.541176 0.323944 0.538235 0.326504 0.532353 0.326504 0.502941 0.327785 0.500000 0.327785 0.497059 0.326504 0.494118 0.327785 0.491176 0.327785 0.485294 0.326504 0.485294 0.326504 0.488235 0.325224 0.491176 0.325224 0.494118 0.323944 0.497059 0.323944 0.508824 0.321383 0.514706 0.322663 0.517647 0.322663 0.523529 0.321383 0.526471 0.321383 0.541176 0.322663 0.544118 0.321383 0.547059 0.320102 0.547059 0.318822 0.544118 0.318822 0.541176 0.317542 0.538235 0.318822 0.535294 0.318822 0.520588 0.317542 0.517647 0.318822 0.514706 0.318822 0.505882 0.320102 0.502941 0.318822 0.500000 0.318822 0.488235 0.317542 0.485294 0.317542 0.532353 0.316261 0.535294 0.316261 0.558824 0.313700 0.564706 0.314981 0.567647 0.314981 0.576471 0.313700 0.579412 0.313700 0.605882 0.311140 0.611765 0.309859 0.608824 0.309859 0.605882 0.311140 0.602941 0.311140 0.597059 0.309859 0.594118 0.308579 0.597059 0.308579 0.600000 0.307298 0.602941 0.306018 0.600000 0.306018 0.597059 0.304738 0.594118 0.306018 0.591176 0.304738 0.594118 0.303457 0.591176 0.303457 0.588235 0.300896 0.588235 0.300896 0.591176 0.299616 0.594118 0.300896 0.594118 0.302177 0.597059 0.299616 0.602941 0.299616 0.605882 0.300896 0.608824 0.298335 0.614706 0.300896 0.620588 0.299616 0.623529 0.298335 0.623529 0.297055 0.626471 0.295775 0.623529 0.295775 0.617647 0.294494 0.620588 0.293214 0.617647 0.293214 0.608824 0.293214 0.611765 0.290653 0.617647 0.289373 0.614706 0.291933 0.620588 0.291933 0.623529 0.289373 0.629412 0.286812 0.623529 0.285531 0.623529 0.284251 0.620588 0.282971 0.620588 0.281690 0.617647 0.280410 0.617647 0.279129 0.614706 0.277849 0.614706 0.276569 0.611765 0.275288 0.611765 0.274008 0.608824 0.272727 0.608824 0.271447 0.605882 0.268886 0.605882 0.267606 0.602941 0.266325 0.602941 0.265045 0.600000 0.262484 0.600000 0.261204 0.597059 0.258643 0.597059 0.257362 0.594118 0.258643 0.591176 0.257362 0.588235 0.254802 0.588235 0.253521 0.585294 0.253521 0.576471 0.254802 0.573529 0.256082 0.573529 0.256082 0.567647 0.254802 0.567647 0.254802 0.570588 0.252241 0.576471 0.247119 0.576471 0.248399 0.579412 0.247119 0.582353 0.244558 0.582353 0.245839 0.582353 0.247119 0.585294 0.245839 0.588235 0.244558 0.588235 0.247119 0.588235 0.248399 0.591176 0.250960 0.591176 0.252241 0.594118 0.254802 0.594118 0.256082 0.597059 0.258643 0.597059 0.259923 0.600000 0.261204 0.600000 0.262484 0.602941 0.265045 0.602941 0.266325 0.605882 0.267606 0.605882 0.268886 0.608824 0.270166 0.608824 0.271447 0.611765 0.272727 0.611765 0.274008 0.614706 0.276569 0.614706 0.277849 0.617647 0.279129 0.617647 0.281690 0.623529 0.282971 0.623529 0.284251 0.626471 0.285531 0.626471 0.286812 0.629412 0.288092 0.629412 0.289373 0.632353 0.289373 0.635294 0.290653 0.635294 0.291933 0.638235 0.293214 0.635294 0.294494 0.638235 0.295775 0.638235 0.297055 0.641176 0.298335 0.641176 0.300896 0.647059 0.302177 0.647059 0.303457 0.650000 0.304738 0.650000 0.306018 0.652941 0.306018 0.658824 0.307298 0.655882 0.308579 0.655882 0.309859 0.658824 0.311140 0.658824 0.313700 0.664706 0.314981 0.664706 0.316261 0.667647 0.316261 0.685294 0.314981 0.688235 0.313700 0.688235 0.311140 0.694118 0.309859 0.694118 0.308579 0.691176 0.308579 0.688235 0.307298 0.685294 0.307298 0.679412 0.306018 0.676471 0.306018 0.670588 0.307298 0.667647 0.306018 0.667647 0.304738 0.670588 0.303457 0.670588 0.302177 0.667647 0.303457 0.664706 0.302177 0.661765 0.300896 0.664706 0.300896 0.667647 0.298335 0.673529 0.295775 0.673529 0.291933 0.664706 0.291933 0.661765 0.290653 0.658824 0.289373 0.658824 0.288092 0.661765 0.289373 0.664706 0.288092 0.667647 0.289373 0.670588 0.288092 0.673529 0.289373 0.676471 0.289373 0.679412 0.290653 0.682353 0.289373 0.685294 0.289373 0.691176 0.290653 0.694118 0.290653 0.697059 0.289373 0.700000 0.288092 0.700000 0.286812 0.697059 0.286812 0.682353 0.286812 0.694118 0.285531 0.697059 0.281690 0.697059 0.280410 0.694118 0.281690 0.691176 0.280410 0.694118 0.277849 0.694118 0.279129 0.694118 0.280410 0.697059 0.281690 0.697059 0.282971 0.700000 0.284251 0.700000 0.285531 0.702941 0.285531 0.708824 0.285531 0.705882 0.286812 0.702941 0.288092 0.705882 0.289373 0.705882 0.291933 0.711765 0.293214 0.711765 0.294494 0.714706 0.295775 0.714706 0.297055 0.717647 0.297055 0.729412 0.298335 0.732353 0.298335 0.735294 0.298335 0.726471 0.299616 0.723529 0.302177 0.723529 0.299616 0.717647 0.299616 0.714706 0.297055 0.708824 0.294494 0.708824 0.290653 0.700000 0.290653 0.676471 0.291933 0.673529 0.293214 0.673529 0.294494 0.676471 0.293214 0.679412 0.293214 0.691176 0.293214 0.685294 0.294494 0.682353 0.295775 0.682353 0.297055 0.679412 0.298335 0.679412 0.298335 0.676471 0.299616 0.673529 0.300896 0.676471 0.300896 0.682353 0.303457 0.682353 0.303457 0.676471 0.304738 0.673529 0.307298 0.679412 0.307298 0.702941 0.308579 0.700000 0.309859 0.700000 0.311140 0.697059 0.313700 0.702941 0.312420 0.705882 0.313700 0.702941 0.316261 0.708824 0.317542 0.705882 0.318822 0.708824 0.318822 0.720588 0.320102 0.723529 0.318822 0.726471 0.316261 0.726471 0.316261 0.732353 0.314981 0.735294 0.314981 0.741176 0.313700 0.744118 0.313700 0.752941 0.314981 0.755882 0.314981 0.758824 0.313700 0.761765 0.313700 0.764706 0.314981 0.767647 0.314981 0.770588 0.316261 0.773529 0.316261 0.782353 0.317542 0.785294 0.317542 0.794118 0.318822 0.797059 0.318822 0.817647 0.320102 0.817647 0.320102 0.779412 0.321383 0.776471 0.321383 0.764706 0.321383 0.773529 0.320102 0.776471 0.318822 0.773529 0.318822 0.761765 0.320102 0.758824 0.321383 0.758824 0.321383 0.747059 0.322663 0.744118 0.323944 0.747059 0.323944 0.782353 0.323944 0.779412 0.325224 0.776471 0.325224 0.773529 0.323944 0.770588 0.323944 0.764706 0.326504 0.758824 0.325224 0.758824 0.323944 0.755882 0.329065 0.744118 0.329065 0.741176 0.327785 0.738235 0.329065 0.735294 0.329065 0.729412 0.326504 0.729412 0.327785 0.732353 0.326504 0.735294 0.325224 0.735294 0.323944 0.732353 0.323944 0.726471 0.325224 0.723529 0.325224 0.714706 0.323944 0.711765 0.325224 0.708824 0.325224 0.705882 0.326504 0.702941 0.327785 0.705882 0.329065 0.702941 0.330346 0.702941 0.331626 0.700000 0.332907 0.702941 0.334187 0.702941 0.335467 0.705882 0.334187 0.708824 0.334187 0.711765 0.335467 0.711765 0.336748 0.714706 0.338028 0.711765 0.339309 0.714706 0.339309 0.717647 0.340589 0.717647 0.340589 0.708824 0.339309 0.711765 0.338028 0.708824 0.338028 0.705882 0.339309 0.702941 0.340589 0.702941 0.340589 0.700000 0.339309 0.697059 0.340589 0.694118 0.340589 0.691176 0.341869 0.688235 0.343150 0.688235 0.344430 0.685294 0.344430 0.679412 0.343150 0.676471 0.341869 0.679412 0.341869 0.682353 0.340589 0.685294 0.339309 0.682353 0.340589 0.685294 0.338028 0.691176 0.336748 0.688235 0.336748 0.691176 0.334187 0.697059 0.332907 0.694118 0.332907 0.685294 0.334187 0.682353 0.334187 0.658824 0.334187 0.676471 0.332907 0.679412 0.332907 0.691176 0.331626 0.694118 0.330346 0.691176 0.329065 0.694118 0.327785 0.694118 0.326504 0.697059 0.325224 0.697059 0.323944 0.694118 0.325224 0.691176 0.325224 0.679412 0.326504 0.676471 0.327785 0.676471 0.327785 0.667647 0.329065 0.664706 0.327785 0.661765 0.329065 0.658824 0.329065 0.655882 0.330346 0.652941 0.331626 0.652941 0.329065 0.652941 0.327785 0.650000 0.327785 0.647059 0.329065 0.644118 0.327785 0.641176 0.327785 0.638235 0.326504 0.641176 0.325224 0.638235 0.325224 0.635294 0.323944 0.632353 0.323944 0.620588 0.325224 0.617647 0.326504 0.617647 0.329065 0.623529 0.329065 0.626471 0.327785 0.629412 0.329065 0.629412 0.330346 0.626471 0.331626 0.629412 0.334187 0.623529 0.335467 0.626471 0.335467 0.647059 0.334187 0.650000 0.335467 0.652941 0.335467 0.650000 0.336748 0.647059 0.335467 0.644118 0.335467 0.641176 0.338028 0.635294 0.336748 0.638235 0.335467 0.635294 0.335467 0.623529 0.338028 0.617647 0.338028 0.614706 0.336748 0.611765 0.336748 0.605882 0.338028 0.602941 0.336748 0.600000 0.336748 0.588235 0.338028 0.585294 0.338028 0.582353 0.339309 0.579412 0.339309 0.570588 0.340589 0.567647 0.340589 0.555882 0.340589 0.561765 0.339309 0.564706 0.338028 0.561765 0.338028 0.541176 0.336748 0.538235 0.336748 0.497059 0.335467 0.494118
1 0.481434 0.476471 0.481434 0.494118 0.482714 0.497059 0.481434 0.500000 0.481434 0.502941 0.482714 0.505882 0.481434 0.508824 0.482714 0.511765 0.482714 0.529412 0.481434 0.532353 0.481434 0.600000 0.482714 0.597059 0.482714 0.594118 0.483995 0.591176 0.483995 0.588235 0.485275 0.585294 0.485275 0.576471 0.486556 0.573529 0.486556 0.561765 0.486556 0.567647 0.485275 0.570588 0.485275 0.579412 0.483995 0.582353 0.483995 0.591176 0.482714 0.594118 0.481434 0.591176 0.481434 0.576471 0.482714 0.573529 0.482714 0.558824 0.481434 0.555882 0.482714 0.552941 0.482714 0.538235 0.483995 0.535294 0.482714 0.532353 0.482714 0.520588 0.483995 0.517647 0.482714 0.514706 0.482714 0.502941 0.481434 0.500000 0.482714 0.497059 0.482714 0.488235 0.481434 0.485294
1 0.661972 0.473529 0.663252 0.476471 0.663252 0.502941 0.664533 0.505882 0.664533 0.529412 0.665813 0.532353 0.665813 0.564706 0.664533 0.567647 0.663252 0.564706 0.663252 0.558824 0.663252 0.564706 0.664533 0.567647 0.664533 0.585294 0.665813 0.588235 0.665813 0.647059 0.665813 0.644118 0.667093 0.641176 0.667093 0.626471 0.665813 0.623529 0.665813 0.508824 0.664533 0.505882 0.664533 0.502941 0.665813 0.500000 0.664533 0.497059 0.664533 0.482353 0.663252 0.479412 0.663252 0.473529
1 0.627401 0.452941 0.627401 0.455882 0.626120 0.458824 0.627401 0.461765 0.626120 0.464706 0.626120 0.500000 0.627401 0.502941 0.627401 0.535294 0.628681 0.538235 0.628681 0.550000 0.628681 0.544118 0.629962 0.541176 0.629962 0.535294 0.628681 0.532353 0.628681 0.470588 0.627401 0.467647 0.627401 0.461765 0.628681 0.458824 0.628681 0.455882
1 0.192061 0.452941 0.190781 0.455882 0.190781 0.458824 0.192061 0.461765 0.190781 0.464706 0.190781 0.467647 0.192061 0.470588 0.192061 0.500000 0.193342 0.502941 0.193342 0.520588 0.194622 0.523529 0.194622 0.535294 0.194622 0.494118 0.193342 0.491176 0.193342 0.479412 0.194622 0.476471 0.193342 0.473529 0.193342 0.464706 0.192061 0.461765 0.192061 0.458824 0.190781 0.455882
1 0.449424 0.444118 0.450704 0.447059 0.450704 0.511765 0.449424 0.514706 0.449424 0.582353 0.448143 0.585294 0.450704 0.591176 0.449424 0.594118 0.449424 0.617647 0.451985 0.617647 0.450704 0.614706 0.451985 0.611765 0.451985 0.605882 0.453265 0.602941 0.453265 0.600000 0.454545 0.597059 0.454545 0.591176 0.455826 0.588235 0.455826 0.573529 0.457106 0.570588 0.457106 0.561765 0.455826 0.558824 0.455826 0.544118 0.457106 0.541176 0.457106 0.535294 0.457106 0.541176 0.455826 0.544118 0.455826 0.550000 0.454545 0.552941 0.454545 0.558824 0.453265 0.561765 0.451985 0.558824 0.451985 0.544118 0.453265 0.541176 0.451985 0.538235 0.453265 0.535294 0.451985 0.532353 0.453265 0.529412 0.453265 0.514706 0.451985 0.511765 0.453265 0.508824 0.453265 0.494118 0.451985 0.491176 0.453265 0.488235 0.451985 0.485294 0.451985 0.473529 0.450704 0.470588 0.451985 0.467647 0.451985 0.455882 0.450704 0.452941 0.450704 0.444118
1 0.462228 0.423529 0.462228 0.426471 0.463508 0.429412 0.462228 0.432353 0.462228 0.441176 0.463508 0.444118 0.463508 0.447059 0.462228 0.450000 0.463508 0.452941 0.463508 0.476471 0.464789 0.479412 0.464789 0.500000 0.466069 0.502941 0.466069 0.535294 0.466069 0.482353 0.464789 0.479412 0.464789 0.441176 0.463508 0.438235 0.463508 0.429412 0.462228 0.426471
1 0.895006 0.408824 0.895006 0.411765 0.893726 0.414706 0.893726 0.429412 0.895006 0.432353 0.895006 0.435294 0.893726 0.438235 0.895006 0.441176 0.895006 0.452941 0.896287 0.455882 0.896287 0.458824 0.897567 0.461765 0.897567 0.464706 0.895006 0.470588 0.896287 0.473529 0.896287 0.494118 0.897567 0.497059 0.897567 0.500000 0.896287 0.502941 0.896287 0.532353 0.895006 0.535294 0.895006 0.541176 0.896287 0.544118 0.896287 0.555882 0.893726 0.561765 0.892446 0.561765 0.892446 0.564706 0.893726 0.567647 0.893726 0.573529 0.895006 0.576471 0.895006 0.588235 0.893726 0.591176 0.892446 0.591176 0.892446 0.605882 0.893726 0.608824 0.893726 0.626471 0.895006 0.629412 0.895006 0.664706 0.898848 0.673529 0.898848 0.708824 0.897567 0.711765 0.897567 0.717647 0.900128 0.723529 0.898848 0.726471 0.898848 0.729412 0.901408 0.735294 0.901408 0.738235 0.900128 0.741176 0.900128 0.764706 0.901408 0.767647 0.901408 0.794118 0.903969 0.800000 0.903969 0.811765 0.905250 0.814706 0.905250 0.820588 0.903969 0.823529 0.903969 0.826471 0.905250 0.826471 0.905250 0.808824 0.903969 0.805882 0.903969 0.788235 0.902689 0.785294 0.902689 0.770588 0.901408 0.767647 0.901408 0.761765 0.902689 0.758824 0.903969 0.758824 0.903969 0.744118 0.905250 0.741176 0.905250 0.735294 0.906530 0.732353 0.906530 0.726471 0.907810 0.723529 0.907810 0.717647 0.909091 0.714706 0.909091 0.711765 0.910371 0.708824 0.910371 0.702941 0.911652 0.700000 0.911652 0.691176 0.912932 0.688235 0.915493 0.694118 0.914213 0.691176 0.914213 0.688235 0.912932 0.685294 0.912932 0.644118 0.915493 0.638235 0.914213 0.635294 0.914213 0.623529 0.915493 0.620588 0.915493 0.614706 0.915493 0.617647 0.914213 0.620588 0.914213 0.623529 0.912932 0.626471 0.912932 0.632353 0.911652 0.635294 0.911652 0.641176 0.910371 0.644118 0.910371 0.652941 0.909091 0.655882 0.909091 0.658824 0.907810 0.661765 0.907810 0.667647 0.906530 0.670588 0.905250 0.667647 0.905250 0.664706 0.903969 0.664706 0.902689 0.667647 0.901408 0.664706 0.901408 0.644118 0.900128 0.641176 0.900128 0.635294 0.902689 0.629412 0.902689 0.620588 0.900128 0.620588 0.898848 0.617647 0.901408 0.611765 0.902689 0.611765 0.902689 0.564706 0.901408 0.561765 0.902689 0.558824 0.902689 0.550000 0.901408 0.547059 0.901408 0.541176 0.902689 0.538235 0.903969 0.538235 0.903969 0.532353 0.902689 0.532353 0.901408 0.529412 0.902689 0.526471 0.902689 0.523529 0.903969 0.520588 0.902689 0.517647 0.902689 0.514706 0.901408 0.511765 0.903969 0.505882 0.903969 0.502941 0.902689 0.500000 0.902689 0.491176 0.901408 0.488235 0.901408 0.485294 0.903969 0.479412 0.902689 0.476471 0.901408 0.476471 0.900128 0.473529 0.900128 0.470588 0.901408 0.467647 0.902689 0.467647 0.902689 0.455882 0.901408 0.452941 0.901408 0.450000 0.902689 0.447059 0.902689 0.438235 0.900128 0.432353 0.901408 0.429412 0.900128 0.429412 0.898848 0.426471 0.898848 0.420588 0.897567 0.417647 0.897567 0.411765 0.896287 0.411765
1 0.393086 0.361765 0.391805 0.364706 0.391805 0.417647 0.390525 0.420588 0.390525 0.444118 0.389245 0.447059 0.389245 0.470588 0.387964 0.473529 0.387964 0.494118 0.386684 0.497059 0.386684 0.500000 0.385403 0.502941 0.385403 0.511765 0.386684 0.514706 0.385403 0.517647 0.386684 0.520588 0.386684 0.523529 0.384123 0.529412 0.384123 0.538235 0.382843 0.541176 0.384123 0.541176 0.385403 0.544118 0.385403 0.547059 0.384123 0.550000 0.384123 0.588235 0.382843 0.591176 0.381562 0.588235 0.381562 0.576471 0.380282 0.576471 0.379001 0.573529 0.379001 0.567647 0.377721 0.567647 0.375160 0.561765 0.375160 0.558824 0.376440 0.555882 0.375160 0.552941 0.375160 0.550000 0.376440 0.547059 0.376440 0.538235 0.375160 0.535294 0.376440 0.532353 0.376440 0.514706 0.375160 0.511765 0.376440 0.508824 0.375160 0.505882 0.376440 0.502941 0.376440 0.497059 0.375160 0.494118 0.376440 0.491176 0.375160 0.488235 0.375160 0.479412 0.373880 0.476471 0.373880 0.473529 0.373880 0.485294 0.375160 0.488235 0.373880 0.491176 0.373880 0.500000 0.375160 0.502941 0.373880 0.505882 0.373880 0.508824 0.375160 0.511765 0.373880 0.514706 0.373880 0.520588 0.375160 0.523529 0.375160 0.544118 0.373880 0.547059 0.373880 0.567647 0.372599 0.570588 0.372599 0.573529 0.373880 0.576471 0.373880 0.579412 0.371319 0.585294 0.370038 0.582353 0.368758 0.585294 0.367478 0.582353 0.364917 0.588235 0.363636 0.585294 0.364917 0.588235 0.363636 0.591176 0.361076 0.591176 0.362356 0.594118 0.361076 0.597059 0.362356 0.597059 0.364917 0.602941 0.366197 0.600000 0.367478 0.602941 0.367478 0.605882 0.366197 0.608824 0.363636 0.608824 0.364917 0.611765 0.363636 0.614706 0.362356 0.614706 0.359795 0.608824 0.361076 0.605882 0.359795 0.602941 0.359795 0.611765 0.358515 0.614706 0.355954 0.614706 0.353393 0.608824 0.354673 0.605882 0.353393 0.605882 0.350832 0.600000 0.350832 0.582353 0.352113 0.579412 0.353393 0.579412 0.355954 0.573529 0.357234 0.573529 0.354673 0.573529 0.353393 0.570588 0.353393 0.564706 0.349552 0.555882 0.349552 0.538235 0.348271 0.535294 0.349552 0.532353 0.349552 0.529412 0.348271 0.526471 0.348271 0.491176 0.348271 0.494118 0.346991 0.497059 0.346991 0.520588 0.348271 0.523529 0.346991 0.526471 0.346991 0.544118 0.348271 0.547059 0.346991 0.550000 0.346991 0.555882 0.348271 0.558824 0.348271 0.591176 0.346991 0.594118 0.349552 0.600000 0.348271 0.602941 0.346991 0.602941 0.346991 0.608824 0.348271 0.608824 0.349552 0.611765 0.349552 0.617647 0.348271 0.620588 0.348271 0.626471 0.346991 0.629412 0.346991 0.632353 0.345711 0.635294 0.346991 0.638235 0.346991 0.655882 0.348271 0.658824 0.348271 0.673529 0.348271 0.670588 0.349552 0.667647 0.349552 0.629412 0.350832 0.626471 0.352113 0.626471 0.353393 0.629412 0.357234 0.629412 0.358515 0.632353 0.358515 0.638235 0.359795 0.641176 0.359795 0.644118 0.358515 0.647059 0.359795 0.644118 0.359795 0.641176 0.358515 0.638235 0.358515 0.626471 0.359795 0.623529 0.361076 0.623529 0.362356 0.620588 0.363636 0.623529 0.363636 0.638235 0.362356 0.641176 0.362356 0.650000 0.362356 0.644118 0.363636 0.641176 0.363636 0.623529 0.364917 0.620588 0.366197 0.623529 0.366197 0.617647 0.368758 0.611765 0.367478 0.611765 0.366197 0.608824 0.367478 0.605882 0.367478 0.602941 0.368758 0.600000 0.370038 0.602941 0.370038 0.605882 0.372599 0.611765 0.372599 0.614706 0.371319 0.617647 0.371319 0.620588 0.370038 0.623529 0.368758 0.620588 0.370038 0.623529 0.368758 0.626471 0.370038 0.629412 0.368758 0.632353 0.367478 0.632353 0.366197 0.635294 0.367478 0.638235 0.371319 0.629412 0.372599 0.632353 0.372599 0.650000 0.373880 0.652941 0.373880 0.638235 0.376440 0.632353 0.376440 0.626471 0.377721 0.623529 0.379001 0.626471 0.380282 0.623529 0.381562 0.626471 0.382843 0.626471 0.384123 0.623529 0.385403 0.626471 0.385403 0.726471 0.386684 0.729412 0.386684 0.732353 0.386684 0.676471 0.387964 0.673529 0.387964 0.661765 0.389245 0.658824 0.389245 0.647059 0.390525 0.644118 0.390525 0.632353 0.391805 0.629412 0.391805 0.602941 0.393086 0.600000 0.393086 0.597059 0.391805 0.594118 0.391805 0.588235 0.393086 0.585294 0.391805 0.582353 0.391805 0.573529 0.393086 0.570588 0.393086 0.558824 0.393086 0.567647 0.391805 0.570588 0.391805 0.582353 0.390525 0.585294 0.389245 0.585294 0.387964 0.582353 0.387964 0.576471 0.386684 0.573529 0.386684 0.570588 0.387964 0.567647 0.389245 0.567647 0.389245 0.564706 0.390525 0.561765 0.390525 0.555882 0.389245 0.555882 0.387964 0.552941 0.387964 0.550000 0.389245 0.547059 0.390525 0.547059 0.390525 0.544118 0.391805 0.541176 0.390525 0.538235 0.390525 0.502941 0.391805 0.500000 0.391805 0.479412 0.393086 0.476471 0.393086 0.473529 0.391805 0.470588 0.393086 0.467647 0.393086 0.450000 0.394366 0.447059 0.394366 0.426471 0.395647 0.423529 0.394366 0.423529 0.393086 0.420588 0.393086 0.417647 0.395647 0.411765 0.394366 0.408824 0.394366 0.402941 0.395647 0.400000 0.395647 0.379412 0.394366 0.376471 0.394366 0.364706
1 0.430218 0.326471 0.430218 0.338235 0.428937 0.341176 0.430218 0.344118 0.430218 0.347059 0.428937 0.350000 0.431498 0.355882 0.430218 0.358824 0.430218 0.373529 0.431498 0.376471 0.430218 0.379412 0.430218 0.391176 0.431498 0.394118 0.430218 0.397059 0.430218 0.405882 0.431498 0.408824 0.431498 0.417647 0.432778 0.420588 0.432778 0.423529 0.431498 0.426471 0.431498 0.432353 0.432778 0.435294 0.432778 0.450000 0.431498 0.452941 0.431498 0.455882 0.432778 0.458824 0.432778 0.497059 0.431498 0.500000 0.430218 0.500000 0.430218 0.502941 0.431498 0.505882 0.431498 0.508824 0.432778 0.511765 0.432778 0.517647 0.431498 0.520588 0.432778 0.523529 0.432778 0.526471 0.434059 0.529412 0.434059 0.547059 0.432778 0.550000 0.432778 0.558824 0.434059 0.561765 0.434059 0.570588 0.432778 0.573529 0.431498 0.570588 0.431498 0.564706 0.428937 0.558824 0.428937 0.555882 0.428937 0.564706 0.430218 0.567647 0.430218 0.605882 0.432778 0.611765 0.432778 0.626471 0.431498 0.629412 0.431498 0.661765 0.430218 0.664706 0.430218 0.667647 0.431498 0.670588 0.431498 0.708824 0.431498 0.676471 0.432778 0.673529 0.432778 0.644118 0.434059 0.641176 0.434059 0.629412 0.435339 0.626471 0.435339 0.605882 0.436620 0.602941 0.436620 0.582353 0.437900 0.579412 0.437900 0.552941 0.439181 0.550000 0.439181 0.508824 0.439181 0.511765 0.437900 0.514706 0.436620 0.511765 0.436620 0.494118 0.435339 0.491176 0.436620 0.488235 0.436620 0.464706 0.435339 0.461765 0.436620 0.458824 0.436620 0.438235 0.435339 0.435294 0.435339 0.423529 0.436620 0.420588 0.436620 0.417647 0.435339 0.414706 0.435339 0.397059 0.434059 0.394118 0.435339 0.391176 0.435339 0.388235 0.434059 0.388235 0.432778 0.385294 0.432778 0.382353 0.434059 0.379412 0.432778 0.376471 0.434059 0.373529 0.434059 0.370588 0.432778 0.367647 0.432778 0.338235 0.431498 0.335294 0.431498 0.329412
1 0.777209 0.000000 0.778489 0.002941 0.778489 0.011765 0.777209 0.014706 0.777209 0.023529 0.775928 0.026471 0.775928 0.029412 0.779770 0.029412 0.782330 0.035294 0.782330 0.038235 0.781050 0.041176 0.781050 0.050000 0.782330 0.052941 0.783611 0.052941 0.784891 0.055882 0.784891 0.061765 0.782330 0.067647 0.781050 0.067647 0.779770 0.070588 0.779770 0.082353 0.782330 0.088235 0.781050 0.091176 0.779770 0.091176 0.779770 0.094118 0.783611 0.102941 0.783611 0.114706 0.781050 0.120588 0.781050 0.123529 0.779770 0.126471 0.781050 0.129412 0.781050 0.141176 0.786172 0.152941 0.784891 0.155882 0.786172 0.158824 0.786172 0.167647 0.787452 0.170588 0.787452 0.176471 0.788732 0.179412 0.788732 0.188235 0.790013 0.191176 0.790013 0.194118 0.791293 0.197059 0.791293 0.200000 0.792574 0.200000 0.796415 0.208824 0.796415 0.217647 0.792574 0.226471 0.792574 0.241176 0.793854 0.244118 0.793854 0.252941 0.795134 0.255882 0.795134 0.261765 0.796415 0.264706 0.796415 0.267647 0.797695 0.270588 0.797695 0.285294 0.796415 0.288235 0.797695 0.291176 0.797695 0.294118 0.800256 0.300000 0.800256 0.302941 0.802817 0.308824 0.802817 0.314706 0.801536 0.317647 0.800256 0.317647 0.800256 0.323529 0.798976 0.326471 0.797695 0.326471 0.797695 0.347059 0.800256 0.352941 0.800256 0.364706 0.801536 0.367647 0.801536 0.376471 0.804097 0.382353 0.804097 0.385294 0.805378 0.388235 0.805378 0.394118 0.804097 0.397059 0.804097 0.402941 0.805378 0.405882 0.805378 0.411765 0.807939 0.417647 0.807939 0.423529 0.804097 0.432353 0.804097 0.438235 0.805378 0.441176 0.805378 0.447059 0.806658 0.450000 0.806658 0.458824 0.807939 0.461765 0.807939 0.473529 0.809219 0.476471 0.809219 0.505882 0.806658 0.511765 0.806658 0.520588 0.807939 0.523529 0.805378 0.529412 0.800256 0.529412 0.797695 0.535294 0.797695 0.541176 0.800256 0.547059 0.800256 0.550000 0.807939 0.567647 0.807939 0.570588 0.809219 0.573529 0.811780 0.573529 0.813060 0.576471 0.811780 0.579412 0.811780 0.594118 0.810499 0.597059 0.810499 0.600000 0.809219 0.602941 0.809219 0.617647 0.810499 0.620588 0.810499 0.632353 0.811780 0.635294 0.811780 0.641176 0.813060 0.644118 0.813060 0.650000 0.814341 0.650000 0.815621 0.652941 0.818182 0.652941 0.819462 0.655882 0.820743 0.655882 0.823303 0.661765 0.823303 0.688235 0.824584 0.691176 0.824584 0.729412 0.825864 0.732353 0.825864 0.735294 0.824584 0.738235 0.823303 0.738235 0.822023 0.741176 0.822023 0.744118 0.820743 0.747059 0.820743 0.755882 0.819462 0.758824 0.819462 0.764706 0.820743 0.767647 0.820743 0.770588 0.822023 0.773529 0.822023 0.779412 0.823303 0.782353 0.823303 0.785294 0.828425 0.797059 0.828425 0.808824 0.829706 0.811765 0.829706 0.838235 0.830986 0.841176 0.830986 0.847059 0.829706 0.850000 0.829706 0.852941 0.828425 0.855882 0.825864 0.855882 0.820743 0.844118 0.820743 0.841176 0.819462 0.838235 0.819462 0.835294 0.818182 0.832353 0.818182 0.826471 0.816901 0.823529 0.818182 0.820588 0.816901 0.817647 0.816901 0.805882 0.815621 0.802941 0.815621 0.800000 0.814341 0.797059 0.814341 0.794118 0.813060 0.791176 0.811780 0.791176 0.810499 0.788235 0.809219 0.788235 0.804097 0.776471 0.804097 0.773529 0.802817 0.770588 0.802817 0.767647 0.801536 0.764706 0.798976 0.764706 0.798976 0.770588 0.797695 0.773529 0.798976 0.776471 0.798976 0.794118 0.800256 0.797059 0.800256 0.802941 0.801536 0.805882 0.801536 0.814706 0.802817 0.817647 0.802817 0.829412 0.804097 0.832353 0.804097 0.835294 0.802817 0.838235 0.802817 0.841176 0.805378 0.847059 0.805378 0.850000 0.806658 0.852941 0.806658 0.855882 0.807939 0.858824 0.807939 0.861765 0.806658 0.864706 0.806658 0.873529 0.805378 0.876471 0.805378 0.879412 0.806658 0.882353 0.806658 0.888235 0.807939 0.891176 0.807939 0.897059 0.809219 0.900000 0.809219 0.914706 0.810499 0.917647 0.810499 0.932353 0.811780 0.935294 0.811780 0.947059 0.813060 0.950000 0.813060 0.952941 0.814341 0.955882 0.814341 0.973529 0.815621 0.976471 0.815621 0.991176 0.816901 0.994118 0.816901 0.997059 0.846351 0.997059 0.846351 0.941176 0.847631 0.938235 0.848912 0.941176 0.848912 0.935294 0.847631 0.935294 0.846351 0.932353 0.846351 0.876471 0.848912 0.870588 0.852753 0.870588 0.851472 0.870588 0.850192 0.867647 0.852753 0.861765 0.850192 0.861765 0.848912 0.858824 0.848912 0.855882 0.847631 0.858824 0.846351 0.855882 0.846351 0.808824 0.845070 0.805882 0.845070 0.761765 0.846351 0.758824 0.846351 0.720588 0.847631 0.717647 0.847631 0.714706 0.848912 0.711765 0.848912 0.708824 0.847631 0.705882 0.847631 0.702941 0.848912 0.700000 0.847631 0.697059 0.847631 0.691176 0.846351 0.688235 0.846351 0.682353 0.848912 0.676471 0.850192 0.676471 0.851472 0.673529 0.851472 0.650000 0.852753 0.647059 0.852753 0.626471 0.854033 0.623529 0.854033 0.620588 0.852753 0.617647 0.852753 0.594118 0.854033 0.591176 0.843790 0.591176 0.842510 0.588235 0.839949 0.588235 0.838668 0.585294 0.838668 0.582353 0.839949 0.579412 0.839949 0.564706 0.837388 0.558824 0.837388 0.552941 0.838668 0.550000 0.837388 0.547059 0.837388 0.541176 0.838668 0.538235 0.838668 0.520588 0.837388 0.517647 0.837388 0.500000 0.836108 0.497059 0.836108 0.491176 0.834827 0.488235 0.834827 0.479412 0.833547 0.476471 0.833547 0.473529 0.834827 0.470588 0.834827 0.467647 0.836108 0.464706 0.836108 0.455882 0.834827 0.452941 0.834827 0.450000 0.833547 0.450000 0.832266 0.447059 0.832266 0.438235 0.833547 0.435294 0.833547 0.423529 0.832266 0.420588 0.832266 0.402941 0.833547 0.400000 0.833547 0.394118 0.832266 0.391176 0.832266 0.388235 0.833547 0.385294 0.833547 0.382353 0.832266 0.379412 0.832266 0.373529 0.830986 0.370588 0.830986 0.367647 0.829706 0.364706 0.828425 0.364706 0.827145 0.361765 0.827145 0.358824 0.825864 0.355882 0.825864 0.352941 0.827145 0.350000 0.827145 0.344118 0.828425 0.341176 0.828425 0.332353 0.827145 0.329412 0.827145 0.320588 0.825864 0.320588 0.824584 0.317647 0.824584 0.311765 0.825864 0.308824 0.825864 0.282353 0.824584 0.279412 0.824584 0.276471 0.825864 0.273529 0.825864 0.261765 0.824584 0.261765 0.823303 0.258824 0.818182 0.258824 0.816901 0.255882 0.816901 0.252941 0.818182 0.250000 0.818182 0.238235 0.819462 0.235294 0.819462 0.226471 0.818182 0.223529 0.818182 0.214706 0.819462 0.211765 0.819462 0.191176 0.818182 0.188235 0.818182 0.161765 0.816901 0.161765 0.815621 0.158824 0.815621 0.155882 0.814341 0.152941 0.814341 0.150000 0.811780 0.144118 0.811780 0.105882 0.810499 0.102941 0.811780 0.100000 0.810499 0.097059 0.809219 0.097059 0.806658 0.091176 0.807939 0.088235 0.807939 0.085294 0.809219 0.082353 0.809219 0.079412 0.810499 0.076471 0.810499 0.070588 0.811780 0.067647 0.810499 0.067647 0.809219 0.070588 0.807939 0.067647 0.804097 0.067647 0.802817 0.070588 0.796415 0.055882 0.796415 0.052941 0.797695 0.050000 0.797695 0.047059 0.800256 0.041176 0.800256 0.038235 0.801536 0.035294 0.801536 0.032353 0.802817 0.029412 0.800256 0.023529 0.800256 0.020588 0.802817 0.014706 0.802817 0.011765 0.801536 0.008824 0.797695 0.008824 0.796415 0.005882 0.796415 0.002941 0.795134 0.000000
2 0.293214 0.970588 0.293214 0.973529 0.291933 0.976471 0.291933 0.985294 0.293214 0.988235 0.293214 0.991176 0.290653 0.997059 0.294494 0.997059 0.294494 0.973529
2 0.090909 0.970588 0.089629 0.973529 0.090909 0.976471 0.090909 0.979412 0.089629 0.982353 0.088348 0.979412 0.087068 0.982353 0.088348 0.982353 0.089629 0.985294 0.088348 0.988235 0.087068 0.988235 0.087068 0.991176 0.084507 0.997059 0.089629 0.997059 0.089629 0.985294 0.090909 0.982353 0.090909 0.976471 0.092190 0.973529 0.092190 0.970588
2 0.108835 0.932353 0.104994 0.941176 0.104994 0.952941 0.103713 0.955882 0.103713 0.964706 0.102433 0.967647 0.101152 0.964706 0.101152 0.950000 0.099872 0.950000 0.096031 0.958824 0.094750 0.955882 0.096031 0.958824 0.094750 0.961765 0.093470 0.961765 0.093470 0.964706 0.094750 0.967647 0.094750 0.973529 0.096031 0.976471 0.096031 0.979412 0.094750 0.982353 0.094750 0.985294 0.093470 0.988235 0.092190 0.988235 0.093470 0.991176 0.093470 0.997059 0.093470 0.991176 0.094750 0.988235 0.097311 0.994118 0.096031 0.997059 0.103713 0.997059 0.103713 0.991176 0.104994 0.988235 0.107554 0.994118 0.107554 0.997059 0.108835 0.997059 0.107554 0.994118 0.108835 0.991176 0.108835 0.988235 0.107554 0.985294 0.107554 0.982353 0.106274 0.979412 0.107554 0.976471 0.107554 0.973529 0.108835 0.970588 0.108835 0.964706 0.110115 0.961765 0.110115 0.938235 0.108835 0.935294
2 0.763124 0.923529 0.763124 0.932353 0.761844 0.935294 0.761844 0.941176 0.760563 0.944118 0.759283 0.944118 0.759283 0.958824 0.760563 0.961765 0.760563 0.967647 0.763124 0.973529 0.763124 0.976471 0.763124 0.964706 0.764405 0.961765 0.764405 0.958824 0.761844 0.952941 0.761844 0.950000 0.763124 0.947059
2 0.074264 0.726471 0.074264 0.729412 0.075544 0.732353 0.075544 0.735294 0.072983 0.741176 0.072983 0.744118 0.072983 0.741176 0.074264 0.738235 0.075544 0.741176 0.075544 0.744118 0.076825 0.747059 0.078105 0.747059 0.078105 0.744118 0.079385 0.741176 0.080666 0.744118 0.081946 0.744118 0.080666 0.741176 0.081946 0.738235 0.080666 0.738235 0.079385 0.735294 0.079385 0.729412 0.075544 0.729412
2 0.326504 0.705882 0.326504 0.708824 0.325224 0.711765 0.326504 0.714706 0.326504 0.723529 0.325224 0.726471 0.325224 0.732353 0.326504 0.732353 0.325224 0.729412 0.326504 0.726471 0.327785 0.726471 0.329065 0.723529 0.330346 0.726471 0.329065 0.723529 0.329065 0.714706 0.330346 0.711765 0.330346 0.705882 0.329065 0.705882 0.327785 0.708824
2 0.998720 0.682353 0.998720 0.685294 0.997439 0.688235 0.997439 0.694118 0.994878 0.700000 0.989757 0.688235 0.988476 0.688235 0.987196 0.691176 0.988476 0.694118 0.988476 0.697059 0.989757 0.700000 0.989757 0.705882 0.988476 0.708824 0.985915 0.708824 0.985915 0.723529 0.984635 0.726471 0.983355 0.723529 0.983355 0.720588 0.982074 0.717647 0.980794 0.720588 0.982074 0.723529 0.982074 0.726471 0.983355 0.729412 0.980794 0.735294 0.980794 0.738235 0.984635 0.747059 0.984635 0.750000 0.983355 0.752941 0.984635 0.752941 0.985915 0.755882 0.985915 0.758824 0.987196 0.761765 0.991037 0.761765 0.992318 0.758824 0.993598 0.761765 0.992318 0.758824 0.993598 0.755882 0.994878 0.755882 0.996159 0.758824 0.997439 0.758824 0.998720 0.761765 0.998720 0.738235 0.996159 0.744118 0.993598 0.738235 0.993598 0.732353 0.996159 0.726471 0.996159 0.723529 0.997439 0.720588 0.998720 0.723529
2 0.089629 0.676471 0.088348 0.679412 0.085787 0.679412 0.084507 0.682353 0.080666 0.682353 0.080666 0.685294 0.081946 0.688235 0.083227 0.688235 0.084507 0.691176 0.081946 0.697059 0.080666 0.697059 0.081946 0.697059 0.083227 0.694118 0.084507 0.694118 0.085787 0.697059 0.087068 0.694118 0.085787 0.691176 0.087068 0.688235 0.088348 0.688235 0.089629 0.691176 0.089629 0.688235 0.090909 0.685294 0.090909 0.682353 0.092190 0.679412 0.090909 0.676471
2 0.165173 0.638235 0.165173 0.641176 0.163892 0.644118 0.163892 0.650000 0.162612 0.652941 0.163892 0.650000 0.166453 0.655882 0.166453 0.658824 0.165173 0.661765 0.167734 0.661765 0.167734 0.647059 0.169014 0.644118 0.167734 0.644118 0.166453 0.641176 0.166453 0.638235
2 0.901408 0.635294 0.901408 0.641176 0.902689 0.644118 0.902689 0.664706 0.903969 0.661765 0.905250 0.661765 0.906530 0.664706 0.906530 0.667647 0.906530 0.661765 0.907810 0.658824 0.907810 0.655882 0.909091 0.652941 0.907810 0.650000 0.906530 0.650000 0.906530 0.652941 0.905250 0.655882 0.903969 0.652941 0.903969 0.647059 0.905250 0.644118 0.905250 0.638235 0.903969 0.638235 0.902689 0.635294
2 0.918054 0.626471 0.918054 0.641176 0.916773 0.644118 0.918054 0.647059 0.918054 0.652941 0.916773 0.655882 0.916773 0.658824 0.915493 0.661765 0.915493 0.667647 0.916773 0.670588 0.916773 0.673529 0.915493 0.676471 0.914213 0.673529 0.915493 0.676471 0.914213 0.679412 0.914213 0.685294 0.915493 0.688235 0.915493 0.691176 0.914213 0.694118 0.912932 0.691176 0.912932 0.700000 0.911652 0.702941 0.911652 0.708824 0.910371 0.711765 0.910371 0.717647 0.909091 0.720588 0.909091 0.723529 0.907810 0.726471 0.907810 0.732353 0.909091 0.732353 0.910371 0.735294 0.910371 0.764706 0.909091 0.767647 0.910371 0.770588 0.910371 0.773529 0.911652 0.776471 0.911652 0.782353 0.912932 0.785294 0.912932 0.788235 0.914213 0.791176 0.914213 0.794118 0.915493 0.797059 0.915493 0.823529 0.914213 0.826471 0.912932 0.826471 0.914213 0.829412 0.912932 0.832353 0.912932 0.841176 0.911652 0.844118 0.911652 0.847059 0.910371 0.850000 0.907810 0.844118 0.909091 0.841176 0.909091 0.826471 0.910371 0.823529 0.909091 0.820588 0.910371 0.817647 0.907810 0.811765 0.907810 0.802941 0.909091 0.800000 0.907810 0.797059 0.907810 0.794118 0.909091 0.791176 0.909091 0.782353 0.906530 0.776471 0.906530 0.764706 0.905250 0.764706 0.903969 0.761765 0.902689 0.761765 0.902689 0.767647 0.903969 0.767647 0.905250 0.764706 0.906530 0.767647 0.906530 0.773529 0.905250 0.776471 0.903969 0.773529 0.903969 0.785294 0.905250 0.788235 0.905250 0.805882 0.906530 0.808824 0.906530 0.826471 0.905250 0.829412 0.903969 0.829412 0.902689 0.826471 0.902689 0.823529 0.903969 0.820588 0.903969 0.814706 0.902689 0.811765 0.902689 0.800000 0.900128 0.794118 0.900128 0.785294 0.898848 0.782353 0.900128 0.779412 0.898848 0.776471 0.898848 0.773529 0.900128 0.770588 0.900128 0.767647 0.898848 0.764706 0.898848 0.747059 0.897567 0.744118 0.900128 0.738235 0.900128 0.735294 0.897567 0.729412 0.897567 0.726471 0.898848 0.723529 0.896287 0.717647 0.896287 0.711765 0.897567 0.708824 0.897567 0.702941 0.896287 0.700000 0.896287 0.691176 0.897567 0.688235 0.897567 0.682353 0.896287 0.682353 0.895006 0.679412 0.896287 0.676471 0.897567 0.676471 0.897567 0.673529 0.892446 0.661765 0.892446 0.658824 0.889885 0.652941 0.889885 0.641176 0.888604 0.641176 0.887324 0.638235 0.886044 0.641176 0.884763 0.638235 0.884763 0.635294 0.883483 0.632353 0.882202 0.632353 0.880922 0.635294 0.879641 0.635294 0.878361 0.632353 0.877081 0.635294 0.877081 0.638235 0.874520 0.644118 0.874520 0.647059 0.873239 0.650000 0.871959 0.650000 0.870679 0.647059 0.870679 0.644118 0.869398 0.647059 0.866837 0.647059 0.865557 0.644118 0.864277 0.647059 0.862996 0.644118 0.862996 0.647059 0.865557 0.652941 0.865557 0.658824 0.866837 0.661765 0.866837 0.670588 0.868118 0.673529 0.868118 0.676471 0.866837 0.679412 0.866837 0.685294 0.865557 0.688235 0.865557 0.691176 0.862996 0.697059 0.861716 0.694118 0.861716 0.679412 0.860435 0.676471 0.860435 0.641176 0.860435 0.667647 0.859155 0.670588 0.860435 0.673529 0.860435 0.676471 0.861716 0.679412 0.860435 0.682353 0.860435 0.688235 0.859155 0.691176 0.857875 0.688235 0.857875 0.676471 0.857875 0.688235 0.856594 0.691176 0.856594 0.708824 0.857875 0.711765 0.856594 0.714706 0.856594 0.720588 0.855314 0.723529 0.852753 0.717647 0.852753 0.702941 0.851472 0.700000 0.851472 0.691176 0.850192 0.688235 0.850192 0.679412 0.848912 0.679412 0.847631 0.682353 0.847631 0.688235 0.848912 0.691176 0.848912 0.697059 0.850192 0.700000 0.848912 0.702941 0.848912 0.705882 0.850192 0.705882 0.851472 0.708824 0.848912 0.714706 0.848912 0.717647 0.847631 0.720588 0.847631 0.758824 0.846351 0.761765 0.846351 0.805882 0.847631 0.808824 0.847631 0.855882 0.848912 0.852941 0.850192 0.855882 0.850192 0.858824 0.852753 0.858824 0.854033 0.861765 0.851472 0.867647 0.852753 0.867647 0.854033 0.870588 0.852753 0.873529 0.848912 0.873529 0.847631 0.876471 0.847631 0.894118 0.848912 0.897059 0.847631 0.900000 0.847631 0.905882 0.848912 0.905882 0.850192 0.902941 0.852753 0.908824 0.850192 0.914706 0.848912 0.911765 0.847631 0.911765 0.847631 0.917647 0.847631 0.914706 0.848912 0.911765 0.850192 0.914706 0.850192 0.920588 0.848912 0.923529 0.847631 0.923529 0.847631 0.926471 0.848912 0.929412 0.848912 0.932353 0.850192 0.929412 0.851472 0.932353 0.851472 0.947059 0.850192 0.950000 0.848912 0.947059 0.848912 0.944118 0.847631 0.941176 0.847631 0.947059 0.848912 0.950000 0.848912 0.952941 0.852753 0.961765 0.852753 0.973529 0.851472 0.976471 0.851472 0.979412 0.852753 0.982353 0.852753 0.988235 0.854033 0.991176 0.854033 0.997059 0.866837 0.997059 0.865557 0.994118 0.865557 0.991176 0.866837 0.988235 0.865557 0.991176 0.864277 0.988235 0.864277 0.976471 0.865557 0.973529 0.866837 0.976471 0.868118 0.976471 0.870679 0.982353 0.866837 0.973529 0.866837 0.970588 0.868118 0.967647 0.866837 0.970588 0.865557 0.967647 0.865557 0.958824 0.864277 0.955882 0.864277 0.947059 0.865557 0.944118 0.864277 0.941176 0.864277 0.935294 0.862996 0.932353 0.862996 0.920588 0.864277 0.917647 0.865557 0.920588 0.865557 0.923529 0.866837 0.926471 0.866837 0.902941 0.865557 0.900000 0.865557 0.897059 0.866837 0.894118 0.870679 0.902941 0.870679 0.929412 0.874520 0.920588 0.875800 0.920588 0.877081 0.923529 0.877081 0.929412 0.878361 0.932353 0.878361 0.938235 0.879641 0.941176 0.877081 0.947059 0.875800 0.944118 0.875800 0.938235 0.874520 0.941176 0.874520 0.950000 0.873239 0.952941 0.873239 0.958824 0.874520 0.961765 0.874520 0.958824 0.875800 0.955882 0.877081 0.958824 0.877081 0.973529 0.875800 0.976471 0.875800 0.979412 0.874520 0.982353 0.874520 0.985294 0.871959 0.991176 0.871959 0.997059 0.906530 0.997059 0.903969 0.991176 0.905250 0.988235 0.905250 0.985294 0.903969 0.982353 0.903969 0.979412 0.905250 0.976471 0.905250 0.961765 0.903969 0.958824 0.903969 0.950000 0.905250 0.947059 0.905250 0.941176 0.906530 0.938235 0.907810 0.941176 0.907810 0.964706 0.909091 0.967647 0.909091 0.997059 0.911652 0.997059 0.911652 0.994118 0.910371 0.991176 0.910371 0.985294 0.911652 0.982353 0.911652 0.979412 0.912932 0.976471 0.914213 0.979412 0.914213 0.985294 0.912932 0.988235 0.914213 0.985294 0.915493 0.988235 0.915493 0.991176 0.914213 0.994118 0.914213 0.997059 0.914213 0.994118 0.915493 0.991176 0.916773 0.994118 0.916773 0.997059 0.920615 0.997059 0.921895 0.994118 0.921895 0.988235 0.923175 0.985294 0.923175 0.982353 0.924456 0.979412 0.925736 0.982353 0.925736 0.994118 0.924456 0.997059 0.929577 0.997059 0.930858 0.994118 0.932138 0.997059 0.930858 0.994118 0.930858 0.991176 0.929577 0.994118 0.925736 0.985294 0.925736 0.982353 0.924456 0.979412 0.921895 0.985294 0.920615 0.982353 0.919334 0.985294 0.918054 0.982353 0.918054 0.976471 0.919334 0.973529 0.920615 0.973529 0.921895 0.976471 0.921895 0.970588 0.923175 0.967647 0.923175 0.961765 0.924456 0.958824 0.925736 0.961765 0.925736 0.970588 0.925736 0.961765 0.927017 0.958824 0.927017 0.950000 0.928297 0.947059 0.928297 0.938235 0.929577 0.935294 0.928297 0.932353 0.928297 0.926471 0.925736 0.920588 0.925736 0.914706 0.921895 0.923529 0.921895 0.947059 0.920615 0.950000 0.919334 0.947059 0.919334 0.944118 0.918054 0.941176 0.918054 0.938235 0.916773 0.941176 0.916773 0.947059 0.915493 0.950000 0.915493 0.958824 0.914213 0.961765 0.912932 0.958824 0.912932 0.955882 0.910371 0.950000 0.910371 0.947059 0.909091 0.944118 0.909091 0.926471 0.910371 0.923529 0.910371 0.920588 0.911652 0.917647 0.915493 0.926471 0.920615 0.914706 0.921895 0.914706 0.924456 0.908824 0.924456 0.905882 0.923175 0.902941 0.923175 0.900000 0.924456 0.897059 0.928297 0.897059 0.927017 0.894118 0.927017 0.888235 0.929577 0.882353 0.929577 0.879412 0.933419 0.870588 0.934699 0.873529 0.934699 0.876471 0.933419 0.879412 0.933419 0.888235 0.932138 0.891176 0.932138 0.897059 0.930858 0.900000 0.930858 0.902941 0.930858 0.900000 0.932138 0.897059 0.933419 0.900000 0.933419 0.914706 0.934699 0.917647 0.934699 0.920588 0.935980 0.923529 0.935980 0.955882 0.934699 0.958824 0.932138 0.952941 0.932138 0.947059 0.932138 0.952941 0.933419 0.955882 0.933419 0.967647 0.932138 0.970588 0.933419 0.973529 0.933419 0.976471 0.935980 0.982353 0.934699 0.985294 0.934699 0.997059 0.937260 0.997059 0.937260 0.982353 0.938540 0.979412 0.939821 0.982353 0.939821 0.997059 0.997439 0.997059 0.994878 0.991176 0.994878 0.988235 0.993598 0.985294 0.993598 0.982353 0.991037 0.976471 0.991037 0.973529 0.989757 0.970588 0.989757 0.967647 0.988476 0.964706 0.988476 0.961765 0.987196 0.958824 0.987196 0.955882 0.985915 0.952941 0.985915 0.950000 0.984635 0.947059 0.984635 0.944118 0.983355 0.941176 0.983355 0.935294 0.982074 0.932353 0.982074 0.929412 0.980794 0.926471 0.980794 0.923529 0.980794 0.926471 0.979513 0.929412 0.979513 0.935294 0.978233 0.938235 0.978233 0.944118 0.976953 0.947059 0.976953 0.955882 0.975672 0.958824 0.974392 0.955882 0.974392 0.947059 0.973111 0.944118 0.969270 0.944118 0.969270 0.947059 0.970551 0.950000 0.969270 0.952941 0.966709 0.952941 0.965429 0.950000 0.965429 0.944118 0.967990 0.938235 0.967990 0.935294 0.969270 0.932353 0.970551 0.932353 0.971831 0.935294 0.973111 0.935294 0.971831 0.932353 0.971831 0.926471 0.973111 0.923529 0.974392 0.923529 0.975672 0.926471 0.975672 0.920588 0.973111 0.920588 0.971831 0.917647 0.971831 0.914706 0.970551 0.911765 0.971831 0.908824 0.973111 0.908824 0.973111 0.900000 0.974392 0.897059 0.975672 0.900000 0.974392 0.897059 0.974392 0.891176 0.975672 0.888235 0.976953 0.891176 0.976953 0.894118 0.976953 0.891176 0.978233 0.888235 0.979513 0.891176 0.979513 0.894118 0.980794 0.897059 0.979513 0.900000 0.979513 0.905882 0.982074 0.911765 0.982074 0.914706 0.984635 0.920588 0.984635 0.902941 0.985915 0.900000 0.987196 0.902941 0.987196 0.908824 0.988476 0.908824 0.989757 0.911765 0.989757 0.914706 0.988476 0.917647 0.988476 0.932353 0.989757 0.935294 0.989757 0.941176 0.989757 0.929412 0.991037 0.926471 0.993598 0.932353 0.993598 0.935294 0.994878 0.938235 0.994878 0.941176 0.993598 0.944118 0.992318 0.944118 0.992318 0.947059 0.993598 0.950000 0.993598 0.952941 0.996159 0.958824 0.996159 0.961765 0.997439 0.964706 0.997439 0.967647 0.998720 0.970588 0.998720 0.973529 0.998720 0.905882 0.998720 0.917647 0.997439 0.920588 0.994878 0.914706 0.994878 0.911765 0.996159 0.908824 0.994878 0.905882 0.994878 0.902941 0.996159 0.900000 0.996159 0.897059 0.997439 0.894118 0.998720 0.897059 0.998720 0.900000 0.998720 0.879412 0.998720 0.891176 0.997439 0.894118 0.996159 0.891176 0.996159 0.888235 0.996159 0.900000 0.994878 0.902941 0.993598 0.900000 0.993598 0.888235 0.992318 0.885294 0.992318 0.876471 0.991037 0.873529 0.991037 0.867647 0.992318 0.864706 0.993598 0.864706 0.994878 0.867647 0.994878 0.870588 0.996159 0.867647 0.997439 0.870588 0.997439 0.867647 0.998720 0.864706 0.998720 0.797059 0.996159 0.791176 0.996159 0.782353 0.994878 0.782353 0.992318 0.776471 0.991037 0.776471 0.988476 0.770588 0.985915 0.770588 0.983355 0.776471 0.976953 0.776471 0.975672 0.773529 0.976953 0.770588 0.978233 0.770588 0.976953 0.767647 0.978233 0.764706 0.979513 0.764706 0.980794 0.767647 0.978233 0.761765 0.976953 0.761765 0.976953 0.767647 0.975672 0.770588 0.975672 0.776471 0.974392 0.779412 0.974392 0.788235 0.973111 0.791176 0.971831 0.791176 0.966709 0.779412 0.967990 0.776471 0.969270 0.776471 0.967990 0.773529 0.970551 0.767647 0.971831 0.770588 0.971831 0.773529 0.971831 0.770588 0.973111 0.767647 0.973111 0.758824 0.971831 0.761765 0.970551 0.761765 0.969270 0.764706 0.967990 0.761765 0.967990 0.720588 0.971831 0.711765 0.971831 0.708824 0.969270 0.702941 0.967990 0.705882 0.966709 0.702941 0.966709 0.691176 0.966709 0.708824 0.965429 0.711765 0.964149 0.708824 0.962868 0.708824 0.961588 0.705882 0.961588 0.700000 0.961588 0.705882 0.960307 0.708824 0.959027 0.708824 0.959027 0.711765 0.960307 0.714706 0.961588 0.714706 0.962868 0.717647 0.961588 0.720588 0.956466 0.720588 0.956466 0.726471 0.955186 0.729412 0.955186 0.732353 0.956466 0.729412 0.957746 0.732353 0.957746 0.738235 0.959027 0.741176 0.959027 0.747059 0.960307 0.750000 0.960307 0.752941 0.961588 0.755882 0.961588 0.776471 0.960307 0.779412 0.957746 0.779412 0.956466 0.776471 0.956466 0.773529 0.957746 0.770588 0.957746 0.761765 0.956466 0.761765 0.955186 0.758824 0.956466 0.755882 0.956466 0.744118 0.955186 0.741176 0.955186 0.738235 0.953905 0.738235 0.952625 0.735294 0.952625 0.729412 0.951344 0.726471 0.951344 0.717647 0.952625 0.714706 0.952625 0.711765 0.950064 0.705882 0.950064 0.702941 0.951344 0.700000 0.951344 0.694118 0.950064 0.691176 0.951344 0.688235 0.950064 0.688235 0.948784 0.685294 0.948784 0.682353 0.947503 0.679412 0.947503 0.673529 0.946223 0.670588 0.943662 0.676471 0.941101 0.676471 0.939821 0.673529 0.938540 0.673529 0.937260 0.670588 0.938540 0.667647 0.935980 0.661765 0.935980 0.658824 0.933419 0.652941 0.933419 0.650000 0.930858 0.650000 0.929577 0.647059 0.928297 0.647059 0.927017 0.644118 0.928297 0.641176 0.930858 0.641176 0.930858 0.635294 0.929577 0.632353 0.927017 0.632353 0.925736 0.629412 0.924456 0.629412 0.923175 0.632353 0.920615 0.626471
2 0.701665 0.614706 0.701665 0.626471 0.702945 0.629412 0.701665 0.632353 0.701665 0.635294 0.702945 0.638235 0.702945 0.644118 0.704225 0.641176 0.702945 0.638235 0.704225 0.635294 0.704225 0.620588 0.702945 0.623529 0.701665 0.620588
2 0.311140 0.614706 0.311140 0.617647 0.308579 0.623529 0.307298 0.620588 0.304738 0.626471 0.303457 0.623529 0.302177 0.626471 0.300896 0.623529 0.302177 0.626471 0.299616 0.632353 0.298335 0.629412 0.297055 0.632353 0.295775 0.632353 0.298335 0.638235 0.299616 0.638235 0.300896 0.641176 0.302177 0.641176 0.304738 0.647059 0.306018 0.647059 0.307298 0.644118 0.308579 0.647059 0.308579 0.644118 0.309859 0.641176 0.311140 0.644118 0.311140 0.641176 0.309859 0.641176 0.308579 0.638235 0.309859 0.635294 0.307298 0.629412 0.307298 0.626471 0.309859 0.620588 0.312420 0.620588 0.312420 0.617647
2 0.194622 0.611765 0.193342 0.614706 0.189501 0.614706 0.189501 0.617647 0.190781 0.620588 0.190781 0.626471 0.192061 0.629412 0.190781 0.632353 0.192061 0.635294 0.192061 0.641176 0.190781 0.644118 0.190781 0.647059 0.190781 0.644118 0.192061 0.641176 0.193342 0.641176 0.194622 0.644118 0.194622 0.650000 0.195903 0.652941 0.195903 0.661765 0.197183 0.664706 0.197183 0.667647 0.198464 0.670588 0.198464 0.685294 0.199744 0.688235 0.199744 0.691176 0.198464 0.694118 0.198464 0.697059 0.199744 0.700000 0.198464 0.702941 0.199744 0.702941 0.201024 0.700000 0.202305 0.700000 0.203585 0.697059 0.203585 0.694118 0.202305 0.691176 0.204866 0.685294 0.204866 0.682353 0.203585 0.679412 0.203585 0.673529 0.202305 0.670588 0.202305 0.661765 0.203585 0.658824 0.206146 0.664706 0.204866 0.661765 0.204866 0.658824 0.206146 0.655882 0.206146 0.647059 0.207426 0.644118 0.208707 0.647059 0.208707 0.641176 0.207426 0.638235 0.207426 0.632353 0.209987 0.626471 0.209987 0.623529 0.211268 0.620588 0.211268 0.617647 0.208707 0.611765 0.206146 0.611765 0.206146 0.614706 0.204866 0.617647 0.203585 0.614706 0.202305 0.614706 0.202305 0.626471 0.203585 0.629412 0.203585 0.635294 0.202305 0.638235 0.201024 0.635294 0.201024 0.632353 0.199744 0.629412 0.199744 0.623529 0.198464 0.620588 0.198464 0.617647 0.195903 0.611765
2 0.282971 0.602941 0.282971 0.608824 0.281690 0.611765 0.280410 0.608824 0.280410 0.605882 0.276569 0.605882 0.275288 0.608824 0.276569 0.608824 0.277849 0.611765 0.279129 0.611765 0.280410 0.614706 0.281690 0.614706 0.282971 0.617647 0.284251 0.617647 0.285531 0.620588 0.288092 0.620588 0.288092 0.614706 0.286812 0.611765 0.286812 0.608824 0.288092 0.605882 0.288092 0.602941 0.286812 0.605882 0.285531 0.602941
2 0.437900 0.591176 0.437900 0.623529 0.435339 0.629412 0.435339 0.641176 0.434059 0.644118 0.434059 0.673529 0.432778 0.676471 0.432778 0.708824 0.431498 0.711765 0.430218 0.708824 0.430218 0.673529 0.428937 0.670588 0.428937 0.661765 0.427657 0.661765 0.426376 0.658824 0.427657 0.655882 0.427657 0.644118 0.428937 0.641176 0.430218 0.644118 0.430218 0.647059 0.430218 0.626471 0.431498 0.623529 0.431498 0.614706 0.428937 0.614706 0.427657 0.611765 0.425096 0.611765 0.425096 0.614706 0.423816 0.617647 0.422535 0.614706 0.421255 0.614706 0.422535 0.617647 0.422535 0.620588 0.421255 0.623529 0.422535 0.626471 0.422535 0.632353 0.423816 0.635294 0.423816 0.638235 0.422535 0.641176 0.423816 0.644118 0.423816 0.661765 0.421255 0.667647 0.423816 0.673529 0.422535 0.676471 0.422535 0.679412 0.423816 0.682353 0.423816 0.685294 0.422535 0.688235 0.421255 0.688235 0.421255 0.691176 0.419974 0.694118 0.418694 0.691176 0.418694 0.685294 0.417414 0.682353 0.417414 0.667647 0.416133 0.670588 0.416133 0.673529 0.414853 0.676471 0.416133 0.679412 0.414853 0.682353 0.413572 0.682353 0.412292 0.679412 0.412292 0.667647 0.413572 0.664706 0.413572 0.661765 0.414853 0.658824 0.416133 0.661765 0.416133 0.658824 0.417414 0.655882 0.417414 0.650000 0.416133 0.647059 0.416133 0.641176 0.414853 0.638235 0.414853 0.629412 0.416133 0.626471 0.414853 0.626471 0.413572 0.623529 0.413572 0.614706 0.412292 0.617647 0.411012 0.614706 0.411012 0.611765 0.409731 0.614706 0.408451 0.611765 0.408451 0.614706 0.409731 0.617647 0.409731 0.623529 0.408451 0.626471 0.408451 0.629412 0.407170 0.632353 0.404609 0.626471 0.400768 0.626471 0.399488 0.623529 0.398207 0.626471 0.396927 0.623529 0.396927 0.620588 0.395647 0.617647 0.395647 0.611765 0.394366 0.611765 0.393086 0.608824 0.393086 0.605882 0.394366 0.602941 0.393086 0.602941 0.393086 0.629412 0.391805 0.632353 0.393086 0.632353 0.395647 0.638235 0.395647 0.644118 0.394366 0.647059 0.393086 0.644118 0.393086 0.641176 0.393086 0.655882 0.394366 0.658824 0.393086 0.661765 0.394366 0.664706 0.391805 0.670588 0.390525 0.667647 0.390525 0.647059 0.390525 0.658824 0.389245 0.661765 0.389245 0.673529 0.387964 0.676471 0.389245 0.679412 0.387964 0.682353 0.387964 0.738235 0.389245 0.741176 0.389245 0.744118 0.390525 0.747059 0.390525 0.750000 0.391805 0.752941 0.390525 0.755882 0.389245 0.755882 0.387964 0.758824 0.387964 0.779412 0.389245 0.782353 0.389245 0.794118 0.387964 0.797059 0.389245 0.800000 0.387964 0.802941 0.381562 0.802941 0.380282 0.800000 0.381562 0.797059 0.381562 0.794118 0.382843 0.791176 0.382843 0.785294 0.384123 0.782353 0.384123 0.732353 0.382843 0.729412 0.382843 0.723529 0.384123 0.720588 0.384123 0.714706 0.384123 0.720588 0.382843 0.723529 0.381562 0.720588 0.381562 0.711765 0.382843 0.708824 0.384123 0.708824 0.384123 0.626471 0.384123 0.632353 0.382843 0.635294 0.381562 0.632353 0.381562 0.629412 0.380282 0.626471 0.379001 0.629412 0.377721 0.626471 0.377721 0.632353 0.376440 0.635294 0.376440 0.661765 0.377721 0.658824 0.379001 0.661765 0.379001 0.664706 0.377721 0.667647 0.376440 0.667647 0.375160 0.670588 0.373880 0.667647 0.373880 0.655882 0.371319 0.650000 0.371319 0.632353 0.368758 0.638235 0.366197 0.632353 0.366197 0.626471 0.364917 0.626471 0.364917 0.644118 0.363636 0.647059 0.363636 0.650000 0.362356 0.652941 0.361076 0.650000 0.361076 0.641176 0.362356 0.638235 0.362356 0.626471 0.359795 0.626471 0.359795 0.638235 0.358515 0.641176 0.357234 0.638235 0.357234 0.632353 0.353393 0.632353 0.352113 0.629412 0.353393 0.626471 0.354673 0.626471 0.353393 0.626471 0.352113 0.629412 0.350832 0.629412 0.350832 0.667647 0.349552 0.670588 0.349552 0.673529 0.348271 0.676471 0.346991 0.673529 0.346991 0.658824 0.345711 0.655882 0.345711 0.638235 0.344430 0.635294 0.345711 0.632353 0.345711 0.629412 0.346991 0.626471 0.346991 0.620588 0.348271 0.617647 0.348271 0.611765 0.346991 0.611765 0.345711 0.608824 0.344430 0.611765 0.341869 0.611765 0.341869 0.617647 0.343150 0.620588 0.341869 0.623529 0.343150 0.626471 0.343150 0.635294 0.344430 0.638235 0.343150 0.641176 0.343150 0.650000 0.344430 0.652941 0.344430 0.655882 0.345711 0.658824 0.344430 0.661765 0.344430 0.664706 0.343150 0.667647 0.343150 0.673529 0.340589 0.679412 0.339309 0.676471 0.339309 0.673529 0.338028 0.670588 0.338028 0.664706 0.339309 0.661765 0.338028 0.658824 0.339309 0.655882 0.338028 0.652941 0.338028 0.647059 0.336748 0.644118 0.336748 0.641176 0.338028 0.638235 0.336748 0.635294 0.338028 0.632353 0.339309 0.632353 0.336748 0.626471 0.336748 0.635294 0.338028 0.638235 0.336748 0.641176 0.336748 0.644118 0.338028 0.647059 0.336748 0.650000 0.336748 0.652941 0.335467 0.655882 0.332907 0.650000 0.334187 0.647059 0.334187 0.638235 0.332907 0.635294 0.334187 0.632353 0.334187 0.626471 0.331626 0.632353 0.330346 0.629412 0.329065 0.632353 0.327785 0.632353 0.329065 0.635294 0.329065 0.641176 0.330346 0.644118 0.329065 0.647059 0.329065 0.650000 0.331626 0.650000 0.332907 0.652941 0.331626 0.655882 0.330346 0.655882 0.330346 0.658824 0.329065 0.661765 0.330346 0.664706 0.329065 0.667647 0.329065 0.676471 0.327785 0.679412 0.326504 0.679412 0.326504 0.685294 0.327785 0.688235 0.325224 0.694118 0.326504 0.694118 0.327785 0.697059 0.326504 0.694118 0.327785 0.691176 0.329065 0.691176 0.330346 0.694118 0.331626 0.691176 0.331626 0.679412 0.332907 0.676471 0.332907 0.658824 0.334187 0.655882 0.335467 0.658824 0.335467 0.664706 0.336748 0.667647 0.336748 0.670588 0.335467 0.673529 0.335467 0.682353 0.334187 0.685294 0.334187 0.694118 0.335467 0.691176 0.335467 0.688235 0.336748 0.685294 0.338028 0.688235 0.340589 0.682353 0.340589 0.679412 0.343150 0.673529 0.345711 0.679412 0.345711 0.685294 0.343150 0.691176 0.341869 0.691176 0.341869 0.694118 0.340589 0.697059 0.341869 0.694118 0.344430 0.700000 0.343150 0.702941 0.343150 0.720588 0.344430 0.723529 0.343150 0.726471 0.343150 0.729412 0.341869 0.732353 0.340589 0.729412 0.340589 0.720588 0.339309 0.720588 0.338028 0.717647 0.338028 0.714706 0.336748 0.717647 0.338028 0.720588 0.336748 0.723529 0.336748 0.729412 0.335467 0.732353 0.336748 0.735294 0.332907 0.744118 0.331626 0.744118 0.331626 0.747059 0.332907 0.747059 0.334187 0.750000 0.334187 0.755882 0.332907 0.758824 0.331626 0.755882 0.332907 0.758824 0.331626 0.761765 0.330346 0.761765 0.330346 0.767647 0.329065 0.770588 0.327785 0.770588 0.327785 0.773529 0.326504 0.776471 0.326504 0.779412 0.323944 0.785294 0.322663 0.782353 0.322663 0.747059 0.322663 0.758824 0.321383 0.761765 0.320102 0.761765 0.320102 0.773529 0.320102 0.764706 0.321383 0.761765 0.322663 0.764706 0.322663 0.785294 0.321383 0.788235 0.321383 0.817647 0.320102 0.820588 0.318822 0.820588 0.317542 0.817647 0.317542 0.811765 0.316261 0.814706 0.314981 0.811765 0.314981 0.802941 0.316261 0.800000 0.316261 0.785294 0.314981 0.782353 0.314981 0.776471 0.313700 0.773529 0.313700 0.767647 0.312420 0.764706 0.312420 0.761765 0.313700 0.758824 0.313700 0.755882 0.312420 0.752941 0.312420 0.744118 0.313700 0.741176 0.313700 0.726471 0.314981 0.723529 0.318822 0.723529 0.317542 0.720588 0.317542 0.708824 0.314981 0.714706 0.313700 0.711765 0.313700 0.705882 0.311140 0.700000 0.309859 0.702941 0.308579 0.702941 0.307298 0.705882 0.306018 0.702941 0.306018 0.679412 0.307298 0.676471 0.308579 0.679412 0.308579 0.685294 0.309859 0.688235 0.309859 0.691176 0.311140 0.691176 0.313700 0.685294 0.314981 0.685294 0.314981 0.667647 0.313700 0.667647 0.311140 0.661765 0.309859 0.661765 0.308579 0.658824 0.307298 0.658824 0.306018 0.661765 0.304738 0.658824 0.304738 0.652941 0.303457 0.652941 0.303457 0.655882 0.302177 0.658824 0.299616 0.652941 0.299616 0.647059 0.298335 0.644118 0.297055 0.644118 0.295775 0.641176 0.294494 0.641176 0.293214 0.638235 0.291933 0.641176 0.290653 0.638235 0.290653 0.641176 0.291933 0.644118 0.290653 0.647059 0.290653 0.650000 0.291933 0.650000 0.293214 0.652941 0.293214 0.658824 0.294494 0.661765 0.294494 0.664706 0.295775 0.667647 0.295775 0.670588 0.298335 0.670588 0.299616 0.667647 0.299616 0.664706 0.302177 0.658824 0.304738 0.664706 0.303457 0.667647 0.304738 0.667647 0.306018 0.664706 0.307298 0.664706 0.308579 0.667647 0.307298 0.670588 0.307298 0.676471 0.306018 0.679412 0.303457 0.673529 0.304738 0.676471 0.304738 0.682353 0.303457 0.685294 0.302177 0.685294 0.300896 0.688235 0.299616 0.685294 0.299616 0.682353 0.297055 0.682353 0.295775 0.685294 0.294494 0.685294 0.294494 0.691176 0.293214 0.694118 0.291933 0.691176 0.291933 0.679412 0.293214 0.676471 0.291933 0.676471 0.291933 0.700000 0.293214 0.702941 0.294494 0.702941 0.295775 0.705882 0.297055 0.705882 0.300896 0.714706 0.300896 0.717647 0.303457 0.723529 0.302177 0.726471 0.302177 0.741176 0.300896 0.744118 0.300896 0.750000 0.302177 0.752941 0.302177 0.755882 0.300896 0.758824 0.300896 0.764706 0.299616 0.767647 0.299616 0.770588 0.298335 0.773529 0.300896 0.779412 0.300896 0.782353 0.299616 0.785294 0.297055 0.785294 0.295775 0.788235 0.295775 0.791176 0.297055 0.794118 0.297055 0.797059 0.295775 0.800000 0.295775 0.805882 0.294494 0.808824 0.293214 0.808824 0.291933 0.805882 0.293214 0.808824 0.291933 0.811765 0.290653 0.811765 0.290653 0.817647 0.289373 0.820588 0.288092 0.817647 0.288092 0.811765 0.286812 0.808824 0.286812 0.794118 0.288092 0.791176 0.288092 0.788235 0.291933 0.779412 0.291933 0.767647 0.293214 0.764706 0.293214 0.761765 0.291933 0.758824 0.291933 0.747059 0.293214 0.744118 0.294494 0.747059 0.294494 0.752941 0.295775 0.752941 0.297055 0.750000 0.295775 0.752941 0.294494 0.750000 0.294494 0.747059 0.295775 0.744118 0.298335 0.744118 0.298335 0.738235 0.297055 0.735294 0.297055 0.732353 0.295775 0.729412 0.295775 0.717647 0.295775 0.732353 0.294494 0.735294 0.293214 0.732353 0.293214 0.717647 0.289373 0.708824 0.288092 0.708824 0.286812 0.705882 0.286812 0.717647 0.285531 0.720588 0.284251 0.717647 0.284251 0.702941 0.282971 0.702941 0.281690 0.700000 0.280410 0.700000 0.279129 0.697059 0.277849 0.697059 0.276569 0.694118 0.277849 0.691176 0.280410 0.691176 0.281690 0.694118 0.282971 0.694118 0.284251 0.691176 0.285531 0.694118 0.285531 0.682353 0.286812 0.679412 0.286812 0.667647 0.288092 0.664706 0.286812 0.667647 0.285531 0.664706 0.285531 0.658824 0.286812 0.655882 0.288092 0.658824 0.288092 0.632353 0.286812 0.632353 0.285531 0.629412 0.284251 0.629412 0.282971 0.626471 0.281690 0.626471 0.279129 0.620588 0.277849 0.620588 0.276569 0.617647 0.272727 0.617647 0.271447 0.620588 0.270166 0.617647 0.270166 0.611765 0.268886 0.614706 0.267606 0.611765 0.267606 0.614706 0.266325 0.617647 0.265045 0.614706 0.265045 0.623529 0.262484 0.629412 0.258643 0.620588 0.258643 0.617647 0.259923 0.614706 0.259923 0.611765 0.258643 0.614706 0.257362 0.611765 0.254802 0.611765 0.254802 0.614706 0.253521 0.617647 0.252241 0.614706 0.252241 0.608824 0.250960 0.611765 0.249680 0.608824 0.248399 0.611765 0.247119 0.611765 0.247119 0.620588 0.245839 0.623529 0.244558 0.620588 0.244558 0.614706 0.244558 0.626471 0.245839 0.629412 0.245839 0.638235 0.243278 0.644118 0.243278 0.655882 0.241997 0.658824 0.240717 0.658824 0.239437 0.655882 0.239437 0.652941 0.238156 0.650000 0.238156 0.638235 0.238156 0.658824 0.235595 0.664706 0.234315 0.661765 0.234315 0.655882 0.235595 0.652941 0.234315 0.650000 0.235595 0.647059 0.234315 0.650000 0.234315 0.652941 0.233035 0.655882 0.231754 0.652941 0.231754 0.647059 0.230474 0.650000 0.227913 0.644118 0.229193 0.641176 0.229193 0.638235 0.230474 0.635294 0.231754 0.635294 0.227913 0.635294 0.225352 0.641176 0.224072 0.638235 0.224072 0.632353 0.225352 0.629412 0.225352 0.623529 0.222791 0.623529 0.222791 0.626471 0.221511 0.629412 0.220230 0.626471 0.220230 0.623529 0.218950 0.620588 0.218950 0.617647 0.217670 0.617647 0.216389 0.614706 0.216389 0.611765 0.215109 0.614706 0.213828 0.614706 0.213828 0.620588 0.215109 0.623529 0.213828 0.626471 0.213828 0.632353 0.212548 0.635294 0.212548 0.641176 0.211268 0.644118 0.211268 0.652941 0.212548 0.655882 0.211268 0.658824 0.212548 0.661765 0.211268 0.664706 0.208707 0.664706 0.208707 0.670588 0.209987 0.667647 0.211268 0.670588 0.211268 0.688235 0.212548 0.688235 0.213828 0.685294 0.216389 0.685294 0.217670 0.682353 0.218950 0.682353 0.218950 0.679412 0.220230 0.676471 0.221511 0.679412 0.222791 0.679412 0.224072 0.676471 0.226633 0.676471 0.226633 0.667647 0.227913 0.664706 0.229193 0.667647 0.229193 0.673529 0.231754 0.673529 0.234315 0.667647 0.236876 0.667647 0.238156 0.670588 0.236876 0.673529 0.236876 0.685294 0.235595 0.688235 0.234315 0.688235 0.234315 0.691176 0.231754 0.697059 0.230474 0.694118 0.230474 0.691176 0.231754 0.688235 0.231754 0.685294 0.233035 0.682353 0.233035 0.679412 0.230474 0.679412 0.229193 0.682353 0.229193 0.700000 0.227913 0.702941 0.226633 0.700000 0.226633 0.682353 0.225352 0.685294 0.222791 0.685294 0.220230 0.691176 0.217670 0.691176 0.217670 0.697059 0.216389 0.700000 0.217670 0.702941 0.215109 0.708824 0.216389 0.711765 0.215109 0.714706 0.215109 0.717647 0.213828 0.720588 0.213828 0.744118 0.215109 0.747059 0.215109 0.750000 0.212548 0.755882 0.212548 0.764706 0.211268 0.767647 0.209987 0.767647 0.208707 0.764706 0.208707 0.758824 0.209987 0.755882 0.209987 0.752941 0.208707 0.750000 0.209987 0.747059 0.209987 0.732353 0.211268 0.729412 0.211268 0.726471 0.211268 0.729412 0.209987 0.732353 0.207426 0.732353 0.206146 0.729412 0.206146 0.726471 0.207426 0.723529 0.208707 0.723529 0.207426 0.720588 0.209987 0.714706 0.209987 0.708824 0.208707 0.705882 0.204866 0.705882 0.203585 0.708824 0.202305 0.708824 0.201024 0.711765 0.199744 0.711765 0.197183 0.717647 0.195903 0.717647 0.195903 0.723529 0.194622 0.726471 0.192061 0.720588 0.193342 0.723529 0.190781 0.729412 0.190781 0.732353 0.192061 0.735294 0.190781 0.738235 0.189501 0.738235 0.188220 0.741176 0.186940 0.738235 0.186940 0.732353 0.188220 0.729412 0.188220 0.726471 0.189501 0.723529 0.188220 0.726471 0.188220 0.729412 0.186940 0.732353 0.183099 0.732353 0.181818 0.735294 0.180538 0.735294 0.179257 0.732353 0.180538 0.729412 0.180538 0.726471 0.181818 0.723529 0.183099 0.723529 0.185659 0.717647 0.186940 0.717647 0.186940 0.708824 0.189501 0.702941 0.193342 0.702941 0.193342 0.700000 0.195903 0.694118 0.195903 0.676471 0.193342 0.670588 0.194622 0.667647 0.193342 0.670588 0.192061 0.667647 0.192061 0.664706 0.190781 0.667647 0.189501 0.664706 0.189501 0.661765 0.189501 0.664706 0.190781 0.667647 0.190781 0.673529 0.189501 0.676471 0.188220 0.676471 0.184379 0.667647 0.184379 0.664706 0.183099 0.664706 0.181818 0.661765 0.181818 0.647059 0.181818 0.664706 0.183099 0.667647 0.183099 0.676471 0.180538 0.682353 0.180538 0.691176 0.179257 0.694118 0.177977 0.691176 0.177977 0.688235 0.174136 0.688235 0.172855 0.685294 0.171575 0.688235 0.170294 0.688235 0.167734 0.694118 0.166453 0.691176 0.166453 0.694118 0.165173 0.697059 0.163892 0.694118 0.162612 0.697059 0.162612 0.700000 0.161332 0.702941 0.161332 0.708824 0.160051 0.711765 0.161332 0.714706 0.160051 0.717647 0.165173 0.717647 0.166453 0.720588 0.165173 0.723529 0.162612 0.723529 0.163892 0.726471 0.165173 0.726471 0.166453 0.729412 0.165173 0.732353 0.163892 0.732353 0.163892 0.735294 0.162612 0.738235 0.157490 0.738235 0.156210 0.735294 0.156210 0.732353 0.157490 0.729412 0.158771 0.732353 0.157490 0.729412 0.157490 0.708824 0.158771 0.705882 0.157490 0.702941 0.157490 0.697059 0.157490 0.711765 0.156210 0.714706 0.156210 0.729412 0.153649 0.735294 0.152369 0.735294 0.151088 0.738235 0.149808 0.738235 0.148528 0.735294 0.148528 0.732353 0.147247 0.735294 0.144686 0.729412 0.143406 0.732353 0.143406 0.738235 0.144686 0.741176 0.143406 0.744118 0.143406 0.747059 0.144686 0.750000 0.143406 0.752941 0.143406 0.755882 0.144686 0.758824 0.144686 0.761765 0.143406 0.764706 0.143406 0.767647 0.142125 0.770588 0.140845 0.767647 0.140845 0.747059 0.139565 0.744118 0.140845 0.741176 0.140845 0.729412 0.138284 0.735294 0.137004 0.732353 0.137004 0.729412 0.138284 0.726471 0.137004 0.726471 0.135723 0.723529 0.140845 0.711765 0.142125 0.711765 0.143406 0.714706 0.144686 0.714706 0.145967 0.711765 0.147247 0.711765 0.147247 0.708824 0.148528 0.705882 0.149808 0.705882 0.149808 0.702941 0.148528 0.700000 0.148528 0.697059 0.149808 0.694118 0.151088 0.697059 0.151088 0.694118 0.152369 0.691176 0.153649 0.691176 0.154930 0.688235 0.154930 0.679412 0.156210 0.676471 0.154930 0.673529 0.157490 0.667647 0.158771 0.670588 0.158771 0.673529 0.160051 0.670588 0.161332 0.670588 0.158771 0.670588 0.157490 0.667647 0.158771 0.664706 0.160051 0.664706 0.157490 0.664706 0.156210 0.667647 0.156210 0.670588 0.152369 0.679412 0.151088 0.676471 0.151088 0.673529 0.153649 0.667647 0.153649 0.664706 0.157490 0.655882 0.157490 0.652941 0.158771 0.650000 0.158771 0.647059 0.157490 0.650000 0.154930 0.650000 0.154930 0.652941 0.156210 0.655882 0.153649 0.661765 0.153649 0.664706 0.152369 0.667647 0.151088 0.664706 0.149808 0.664706 0.149808 0.670588 0.148528 0.673529 0.148528 0.679412 0.147247 0.682353 0.145967 0.682353 0.144686 0.679412 0.144686 0.676471 0.145967 0.673529 0.145967 0.667647 0.144686 0.667647 0.143406 0.664706 0.143406 0.661765 0.142125 0.658824 0.143406 0.655882 0.143406 0.650000 0.143406 0.652941 0.142125 0.655882 0.140845 0.655882 0.139565 0.652941 0.140845 0.650000 0.140845 0.644118 0.138284 0.644118 0.137004 0.641176 0.137004 0.638235 0.137004 0.641176 0.135723 0.644118 0.134443 0.641176 0.133163 0.641176 0.133163 0.647059 0.135723 0.652941 0.135723 0.655882 0.137004 0.658824 0.135723 0.661765 0.135723 0.691176 0.139565 0.700000 0.139565 0.714706 0.138284 0.717647 0.135723 0.711765 0.135723 0.702941 0.135723 0.711765 0.137004 0.714706 0.135723 0.717647 0.135723 0.738235 0.137004 0.741176 0.137004 0.744118 0.135723 0.747059 0.133163 0.747059 0.133163 0.758824 0.133163 0.752941 0.134443 0.750000 0.135723 0.752941 0.135723 0.755882 0.137004 0.758824 0.137004 0.761765 0.138284 0.764706 0.137004 0.767647 0.138284 0.764706 0.139565 0.767647 0.139565 0.770588 0.138284 0.773529 0.138284 0.779412 0.140845 0.779412 0.142125 0.776471 0.143406 0.776471 0.144686 0.773529 0.145967 0.773529 0.148528 0.767647 0.149808 0.770588 0.149808 0.776471 0.148528 0.779412 0.147247 0.779412 0.144686 0.785294 0.143406 0.785294 0.142125 0.788235 0.140845 0.788235 0.140845 0.800000 0.142125 0.802941 0.142125 0.808824 0.143406 0.811765 0.143406 0.829412 0.142125 0.832353 0.142125 0.841176 0.140845 0.844118 0.140845 0.861765 0.142125 0.864706 0.142125 0.870588 0.139565 0.876471 0.139565 0.888235 0.137004 0.894118 0.135723 0.894118 0.134443 0.891176 0.134443 0.876471 0.134443 0.882353 0.133163 0.885294 0.131882 0.882353 0.131882 0.879412 0.130602 0.876471 0.130602 0.873529 0.129321 0.870588 0.129321 0.867647 0.130602 0.864706 0.130602 0.861765 0.131882 0.858824 0.134443 0.858824 0.135723 0.855882 0.137004 0.855882 0.133163 0.855882 0.130602 0.850000 0.130602 0.847059 0.131882 0.844118 0.130602 0.841176 0.130602 0.835294 0.129321 0.835294 0.128041 0.832353 0.128041 0.829412 0.126761 0.826471 0.129321 0.820588 0.130602 0.823529 0.130602 0.820588 0.129321 0.817647 0.129321 0.805882 0.130602 0.802941 0.128041 0.808824 0.126761 0.808824 0.125480 0.811765 0.126761 0.814706 0.126761 0.835294 0.125480 0.838235 0.125480 0.844118 0.124200 0.847059 0.121639 0.841176 0.122919 0.838235 0.121639 0.835294 0.121639 0.832353 0.122919 0.829412 0.122919 0.823529 0.121639 0.823529 0.120359 0.820588 0.120359 0.817647 0.120359 0.820588 0.119078 0.823529 0.116517 0.823529 0.116517 0.826471 0.117798 0.829412 0.117798 0.832353 0.119078 0.835294 0.119078 0.841176 0.120359 0.838235 0.121639 0.841176 0.121639 0.844118 0.122919 0.847059 0.122919 0.850000 0.121639 0.852941 0.121639 0.855882 0.120359 0.858824 0.119078 0.855882 0.119078 0.852941 0.117798 0.855882 0.116517 0.855882 0.116517 0.858824 0.117798 0.861765 0.117798 0.864706 0.116517 0.867647 0.116517 0.873529 0.117798 0.876471 0.117798 0.879412 0.115237 0.885294 0.115237 0.888235 0.116517 0.891176 0.115237 0.894118 0.113956 0.894118 0.112676 0.891176 0.112676 0.885294 0.111396 0.882353 0.111396 0.876471 0.112676 0.873529 0.113956 0.873529 0.113956 0.864706 0.112676 0.861765 0.112676 0.858824 0.108835 0.858824 0.108835 0.876471 0.107554 0.879412 0.107554 0.894118 0.106274 0.897059 0.106274 0.900000 0.103713 0.905882 0.102433 0.902941 0.102433 0.891176 0.103713 0.888235 0.102433 0.891176 0.101152 0.888235 0.101152 0.879412 0.099872 0.876471 0.102433 0.870588 0.103713 0.870588 0.103713 0.867647 0.102433 0.864706 0.102433 0.852941 0.101152 0.850000 0.101152 0.838235 0.099872 0.841176 0.099872 0.844118 0.098592 0.847059 0.097311 0.844118 0.097311 0.841176 0.096031 0.838235 0.096031 0.835294 0.098592 0.829412 0.101152 0.829412 0.101152 0.826471 0.102433 0.823529 0.102433 0.820588 0.103713 0.817647 0.103713 0.811765 0.106274 0.805882 0.104994 0.805882 0.103713 0.802941 0.102433 0.805882 0.101152 0.805882 0.099872 0.802941 0.101152 0.800000 0.101152 0.797059 0.102433 0.794118 0.102433 0.791176 0.103713 0.788235 0.103713 0.785294 0.102433 0.788235 0.101152 0.785294 0.101152 0.779412 0.102433 0.776471 0.101152 0.773529 0.099872 0.773529 0.098592 0.770588 0.098592 0.764706 0.099872 0.761765 0.099872 0.758824 0.101152 0.755882 0.101152 0.752941 0.102433 0.750000 0.103713 0.750000 0.104994 0.747059 0.110115 0.747059 0.111396 0.750000 0.111396 0.752941 0.108835 0.758824 0.108835 0.761765 0.112676 0.761765 0.113956 0.758824 0.115237 0.758824 0.116517 0.761765 0.117798 0.761765 0.119078 0.764706 0.116517 0.770588 0.119078 0.770588 0.120359 0.767647 0.121639 0.770588 0.121639 0.776471 0.122919 0.776471 0.125480 0.782353 0.124200 0.785294 0.125480 0.782353 0.126761 0.785294 0.129321 0.785294 0.129321 0.779412 0.128041 0.776471 0.129321 0.773529 0.129321 0.755882 0.129321 0.758824 0.128041 0.761765 0.125480 0.755882 0.126761 0.752941 0.126761 0.738235 0.128041 0.735294 0.128041 0.732353 0.129321 0.729412 0.129321 0.726471 0.128041 0.723529 0.128041 0.720588 0.129321 0.717647 0.129321 0.705882 0.128041 0.702941 0.128041 0.697059 0.129321 0.694118 0.130602 0.697059 0.130602 0.700000 0.131882 0.702941 0.131882 0.679412 0.133163 0.676471 0.133163 0.658824 0.131882 0.658824 0.130602 0.661765 0.129321 0.661765 0.128041 0.664706 0.126761 0.664706 0.125480 0.661765 0.125480 0.658824 0.126761 0.655882 0.126761 0.650000 0.124200 0.655882 0.122919 0.655882 0.121639 0.652941 0.121639 0.650000 0.120359 0.647059 0.117798 0.647059 0.116517 0.644118 0.112676 0.644118 0.112676 0.655882 0.111396 0.658824 0.110115 0.658824 0.110115 0.661765 0.108835 0.664706 0.107554 0.661765 0.103713 0.661765 0.102433 0.664706 0.102433 0.673529 0.103713 0.676471 0.103713 0.679412 0.102433 0.682353 0.101152 0.682353 0.102433 0.685294 0.101152 0.688235 0.102433 0.691176 0.102433 0.694118 0.101152 0.697059 0.099872 0.697059 0.098592 0.700000 0.097311 0.700000 0.097311 0.702941 0.096031 0.705882 0.096031 0.711765 0.097311 0.711765 0.098592 0.714706 0.098592 0.717647 0.097311 0.720588 0.094750 0.720588 0.094750 0.732353 0.093470 0.735294 0.092190 0.735294 0.090909 0.732353 0.088348 0.732353 0.087068 0.729412 0.088348 0.726471 0.088348 0.723529 0.090909 0.717647 0.088348 0.717647 0.087068 0.714706 0.088348 0.717647 0.087068 0.720588 0.085787 0.720588 0.084507 0.717647 0.081946 0.717647 0.080666 0.720588 0.079385 0.720588 0.081946 0.726471 0.081946 0.729412 0.084507 0.735294 0.084507 0.738235 0.085787 0.741176 0.085787 0.744118 0.087068 0.747059 0.088348 0.747059 0.089629 0.750000 0.087068 0.755882 0.087068 0.761765 0.084507 0.767647 0.081946 0.761765 0.080666 0.764706 0.079385 0.764706 0.079385 0.767647 0.078105 0.770588 0.076825 0.767647 0.075544 0.767647 0.074264 0.770588 0.071703 0.770588 0.070423 0.767647 0.070423 0.764706 0.069142 0.764706 0.065301 0.755882 0.065301 0.767647 0.065301 0.761765 0.066581 0.758824 0.067862 0.761765 0.067862 0.770588 0.066581 0.773529 0.066581 0.779412 0.067862 0.782353 0.067862 0.800000 0.066581 0.802941 0.066581 0.811765 0.065301 0.814706 0.064020 0.811765 0.064020 0.797059 0.062740 0.794118 0.064020 0.791176 0.064020 0.782353 0.064020 0.785294 0.062740 0.788235 0.064020 0.791176 0.062740 0.794118 0.062740 0.800000 0.061460 0.802941 0.061460 0.814706 0.060179 0.817647 0.058899 0.814706 0.058899 0.800000 0.056338 0.805882 0.055058 0.802941 0.055058 0.797059 0.056338 0.794118 0.057618 0.794118 0.057618 0.791176 0.056338 0.788235 0.056338 0.785294 0.057618 0.782353 0.058899 0.785294 0.060179 0.785294 0.060179 0.773529 0.061460 0.770588 0.061460 0.744118 0.061460 0.761765 0.055058 0.776471 0.051216 0.767647 0.051216 0.764706 0.053777 0.758824 0.053777 0.755882 0.052497 0.752941 0.052497 0.747059 0.053777 0.744118 0.055058 0.744118 0.055058 0.735294 0.056338 0.732353 0.056338 0.729412 0.057618 0.726471 0.057618 0.723529 0.060179 0.717647 0.061460 0.717647 0.061460 0.711765 0.058899 0.705882 0.056338 0.705882 0.057618 0.708824 0.056338 0.711765 0.055058 0.711765 0.053777 0.714706 0.049936 0.714706 0.047375 0.720588 0.046095 0.720588 0.043534 0.714706 0.043534 0.711765 0.044814 0.708824 0.044814 0.702941 0.043534 0.702941 0.043534 0.705882 0.042254 0.708824 0.040973 0.705882 0.040973 0.691176 0.043534 0.685294 0.043534 0.682353 0.040973 0.682353 0.038412 0.688235 0.037132 0.688235 0.035851 0.685294 0.035851 0.682353 0.037132 0.679412 0.035851 0.679412 0.034571 0.676471 0.033291 0.676471 0.030730 0.682353 0.029449 0.679412 0.029449 0.676471 0.028169 0.679412 0.026889 0.679412 0.025608 0.682353 0.025608 0.688235 0.026889 0.691176 0.026889 0.694118 0.025608 0.697059 0.026889 0.700000 0.026889 0.705882 0.028169 0.708824 0.028169 0.723529 0.029449 0.726471 0.030730 0.723529 0.032010 0.726471 0.032010 0.732353 0.030730 0.735294 0.029449 0.732353 0.025608 0.732353 0.025608 0.735294 0.024328 0.738235 0.023047 0.738235 0.021767 0.735294 0.021767 0.732353 0.020487 0.735294 0.019206 0.732353 0.017926 0.732353 0.016645 0.729412 0.016645 0.726471 0.017926 0.723529 0.017926 0.717647 0.016645 0.714706 0.014085 0.714706 0.012804 0.711765 0.011524 0.714706 0.008963 0.714706 0.007682 0.711765 0.007682 0.705882 0.007682 0.708824 0.003841 0.717647 0.003841 0.720588 0.001280 0.726471 0.001280 0.732353 0.000000 0.735294 0.000000 0.755882 0.001280 0.758824 0.000000 0.761765 0.000000 0.894118 0.001280 0.897059 0.001280 0.900000 0.000000 0.902941 0.000000 0.997059 0.025608 0.997059 0.025608 0.994118 0.026889 0.991176 0.026889 0.979412 0.028169 0.976471 0.029449 0.979412 0.029449 0.997059 0.032010 0.997059 0.032010 0.994118 0.033291 0.991176 0.034571 0.994118 0.035851 0.994118 0.037132 0.991176 0.037132 0.982353 0.035851 0.979412 0.037132 0.976471 0.038412 0.976471 0.039693 0.979412 0.042254 0.979412 0.042254 0.976471 0.043534 0.973529 0.044814 0.976471 0.047375 0.976471 0.048656 0.979412 0.047375 0.982353 0.047375 0.991176 0.048656 0.991176 0.048656 0.988235 0.049936 0.985294 0.051216 0.985294 0.052497 0.982353 0.052497 0.973529 0.053777 0.970588 0.055058 0.973529 0.055058 0.976471 0.060179 0.976471 0.060179 0.973529 0.058899 0.970588 0.058899 0.967647 0.057618 0.967647 0.055058 0.961765 0.056338 0.958824 0.061460 0.958824 0.062740 0.955882 0.062740 0.950000 0.062740 0.952941 0.061460 0.955882 0.060179 0.952941 0.060179 0.947059 0.061460 0.944118 0.064020 0.944118 0.065301 0.941176 0.065301 0.938235 0.064020 0.938235 0.062740 0.935294 0.064020 0.932353 0.066581 0.932353 0.066581 0.929412 0.067862 0.926471 0.069142 0.929412 0.069142 0.932353 0.069142 0.926471 0.070423 0.923529 0.071703 0.926471 0.071703 0.944118 0.070423 0.947059 0.070423 0.970588 0.069142 0.973529 0.069142 0.997059 0.074264 0.997059 0.074264 0.941176 0.072983 0.938235 0.072983 0.905882 0.074264 0.902941 0.075544 0.905882 0.075544 0.911765 0.078105 0.905882 0.078105 0.902941 0.081946 0.894118 0.081946 0.888235 0.083227 0.885294 0.084507 0.888235 0.084507 0.873529 0.085787 0.870588 0.087068 0.873529 0.087068 0.876471 0.087068 0.867647 0.085787 0.864706 0.087068 0.861765 0.085787 0.858824 0.085787 0.855882 0.087068 0.852941 0.088348 0.852941 0.089629 0.855882 0.089629 0.861765 0.093470 0.870588 0.093470 0.873529 0.093470 0.870588 0.096031 0.864706 0.097311 0.867647 0.097311 0.876471 0.096031 0.879412 0.098592 0.885294 0.098592 0.888235 0.101152 0.894118 0.101152 0.897059 0.102433 0.900000 0.102433 0.905882 0.103713 0.905882 0.104994 0.908824 0.103713 0.911765 0.102433 0.911765 0.102433 0.914706 0.103713 0.917647 0.103713 0.929412 0.106274 0.929412 0.107554 0.926471 0.107554 0.920588 0.106274 0.917647 0.106274 0.911765 0.107554 0.908824 0.110115 0.914706 0.110115 0.897059 0.112676 0.891176 0.113956 0.894118 0.113956 0.908824 0.112676 0.911765 0.115237 0.917647 0.112676 0.923529 0.112676 0.926471 0.113956 0.929412 0.113956 0.932353 0.116517 0.938235 0.116517 0.941176 0.119078 0.947059 0.119078 0.950000 0.117798 0.952941 0.117798 0.961765 0.116517 0.964706 0.116517 0.976471 0.115237 0.979412 0.115237 0.988235 0.113956 0.991176 0.113956 0.997059 0.115237 0.997059 0.115237 0.994118 0.116517 0.991176 0.116517 0.979412 0.117798 0.976471 0.117798 0.964706 0.119078 0.961765 0.119078 0.955882 0.120359 0.952941 0.122919 0.958824 0.122919 0.964706 0.125480 0.970588 0.125480 0.973529 0.125480 0.970588 0.126761 0.967647 0.128041 0.967647 0.129321 0.970588 0.129321 0.982353 0.130602 0.985294 0.130602 0.988235 0.129321 0.991176 0.126761 0.991176 0.125480 0.994118 0.125480 0.997059 0.151088 0.997059 0.151088 0.985294 0.153649 0.979412 0.154930 0.982353 0.154930 0.988235 0.156210 0.991176 0.156210 0.997059 0.156210 0.955882 0.157490 0.952941 0.158771 0.955882 0.158771 0.964706 0.160051 0.967647 0.160051 0.982353 0.158771 0.985294 0.161332 0.991176 0.160051 0.994118 0.160051 0.997059 0.162612 0.997059 0.163892 0.994118 0.165173 0.997059 0.165173 0.991176 0.166453 0.988235 0.167734 0.991176 0.167734 0.997059 0.199744 0.997059 0.199744 0.988235 0.201024 0.985294 0.201024 0.964706 0.202305 0.961765 0.202305 0.955882 0.203585 0.952941 0.203585 0.947059 0.204866 0.944118 0.204866 0.938235 0.206146 0.935294 0.207426 0.935294 0.208707 0.938235 0.208707 0.947059 0.208707 0.941176 0.209987 0.938235 0.211268 0.941176 0.211268 0.958824 0.212548 0.961765 0.212548 0.964706 0.213828 0.967647 0.212548 0.964706 0.213828 0.961765 0.213828 0.950000 0.215109 0.947059 0.216389 0.950000 0.216389 0.952941 0.216389 0.950000 0.220230 0.941176 0.221511 0.944118 0.221511 0.952941 0.220230 0.955882 0.221511 0.955882 0.222791 0.958824 0.221511 0.961765 0.218950 0.961765 0.218950 0.964706 0.217670 0.967647 0.217670 0.970588 0.218950 0.973529 0.217670 0.976471 0.216389 0.976471 0.216389 0.979412 0.218950 0.985294 0.218950 0.991176 0.217670 0.994118 0.216389 0.994118 0.215109 0.997059 0.213828 0.997059 0.267606 0.997059 0.267606 0.985294 0.268886 0.982353 0.270166 0.985294 0.270166 0.997059 0.274008 0.997059 0.275288 0.994118 0.276569 0.994118 0.277849 0.997059 0.277849 0.994118 0.279129 0.991176 0.280410 0.994118 0.280410 0.997059 0.281690 0.997059 0.281690 0.985294 0.282971 0.982353 0.282971 0.970588 0.284251 0.967647 0.285531 0.970588 0.285531 0.973529 0.286812 0.976471 0.286812 0.979412 0.288092 0.982353 0.288092 0.973529 0.289373 0.970588 0.288092 0.967647 0.289373 0.964706 0.290653 0.964706 0.290653 0.961765 0.289373 0.958824 0.289373 0.955882 0.289373 0.961765 0.288092 0.964706 0.286812 0.964706 0.284251 0.958824 0.284251 0.950000 0.285531 0.947059 0.285531 0.944118 0.284251 0.944118 0.282971 0.941176 0.285531 0.935294 0.289373 0.944118 0.289373 0.947059 0.293214 0.955882 0.293214 0.958824 0.294494 0.961765 0.294494 0.964706 0.294494 0.955882 0.293214 0.952941 0.293214 0.938235 0.294494 0.935294 0.294494 0.932353 0.293214 0.929412 0.293214 0.923529 0.294494 0.920588 0.295775 0.923529 0.294494 0.920588 0.295775 0.917647 0.295775 0.905882 0.294494 0.908824 0.293214 0.905882 0.293214 0.888235 0.291933 0.885294 0.291933 0.876471 0.293214 0.873529 0.293214 0.855882 0.294494 0.852941 0.295775 0.855882 0.295775 0.870588 0.297055 0.873529 0.297055 0.885294 0.297055 0.850000 0.298335 0.847059 0.299616 0.850000 0.299616 0.855882 0.302177 0.861765 0.302177 0.873529 0.300896 0.876471 0.300896 0.882353 0.299616 0.885294 0.299616 0.908824 0.300896 0.911765 0.299616 0.914706 0.299616 0.923529 0.298335 0.926471 0.298335 0.941176 0.297055 0.944118 0.297055 0.997059 0.298335 0.994118 0.297055 0.991176 0.298335 0.988235 0.297055 0.985294 0.298335 0.982353 0.298335 0.976471 0.299616 0.973529 0.302177 0.979412 0.302177 0.982353 0.302177 0.976471 0.303457 0.973529 0.304738 0.976471 0.304738 0.997059 0.306018 0.994118 0.306018 0.991176 0.307298 0.988235 0.307298 0.985294 0.308579 0.982353 0.308579 0.955882 0.309859 0.952941 0.311140 0.955882 0.311140 0.973529 0.311140 0.947059 0.312420 0.944118 0.312420 0.935294 0.313700 0.932353 0.313700 0.929412 0.314981 0.926471 0.316261 0.929412 0.316261 0.944118 0.314981 0.947059 0.314981 0.952941 0.316261 0.950000 0.317542 0.952941 0.318822 0.950000 0.320102 0.952941 0.320102 0.967647 0.318822 0.970588 0.316261 0.964706 0.316261 0.961765 0.316261 0.964706 0.313700 0.970588 0.313700 0.976471 0.314981 0.976471 0.314981 0.970588 0.316261 0.967647 0.317542 0.970588 0.317542 0.973529 0.318822 0.976471 0.318822 0.979412 0.317542 0.982353 0.317542 0.991176 0.316261 0.994118 0.312420 0.985294 0.312420 0.982353 0.311140 0.982353 0.311140 0.988235 0.312420 0.991176 0.312420 0.997059 0.357234 0.997059 0.357234 0.991176 0.358515 0.988235 0.359795 0.991176 0.358515 0.988235 0.358515 0.982353 0.357234 0.979412 0.357234 0.973529 0.355954 0.970588 0.357234 0.967647 0.357234 0.964706 0.359795 0.958824 0.359795 0.955882 0.361076 0.952941 0.361076 0.947059 0.362356 0.944118 0.363636 0.947059 0.363636 0.938235 0.361076 0.932353 0.359795 0.932353 0.358515 0.929412 0.358515 0.926471 0.359795 0.923529 0.359795 0.917647 0.357234 0.917647 0.355954 0.914706 0.357234 0.911765 0.357234 0.908824 0.355954 0.905882 0.357234 0.902941 0.357234 0.897059 0.358515 0.894118 0.361076 0.900000 0.359795 0.902941 0.359795 0.908824 0.359795 0.905882 0.361076 0.902941 0.363636 0.908824 0.362356 0.911765 0.362356 0.914706 0.363636 0.917647 0.363636 0.926471 0.363636 0.917647 0.364917 0.914706 0.366197 0.917647 0.366197 0.938235 0.367478 0.938235 0.368758 0.941176 0.367478 0.944118 0.367478 0.950000 0.366197 0.952941 0.366197 0.955882 0.364917 0.958824 0.364917 0.976471 0.362356 0.982353 0.363636 0.985294 0.363636 0.988235 0.364917 0.991176 0.364917 0.994118 0.366197 0.997059 0.364917 0.994118 0.364917 0.979412 0.366197 0.976471 0.366197 0.958824 0.367478 0.955882 0.368758 0.958824 0.368758 0.979412 0.368758 0.976471 0.370038 0.973529 0.371319 0.976471 0.371319 0.985294 0.370038 0.988235 0.370038 0.991176 0.368758 0.994118 0.370038 0.997059 0.371319 0.997059 0.372599 0.994118 0.373880 0.997059 0.375160 0.994118 0.376440 0.997059 0.377721 0.994118 0.379001 0.994118 0.380282 0.997059 0.380282 0.994118 0.381562 0.991176 0.382843 0.994118 0.382843 0.997059 0.386684 0.997059 0.386684 0.988235 0.387964 0.985294 0.387964 0.973529 0.387964 0.976471 0.386684 0.979412 0.384123 0.973529 0.384123 0.967647 0.386684 0.961765 0.387964 0.964706 0.387964 0.958824 0.389245 0.955882 0.390525 0.958824 0.390525 0.967647 0.391805 0.970588 0.391805 0.973529 0.390525 0.976471 0.390525 0.985294 0.390525 0.982353 0.391805 0.979412 0.391805 0.964706 0.393086 0.961765 0.394366 0.964706 0.394366 0.976471 0.395647 0.976471 0.396927 0.979412 0.398207 0.979412 0.398207 0.970588 0.396927 0.967647 0.396927 0.955882 0.395647 0.952941 0.395647 0.944118 0.394366 0.941176 0.394366 0.929412 0.393086 0.926471 0.393086 0.914706 0.391805 0.911765 0.391805 0.900000 0.390525 0.897059 0.389245 0.897059 0.387964 0.894118 0.387964 0.891176 0.389245 0.888235 0.390525 0.891176 0.390525 0.888235 0.389245 0.885294 0.389245 0.873529 0.387964 0.876471 0.382843 0.864706 0.382843 0.820588 0.384123 0.817647 0.387964 0.826471 0.387964 0.832353 0.386684 0.835294 0.387964 0.838235 0.387964 0.841176 0.385403 0.847059 0.385403 0.855882 0.386684 0.858824 0.387964 0.858824 0.386684 0.858824 0.385403 0.855882 0.385403 0.850000 0.386684 0.847059 0.386684 0.844118 0.387964 0.841176 0.390525 0.847059 0.389245 0.850000 0.389245 0.852941 0.390525 0.852941 0.393086 0.847059 0.394366 0.850000 0.394366 0.864706 0.391805 0.870588 0.393086 0.870588 0.394366 0.873529 0.394366 0.876471 0.393086 0.879412 0.394366 0.879412 0.395647 0.876471 0.398207 0.882353 0.398207 0.888235 0.396927 0.891176 0.395647 0.888235 0.395647 0.885294 0.394366 0.885294 0.394366 0.888235 0.395647 0.891176 0.395647 0.897059 0.396927 0.900000 0.396927 0.905882 0.398207 0.908824 0.398207 0.911765 0.399488 0.914706 0.399488 0.923529 0.400768 0.926471 0.400768 0.932353 0.402049 0.935294 0.402049 0.967647 0.403329 0.970588 0.403329 0.997059 0.405890 0.997059 0.405890 0.988235 0.404609 0.985294 0.404609 0.973529 0.403329 0.970588 0.403329 0.958824 0.402049 0.955882 0.402049 0.944118 0.404609 0.938235 0.405890 0.941176 0.405890 0.944118 0.407170 0.947059 0.407170 0.952941 0.408451 0.955882 0.408451 0.970588 0.409731 0.973529 0.409731 0.985294 0.411012 0.988235 0.411012 0.997059 0.412292 0.997059 0.413572 0.994118 0.414853 0.997059 0.419974 0.997059 0.422535 0.991176 0.423816 0.994118 0.423816 0.997059 0.426376 0.997059 0.426376 0.988235 0.427657 0.985294 0.428937 0.988235 0.428937 0.997059 0.431498 0.997059 0.431498 0.991176 0.432778 0.988235 0.434059 0.988235 0.435339 0.991176 0.435339 0.997059 0.436620 0.997059 0.437900 0.994118 0.437900 0.979412 0.436620 0.976471 0.436620 0.964706 0.436620 0.967647 0.435339 0.970588 0.434059 0.967647 0.434059 0.961765 0.435339 0.958824 0.435339 0.950000 0.436620 0.947059 0.437900 0.947059 0.439181 0.944118 0.440461 0.947059 0.440461 0.955882 0.441741 0.958824 0.441741 0.967647 0.441741 0.961765 0.443022 0.958824 0.443022 0.955882 0.441741 0.952941 0.441741 0.935294 0.443022 0.932353 0.443022 0.923529 0.444302 0.920588 0.446863 0.926471 0.446863 0.929412 0.446863 0.888235 0.448143 0.885294 0.448143 0.861765 0.448143 0.876471 0.446863 0.879412 0.445583 0.876471 0.445583 0.855882 0.444302 0.852941 0.444302 0.826471 0.443022 0.823529 0.443022 0.820588 0.444302 0.817647 0.444302 0.782353 0.444302 0.791176 0.443022 0.794118 0.440461 0.788235 0.441741 0.785294 0.441741 0.779412 0.443022 0.776471 0.443022 0.764706 0.444302 0.761765 0.445583 0.764706 0.445583 0.773529 0.446863 0.776471 0.446863 0.805882 0.446863 0.802941 0.448143 0.800000 0.448143 0.797059 0.446863 0.794118 0.446863 0.791176 0.448143 0.788235 0.449424 0.788235 0.449424 0.770588 0.450704 0.767647 0.451985 0.770588 0.451985 0.782353 0.453265 0.785294 0.453265 0.794118 0.455826 0.800000 0.454545 0.802941 0.454545 0.805882 0.455826 0.808824 0.455826 0.817647 0.457106 0.820588 0.457106 0.826471 0.458387 0.829412 0.458387 0.832353 0.459667 0.835294 0.459667 0.844118 0.458387 0.847059 0.458387 0.855882 0.457106 0.858824 0.454545 0.858824 0.453265 0.855882 0.453265 0.852941 0.454545 0.850000 0.454545 0.847059 0.453265 0.847059 0.451985 0.844118 0.453265 0.841176 0.453265 0.835294 0.451985 0.832353 0.451985 0.823529 0.451985 0.847059 0.453265 0.850000 0.453265 0.855882 0.454545 0.858824 0.453265 0.861765 0.453265 0.864706 0.454545 0.867647 0.453265 0.870588 0.454545 0.867647 0.457106 0.873529 0.457106 0.888235 0.455826 0.891176 0.454545 0.891176 0.453265 0.894118 0.453265 0.908824 0.451985 0.911765 0.450704 0.908824 0.450704 0.894118 0.450704 0.929412 0.449424 0.932353 0.449424 0.955882 0.448143 0.958824 0.448143 0.982353 0.446863 0.985294 0.445583 0.982353 0.445583 0.970588 0.445583 0.973529 0.444302 0.976471 0.444302 0.988235 0.443022 0.991176 0.443022 0.997059 0.444302 0.994118 0.445583 0.997059 0.450704 0.997059 0.451985 0.994118 0.453265 0.997059 0.453265 0.994118 0.454545 0.991176 0.454545 0.988235 0.457106 0.982353 0.457106 0.976471 0.458387 0.973529 0.460948 0.979412 0.460948 0.982353 0.462228 0.985294 0.462228 0.997059 0.464789 0.997059 0.464789 0.988235 0.466069 0.985294 0.467350 0.988235 0.467350 0.997059 0.471191 0.997059 0.471191 0.988235 0.469910 0.985294 0.469910 0.961765 0.471191 0.958824 0.472471 0.961765 0.472471 0.967647 0.472471 0.932353 0.471191 0.929412 0.472471 0.926471 0.472471 0.917647 0.473752 0.914706 0.476312 0.920588 0.476312 0.923529 0.477593 0.926471 0.477593 0.950000 0.476312 0.952941 0.476312 0.961765 0.475032 0.964706 0.475032 0.973529 0.476312 0.976471 0.476312 0.988235 0.477593 0.991176 0.477593 0.994118 0.478873 0.997059 0.481434 0.997059 0.481434 0.988235 0.482714 0.985294 0.483995 0.988235 0.483995 0.997059 0.491677 0.997059 0.492958 0.994118 0.494238 0.997059 0.518566 0.997059 0.517286 0.994118 0.517286 0.982353 0.518566 0.979412 0.518566 0.973529 0.519846 0.970588 0.521127 0.973529 0.521127 0.976471 0.522407 0.979412 0.522407 0.991176 0.522407 0.973529 0.521127 0.970588 0.521127 0.958824 0.522407 0.955882 0.523688 0.955882 0.524968 0.958824 0.524968 0.994118 0.524968 0.979412 0.526248 0.976471 0.527529 0.979412 0.527529 0.997059 0.528809 0.994118 0.530090 0.994118 0.530090 0.964706 0.528809 0.961765 0.528809 0.958824 0.530090 0.955882 0.528809 0.952941 0.528809 0.950000 0.530090 0.947059 0.530090 0.944118 0.528809 0.941176 0.528809 0.923529 0.530090 0.920588 0.530090 0.917647 0.531370 0.914706 0.533931 0.920588 0.533931 0.923529 0.532650 0.926471 0.533931 0.929412 0.532650 0.932353 0.532650 0.997059 0.533931 0.997059 0.533931 0.964706 0.535211 0.961765 0.536492 0.964706 0.536492 0.967647 0.537772 0.970588 0.537772 0.973529 0.539052 0.976471 0.539052 0.988235 0.537772 0.991176 0.536492 0.988235 0.536492 0.982353 0.536492 0.988235 0.537772 0.991176 0.536492 0.994118 0.536492 0.997059 0.553137 0.997059 0.554417 0.994118 0.553137 0.991176 0.553137 0.985294 0.551857 0.982353 0.553137 0.979412 0.553137 0.967647 0.554417 0.964706 0.555698 0.967647 0.555698 0.970588 0.556978 0.973529 0.556978 0.979412 0.559539 0.979412 0.560819 0.982353 0.559539 0.985294 0.558259 0.985294 0.558259 0.988235 0.559539 0.991176 0.559539 0.997059 0.560819 0.997059 0.560819 0.991176 0.562100 0.988235 0.563380 0.991176 0.563380 0.997059 0.568502 0.997059 0.569782 0.994118 0.571063 0.997059 0.603073 0.997059 0.603073 0.994118 0.604353 0.991176 0.605634 0.994118 0.605634 0.997059 0.610755 0.997059 0.610755 0.994118 0.612036 0.991176 0.613316 0.994118 0.613316 0.997059 0.618438 0.997059 0.618438 0.985294 0.619718 0.982353 0.620999 0.985294 0.620999 0.997059 0.623560 0.997059 0.624840 0.994118 0.624840 0.988235 0.626120 0.985294 0.627401 0.988235 0.627401 0.997059 0.628681 0.997059 0.629962 0.994118 0.629962 0.991176 0.631242 0.988235 0.631242 0.985294 0.633803 0.979412 0.633803 0.967647 0.635083 0.964706 0.635083 0.958824 0.636364 0.955882 0.635083 0.952941 0.635083 0.941176 0.637644 0.935294 0.636364 0.932353 0.636364 0.920588 0.637644 0.917647 0.638924 0.920588 0.638924 0.929412 0.640205 0.932353 0.640205 0.950000 0.638924 0.952941 0.640205 0.955882 0.640205 0.964706 0.641485 0.967647 0.641485 0.973529 0.642766 0.976471 0.640205 0.982353 0.640205 0.988235 0.641485 0.991176 0.640205 0.994118 0.640205 0.997059 0.645327 0.997059 0.645327 0.991176 0.647887 0.985294 0.649168 0.988235 0.650448 0.988235 0.653009 0.982353 0.654289 0.982353 0.654289 0.979412 0.655570 0.976471 0.655570 0.947059 0.654289 0.944118 0.654289 0.923529 0.655570 0.920588 0.656850 0.923529 0.656850 0.932353 0.658131 0.935294 0.658131 0.941176 0.659411 0.941176 0.660691 0.944118 0.659411 0.947059 0.660691 0.950000 0.660691 0.964706 0.661972 0.967647 0.660691 0.970588 0.661972 0.973529 0.661972 0.988235 0.659411 0.994118 0.659411 0.997059 0.661972 0.991176 0.663252 0.994118 0.663252 0.997059 0.672215 0.997059 0.673496 0.994118 0.674776 0.997059 0.677337 0.997059 0.678617 0.994118 0.679898 0.997059 0.709347 0.997059 0.710627 0.994118 0.711908 0.997059 0.711908 0.994118 0.713188 0.991176 0.714469 0.994118 0.714469 0.997059 0.722151 0.997059 0.720871 0.994118 0.720871 0.982353 0.722151 0.979412 0.722151 0.967647 0.723431 0.964706 0.722151 0.961765 0.722151 0.941176 0.723431 0.938235 0.723431 0.935294 0.724712 0.932353 0.725992 0.935294 0.725992 0.941176 0.724712 0.944118 0.724712 0.958824 0.725992 0.958824 0.725992 0.955882 0.727273 0.952941 0.728553 0.955882 0.728553 0.961765 0.728553 0.958824 0.731114 0.952941 0.731114 0.950000 0.732394 0.947059 0.732394 0.944118 0.729834 0.938235 0.732394 0.932353 0.733675 0.935294 0.733675 0.938235 0.734955 0.938235 0.736236 0.941176 0.736236 0.955882 0.737516 0.958824 0.737516 0.961765 0.736236 0.964706 0.734955 0.964706 0.733675 0.961765 0.733675 0.952941 0.733675 0.958824 0.732394 0.961765 0.731114 0.961765 0.731114 0.964706 0.729834 0.967647 0.729834 0.976471 0.728553 0.979412 0.727273 0.976471 0.728553 0.979412 0.728553 0.982353 0.727273 0.985294 0.727273 0.997059 0.746479 0.997059 0.746479 0.976471 0.745198 0.973529 0.745198 0.947059 0.746479 0.944118 0.747759 0.947059 0.747759 0.955882 0.749040 0.958824 0.749040 0.964706 0.750320 0.967647 0.750320 0.991176 0.751601 0.994118 0.751601 0.997059 0.756722 0.997059 0.759283 0.991176 0.758003 0.988235 0.758003 0.982353 0.756722 0.979412 0.756722 0.973529 0.755442 0.976471 0.752881 0.970588 0.752881 0.955882 0.751601 0.955882 0.750320 0.952941 0.750320 0.947059 0.751601 0.944118 0.752881 0.947059 0.752881 0.950000 0.752881 0.947059 0.751601 0.944118 0.751601 0.938235 0.750320 0.935294 0.750320 0.929412 0.751601 0.926471 0.752881 0.929412 0.752881 0.932353 0.754161 0.935294 0.754161 0.938235 0.755442 0.941176 0.755442 0.932353 0.756722 0.929412 0.756722 0.920588 0.758003 0.917647 0.758003 0.914706 0.759283 0.911765 0.759283 0.908824 0.760563 0.905882 0.760563 0.902941 0.764405 0.894118 0.763124 0.894118 0.761844 0.891176 0.761844 0.894118 0.760563 0.897059 0.759283 0.894118 0.759283 0.882353 0.760563 0.879412 0.760563 0.873529 0.761844 0.870588 0.760563 0.867647 0.760563 0.858824 0.763124 0.852941 0.764405 0.855882 0.764405 0.864706 0.765685 0.861765 0.766965 0.864706 0.766965 0.876471 0.765685 0.879412 0.768246 0.885294 0.768246 0.920588 0.769526 0.923529 0.769526 0.955882 0.770807 0.958824 0.770807 0.994118 0.772087 0.997059 0.774648 0.997059 0.774648 0.979412 0.773367 0.976471 0.773367 0.961765 0.775928 0.955882 0.775928 0.952941 0.777209 0.950000 0.778489 0.952941 0.778489 0.958824 0.777209 0.961765 0.777209 0.976471 0.778489 0.979412 0.778489 0.997059 0.783611 0.997059 0.783611 0.988235 0.784891 0.985294 0.784891 0.982353 0.783611 0.979412 0.783611 0.964706 0.784891 0.961765 0.784891 0.955882 0.786172 0.952941 0.786172 0.944118 0.787452 0.941176 0.787452 0.935294 0.783611 0.926471 0.783611 0.914706 0.784891 0.911765 0.786172 0.914706 0.786172 0.917647 0.787452 0.920588 0.787452 0.900000 0.786172 0.897059 0.786172 0.888235 0.784891 0.885294 0.784891 0.879412 0.783611 0.876471 0.783611 0.844118 0.782330 0.841176 0.782330 0.826471 0.783611 0.823529 0.784891 0.823529 0.786172 0.826471 0.786172 0.835294 0.787452 0.838235 0.787452 0.844118 0.786172 0.847059 0.786172 0.858824 0.787452 0.861765 0.787452 0.867647 0.787452 0.864706 0.788732 0.861765 0.787452 0.861765 0.786172 0.858824 0.790013 0.850000 0.791293 0.850000 0.792574 0.852941 0.791293 0.855882 0.791293 0.867647 0.793854 0.873529 0.793854 0.879412 0.796415 0.885294 0.795134 0.888235 0.795134 0.905882 0.796415 0.908824 0.796415 0.911765 0.797695 0.914706 0.797695 0.917647 0.798976 0.917647 0.800256 0.920588 0.800256 0.929412 0.798976 0.932353 0.795134 0.932353 0.793854 0.929412 0.791293 0.929412 0.792574 0.932353 0.792574 0.955882 0.793854 0.958824 0.793854 0.970588 0.795134 0.973529 0.795134 0.991176 0.796415 0.994118 0.796415 0.997059 0.815621 0.997059 0.815621 0.994118 0.814341 0.991176 0.814341 0.976471 0.813060 0.973529 0.813060 0.955882 0.811780 0.952941 0.811780 0.950000 0.810499 0.947059 0.810499 0.935294 0.809219 0.932353 0.809219 0.917647 0.807939 0.914706 0.807939 0.900000 0.806658 0.897059 0.806658 0.891176 0.805378 0.888235 0.805378 0.885294 0.804097 0.882353 0.804097 0.876471 0.805378 0.873529 0.805378 0.864706 0.806658 0.861765 0.806658 0.858824 0.805378 0.855882 0.805378 0.852941 0.804097 0.850000 0.804097 0.847059 0.801536 0.841176 0.801536 0.838235 0.802817 0.835294 0.802817 0.832353 0.801536 0.829412 0.801536 0.817647 0.800256 0.814706 0.800256 0.805882 0.798976 0.802941 0.797695 0.802941 0.796415 0.800000 0.796415 0.797059 0.795134 0.794118 0.795134 0.791176 0.792574 0.785294 0.792574 0.782353 0.791293 0.779412 0.791293 0.767647 0.792574 0.764706 0.793854 0.767647 0.793854 0.776471 0.796415 0.782353 0.796415 0.785294 0.797695 0.788235 0.797695 0.776471 0.796415 0.773529 0.797695 0.770588 0.797695 0.764706 0.798976 0.761765 0.801536 0.761765 0.804097 0.767647 0.804097 0.770588 0.805378 0.773529 0.805378 0.776471 0.809219 0.785294 0.810499 0.785294 0.811780 0.788235 0.813060 0.788235 0.815621 0.794118 0.815621 0.797059 0.816901 0.800000 0.816901 0.802941 0.818182 0.805882 0.818182 0.817647 0.819462 0.820588 0.819462 0.832353 0.820743 0.835294 0.820743 0.838235 0.822023 0.841176 0.822023 0.844118 0.825864 0.852941 0.828425 0.852941 0.828425 0.850000 0.829706 0.847059 0.828425 0.844118 0.829706 0.841176 0.828425 0.838235 0.828425 0.814706 0.825864 0.808824 0.825864 0.805882 0.827145 0.802941 0.827145 0.797059 0.825864 0.794118 0.825864 0.800000 0.824584 0.802941 0.822023 0.797059 0.819462 0.797059 0.816901 0.791176 0.816901 0.776471 0.818182 0.773529 0.818182 0.758824 0.819462 0.755882 0.819462 0.747059 0.820743 0.744118 0.820743 0.741176 0.823303 0.735294 0.824584 0.735294 0.824584 0.732353 0.823303 0.729412 0.823303 0.691176 0.822023 0.688235 0.822023 0.661765 0.820743 0.658824 0.819462 0.658824 0.818182 0.655882 0.819462 0.658824 0.819462 0.664706 0.820743 0.667647 0.820743 0.673529 0.818182 0.679412 0.816901 0.676471 0.816901 0.670588 0.814341 0.664706 0.815621 0.661765 0.815621 0.655882 0.815621 0.658824 0.814341 0.661765 0.813060 0.658824 0.813060 0.655882 0.811780 0.652941 0.811780 0.647059 0.809219 0.641176 0.809219 0.635294 0.807939 0.635294 0.806658 0.638235 0.805378 0.635294 0.805378 0.632353 0.806658 0.629412 0.806658 0.623529 0.805378 0.626471 0.804097 0.623529 0.804097 0.620588 0.800256 0.620588 0.798976 0.617647 0.797695 0.617647 0.796415 0.620588 0.795134 0.617647 0.793854 0.620588 0.792574 0.620588 0.791293 0.617647 0.790013 0.620588 0.790013 0.623529 0.791293 0.626471 0.791293 0.629412 0.792574 0.632353 0.792574 0.635294 0.791293 0.638235 0.788732 0.638235 0.788732 0.641176 0.791293 0.647059 0.790013 0.650000 0.790013 0.661765 0.791293 0.664706 0.791293 0.667647 0.790013 0.670588 0.788732 0.667647 0.786172 0.673529 0.786172 0.679412 0.784891 0.682353 0.782330 0.676471 0.781050 0.679412 0.782330 0.682353 0.781050 0.685294 0.777209 0.685294 0.775928 0.682353 0.775928 0.691176 0.774648 0.694118 0.773367 0.691176 0.773367 0.682353 0.773367 0.691176 0.772087 0.694118 0.770807 0.691176 0.769526 0.691176 0.769526 0.700000 0.768246 0.702941 0.766965 0.702941 0.765685 0.700000 0.765685 0.688235 0.764405 0.685294 0.764405 0.682353 0.765685 0.679412 0.765685 0.670588 0.763124 0.664706 0.763124 0.658824 0.763124 0.676471 0.761844 0.679412 0.760563 0.676471 0.761844 0.679412 0.761844 0.708824 0.761844 0.705882 0.763124 0.702941 0.764405 0.705882 0.764405 0.747059 0.763124 0.750000 0.761844 0.747059 0.761844 0.717647 0.761844 0.735294 0.760563 0.738235 0.759283 0.738235 0.758003 0.735294 0.759283 0.732353 0.759283 0.717647 0.758003 0.714706 0.758003 0.688235 0.759283 0.685294 0.759283 0.682353 0.759283 0.685294 0.758003 0.688235 0.758003 0.691176 0.756722 0.694118 0.755442 0.691176 0.755442 0.694118 0.754161 0.697059 0.752881 0.694118 0.752881 0.688235 0.755442 0.682353 0.755442 0.676471 0.756722 0.673529 0.758003 0.676471 0.758003 0.664706 0.759283 0.661765 0.758003 0.661765 0.756722 0.658824 0.756722 0.650000 0.756722 0.661765 0.755442 0.664706 0.754161 0.661765 0.754161 0.658824 0.752881 0.655882 0.752881 0.652941 0.750320 0.647059 0.750320 0.641176 0.746479 0.632353 0.746479 0.623529 0.747759 0.620588 0.745198 0.614706 0.745198 0.611765 0.743918 0.614706 0.742638 0.611765 0.741357 0.614706 0.740077 0.614706 0.738796 0.611765 0.738796 0.605882 0.738796 0.608824 0.737516 0.611765 0.736236 0.608824 0.736236 0.605882 0.736236 0.608824 0.734955 0.611765 0.733675 0.611765 0.733675 0.617647 0.732394 0.620588 0.732394 0.638235 0.731114 0.641176 0.729834 0.641176 0.728553 0.638235 0.728553 0.635294 0.727273 0.632353 0.727273 0.629412 0.727273 0.635294 0.728553 0.638235 0.728553 0.641176 0.727273 0.644118 0.725992 0.644118 0.723431 0.638235 0.724712 0.635294 0.724712 0.629412 0.722151 0.635294 0.720871 0.632353 0.720871 0.626471 0.717029 0.626471 0.715749 0.629412 0.714469 0.626471 0.714469 0.623529 0.713188 0.623529 0.711908 0.626471 0.710627 0.623529 0.710627 0.626471 0.708067 0.632353 0.709347 0.632353 0.710627 0.629412 0.711908 0.632353 0.711908 0.635294 0.709347 0.641176 0.709347 0.644118 0.710627 0.641176 0.710627 0.638235 0.711908 0.635294 0.713188 0.638235 0.713188 0.641176 0.714469 0.644118 0.714469 0.652941 0.713188 0.655882 0.711908 0.652941 0.709347 0.652941 0.710627 0.655882 0.710627 0.661765 0.709347 0.664706 0.709347 0.670588 0.710627 0.673529 0.708067 0.679412 0.709347 0.682353 0.709347 0.691176 0.710627 0.694118 0.710627 0.697059 0.708067 0.702941 0.708067 0.708824 0.709347 0.705882 0.709347 0.700000 0.710627 0.697059 0.711908 0.700000 0.711908 0.708824 0.713188 0.711765 0.713188 0.717647 0.714469 0.720588 0.713188 0.723529 0.713188 0.726471 0.711908 0.729412 0.711908 0.735294 0.710627 0.738235 0.704225 0.738235 0.702945 0.735294 0.702945 0.741176 0.704225 0.744118 0.704225 0.750000 0.705506 0.752941 0.704225 0.755882 0.700384 0.755882 0.700384 0.758824 0.699104 0.761765 0.696543 0.755882 0.696543 0.752941 0.697823 0.750000 0.697823 0.747059 0.699104 0.744118 0.699104 0.741176 0.700384 0.738235 0.700384 0.735294 0.700384 0.738235 0.696543 0.747059 0.695262 0.744118 0.695262 0.726471 0.693982 0.723529 0.693982 0.708824 0.692702 0.705882 0.692702 0.702941 0.693982 0.700000 0.696543 0.705882 0.696543 0.711765 0.697823 0.708824 0.700384 0.714706 0.700384 0.720588 0.699104 0.723529 0.699104 0.729412 0.699104 0.726471 0.700384 0.723529 0.701665 0.726471 0.701665 0.729412 0.701665 0.714706 0.700384 0.711765 0.699104 0.711765 0.696543 0.705882 0.696543 0.700000 0.697823 0.697059 0.699104 0.700000 0.700384 0.700000 0.700384 0.697059 0.699104 0.694118 0.699104 0.679412 0.697823 0.676471 0.697823 0.647059 0.696543 0.644118 0.696543 0.638235 0.695262 0.641176 0.693982 0.638235 0.693982 0.635294 0.695262 0.632353 0.693982 0.629412 0.693982 0.623529 0.693982 0.641176 0.692702 0.644118 0.691421 0.641176 0.690141 0.644118 0.688860 0.641176 0.688860 0.629412 0.687580 0.626471 0.687580 0.620588 0.686300 0.623529 0.685019 0.620588 0.685019 0.617647 0.682458 0.617647 0.682458 0.620588 0.683739 0.623529 0.682458 0.626471 0.681178 0.626471 0.679898 0.623529 0.679898 0.617647 0.678617 0.614706 0.678617 0.611765 0.677337 0.608824 0.677337 0.605882 0.676056 0.608824 0.674776 0.605882 0.674776 0.602941 0.673496 0.600000 0.672215 0.600000 0.670935 0.602941 0.670935 0.608824 0.672215 0.611765 0.672215 0.614706 0.674776 0.620588 0.674776 0.623529 0.673496 0.626471 0.670935 0.626471 0.669654 0.623529 0.669654 0.620588 0.668374 0.623529 0.667093 0.620588 0.667093 0.614706 0.668374 0.611765 0.668374 0.608824 0.667093 0.611765 0.667093 0.623529 0.668374 0.626471 0.668374 0.638235 0.669654 0.641176 0.668374 0.644118 0.667093 0.644118 0.667093 0.647059 0.665813 0.650000 0.664533 0.647059 0.664533 0.608824 0.663252 0.611765 0.661972 0.608824 0.663252 0.611765 0.661972 0.614706 0.660691 0.614706 0.660691 0.617647 0.659411 0.620588 0.658131 0.617647 0.658131 0.620588 0.655570 0.626471 0.655570 0.632353 0.654289 0.635294 0.653009 0.632353 0.653009 0.629412 0.651729 0.626471 0.651729 0.623529 0.653009 0.620588 0.654289 0.620588 0.653009 0.617647 0.653009 0.611765 0.651729 0.611765 0.650448 0.614706 0.650448 0.617647 0.649168 0.620588 0.647887 0.620588 0.645327 0.614706 0.645327 0.600000 0.644046 0.600000 0.642766 0.597059 0.641485 0.600000 0.641485 0.602941 0.642766 0.605882 0.641485 0.608824 0.641485 0.629412 0.640205 0.632353 0.640205 0.638235 0.638924 0.641176 0.637644 0.638235 0.637644 0.635294 0.637644 0.641176 0.638924 0.644118 0.638924 0.655882 0.640205 0.658824 0.640205 0.664706 0.641485 0.667647 0.641485 0.670588 0.640205 0.673529 0.641485 0.673529 0.644046 0.679412 0.644046 0.688235 0.645327 0.688235 0.646607 0.691176 0.645327 0.694118 0.645327 0.700000 0.646607 0.697059 0.647887 0.700000 0.647887 0.702941 0.646607 0.705882 0.646607 0.711765 0.645327 0.714706 0.644046 0.711765 0.644046 0.708824 0.644046 0.711765 0.645327 0.714706 0.645327 0.723529 0.646607 0.726471 0.646607 0.738235 0.645327 0.741176 0.644046 0.738235 0.644046 0.729412 0.642766 0.726471 0.642766 0.720588 0.641485 0.717647 0.641485 0.708824 0.640205 0.705882 0.640205 0.697059 0.638924 0.694118 0.638924 0.685294 0.637644 0.685294 0.636364 0.682353 0.636364 0.650000 0.635083 0.647059 0.635083 0.635294 0.633803 0.632353 0.633803 0.650000 0.632522 0.652941 0.631242 0.650000 0.631242 0.632353 0.629962 0.632353 0.631242 0.635294 0.629962 0.638235 0.628681 0.638235 0.628681 0.641176 0.627401 0.644118 0.626120 0.641176 0.623560 0.641176 0.622279 0.644118 0.618438 0.635294 0.619718 0.632353 0.618438 0.629412 0.618438 0.620588 0.619718 0.617647 0.623560 0.626471 0.623560 0.629412 0.624840 0.632353 0.624840 0.635294 0.624840 0.632353 0.623560 0.629412 0.624840 0.626471 0.624840 0.623529 0.626120 0.620588 0.623560 0.614706 0.623560 0.611765 0.622279 0.608824 0.620999 0.608824 0.619718 0.605882 0.620999 0.602941 0.620999 0.600000 0.623560 0.594118 0.622279 0.591176 0.620999 0.594118 0.619718 0.591176 0.618438 0.591176 0.617157 0.594118 0.617157 0.600000 0.615877 0.602941 0.614597 0.600000 0.613316 0.600000 0.613316 0.602941 0.612036 0.605882 0.610755 0.602941 0.610755 0.608824 0.612036 0.611765 0.610755 0.614706 0.609475 0.614706 0.608195 0.611765 0.606914 0.614706 0.604353 0.608824 0.604353 0.602941 0.605634 0.600000 0.605634 0.594118 0.604353 0.597059 0.604353 0.600000 0.603073 0.602941 0.604353 0.605882 0.603073 0.608824 0.601793 0.608824 0.600512 0.605882 0.600512 0.597059 0.599232 0.594118 0.599232 0.591176 0.599232 0.594118 0.596671 0.600000 0.595391 0.600000 0.595391 0.602941 0.594110 0.605882 0.591549 0.605882 0.588988 0.600000 0.590269 0.597059 0.590269 0.591176 0.588988 0.594118 0.587708 0.594118 0.587708 0.597059 0.586428 0.600000 0.582586 0.591176 0.582586 0.597059 0.583867 0.600000 0.580026 0.608824 0.578745 0.605882 0.577465 0.605882 0.577465 0.611765 0.578745 0.614706 0.577465 0.617647 0.576184 0.617647 0.574904 0.614706 0.574904 0.611765 0.572343 0.617647 0.569782 0.611765 0.571063 0.608824 0.571063 0.605882 0.572343 0.602941 0.573624 0.602941 0.572343 0.600000 0.572343 0.597059 0.571063 0.600000 0.569782 0.600000 0.568502 0.602941 0.567222 0.600000 0.568502 0.602941 0.567222 0.605882 0.565941 0.605882 0.564661 0.602941 0.564661 0.600000 0.563380 0.597059 0.563380 0.594118 0.562100 0.591176 0.560819 0.591176 0.559539 0.594118 0.559539 0.597059 0.560819 0.597059 0.562100 0.600000 0.562100 0.611765 0.563380 0.614706 0.563380 0.623529 0.562100 0.626471 0.559539 0.620588 0.559539 0.617647 0.558259 0.614706 0.559539 0.611765 0.559539 0.608824 0.558259 0.605882 0.556978 0.605882 0.555698 0.608824 0.556978 0.611765 0.555698 0.614706 0.555698 0.617647 0.554417 0.620588 0.553137 0.617647 0.553137 0.605882 0.550576 0.600000 0.550576 0.597059 0.550576 0.605882 0.551857 0.608824 0.551857 0.611765 0.553137 0.614706 0.553137 0.617647 0.551857 0.620588 0.550576 0.617647 0.550576 0.644118 0.549296 0.647059 0.550576 0.647059 0.551857 0.650000 0.551857 0.661765 0.553137 0.664706 0.551857 0.667647 0.553137 0.670588 0.551857 0.673529 0.553137 0.673529 0.554417 0.670588 0.555698 0.670588 0.556978 0.673529 0.556978 0.682353 0.555698 0.685294 0.555698 0.691176 0.554417 0.694118 0.555698 0.697059 0.555698 0.702941 0.556978 0.705882 0.556978 0.711765 0.555698 0.714706 0.554417 0.711765 0.554417 0.708824 0.553137 0.708824 0.551857 0.705882 0.551857 0.700000 0.550576 0.700000 0.549296 0.697059 0.549296 0.691176 0.548015 0.688235 0.548015 0.685294 0.549296 0.682353 0.548015 0.679412 0.548015 0.661765 0.546735 0.661765 0.545455 0.658824 0.546735 0.655882 0.546735 0.652941 0.545455 0.650000 0.546735 0.647059 0.545455 0.644118 0.545455 0.638235 0.546735 0.635294 0.546735 0.617647 0.545455 0.614706 0.546735 0.611765 0.546735 0.608824 0.545455 0.608824 0.545455 0.611765 0.544174 0.614706 0.542894 0.611765 0.542894 0.614706 0.541613 0.617647 0.540333 0.614706 0.540333 0.597059 0.539052 0.597059 0.537772 0.594118 0.536492 0.594118 0.537772 0.597059 0.537772 0.602941 0.540333 0.608824 0.540333 0.620588 0.539052 0.623529 0.536492 0.617647 0.536492 0.611765 0.533931 0.611765 0.530090 0.602941 0.530090 0.600000 0.528809 0.597059 0.527529 0.597059 0.526248 0.600000 0.524968 0.597059 0.524968 0.594118 0.523688 0.594118 0.523688 0.597059 0.524968 0.600000 0.523688 0.602941 0.523688 0.620588 0.523688 0.602941 0.524968 0.600000 0.526248 0.602941 0.526248 0.611765 0.527529 0.614706 0.526248 0.617647 0.527529 0.620588 0.526248 0.623529 0.527529 0.626471 0.527529 0.632353 0.526248 0.635294 0.524968 0.632353 0.524968 0.629412 0.522407 0.635294 0.523688 0.638235 0.522407 0.641176 0.521127 0.641176 0.519846 0.638235 0.519846 0.632353 0.521127 0.629412 0.519846 0.629412 0.518566 0.626471 0.521127 0.620588 0.519846 0.617647 0.519846 0.611765 0.521127 0.608824 0.521127 0.600000 0.518566 0.600000 0.518566 0.602941 0.517286 0.605882 0.518566 0.608824 0.516005 0.614706 0.514725 0.611765 0.514725 0.602941 0.513444 0.600000 0.512164 0.600000 0.510883 0.602941 0.510883 0.605882 0.508323 0.611765 0.507042 0.611765 0.505762 0.608824 0.507042 0.605882 0.505762 0.605882 0.505762 0.608824 0.504481 0.611765 0.504481 0.614706 0.503201 0.617647 0.501921 0.617647 0.500640 0.620588 0.500640 0.626471 0.498079 0.632353 0.496799 0.629412 0.496799 0.623529 0.498079 0.620588 0.496799 0.617647 0.496799 0.614706 0.496799 0.629412 0.495519 0.632353 0.491677 0.623529 0.491677 0.614706 0.492958 0.611765 0.492958 0.608824 0.494238 0.605882 0.494238 0.600000 0.495519 0.597059 0.495519 0.594118 0.494238 0.594118 0.494238 0.597059 0.492958 0.600000 0.492958 0.602941 0.491677 0.605882 0.490397 0.602941 0.487836 0.602941 0.487836 0.611765 0.486556 0.614706 0.482714 0.614706 0.481434 0.611765 0.483995 0.605882 0.483995 0.600000 0.482714 0.600000 0.480154 0.605882 0.480154 0.608824 0.478873 0.611765 0.477593 0.608824 0.475032 0.608824 0.473752 0.605882 0.471191 0.605882 0.471191 0.626471 0.469910 0.629412 0.471191 0.632353 0.471191 0.635294 0.469910 0.638235 0.471191 0.641176 0.469910 0.644118 0.471191 0.647059 0.471191 0.670588 0.472471 0.670588 0.473752 0.673529 0.473752 0.691176 0.475032 0.694118 0.473752 0.697059 0.475032 0.700000 0.473752 0.702941 0.473752 0.708824 0.475032 0.711765 0.475032 0.723529 0.472471 0.729412 0.471191 0.726471 0.471191 0.714706 0.468630 0.708824 0.468630 0.705882 0.468630 0.708824 0.467350 0.711765 0.468630 0.714706 0.468630 0.717647 0.466069 0.723529 0.464789 0.720588 0.464789 0.711765 0.463508 0.708824 0.463508 0.705882 0.464789 0.702941 0.466069 0.705882 0.466069 0.694118 0.463508 0.688235 0.464789 0.685294 0.464789 0.682353 0.466069 0.679412 0.467350 0.682353 0.467350 0.685294 0.468630 0.688235 0.468630 0.661765 0.467350 0.661765 0.466069 0.658824 0.466069 0.650000 0.467350 0.647059 0.466069 0.650000 0.466069 0.655882 0.464789 0.658824 0.463508 0.655882 0.463508 0.647059 0.464789 0.644118 0.464789 0.641176 0.466069 0.638235 0.466069 0.629412 0.464789 0.626471 0.464789 0.611765 0.466069 0.608824 0.466069 0.600000 0.466069 0.608824 0.463508 0.614706 0.463508 0.617647 0.462228 0.620588 0.460948 0.620588 0.459667 0.623529 0.458387 0.623529 0.457106 0.620588 0.457106 0.617647 0.455826 0.614706 0.458387 0.608824 0.458387 0.602941 0.457106 0.602941 0.454545 0.608824 0.453265 0.608824 0.453265 0.611765 0.451985 0.614706 0.453265 0.617647 0.451985 0.620588 0.449424 0.620588 0.448143 0.617647 0.448143 0.605882 0.446863 0.602941 0.446863 0.597059 0.445583 0.600000 0.440461 0.600000 0.439181 0.597059 0.440461 0.594118 0.439181 0.591176