1 0.459667 0.976471 0.458387 0.979412 0.457106 0.979412 0.455826 0.982353 0.454545 0.982353 0.451985 0.988235 0.450704 0.988235 0.449424 0.991176 0.448143 0.991176 0.446863 0.994118 0.445583 0.994118 0.444302 0.997059 0.448143 0.997059 0.450704 0.991176 0.451985 0.991176 0.453265 0.988235 0.454545 0.988235 0.455826 0.985294 0.457106 0.985294 0.458387 0.982353 0.459667 0.982353 0.462228 0.976471
1 0.887324 0.950000 0.886044 0.952941 0.886044 0.958824 0.884763 0.961765 0.884763 0.967647 0.883483 0.970588 0.883483 0.979412 0.882202 0.982353 0.882202 0.991176 0.883483 0.991176 0.886044 0.985294 0.887324 0.985294 0.887324 0.979412 0.888604 0.976471 0.888604 0.973529 0.887324 0.970588 0.887324 0.967647 0.888604 0.964706 0.889885 0.964706 0.888604 0.961765 0.887324 0.961765 0.886044 0.958824 0.886044 0.955882 0.887324 0.952941
1 0.832266 0.900000 0.833547 0.902941 0.833547 0.911765 0.834827 0.914706 0.834827 0.923529 0.836108 0.926471 0.836108 0.929412 0.837388 0.932353 0.836108 0.935294 0.837388 0.935294 0.838668 0.932353 0.838668 0.926471 0.837388 0.923529 0.837388 0.917647 0.836108 0.914706 0.836108 0.911765 0.834827 0.908824 0.834827 0.902941 0.833547 0.902941
1 0.478873 0.894118 0.478873 0.917647 0.477593 0.920588 0.477593 0.944118 0.478873 0.941176 0.478873 0.917647 0.480154 0.914706 0.480154 0.908824 0.478873 0.905882
1 0.113956 0.879412 0.112676 0.882353 0.110115 0.882353 0.110115 0.897059 0.108835 0.900000 0.108835 0.911765 0.107554 0.914706 0.107554 0.929412 0.108835 0.932353 0.108835 0.938235 0.108835 0.935294 0.110115 0.932353 0.110115 0.920588 0.111396 0.917647 0.111396 0.902941 0.112676 0.900000 0.112676 0.885294 0.113956 0.882353
1 0.093470 0.876471 0.093470 0.879412 0.092190 0.882353 0.092190 0.885294 0.090909 0.888235 0.090909 0.891176 0.092190 0.891176 0.093470 0.894118 0.092190 0.897059 0.092190 0.908824 0.093470 0.908824 0.093470 0.902941 0.094750 0.900000 0.094750 0.894118 0.093470 0.891176
1 0.845070 0.847059 0.845070 0.850000 0.843790 0.852941 0.843790 0.855882 0.842510 0.858824 0.842510 0.867647 0.841229 0.870588 0.842510 0.873529 0.841229 0.876471 0.842510 0.876471 0.845070 0.882353 0.845070 0.876471 0.846351 0.873529 0.847631 0.873529 0.846351 0.870588 0.846351 0.864706 0.845070 0.861765 0.846351 0.858824 0.847631 0.858824 0.847631 0.850000 0.846351 0.847059
1 0.462228 0.832353 0.460948 0.835294 0.460948 0.841176 0.459667 0.844118 0.459667 0.847059 0.458387 0.850000 0.458387 0.852941 0.457106 0.855882 0.457106 0.858824 0.455826 0.861765 0.455826 0.864706 0.454545 0.867647 0.454545 0.870588 0.453265 0.873529 0.453265 0.876471 0.451985 0.879412 0.451985 0.885294 0.450704 0.888235 0.450704 0.891176 0.448143 0.897059 0.446863 0.897059 0.448143 0.900000 0.446863 0.902941 0.446863 0.905882 0.445583 0.908824 0.445583 0.911765 0.444302 0.914706 0.444302 0.917647 0.443022 0.920588 0.443022 0.923529 0.441741 0.926471 0.441741 0.929412 0.440461 0.932353 0.440461 0.935294 0.437900 0.941176 0.437900 0.944118 0.436620 0.947059 0.436620 0.950000 0.435339 0.952941 0.435339 0.955882 0.434059 0.958824 0.434059 0.961765 0.432778 0.964706 0.432778 0.967647 0.431498 0.970588 0.431498 0.973529 0.428937 0.979412 0.428937 0.985294 0.427657 0.988235 0.427657 0.991176 0.426376 0.994118 0.426376 0.997059 0.427657 0.997059 0.427657 0.994118 0.428937 0.991176 0.428937 0.985294 0.430218 0.982353 0.430218 0.979412 0.431498 0.976471 0.431498 0.973529 0.434059 0.967647 0.434059 0.961765 0.436620 0.955882 0.436620 0.952941 0.437900 0.950000 0.437900 0.947059 0.439181 0.944118 0.439181 0.941176 0.440461 0.938235 0.440461 0.935294 0.441741 0.932353 0.441741 0.929412 0.443022 0.926471 0.443022 0.923529 0.444302 0.920588 0.444302 0.917647 0.445583 0.914706 0.445583 0.911765 0.446863 0.908824 0.446863 0.905882 0.448143 0.902941 0.448143 0.900000 0.449424 0.897059 0.449424 0.894118 0.450704 0.891176 0.450704 0.888235 0.451985 0.885294 0.451985 0.882353 0.453265 0.879412 0.453265 0.876471 0.454545 0.873529 0.454545 0.870588 0.455826 0.867647 0.455826 0.864706 0.457106 0.861765 0.457106 0.855882 0.458387 0.852941 0.458387 0.850000 0.459667 0.847059 0.459667 0.844118 0.460948 0.841176 0.460948 0.838235 0.462228 0.835294
1 0.875800 0.820588 0.874520 0.823529 0.877081 0.829412 0.878361 0.829412 0.879641 0.832353 0.880922 0.832353 0.883483 0.838235 0.884763 0.838235 0.886044 0.841176 0.883483 0.835294 0.883483 0.832353 0.879641 0.823529 0.878361 0.823529 0.877081 0.820588
1 0.956466 0.791176 0.955186 0.794118 0.952625 0.794118 0.951344 0.797059 0.950064 0.794118 0.950064 0.797059 0.951344 0.797059 0.952625 0.800000 0.951344 0.802941 0.951344 0.808824 0.950064 0.811765 0.948784 0.808824 0.948784 0.805882 0.947503 0.802941 0.947503 0.797059 0.946223 0.797059 0.944942 0.794118 0.943662 0.794118 0.944942 0.797059 0.944942 0.802941 0.946223 0.802941 0.947503 0.805882 0.946223 0.808824 0.944942 0.808824 0.943662 0.811765 0.946223 0.817647 0.946223 0.823529 0.948784 0.829412 0.948784 0.832353 0.951344 0.838235 0.951344 0.844118 0.952625 0.844118 0.953905 0.847059 0.953905 0.850000 0.955186 0.852941 0.955186 0.850000 0.953905 0.847059 0.953905 0.841176 0.952625 0.841176 0.950064 0.835294 0.951344 0.832353 0.952625 0.832353 0.951344 0.829412 0.951344 0.820588 0.952625 0.817647 0.953905 0.820588 0.956466 0.820588 0.953905 0.820588 0.952625 0.817647 0.952625 0.814706 0.953905 0.811765 0.957746 0.811765 0.959027 0.808824 0.961588 0.808824 0.960307 0.805882 0.959027 0.805882 0.957746 0.802941 0.959027 0.800000 0.960307 0.800000 0.959027 0.800000 0.956466 0.794118
1 0.425096 0.785294 0.423816 0.788235 0.423816 0.791176 0.422535 0.794118 0.422535 0.814706 0.425096 0.808824 0.425096 0.797059 0.423816 0.794118 0.423816 0.791176 0.425096 0.788235
1 0.902689 0.773529 0.902689 0.779412 0.903969 0.782353 0.902689 0.785294 0.901408 0.785294 0.900128 0.788235 0.902689 0.788235 0.903969 0.791176 0.902689 0.794118 0.901408 0.794118 0.902689 0.794118 0.903969 0.797059 0.902689 0.800000 0.900128 0.800000 0.897567 0.794118 0.897567 0.791176 0.896287 0.791176 0.896287 0.794118 0.895006 0.797059 0.892446 0.797059 0.893726 0.800000 0.893726 0.802941 0.895006 0.805882 0.893726 0.808824 0.895006 0.805882 0.896287 0.805882 0.897567 0.808824 0.897567 0.811765 0.895006 0.817647 0.896287 0.814706 0.897567 0.817647 0.898848 0.814706 0.900128 0.817647 0.900128 0.820588 0.901408 0.817647 0.903969 0.817647 0.905250 0.820588 0.905250 0.823529 0.903969 0.826471 0.905250 0.829412 0.905250 0.823529 0.906530 0.820588 0.907810 0.823529 0.907810 0.832353 0.909091 0.835294 0.907810 0.838235 0.910371 0.844118 0.910371 0.847059 0.909091 0.850000 0.909091 0.855882 0.910371 0.858824 0.910371 0.873529 0.911652 0.876471 0.911652 0.879412 0.912932 0.882353 0.915493 0.882353 0.916773 0.885294 0.916773 0.882353 0.915493 0.879412 0.915493 0.870588 0.914213 0.867647 0.914213 0.864706 0.910371 0.855882 0.910371 0.852941 0.911652 0.850000 0.914213 0.855882 0.914213 0.844118 0.912932 0.847059 0.911652 0.847059 0.910371 0.844118 0.912932 0.838235 0.912932 0.835294 0.914213 0.832353 0.916773 0.838235 0.916773 0.841176 0.916773 0.838235 0.915493 0.835294 0.915493 0.829412 0.918054 0.823529 0.916773 0.820588 0.916773 0.817647 0.918054 0.814706 0.919334 0.817647 0.920615 0.817647 0.924456 0.826471 0.923175 0.829412 0.923175 0.832353 0.920615 0.838235 0.919334 0.835294 0.919334 0.832353 0.919334 0.835294 0.920615 0.838235 0.920615 0.841176 0.918054 0.847059 0.916773 0.847059 0.918054 0.850000 0.918054 0.858824 0.919334 0.861765 0.919334 0.867647 0.921895 0.873529 0.923175 0.873529 0.924456 0.876471 0.924456 0.885294 0.925736 0.888235 0.925736 0.891176 0.929577 0.900000 0.932138 0.900000 0.930858 0.900000 0.928297 0.894118 0.929577 0.891176 0.930858 0.891176 0.932138 0.888235 0.934699 0.888235 0.934699 0.879412 0.933419 0.876471 0.933419 0.873529 0.932138 0.873529 0.930858 0.870588 0.932138 0.867647 0.932138 0.864706 0.930858 0.861765 0.930858 0.855882 0.929577 0.855882 0.928297 0.852941 0.925736 0.852941 0.924456 0.850000 0.925736 0.847059 0.925736 0.844118 0.927017 0.841176 0.928297 0.841176 0.923175 0.829412 0.924456 0.826471 0.925736 0.826471 0.924456 0.826471 0.923175 0.823529 0.924456 0.820588 0.927017 0.820588 0.927017 0.817647 0.925736 0.814706 0.927017 0.811765 0.928297 0.811765 0.927017 0.811765 0.925736 0.808824 0.925736 0.805882 0.925736 0.808824 0.924456 0.811765 0.923175 0.808824 0.921895 0.811765 0.919334 0.811765 0.918054 0.814706 0.916773 0.811765 0.916773 0.808824 0.914213 0.808824 0.912932 0.805882 0.914213 0.802941 0.915493 0.802941 0.914213 0.802941 0.912932 0.800000 0.912932 0.797059 0.910371 0.797059 0.909091 0.794118 0.909091 0.788235 0.910371 0.785294 0.909091 0.788235 0.906530 0.782353 0.905250 0.782353 0.902689 0.776471
1 0.752881 0.767647 0.752881 0.770588 0.751601 0.773529 0.751601 0.779412 0.750320 0.782353 0.751601 0.785294 0.751601 0.791176 0.750320 0.794118 0.749040 0.791176 0.749040 0.794118 0.747759 0.797059 0.747759 0.808824 0.747759 0.805882 0.749040 0.802941 0.750320 0.805882 0.751601 0.802941 0.752881 0.802941 0.754161 0.805882 0.755442 0.805882 0.756722 0.808824 0.756722 0.811765 0.755442 0.814706 0.754161 0.814706 0.752881 0.811765 0.752881 0.817647 0.754161 0.820588 0.752881 0.823529 0.754161 0.826471 0.751601 0.832353 0.751601 0.847059 0.750320 0.850000 0.751601 0.847059 0.751601 0.835294 0.752881 0.832353 0.754161 0.835294 0.754161 0.841176 0.755442 0.841176 0.758003 0.847059 0.758003 0.838235 0.759283 0.835294 0.758003 0.832353 0.758003 0.826471 0.761844 0.817647 0.761844 0.811765 0.763124 0.808824 0.766965 0.817647 0.766965 0.814706 0.768246 0.811765 0.769526 0.814706 0.768246 0.811765 0.769526 0.808824 0.770807 0.808824 0.769526 0.808824 0.768246 0.805882 0.768246 0.797059 0.766965 0.794118 0.766965 0.788235 0.764405 0.788235 0.763124 0.791176 0.761844 0.788235 0.760563 0.791176 0.759283 0.788235 0.759283 0.785294 0.758003 0.785294 0.756722 0.782353 0.758003 0.779412 0.756722 0.779412 0.755442 0.782353 0.754161 0.779412 0.754161 0.776471 0.752881 0.773529
1 0.816901 0.761765 0.818182 0.761765 0.820743 0.767647 0.822023 0.767647 0.823303 0.770588 0.824584 0.770588 0.825864 0.773529 0.827145 0.773529 0.828425 0.776471 0.829706 0.776471 0.830986 0.779412 0.832266 0.779412 0.834827 0.785294 0.836108 0.785294 0.837388 0.788235 0.838668 0.788235 0.839949 0.791176 0.841229 0.791176 0.842510 0.794118 0.841229 0.791176 0.839949 0.791176 0.837388 0.785294 0.836108 0.785294 0.834827 0.782353 0.836108 0.779412 0.834827 0.776471 0.833547 0.776471 0.832266 0.773529 0.830986 0.773529 0.829706 0.776471 0.828425 0.773529 0.827145 0.773529 0.825864 0.770588 0.824584 0.770588 0.822023 0.764706 0.820743 0.764706 0.819462 0.761765
1 0.572343 0.761765 0.572343 0.770588 0.571063 0.773529 0.571063 0.779412 0.569782 0.782353 0.568502 0.779412 0.568502 0.776471 0.567222 0.779412 0.568502 0.782353 0.567222 0.785294 0.571063 0.785294 0.572343 0.788235 0.572343 0.794118 0.572343 0.788235 0.573624 0.785294 0.573624 0.779412 0.572343 0.776471 0.572343 0.773529 0.573624 0.770588 0.573624 0.761765
1 0.390525 0.755882 0.390525 0.773529 0.391805 0.776471 0.391805 0.794118 0.393086 0.797059 0.393086 0.773529 0.391805 0.770588 0.391805 0.764706 0.390525 0.761765
1 0.903969 0.750000 0.905250 0.750000 0.906530 0.752941 0.907810 0.752941 0.909091 0.755882 0.909091 0.758824 0.907810 0.761765 0.909091 0.761765 0.910371 0.758824 0.911652 0.761765 0.912932 0.761765 0.914213 0.764706 0.914213 0.767647 0.912932 0.770588 0.914213 0.767647 0.915493 0.770588 0.916773 0.770588 0.911652 0.758824 0.911652 0.752941 0.910371 0.752941 0.909091 0.750000 0.907810 0.750000 0.906530 0.752941 0.905250 0.750000
1 0.435339 0.747059 0.434059 0.750000 0.434059 0.761765 0.435339 0.764706 0.435339 0.767647 0.436620 0.770588 0.437900 0.767647 0.439181 0.767647 0.439181 0.764706 0.437900 0.761765 0.437900 0.752941 0.439181 0.750000 0.439181 0.747059 0.437900 0.750000 0.436620 0.750000
1 0.923175 0.735294 0.924456 0.738235 0.924456 0.741176 0.923175 0.744118 0.920615 0.744118 0.921895 0.744118 0.923175 0.747059 0.923175 0.752941 0.925736 0.758824 0.925736 0.755882 0.927017 0.752941 0.927017 0.750000 0.928297 0.747059 0.929577 0.747059 0.929577 0.744118 0.930858 0.741176 0.929577 0.741176 0.927017 0.735294
1 0.962868 0.723529 0.962868 0.726471 0.961588 0.729412 0.961588 0.747059 0.962868 0.750000 0.962868 0.755882 0.964149 0.758824 0.964149 0.779412 0.965429 0.782353 0.964149 0.785294 0.966709 0.791176 0.966709 0.794118 0.967990 0.797059 0.966709 0.800000 0.969270 0.805882 0.969270 0.814706 0.970551 0.817647 0.970551 0.823529 0.971831 0.826471 0.971831 0.832353 0.973111 0.835294 0.973111 0.841176 0.974392 0.844118 0.974392 0.850000 0.975672 0.852941 0.975672 0.855882 0.974392 0.858824 0.973111 0.858824 0.974392 0.858824 0.976953 0.864706 0.976953 0.867647 0.978233 0.870588 0.978233 0.873529 0.979513 0.876471 0.979513 0.879412 0.983355 0.888235 0.983355 0.891176 0.984635 0.894118 0.984635 0.900000 0.985915 0.902941 0.985915 0.905882 0.987196 0.908824 0.987196 0.914706 0.988476 0.917647 0.988476 0.920588 0.989757 0.923529 0.989757 0.929412 0.991037 0.932353 0.991037 0.935294 0.992318 0.938235 0.992318 0.941176 0.993598 0.944118 0.993598 0.952941 0.994878 0.955882 0.994878 0.958824 0.996159 0.961765 0.996159 0.964706 0.997439 0.967647 0.997439 0.970588 0.998720 0.973529 0.998720 0.976471 0.998720 0.955882 0.997439 0.952941 0.997439 0.950000 0.992318 0.938235 0.992318 0.935294 0.991037 0.932353 0.991037 0.929412 0.989757 0.926471 0.989757 0.923529 0.988476 0.920588 0.988476 0.914706 0.987196 0.911765 0.987196 0.905882 0.985915 0.902941 0.985915 0.900000 0.984635 0.897059 0.984635 0.891176 0.983355 0.888235 0.983355 0.879412 0.982074 0.876471 0.982074 0.864706 0.980794 0.861765 0.980794 0.855882 0.979513 0.852941 0.979513 0.850000 0.980794 0.847059 0.978233 0.841176 0.978233 0.829412 0.976953 0.826471 0.976953 0.820588 0.975672 0.817647 0.975672 0.814706 0.974392 0.811765 0.974392 0.800000 0.973111 0.797059 0.973111 0.788235 0.971831 0.785294 0.971831 0.779412 0.970551 0.776471 0.970551 0.773529 0.971831 0.770588 0.969270 0.764706 0.969270 0.750000 0.967990 0.747059 0.967990 0.744118 0.966709 0.741176 0.966709 0.732353
1 0.175416 0.720588 0.175416 0.735294 0.176697 0.738235 0.176697 0.764706 0.177977 0.767647 0.177977 0.797059 0.179257 0.800000 0.179257 0.826471 0.180538 0.829412 0.180538 0.832353 0.180538 0.814706 0.179257 0.811765 0.179257 0.788235 0.177977 0.785294 0.177977 0.738235 0.176697 0.735294 0.176697 0.729412 0.175416 0.726471
1 0.314981 0.708824 0.314981 0.720588 0.313700 0.723529 0.313700 0.729412 0.312420 0.732353 0.313700 0.735294 0.312420 0.738235 0.312420 0.747059 0.311140 0.750000 0.308579 0.744118 0.309859 0.747059 0.309859 0.750000 0.312420 0.750000 0.313700 0.752941 0.312420 0.755882 0.311140 0.755882 0.311140 0.758824 0.313700 0.752941 0.312420 0.750000 0.312420 0.741176 0.313700 0.738235 0.314981 0.738235 0.316261 0.735294 0.316261 0.726471 0.314981 0.723529 0.316261 0.720588 0.314981 0.717647
1 0.284251 0.708824 0.282971 0.711765 0.282971 0.714706 0.281690 0.717647 0.281690 0.720588 0.284251 0.720588 0.285531 0.717647 0.286812 0.720588 0.286812 0.726471 0.286812 0.723529 0.288092 0.720588 0.289373 0.723529 0.289373 0.726471 0.290653 0.729412 0.291933 0.729412 0.293214 0.732353 0.293214 0.735294 0.291933 0.738235 0.293214 0.735294 0.294494 0.735294 0.295775 0.738235 0.297055 0.735294 0.298335 0.735294 0.299616 0.738235 0.300896 0.738235 0.300896 0.732353 0.299616 0.732353 0.298335 0.729412 0.297055 0.729412 0.295775 0.726471 0.295775 0.723529 0.297055 0.720588 0.298335 0.720588 0.298335 0.717647 0.299616 0.714706 0.298335 0.711765 0.299616 0.708824 0.297055 0.708824 0.298335 0.711765 0.297055 0.714706 0.295775 0.714706 0.295775 0.717647 0.293214 0.723529 0.291933 0.723529 0.289373 0.717647 0.286812 0.717647 0.284251 0.711765
1 0.439181 0.691176 0.439181 0.694118 0.437900 0.697059 0.437900 0.702941 0.436620 0.705882 0.436620 0.708824 0.435339 0.711765 0.435339 0.714706 0.434059 0.717647 0.434059 0.723529 0.432778 0.726471 0.432778 0.735294 0.431498 0.738235 0.431498 0.744118 0.430218 0.747059 0.430218 0.752941 0.431498 0.750000 0.431498 0.747059 0.435339 0.738235 0.434059 0.738235 0.432778 0.735294 0.432778 0.729412 0.434059 0.726471 0.434059 0.720588 0.435339 0.717647 0.435339 0.714706 0.436620 0.711765 0.436620 0.705882 0.437900 0.702941 0.437900 0.697059 0.439181 0.694118
1 0.462228 0.688235 0.462228 0.694118 0.460948 0.697059 0.459667 0.694118 0.457106 0.700000 0.459667 0.700000 0.460948 0.702941 0.459667 0.705882 0.455826 0.705882 0.455826 0.714706 0.457106 0.717647 0.455826 0.714706 0.457106 0.711765 0.455826 0.708824 0.457106 0.705882 0.459667 0.705882 0.460948 0.702941 0.463508 0.702941 0.463508 0.700000 0.462228 0.697059 0.462228 0.694118 0.463508 0.691176 0.464789 0.691176 0.466069 0.694118 0.466069 0.691176 0.464789 0.691176 0.463508 0.688235
1 0.555698 0.676471 0.555698 0.679412 0.554417 0.682353 0.554417 0.685294 0.553137 0.688235 0.551857 0.688235 0.550576 0.685294 0.554417 0.694118 0.553137 0.697059 0.553137 0.702941 0.551857 0.705882 0.553137 0.708824 0.551857 0.711765 0.550576 0.711765 0.551857 0.711765 0.553137 0.708824 0.554417 0.708824 0.554417 0.705882 0.553137 0.702941 0.554417 0.700000 0.554417 0.697059 0.555698 0.694118 0.556978 0.697059 0.556978 0.694118 0.555698 0.691176
1 0.295775 0.673529 0.293214 0.679412 0.291933 0.679412 0.293214 0.682353 0.290653 0.688235 0.289373 0.685294 0.288092 0.688235 0.291933 0.688235 0.293214 0.691176 0.294494 0.691176 0.295775 0.688235 0.295775 0.685294 0.294494 0.682353 0.295775 0.679412
1 0.814341 0.667647 0.816901 0.673529 0.816901 0.676471 0.819462 0.682353 0.819462 0.685294 0.822023 0.691176 0.822023 0.694118 0.825864 0.702941 0.824584 0.705882 0.825864 0.705882 0.827145 0.708824 0.825864 0.711765 0.827145 0.708824 0.832266 0.720588 0.832266 0.723529 0.836108 0.732353 0.836108 0.735294 0.837388 0.738235 0.836108 0.741176 0.838668 0.747059 0.839949 0.747059 0.843790 0.755882 0.842510 0.758824 0.843790 0.761765 0.845070 0.758824 0.846351 0.761765 0.846351 0.764706 0.850192 0.773529 0.850192 0.779412 0.851472 0.782353 0.852753 0.782353 0.855314 0.788235 0.854033 0.791176 0.855314 0.788235 0.855314 0.785294 0.850192 0.773529 0.850192 0.770588 0.845070 0.758824 0.845070 0.755882 0.838668 0.741176 0.838668 0.738235 0.833547 0.726471 0.833547 0.723529 0.828425 0.711765 0.828425 0.708824 0.824584 0.700000 0.824584 0.697059 0.822023 0.691176 0.822023 0.688235 0.816901 0.676471 0.816901 0.673529
1 0.402049 0.664706 0.399488 0.670588 0.399488 0.673529 0.398207 0.676471 0.395647 0.676471 0.396927 0.676471 0.399488 0.682353 0.398207 0.685294 0.399488 0.682353 0.400768 0.685294 0.403329 0.685294 0.403329 0.682353 0.400768 0.676471 0.400768 0.673529 0.402049 0.670588
1 0.389245 0.661765 0.389245 0.673529 0.387964 0.676471 0.387964 0.682353 0.386684 0.685294 0.384123 0.685294 0.385403 0.688235 0.385403 0.691176 0.386684 0.691176 0.387964 0.694118 0.387964 0.717647 0.389245 0.720588 0.389245 0.738235 0.389245 0.723529 0.390525 0.720588 0.393086 0.726471 0.394366 0.723529 0.395647 0.723529 0.395647 0.720588 0.396927 0.717647 0.396927 0.711765 0.398207 0.708824 0.398207 0.702941 0.399488 0.700000 0.399488 0.697059 0.398207 0.700000 0.398207 0.702941 0.396927 0.705882 0.395647 0.702941 0.395647 0.708824 0.394366 0.711765 0.393086 0.708824 0.393086 0.705882 0.391805 0.708824 0.391805 0.714706 0.390525 0.717647 0.389245 0.714706
1 0.847631 0.644118 0.848912 0.647059 0.847631 0.650000 0.847631 0.729412 0.848912 0.732353 0.847631 0.735294 0.847631 0.747059 0.847631 0.735294 0.848912 0.732353 0.848912 0.726471 0.847631 0.723529 0.847631 0.702941 0.848912 0.700000 0.848912 0.647059
1 0.691421 0.635294 0.690141 0.638235 0.690141 0.650000 0.688860 0.652941 0.688860 0.655882 0.687580 0.658824 0.688860 0.661765 0.688860 0.664706 0.687580 0.667647 0.686300 0.667647 0.686300 0.670588 0.688860 0.676471 0.688860 0.679412 0.687580 0.682353 0.687580 0.694118 0.690141 0.700000 0.690141 0.702941 0.688860 0.705882 0.688860 0.708824 0.690141 0.711765 0.690141 0.735294 0.691421 0.738235 0.691421 0.744118 0.690141 0.747059 0.690141 0.752941 0.691421 0.752941 0.692702 0.755882 0.692702 0.758824 0.691421 0.761765 0.690141 0.758824 0.690141 0.764706 0.693982 0.773529 0.692702 0.776471 0.692702 0.782353 0.693982 0.785294 0.693982 0.788235 0.692702 0.791176 0.692702 0.797059 0.693982 0.800000 0.693982 0.817647 0.695262 0.820588 0.695262 0.829412 0.696543 0.832353 0.696543 0.844118 0.697823 0.847059 0.696543 0.850000 0.696543 0.858824 0.697823 0.861765 0.697823 0.864706 0.699104 0.867647 0.699104 0.894118 0.700384 0.897059 0.700384 0.900000 0.699104 0.902941 0.699104 0.911765 0.700384 0.914706 0.700384 0.923529 0.701665 0.926471 0.701665 0.935294 0.702945 0.938235 0.702945 0.944118 0.704225 0.947059 0.704225 0.955882 0.705506 0.958824 0.705506 0.991176 0.706786 0.994118 0.706786 0.997059 0.706786 0.952941 0.705506 0.950000 0.705506 0.935294 0.704225 0.932353 0.705506 0.929412 0.705506 0.905882 0.706786 0.902941 0.706786 0.876471 0.708067 0.873529 0.709347 0.876471 0.709347 0.879412 0.710627 0.882353 0.709347 0.885294 0.709347 0.891176 0.709347 0.888235 0.710627 0.885294 0.713188 0.891176 0.713188 0.894118 0.714469 0.894118 0.717029 0.900000 0.718310 0.897059 0.720871 0.897059 0.722151 0.900000 0.722151 0.911765 0.720871 0.914706 0.719590 0.911765 0.719590 0.908824 0.718310 0.905882 0.717029 0.905882 0.717029 0.908824 0.718310 0.908824 0.719590 0.911765 0.718310 0.914706 0.718310 0.917647 0.720871 0.923529 0.720871 0.929412 0.722151 0.932353 0.722151 0.935294 0.723431 0.938235 0.723431 0.958824 0.724712 0.961765 0.724712 0.982353 0.727273 0.988235 0.727273 0.991176 0.729834 0.997059 0.731114 0.997059 0.731114 0.994118 0.729834 0.994118 0.728553 0.991176 0.728553 0.967647 0.727273 0.964706 0.727273 0.938235 0.725992 0.935294 0.725992 0.911765 0.724712 0.908824 0.724712 0.891176 0.723431 0.888235 0.723431 0.885294 0.722151 0.882353 0.722151 0.879412 0.720871 0.876471 0.720871 0.873529 0.720871 0.876471 0.718310 0.882353 0.717029 0.879412 0.717029 0.876471 0.714469 0.870588 0.715749 0.867647 0.714469 0.864706 0.714469 0.858824 0.715749 0.855882 0.714469 0.855882 0.713188 0.858824 0.709347 0.858824 0.708067 0.861765 0.706786 0.858824 0.706786 0.826471 0.708067 0.823529 0.708067 0.814706 0.709347 0.811765 0.710627 0.811765 0.709347 0.811765 0.708067 0.808824 0.708067 0.800000 0.708067 0.811765 0.706786 0.814706 0.706786 0.832353 0.705506 0.835294 0.702945 0.829412 0.702945 0.823529 0.701665 0.823529 0.700384 0.820588 0.700384 0.794118 0.696543 0.785294 0.697823 0.782353 0.697823 0.779412 0.696543 0.776471 0.696543 0.761765 0.695262 0.758824 0.695262 0.741176 0.693982 0.738235 0.695262 0.735294 0.695262 0.732353 0.693982 0.729412 0.693982 0.717647 0.692702 0.714706 0.693982 0.711765 0.692702 0.708824 0.693982 0.705882 0.693982 0.700000 0.695262 0.697059 0.692702 0.697059 0.691421 0.694118 0.691421 0.691176 0.692702 0.688235 0.692702 0.682353 0.693982 0.679412 0.692702 0.676471 0.692702 0.641176 0.691421 0.638235
1 0.176697 0.635294 0.176697 0.638235 0.175416 0.641176 0.175416 0.658824 0.174136 0.661765 0.174136 0.700000 0.175416 0.700000 0.175416 0.682353 0.176697 0.679412 0.175416 0.676471 0.175416 0.670588 0.176697 0.667647 0.176697 0.647059 0.177977 0.644118 0.176697 0.641176 0.176697 0.638235 0.177977 0.635294
1 0.738796 0.626471 0.737516 0.629412 0.738796 0.632353 0.737516 0.635294 0.738796 0.638235 0.738796 0.647059 0.740077 0.650000 0.740077 0.661765 0.741357 0.664706 0.741357 0.673529 0.742638 0.676471 0.742638 0.685294 0.743918 0.688235 0.743918 0.691176 0.743918 0.679412 0.742638 0.676471 0.742638 0.661765 0.741357 0.658824 0.741357 0.647059 0.740077 0.644118 0.740077 0.638235 0.738796 0.635294
1 0.769526 0.623529 0.769526 0.632353 0.772087 0.638235 0.770807 0.641176 0.772087 0.644118 0.770807 0.647059 0.770807 0.650000 0.772087 0.652941 0.770807 0.655882 0.772087 0.658824 0.772087 0.661765 0.773367 0.664706 0.772087 0.667647 0.772087 0.670588 0.774648 0.676471 0.774648 0.679412 0.775928 0.682353 0.774648 0.685294 0.774648 0.688235 0.775928 0.691176 0.775928 0.697059 0.777209 0.700000 0.775928 0.702941 0.775928 0.708824 0.777209 0.711765 0.777209 0.738235 0.774648 0.744118 0.773367 0.741176 0.773367 0.732353 0.772087 0.735294 0.768246 0.735294 0.768246 0.738235 0.769526 0.738235 0.770807 0.741176 0.770807 0.744118 0.769526 0.747059 0.768246 0.747059 0.766965 0.744118 0.765685 0.747059 0.764405 0.744118 0.768246 0.752941 0.768246 0.755882 0.769526 0.752941 0.770807 0.752941 0.772087 0.755882 0.773367 0.755882 0.775928 0.761765 0.775928 0.764706 0.778489 0.764706 0.779770 0.767647 0.779770 0.773529 0.778489 0.776471 0.777209 0.773529 0.778489 0.776471 0.779770 0.773529 0.781050 0.776471 0.781050 0.782353 0.779770 0.785294 0.778489 0.782353 0.778489 0.785294 0.781050 0.791176 0.781050 0.794118 0.781050 0.776471 0.782330 0.773529 0.782330 0.770588 0.783611 0.767647 0.784891 0.770588 0.784891 0.779412 0.786172 0.782353 0.786172 0.773529 0.787452 0.770588 0.788732 0.773529 0.790013 0.773529 0.791293 0.776471 0.791293 0.773529 0.792574 0.770588 0.795134 0.770588 0.793854 0.770588 0.792574 0.767647 0.792574 0.764706 0.793854 0.761765 0.795134 0.764706 0.793854 0.761765 0.792574 0.764706 0.791293 0.764706 0.790013 0.761765 0.788732 0.764706 0.786172 0.758824 0.786172 0.744118 0.784891 0.747059 0.783611 0.747059 0.782330 0.744118 0.783611 0.741176 0.782330 0.738235 0.783611 0.735294 0.786172 0.735294 0.786172 0.732353 0.784891 0.729412 0.786172 0.726471 0.784891 0.723529 0.783611 0.723529 0.782330 0.720588 0.781050 0.720588 0.779770 0.717647 0.779770 0.711765 0.778489 0.708824 0.779770 0.705882 0.779770 0.702941 0.778489 0.700000 0.778489 0.694118 0.777209 0.691176 0.778489 0.688235 0.777209 0.685294 0.777209 0.676471 0.775928 0.673529 0.775928 0.667647 0.774648 0.664706 0.775928 0.661765 0.774648 0.661765 0.773367 0.658824 0.774648 0.655882 0.774648 0.650000 0.773367 0.647059 0.773367 0.641176 0.772087 0.638235 0.772087 0.629412 0.770807 0.626471 0.770807 0.623529
1 0.476312 0.623529 0.476312 0.626471 0.477593 0.629412 0.476312 0.632353 0.476312 0.635294 0.477593 0.638235 0.477593 0.644118 0.478873 0.647059 0.477593 0.650000 0.477593 0.655882 0.476312 0.658824 0.477593 0.661765 0.477593 0.664706 0.478873 0.667647 0.477593 0.670588 0.476312 0.670588 0.477593 0.673529 0.476312 0.676471 0.477593 0.679412 0.477593 0.688235 0.476312 0.691176 0.478873 0.697059 0.478873 0.702941 0.480154 0.705882 0.480154 0.708824 0.478873 0.711765 0.478873 0.720588 0.480154 0.723529 0.480154 0.732353 0.478873 0.735294 0.478873 0.750000 0.480154 0.752941 0.480154 0.755882 0.478873 0.758824 0.478873 0.767647 0.480154 0.770588 0.478873 0.773529 0.478873 0.776471 0.477593 0.779412 0.477593 0.785294 0.478873 0.788235 0.478873 0.805882 0.480154 0.808824 0.480154 0.823529 0.478873 0.826471 0.478873 0.835294 0.477593 0.838235 0.476312 0.835294 0.476312 0.832353 0.476312 0.844118 0.477593 0.847059 0.477593 0.850000 0.476312 0.852941 0.476312 0.855882 0.477593 0.858824 0.477593 0.867647 0.478873 0.870588 0.478873 0.879412 0.477593 0.882353 0.480154 0.882353 0.481434 0.885294 0.481434 0.888235 0.481434 0.885294 0.482714 0.882353 0.482714 0.867647 0.483995 0.864706 0.483995 0.847059 0.485275 0.844118 0.485275 0.829412 0.486556 0.826471 0.486556 0.811765 0.487836 0.808824 0.487836 0.794118 0.486556 0.791176 0.486556 0.785294 0.486556 0.791176 0.485275 0.794118 0.483995 0.794118 0.482714 0.797059 0.481434 0.794118 0.481434 0.791176 0.482714 0.788235 0.482714 0.773529 0.481434 0.770588 0.482714 0.767647 0.482714 0.758824 0.481434 0.755882 0.482714 0.752941 0.482714 0.747059 0.481434 0.744118 0.482714 0.741176 0.482714 0.720588 0.481434 0.717647 0.482714 0.714706 0.482714 0.697059 0.481434 0.694118 0.481434 0.676471 0.480154 0.676471 0.478873 0.673529 0.480154 0.670588 0.480154 0.664706 0.481434 0.661765 0.481434 0.658824 0.480154 0.658824 0.478873 0.655882 0.480154 0.652941 0.478873 0.650000 0.480154 0.647059 0.478873 0.644118 0.478873 0.629412 0.477593 0.626471 0.477593 0.623529
1 0.308579 0.611765 0.308579 0.614706 0.307298 0.617647 0.307298 0.685294 0.306018 0.688235 0.304738 0.688235 0.302177 0.694118 0.300896 0.694118 0.299616 0.697059 0.300896 0.697059 0.303457 0.691176 0.304738 0.691176 0.306018 0.688235 0.307298 0.691176 0.307298 0.694118 0.306018 0.697059 0.307298 0.700000 0.307298 0.705882 0.306018 0.708824 0.306018 0.711765 0.304738 0.714706 0.304738 0.723529 0.306018 0.723529 0.306018 0.714706 0.307298 0.711765 0.307298 0.708824 0.308579 0.705882 0.308579 0.685294 0.309859 0.682353 0.311140 0.682353 0.312420 0.679412 0.311140 0.682353 0.309859 0.682353 0.308579 0.679412 0.308579 0.638235 0.307298 0.635294 0.307298 0.626471 0.308579 0.623529
1 0.792574 0.594118 0.792574 0.605882 0.791293 0.608824 0.791293 0.623529 0.792574 0.626471 0.792574 0.632353 0.793854 0.635294 0.793854 0.650000 0.795134 0.652941 0.795134 0.697059 0.796415 0.700000 0.796415 0.708824 0.795134 0.711765 0.795134 0.714706 0.796415 0.717647 0.796415 0.729412 0.797695 0.726471 0.798976 0.729412 0.798976 0.732353 0.797695 0.735294 0.797695 0.741176 0.797695 0.738235 0.798976 0.735294 0.800256 0.738235 0.800256 0.741176 0.801536 0.744118 0.801536 0.750000 0.802817 0.752941 0.802817 0.758824 0.804097 0.761765 0.804097 0.764706 0.805378 0.767647 0.805378 0.773529 0.806658 0.776471 0.806658 0.782353 0.807939 0.785294 0.807939 0.788235 0.809219 0.791176 0.809219 0.797059 0.810499 0.800000 0.810499 0.805882 0.811780 0.808824 0.811780 0.811765 0.813060 0.814706 0.813060 0.820588 0.814341 0.823529 0.814341 0.826471 0.813060 0.829412 0.809219 0.820588 0.809219 0.814706 0.807939 0.817647 0.801536 0.802941 0.800256 0.802941 0.796415 0.794118 0.795134 0.794118 0.792574 0.788235 0.792574 0.782353 0.792574 0.785294 0.791293 0.788235 0.790013 0.785294 0.790013 0.788235 0.791293 0.791176 0.792574 0.791176 0.793854 0.794118 0.795134 0.794118 0.797695 0.800000 0.798976 0.800000 0.801536 0.805882 0.802817 0.805882 0.813060 0.829412 0.813060 0.832353 0.814341 0.835294 0.811780 0.841176 0.810499 0.838235 0.807939 0.838235 0.807939 0.844118 0.806658 0.847059 0.805378 0.844118 0.805378 0.835294 0.804097 0.835294 0.804097 0.847059 0.805378 0.850000 0.805378 0.855882 0.806658 0.858824 0.806658 0.861765 0.807939 0.858824 0.809219 0.861765 0.809219 0.867647 0.809219 0.861765 0.810499 0.858824 0.810499 0.852941 0.811780 0.850000 0.811780 0.841176 0.813060 0.838235 0.814341 0.841176 0.814341 0.850000 0.815621 0.852941 0.815621 0.861765 0.816901 0.861765 0.816901 0.855882 0.819462 0.850000 0.819462 0.847059 0.818182 0.844118 0.818182 0.838235 0.816901 0.835294 0.816901 0.832353 0.815621 0.829412 0.815621 0.823529 0.814341 0.820588 0.814341 0.814706 0.813060 0.811765 0.813060 0.805882 0.811780 0.802941 0.811780 0.797059 0.810499 0.794118 0.810499 0.791176 0.809219 0.788235 0.809219 0.785294 0.807939 0.782353 0.807939 0.776471 0.806658 0.773529 0.806658 0.770588 0.805378 0.767647 0.805378 0.764706 0.806658 0.761765 0.805378 0.764706 0.804097 0.761765 0.804097 0.755882 0.802817 0.752941 0.802817 0.750000 0.801536 0.747059 0.801536 0.744118 0.800256 0.741176 0.800256 0.738235 0.798976 0.735294 0.798976 0.729412 0.797695 0.726471 0.797695 0.723529 0.796415 0.720588 0.796415 0.688235 0.795134 0.685294 0.795134 0.652941 0.793854 0.650000 0.793854 0.629412 0.792574 0.626471 0.792574 0.623529 0.791293 0.620588 0.791293 0.608824 0.792574 0.605882
1 0.573624 0.588235 0.574904 0.591176 0.574904 0.611765 0.576184 0.614706 0.574904 0.617647 0.576184 0.620588 0.576184 0.638235 0.577465 0.641176 0.577465 0.655882 0.577465 0.623529 0.576184 0.620588 0.577465 0.617647 0.576184 0.614706 0.576184 0.600000 0.574904 0.597059 0.574904 0.591176
1 0.786172 0.529412 0.787452 0.532353 0.787452 0.541176 0.788732 0.544118 0.788732 0.561765 0.790013 0.564706 0.790013 0.573529 0.791293 0.576471 0.791293 0.585294 0.791293 0.564706 0.790013 0.561765 0.790013 0.547059 0.788732 0.544118 0.788732 0.538235 0.787452 0.535294 0.787452 0.532353
1 0.597951 0.526471 0.597951 0.538235 0.596671 0.541176 0.597951 0.544118 0.596671 0.547059 0.596671 0.570588 0.595391 0.573529 0.595391 0.576471 0.596671 0.579412 0.596671 0.591176 0.595391 0.594118 0.596671 0.597059 0.596671 0.623529 0.597951 0.626471 0.597951 0.629412 0.596671 0.632353 0.595391 0.632353 0.596671 0.635294 0.596671 0.644118 0.597951 0.647059 0.597951 0.652941 0.599232 0.652941 0.600512 0.655882 0.600512 0.658824 0.599232 0.661765 0.599232 0.673529 0.597951 0.676471 0.596671 0.673529 0.596671 0.664706 0.595391 0.661765 0.595391 0.652941 0.594110 0.650000 0.594110 0.638235 0.592830 0.635294 0.592830 0.576471 0.591549 0.576471 0.591549 0.611765 0.590269 0.614706 0.590269 0.661765 0.588988 0.664706 0.590269 0.667647 0.590269 0.694118 0.587708 0.700000 0.585147 0.694118 0.585147 0.691176 0.586428 0.688235 0.587708 0.691176 0.586428 0.688235 0.583867 0.688235 0.582586 0.685294 0.583867 0.682353 0.582586 0.682353 0.581306 0.679412 0.582586 0.676471 0.581306 0.673529 0.581306 0.676471 0.580026 0.679412 0.578745 0.676471 0.578745 0.673529 0.576184 0.679412 0.576184 0.685294 0.577465 0.688235 0.577465 0.694118 0.576184 0.697059 0.571063 0.685294 0.569782 0.685294 0.567222 0.679412 0.565941 0.679412 0.564661 0.676471 0.563380 0.676471 0.562100 0.673529 0.563380 0.676471 0.564661 0.676471 0.565941 0.679412 0.567222 0.679412 0.571063 0.688235 0.572343 0.688235 0.578745 0.702941 0.578745 0.714706 0.577465 0.717647 0.577465 0.720588 0.576184 0.723529 0.572343 0.723529 0.571063 0.720588 0.572343 0.717647 0.568502 0.717647 0.569782 0.720588 0.567222 0.726471 0.568502 0.729412 0.565941 0.735294 0.564661 0.732353 0.564661 0.729412 0.563380 0.726471 0.563380 0.723529 0.563380 0.726471 0.562100 0.729412 0.560819 0.726471 0.562100 0.729412 0.562100 0.732353 0.563380 0.732353 0.564661 0.735294 0.564661 0.738235 0.563380 0.741176 0.563380 0.750000 0.562100 0.752941 0.562100 0.758824 0.560819 0.761765 0.562100 0.758824 0.562100 0.752941 0.563380 0.750000 0.564661 0.750000 0.567222 0.744118 0.568502 0.744118 0.569782 0.747059 0.569782 0.755882 0.569782 0.747059 0.573624 0.738235 0.574904 0.741176 0.574904 0.744118 0.576184 0.744118 0.577465 0.741176 0.577465 0.738235 0.578745 0.735294 0.580026 0.738235 0.580026 0.761765 0.581306 0.764706 0.581306 0.767647 0.580026 0.770588 0.581306 0.773529 0.581306 0.779412 0.581306 0.747059 0.580026 0.744118 0.580026 0.741176 0.581306 0.738235 0.581306 0.732353 0.582586 0.729412 0.583867 0.729412 0.585147 0.732353 0.586428 0.729412 0.587708 0.732353 0.587708 0.735294 0.587708 0.732353 0.586428 0.729412 0.587708 0.726471 0.588988 0.726471 0.590269 0.729412 0.590269 0.741176 0.591549 0.744118 0.591549 0.773529 0.592830 0.776471 0.592830 0.788235 0.594110 0.791176 0.594110 0.800000 0.594110 0.788235 0.592830 0.785294 0.592830 0.755882 0.594110 0.752941 0.594110 0.747059 0.595391 0.744118 0.596671 0.747059 0.596671 0.750000 0.597951 0.752941 0.596671 0.755882 0.596671 0.758824 0.597951 0.761765 0.599232 0.761765 0.600512 0.764706 0.600512 0.767647 0.600512 0.764706 0.601793 0.761765 0.604353 0.767647 0.603073 0.770588 0.603073 0.773529 0.601793 0.776471 0.600512 0.776471 0.599232 0.773529 0.601793 0.779412 0.600512 0.782353 0.601793 0.779412 0.604353 0.785294 0.604353 0.788235 0.605634 0.788235 0.606914 0.791176 0.605634 0.794118 0.606914 0.791176 0.608195 0.791176 0.609475 0.794118 0.608195 0.797059 0.608195 0.800000 0.609475 0.802941 0.613316 0.802941 0.614597 0.805882 0.612036 0.811765 0.612036 0.814706 0.610755 0.817647 0.609475 0.814706 0.610755 0.817647 0.609475 0.820588 0.610755 0.823529 0.612036 0.823529 0.613316 0.826471 0.614597 0.823529 0.614597 0.820588 0.615877 0.817647 0.618438 0.823529 0.618438 0.832353 0.618438 0.814706 0.619718 0.811765 0.623560 0.820588 0.623560 0.858824 0.624840 0.861765 0.624840 0.923529 0.626120 0.926471 0.626120 0.932353 0.628681 0.932353 0.627401 0.929412 0.627401 0.864706 0.626120 0.861765 0.626120 0.829412 0.628681 0.823529 0.633803 0.823529 0.635083 0.826471 0.635083 0.829412 0.636364 0.829412 0.637644 0.832353 0.637644 0.847059 0.638924 0.850000 0.638924 0.870588 0.640205 0.873529 0.640205 0.885294 0.641485 0.888235 0.641485 0.894118 0.641485 0.882353 0.640205 0.879412 0.640205 0.861765 0.638924 0.858824 0.638924 0.855882 0.640205 0.852941 0.638924 0.850000 0.638924 0.847059 0.637644 0.844118 0.637644 0.835294 0.640205 0.829412 0.640205 0.823529 0.642766 0.817647 0.645327 0.817647 0.646607 0.814706 0.653009 0.814706 0.654289 0.811765 0.661972 0.811765 0.663252 0.808824 0.665813 0.808824 0.669654 0.817647 0.669654 0.820588 0.670935 0.823529 0.670935 0.826471 0.673496 0.832353 0.673496 0.835294 0.674776 0.838235 0.674776 0.841176 0.677337 0.847059 0.677337 0.850000 0.678617 0.852941 0.678617 0.855882 0.679898 0.858824 0.679898 0.861765 0.682458 0.867647 0.682458 0.873529 0.685019 0.879412 0.685019 0.885294 0.686300 0.888235 0.686300 0.891176 0.687580 0.894118 0.687580 0.897059 0.688860 0.900000 0.688860 0.902941 0.690141 0.905882 0.690141 0.911765 0.691421 0.914706 0.691421 0.917647 0.692702 0.920588 0.692702 0.926471 0.692702 0.888235 0.691421 0.885294 0.691421 0.882353 0.690141 0.879412 0.690141 0.873529 0.688860 0.870588 0.688860 0.864706 0.687580 0.861765 0.687580 0.855882 0.686300 0.852941 0.686300 0.850000 0.685019 0.847059 0.685019 0.844118 0.685019 0.852941 0.686300 0.855882 0.686300 0.864706 0.687580 0.867647 0.687580 0.873529 0.686300 0.876471 0.685019 0.873529 0.685019 0.870588 0.683739 0.867647 0.683739 0.864706 0.682458 0.861765 0.682458 0.858824 0.681178 0.855882 0.681178 0.852941 0.678617 0.847059 0.678617 0.844118 0.676056 0.838235 0.676056 0.835294 0.674776 0.832353 0.674776 0.829412 0.670935 0.820588 0.670935 0.817647 0.668374 0.811765 0.667093 0.811765 0.665813 0.808824 0.664533 0.808824 0.663252 0.805882 0.661972 0.808824 0.645327 0.808824 0.644046 0.811765 0.642766 0.808824 0.641485 0.811765 0.637644 0.811765 0.636364 0.808824 0.636364 0.805882 0.635083 0.802941 0.636364 0.800000 0.637644 0.800000 0.638924 0.797059 0.640205 0.797059 0.640205 0.770588 0.641485 0.767647 0.640205 0.764706 0.640205 0.758824 0.641485 0.755882 0.642766 0.755882 0.640205 0.750000 0.641485 0.747059 0.641485 0.744118 0.638924 0.738235 0.640205 0.735294 0.640205 0.726471 0.641485 0.723529 0.641485 0.717647 0.642766 0.714706 0.642766 0.708824 0.644046 0.705882 0.645327 0.705882 0.646607 0.708824 0.645327 0.711765 0.645327 0.714706 0.646607 0.714706 0.646607 0.708824 0.647887 0.705882 0.647887 0.702941 0.649168 0.700000 0.650448 0.702941 0.650448 0.711765 0.651729 0.714706 0.651729 0.741176 0.651729 0.738235 0.654289 0.732353 0.655570 0.732353 0.656850 0.729412 0.659411 0.729412 0.659411 0.726471 0.661972 0.720588 0.660691 0.717647 0.661972 0.714706 0.665813 0.714706 0.667093 0.717647 0.667093 0.726471 0.667093 0.720588 0.670935 0.711765 0.670935 0.705882 0.669654 0.702941 0.669654 0.700000 0.668374 0.697059 0.669654 0.694118 0.668374 0.691176 0.667093 0.694118 0.667093 0.702941 0.664533 0.708824 0.663252 0.705882 0.663252 0.700000 0.661972 0.697059 0.658131 0.697059 0.656850 0.700000 0.655570 0.700000 0.653009 0.694118 0.653009 0.691176 0.654289 0.688235 0.653009 0.685294 0.653009 0.682353 0.651729 0.679412 0.651729 0.676471 0.653009 0.673529 0.654289 0.676471 0.655570 0.676471 0.654289 0.676471 0.653009 0.673529 0.653009 0.670588 0.651729 0.667647 0.654289 0.661765 0.656850 0.661765 0.656850 0.658824 0.658131 0.655882 0.656850 0.655882 0.655570 0.652941 0.655570 0.650000 0.656850 0.647059 0.655570 0.644118 0.656850 0.641176 0.655570 0.644118 0.654289 0.644118 0.651729 0.638235 0.651729 0.632353 0.650448 0.629412 0.650448 0.608824 0.649168 0.605882 0.649168 0.591176 0.647887 0.588235 0.647887 0.564706 0.646607 0.561765 0.646607 0.558824 0.645327 0.555882 0.645327 0.552941 0.646607 0.550000 0.645327 0.547059 0.645327 0.538235 0.644046 0.535294 0.645327 0.532353 0.644046 0.529412 0.644046 0.526471 0.642766 0.526471 0.644046 0.529412 0.642766 0.532353 0.644046 0.535294 0.644046 0.550000 0.645327 0.552941 0.644046 0.555882 0.644046 0.558824 0.645327 0.561765 0.645327 0.564706 0.644046 0.567647 0.645327 0.570588 0.645327 0.576471 0.646607 0.579412 0.646607 0.591176 0.647887 0.594118 0.647887 0.597059 0.646607 0.600000 0.647887 0.602941 0.647887 0.626471 0.646607 0.629412 0.649168 0.635294 0.649168 0.644118 0.650448 0.647059 0.649168 0.650000 0.647887 0.650000 0.646607 0.652941 0.644046 0.647059 0.644046 0.623529 0.644046 0.661765 0.642766 0.664706 0.638924 0.664706 0.637644 0.661765 0.637644 0.650000 0.636364 0.647059 0.637644 0.644118 0.636364 0.641176 0.636364 0.638235 0.637644 0.635294 0.637644 0.632353 0.636364 0.629412 0.637644 0.626471 0.636364 0.623529 0.636364 0.620588 0.637644 0.617647 0.636364 0.614706 0.636364 0.605882 0.635083 0.602941 0.636364 0.600000 0.635083 0.597059 0.635083 0.573529 0.633803 0.570588 0.633803 0.564706 0.632522 0.561765 0.632522 0.558824 0.632522 0.567647 0.633803 0.570588 0.633803 0.576471 0.632522 0.579412 0.632522 0.582353 0.633803 0.585294 0.632522 0.588235 0.633803 0.591176 0.633803 0.594118 0.635083 0.597059 0.633803 0.600000 0.633803 0.605882 0.635083 0.608824 0.635083 0.655882 0.633803 0.658824 0.633803 0.661765 0.635083 0.664706 0.635083 0.673529 0.633803 0.676471 0.631242 0.676471 0.628681 0.670588 0.628681 0.655882 0.627401 0.652941 0.627401 0.620588 0.627401 0.623529 0.626120 0.626471 0.626120 0.632353 0.627401 0.635294 0.626120 0.638235 0.627401 0.641176 0.626120 0.644118 0.627401 0.647059 0.627401 0.664706 0.628681 0.667647 0.628681 0.682353 0.627401 0.685294 0.627401 0.691176 0.624840 0.697059 0.623560 0.694118 0.623560 0.685294 0.624840 0.682353 0.623560 0.685294 0.622279 0.682353 0.622279 0.670588 0.622279 0.682353 0.620999 0.685294 0.622279 0.688235 0.622279 0.691176 0.620999 0.694118 0.623560 0.700000 0.620999 0.705882 0.620999 0.708824 0.619718 0.711765 0.619718 0.717647 0.618438 0.720588 0.619718 0.723529 0.619718 0.726471 0.618438 0.729412 0.617157 0.729412 0.615877 0.726471 0.617157 0.729412 0.615877 0.732353 0.614597 0.732353 0.613316 0.729412 0.613316 0.726471 0.610755 0.720588 0.612036 0.717647 0.609475 0.717647 0.608195 0.714706 0.608195 0.711765 0.609475 0.708824 0.608195 0.708824 0.606914 0.705882 0.606914 0.700000 0.605634 0.697059 0.606914 0.694118 0.605634 0.694118 0.604353 0.691176 0.605634 0.688235 0.604353 0.685294 0.604353 0.682353 0.605634 0.679412 0.606914 0.679412 0.606914 0.676471 0.608195 0.673529 0.609475 0.673529 0.605634 0.673529 0.604353 0.670588 0.604353 0.667647 0.603073 0.664706 0.603073 0.655882 0.603073 0.670588 0.604353 0.673529 0.604353 0.676471 0.603073 0.679412 0.603073 0.682353 0.604353 0.685294 0.603073 0.688235 0.604353 0.691176 0.603073 0.694118 0.604353 0.691176 0.605634 0.694118 0.605634 0.697059 0.606914 0.700000 0.605634 0.702941 0.604353 0.702941 0.603073 0.705882 0.601793 0.705882 0.600512 0.702941 0.600512 0.688235 0.599232 0.688235 0.597951 0.685294 0.599232 0.682353 0.600512 0.682353 0.600512 0.655882 0.599232 0.652941 0.599232 0.644118 0.597951 0.641176 0.599232 0.638235 0.599232 0.620588 0.597951 0.617647 0.597951 0.614706 0.599232 0.611765 0.597951 0.608824 0.597951 0.570588 0.599232 0.567647 0.597951 0.564706 0.597951 0.561765 0.599232 0.558824 0.599232 0.555882 0.597951 0.552941 0.599232 0.550000 0.597951 0.547059
1 0.340589 0.526471 0.340589 0.582353 0.340589 0.579412 0.341869 0.576471 0.341869 0.532353 0.340589 0.529412
1 0.212548 0.473529 0.211268 0.476471 0.211268 0.485294 0.209987 0.488235 0.209987 0.514706 0.211268 0.517647 0.208707 0.523529 0.208707 0.544118 0.209987 0.547059 0.209987 0.550000 0.208707 0.552941 0.208707 0.567647 0.209987 0.570588 0.208707 0.573529 0.208707 0.611765 0.206146 0.617647 0.206146 0.620588 0.207426 0.623529 0.207426 0.629412 0.206146 0.632353 0.206146 0.638235 0.207426 0.641176 0.207426 0.664706 0.206146 0.667647 0.203585 0.667647 0.202305 0.664706 0.202305 0.697059 0.203585 0.700000 0.203585 0.708824 0.202305 0.711765 0.202305 0.752941 0.201024 0.755882 0.201024 0.770588 0.198464 0.776471 0.198464 0.779412 0.199744 0.782353 0.199744 0.785294 0.198464 0.788235 0.198464 0.802941 0.197183 0.805882 0.197183 0.808824 0.198464 0.811765 0.197183 0.814706 0.198464 0.817647 0.198464 0.820588 0.198464 0.808824 0.199744 0.805882 0.201024 0.805882 0.199744 0.805882 0.198464 0.802941 0.199744 0.800000 0.199744 0.794118 0.201024 0.791176 0.204866 0.800000 0.201024 0.791176 0.201024 0.788235 0.202305 0.785294 0.202305 0.779412 0.203585 0.776471 0.202305 0.779412 0.201024 0.776471 0.201024 0.764706 0.202305 0.761765 0.202305 0.747059 0.203585 0.744118 0.203585 0.738235 0.204866 0.735294 0.204866 0.723529 0.206146 0.720588 0.206146 0.717647 0.209987 0.708824 0.213828 0.708824 0.215109 0.711765 0.216389 0.711765 0.217670 0.714706 0.218950 0.714706 0.225352 0.729412 0.225352 0.735294 0.224072 0.738235 0.224072 0.755882 0.222791 0.758824 0.222791 0.773529 0.221511 0.776471 0.221511 0.782353 0.220230 0.785294 0.218950 0.782353 0.218950 0.779412 0.217670 0.779412 0.216389 0.782353 0.216389 0.785294 0.215109 0.788235 0.216389 0.788235 0.216389 0.782353 0.217670 0.779412 0.218950 0.782353 0.218950 0.791176 0.220230 0.794118 0.218950 0.797059 0.218950 0.802941 0.217670 0.805882 0.216389 0.802941 0.216389 0.794118 0.213828 0.800000 0.215109 0.797059 0.216389 0.800000 0.216389 0.802941 0.217670 0.805882 0.217670 0.808824 0.218950 0.811765 0.218950 0.814706 0.218950 0.805882 0.220230 0.802941 0.218950 0.800000 0.222791 0.791176 0.221511 0.788235 0.221511 0.776471 0.222791 0.773529 0.222791 0.764706 0.224072 0.761765 0.224072 0.752941 0.225352 0.750000 0.226633 0.750000 0.229193 0.744118 0.227913 0.741176 0.227913 0.735294 0.226633 0.732353 0.227913 0.729412 0.227913 0.726471 0.226633 0.723529 0.227913 0.720588 0.229193 0.720588 0.231754 0.726471 0.231754 0.729412 0.231754 0.720588 0.233035 0.717647 0.234315 0.720588 0.235595 0.720588 0.235595 0.717647 0.236876 0.714706 0.239437 0.714706 0.240717 0.717647 0.240717 0.723529 0.239437 0.726471 0.239437 0.729412 0.238156 0.732353 0.236876 0.729412 0.236876 0.726471 0.236876 0.732353 0.238156 0.732353 0.239437 0.729412 0.241997 0.735294 0.241997 0.744118 0.240717 0.747059 0.240717 0.750000 0.241997 0.750000 0.243278 0.752941 0.244558 0.752941 0.245839 0.750000 0.245839 0.744118 0.247119 0.741176 0.248399 0.741176 0.247119 0.738235 0.247119 0.732353 0.250960 0.723529 0.249680 0.720588 0.250960 0.717647 0.250960 0.714706 0.252241 0.711765 0.250960 0.708824 0.250960 0.711765 0.249680 0.714706 0.247119 0.708824 0.247119 0.705882 0.245839 0.705882 0.244558 0.708824 0.243278 0.708824 0.240717 0.702941 0.241997 0.700000 0.240717 0.702941 0.239437 0.702941 0.238156 0.705882 0.236876 0.705882 0.235595 0.702941 0.236876 0.700000 0.234315 0.694118 0.234315 0.691176 0.233035 0.688235 0.233035 0.685294 0.231754 0.682353 0.231754 0.679412 0.233035 0.676471 0.233035 0.673529 0.234315 0.670588 0.235595 0.670588 0.236876 0.673529 0.238156 0.673529 0.239437 0.676471 0.240717 0.676471 0.241997 0.679412 0.243278 0.679412 0.244558 0.682353 0.245839 0.682353 0.247119 0.685294 0.248399 0.685294 0.249680 0.688235 0.250960 0.688235 0.252241 0.691176 0.250960 0.688235 0.250960 0.682353 0.252241 0.679412 0.253521 0.682353 0.254802 0.679412 0.257362 0.685294 0.256082 0.688235 0.257362 0.685294 0.259923 0.685294 0.261204 0.688235 0.261204 0.691176 0.262484 0.694118 0.262484 0.697059 0.263764 0.697059 0.265045 0.700000 0.263764 0.702941 0.263764 0.705882 0.265045 0.702941 0.265045 0.700000 0.266325 0.697059 0.267606 0.697059 0.268886 0.694118 0.270166 0.697059 0.272727 0.691176 0.274008 0.691176 0.276569 0.697059 0.277849 0.694118 0.280410 0.694118 0.280410 0.691176 0.279129 0.691176 0.277849 0.688235 0.279129 0.685294 0.277849 0.682353 0.279129 0.679412 0.281690 0.679412 0.280410 0.676471 0.281690 0.673529 0.284251 0.673529 0.284251 0.670588 0.285531 0.667647 0.285531 0.664706 0.284251 0.664706 0.281690 0.658824 0.281690 0.655882 0.284251 0.650000 0.284251 0.647059 0.282971 0.647059 0.280410 0.652941 0.280410 0.655882 0.279129 0.658824 0.277849 0.655882 0.277849 0.652941 0.276569 0.655882 0.275288 0.652941 0.275288 0.655882 0.277849 0.661765 0.275288 0.667647 0.275288 0.673529 0.272727 0.679412 0.274008 0.682353 0.272727 0.685294 0.268886 0.685294 0.267606 0.682353 0.266325 0.682353 0.265045 0.685294 0.263764 0.685294 0.261204 0.679412 0.261204 0.673529 0.262484 0.670588 0.262484 0.667647 0.263764 0.664706 0.265045 0.664706 0.266325 0.661765 0.265045 0.658824 0.265045 0.655882 0.263764 0.655882 0.263764 0.658824 0.262484 0.661765 0.261204 0.658824 0.261204 0.661765 0.259923 0.664706 0.257362 0.664706 0.256082 0.667647 0.253521 0.661765 0.254802 0.658824 0.253521 0.661765 0.252241 0.661765 0.250960 0.658824 0.253521 0.664706 0.253521 0.673529 0.252241 0.676471 0.250960 0.673529 0.249680 0.673529 0.250960 0.676471 0.250960 0.679412 0.248399 0.685294 0.247119 0.685294 0.245839 0.682353 0.244558 0.682353 0.243278 0.679412 0.241997 0.679412 0.240717 0.676471 0.239437 0.676471 0.238156 0.673529 0.236876 0.673529 0.235595 0.670588 0.234315 0.670588 0.233035 0.667647 0.233035 0.652941 0.231754 0.655882 0.230474 0.652941 0.230474 0.517647 0.229193 0.514706 0.229193 0.511765 0.229193 0.582353 0.230474 0.585294 0.230474 0.626471 0.229193 0.629412 0.229193 0.641176 0.230474 0.644118 0.230474 0.664706 0.229193 0.667647 0.227913 0.664706 0.226633 0.664706 0.227913 0.664706 0.230474 0.670588 0.230474 0.705882 0.231754 0.708824 0.231754 0.714706 0.230474 0.717647 0.229193 0.714706 0.229193 0.711765 0.227913 0.708824 0.226633 0.711765 0.226633 0.714706 0.222791 0.723529 0.218950 0.714706 0.217670 0.714706 0.215109 0.708824 0.216389 0.705882 0.220230 0.705882 0.222791 0.711765 0.220230 0.705882 0.220230 0.702941 0.221511 0.700000 0.224072 0.700000 0.225352 0.702941 0.225352 0.705882 0.225352 0.700000 0.226633 0.697059 0.226633 0.694118 0.227913 0.691176 0.226633 0.688235 0.222791 0.697059 0.218950 0.697059 0.217670 0.694118 0.217670 0.685294 0.216389 0.688235 0.215109 0.685294 0.215109 0.682353 0.212548 0.676471 0.211268 0.679412 0.209987 0.676471 0.211268 0.679412 0.209987 0.682353 0.209987 0.688235 0.211268 0.688235 0.212548 0.691176 0.212548 0.694118 0.215109 0.700000 0.213828 0.702941 0.212548 0.702941 0.211268 0.705882 0.207426 0.705882 0.206146 0.702941 0.206146 0.694118 0.207426 0.691176 0.207426 0.667647 0.208707 0.664706 0.209987 0.664706 0.209987 0.658824 0.211268 0.655882 0.211268 0.644118 0.212548 0.641176 0.212548 0.594118 0.213828 0.591176 0.213828 0.585294 0.212548 0.582353 0.212548 0.573529 0.213828 0.570588 0.213828 0.564706 0.212548 0.561765 0.212548 0.552941 0.213828 0.550000 0.213828 0.544118 0.212548 0.541176 0.212548 0.535294 0.213828 0.532353 0.213828 0.523529 0.211268 0.517647 0.212548 0.514706 0.212548 0.500000 0.213828 0.497059 0.213828 0.473529
1 0.138284 0.402941 0.137004 0.405882 0.137004 0.408824 0.135723 0.411765 0.135723 0.417647 0.134443 0.420588 0.134443 0.432353 0.131882 0.438235 0.131882 0.444118 0.134443 0.450000 0.134443 0.452941 0.133163 0.455882 0.131882 0.455882 0.133163 0.458824 0.131882 0.461765 0.131882 0.464706 0.134443 0.470588 0.131882 0.476471 0.130602 0.473529 0.130602 0.479412 0.131882 0.482353 0.130602 0.485294 0.130602 0.511765 0.131882 0.514706 0.129321 0.520588 0.129321 0.523529 0.130602 0.526471 0.130602 0.532353 0.129321 0.535294 0.129321 0.541176 0.130602 0.544118 0.130602 0.550000 0.129321 0.552941 0.129321 0.582353 0.128041 0.585294 0.128041 0.611765 0.126761 0.614706 0.125480 0.614706 0.122919 0.620588 0.122919 0.635294 0.124200 0.638235 0.124200 0.670588 0.122919 0.673529 0.122919 0.682353 0.120359 0.688235 0.119078 0.685294 0.117798 0.688235 0.117798 0.708824 0.119078 0.711765 0.119078 0.714706 0.117798 0.717647 0.119078 0.720588 0.119078 0.723529 0.117798 0.726471 0.117798 0.735294 0.116517 0.738235 0.116517 0.741176 0.115237 0.744118 0.115237 0.747059 0.113956 0.750000 0.113956 0.752941 0.112676 0.755882 0.112676 0.758824 0.111396 0.761765 0.111396 0.764706 0.110115 0.767647 0.110115 0.770588 0.108835 0.773529 0.108835 0.776471 0.107554 0.779412 0.107554 0.782353 0.106274 0.785294 0.106274 0.788235 0.104994 0.791176 0.104994 0.794118 0.103713 0.797059 0.103713 0.800000 0.102433 0.802941 0.102433 0.805882 0.101152 0.808824 0.099872 0.808824 0.101152 0.811765 0.099872 0.814706 0.099872 0.817647 0.097311 0.823529 0.093470 0.823529 0.092190 0.826471 0.093470 0.829412 0.090909 0.835294 0.089629 0.832353 0.089629 0.829412 0.088348 0.826471 0.088348 0.820588 0.087068 0.817647 0.087068 0.808824 0.087068 0.838235 0.088348 0.841176 0.088348 0.855882 0.089629 0.858824 0.089629 0.873529 0.089629 0.870588 0.090909 0.867647 0.090909 0.864706 0.092190 0.861765 0.092190 0.855882 0.090909 0.852941 0.094750 0.844118 0.094750 0.841176 0.098592 0.832353 0.098592 0.820588 0.099872 0.817647 0.099872 0.814706 0.102433 0.808824 0.102433 0.805882 0.103713 0.802941 0.103713 0.800000 0.104994 0.797059 0.104994 0.794118 0.107554 0.788235 0.107554 0.785294 0.108835 0.782353 0.108835 0.779412 0.110115 0.776471 0.110115 0.773529 0.115237 0.761765 0.116517 0.764706 0.116517 0.767647 0.115237 0.770588 0.115237 0.776471 0.113956 0.779412 0.116517 0.785294 0.116517 0.788235 0.117798 0.791176 0.117798 0.811765 0.116517 0.814706 0.117798 0.817647 0.117798 0.826471 0.119078 0.823529 0.119078 0.805882 0.120359 0.802941 0.120359 0.800000 0.121639 0.797059 0.121639 0.794118 0.122919 0.791176 0.122919 0.770588 0.124200 0.767647 0.124200 0.744118 0.126761 0.738235 0.128041 0.738235 0.130602 0.732353 0.131882 0.732353 0.133163 0.729412 0.134443 0.729412 0.135723 0.726471 0.137004 0.726471 0.139565 0.720588 0.140845 0.720588 0.142125 0.717647 0.140845 0.717647 0.138284 0.723529 0.137004 0.723529 0.135723 0.726471 0.134443 0.726471 0.133163 0.729412 0.131882 0.729412 0.128041 0.738235 0.126761 0.738235 0.125480 0.735294 0.125480 0.726471 0.126761 0.723529 0.126761 0.708824 0.128041 0.705882 0.128041 0.697059 0.129321 0.694118 0.129321 0.691176 0.131882 0.685294 0.131882 0.682353 0.133163 0.679412 0.133163 0.676471 0.134443 0.673529 0.134443 0.670588 0.135723 0.667647 0.134443 0.670588 0.133163 0.667647 0.133163 0.664706 0.134443 0.661765 0.134443 0.655882 0.135723 0.652941 0.135723 0.635294 0.137004 0.632353 0.135723 0.629412 0.135723 0.623529 0.137004 0.620588 0.137004 0.602941 0.135723 0.600000 0.137004 0.597059 0.135723 0.594118 0.137004 0.591176 0.137004 0.582353 0.138284 0.579412 0.138284 0.570588 0.137004 0.567647 0.137004 0.547059 0.138284 0.544118 0.138284 0.538235 0.137004 0.535294 0.137004 0.526471 0.138284 0.523529 0.138284 0.505882 0.137004 0.502941 0.137004 0.500000 0.138284 0.497059 0.138284 0.482353 0.139565 0.479412 0.137004 0.473529 0.137004 0.467647 0.138284 0.464706 0.138284 0.441176 0.140845 0.435294 0.140845 0.402941
1 0.705506 0.382353 0.705506 0.388235 0.704225 0.391176 0.705506 0.394118 0.705506 0.405882 0.706786 0.408824 0.706786 0.435294 0.708067 0.438235 0.708067 0.441176 0.710627 0.447059 0.710627 0.450000 0.709347 0.452941 0.706786 0.452941 0.709347 0.458824 0.709347 0.467647 0.710627 0.470588 0.710627 0.473529 0.709347 0.476471 0.709347 0.479412 0.710627 0.482353 0.710627 0.488235 0.709347 0.491176 0.709347 0.494118 0.710627 0.497059 0.710627 0.514706 0.711908 0.517647 0.710627 0.520588 0.710627 0.547059 0.711908 0.550000 0.711908 0.555882 0.708067 0.564706 0.708067 0.567647 0.709347 0.570588 0.709347 0.576471 0.710627 0.579412 0.710627 0.594118 0.708067 0.600000 0.708067 0.608824 0.709347 0.611765 0.709347 0.626471 0.710627 0.629412 0.710627 0.644118 0.711908 0.647059 0.711908 0.658824 0.713188 0.661765 0.713188 0.664706 0.711908 0.667647 0.711908 0.691176 0.713188 0.694118 0.714469 0.694118 0.715749 0.697059 0.715749 0.729412 0.714469 0.732353 0.713188 0.729412 0.713188 0.723529 0.713188 0.738235 0.714469 0.738235 0.715749 0.741176 0.715749 0.744118 0.714469 0.747059 0.714469 0.755882 0.715749 0.758824 0.714469 0.761765 0.717029 0.767647 0.715749 0.770588 0.715749 0.773529 0.713188 0.779412 0.714469 0.779412 0.715749 0.782353 0.717029 0.779412 0.718310 0.782353 0.718310 0.802941 0.719590 0.805882 0.719590 0.814706 0.722151 0.820588 0.722151 0.826471 0.722151 0.823529 0.723431 0.820588 0.723431 0.814706 0.724712 0.811765 0.724712 0.808824 0.725992 0.805882 0.725992 0.802941 0.725992 0.805882 0.724712 0.808824 0.724712 0.811765 0.723431 0.814706 0.722151 0.811765 0.722151 0.794118 0.723431 0.791176 0.723431 0.782353 0.724712 0.779412 0.728553 0.788235 0.724712 0.779412 0.725992 0.776471 0.727273 0.776471 0.728553 0.779412 0.729834 0.776471 0.733675 0.785294 0.729834 0.776471 0.729834 0.773529 0.731114 0.770588 0.734955 0.770588 0.733675 0.767647 0.734955 0.764706 0.734955 0.761765 0.736236 0.758824 0.734955 0.761765 0.733675 0.761765 0.732394 0.758824 0.732394 0.761765 0.731114 0.764706 0.729834 0.764706 0.728553 0.767647 0.725992 0.761765 0.727273 0.758824 0.727273 0.747059 0.728553 0.744118 0.728553 0.741176 0.729834 0.738235 0.729834 0.729412 0.731114 0.726471 0.731114 0.720588 0.732394 0.717647 0.732394 0.702941 0.734955 0.697059 0.734955 0.682353 0.733675 0.679412 0.733675 0.644118 0.734955 0.641176 0.734955 0.617647 0.734955 0.623529 0.733675 0.626471 0.733675 0.632353 0.732394 0.635294 0.732394 0.641176 0.731114 0.644118 0.729834 0.641176 0.729834 0.632353 0.728553 0.629412 0.728553 0.620588 0.727273 0.617647 0.727273 0.611765 0.725992 0.608824 0.725992 0.597059 0.724712 0.594118 0.724712 0.591176 0.724712 0.600000 0.725992 0.602941 0.725992 0.620588 0.727273 0.623529 0.725992 0.626471 0.727273 0.629412 0.727273 0.635294 0.728553 0.638235 0.728553 0.647059 0.729834 0.650000 0.728553 0.652941 0.728553 0.655882 0.729834 0.658824 0.729834 0.670588 0.728553 0.673529 0.728553 0.682353 0.727273 0.685294 0.727273 0.688235 0.725992 0.691176 0.725992 0.697059 0.724712 0.700000 0.724712 0.708824 0.723431 0.711765 0.723431 0.723529 0.722151 0.726471 0.720871 0.723529 0.720871 0.697059 0.719590 0.694118 0.719590 0.679412 0.718310 0.676471 0.718310 0.650000 0.719590 0.647059 0.719590 0.635294 0.718310 0.632353 0.717029 0.632353 0.715749 0.629412 0.718310 0.623529 0.718310 0.582353 0.717029 0.579412 0.717029 0.576471 0.718310 0.573529 0.718310 0.561765 0.717029 0.558824 0.717029 0.552941 0.718310 0.550000 0.718310 0.547059 0.717029 0.544118 0.717029 0.541176 0.715749 0.538235 0.718310 0.532353 0.718310 0.523529 0.717029 0.523529 0.715749 0.520588 0.715749 0.517647 0.718310 0.511765 0.717029 0.508824 0.717029 0.505882 0.715749 0.502941 0.715749 0.500000 0.717029 0.497059 0.717029 0.491176 0.714469 0.485294 0.714469 0.479412 0.715749 0.476471 0.714469 0.473529 0.714469 0.467647 0.715749 0.464706 0.715749 0.461765 0.711908 0.452941 0.713188 0.450000 0.714469 0.450000 0.715749 0.447059 0.714469 0.444118 0.714469 0.432353 0.713188 0.429412 0.713188 0.423529 0.714469 0.420588 0.714469 0.417647 0.713188 0.417647 0.711908 0.414706 0.711908 0.405882 0.709347 0.400000 0.709347 0.394118 0.708067 0.391176 0.708067 0.388235 0.706786 0.385294 0.706786 0.382353
2 0.462228 0.979412 0.459667 0.985294 0.458387 0.985294 0.457106 0.988235 0.455826 0.988235 0.455826 0.991176 0.454545 0.994118 0.455826 0.994118 0.457106 0.997059 0.462228 0.997059
2 0.338028 0.967647 0.338028 0.970588 0.336748 0.973529 0.336748 0.976471 0.338028 0.979412 0.338028 0.982353 0.339309 0.985294 0.339309 0.988235 0.335467 0.997059 0.339309 0.997059 0.340589 0.994118 0.341869 0.997059 0.344430 0.991176 0.344430 0.988235 0.343150 0.985294 0.341869 0.985294 0.340589 0.982353 0.340589 0.979412 0.341869 0.976471 0.341869 0.973529 0.343150 0.970588 0.343150 0.967647 0.341869 0.967647 0.341869 0.970588 0.340589 0.973529
2 0.256082 0.952941 0.256082 0.955882 0.257362 0.958824 0.253521 0.967647 0.252241 0.964706 0.252241 0.961765 0.252241 0.964706 0.253521 0.967647 0.252241 0.970588 0.254802 0.970588 0.256082 0.973529 0.254802 0.976471 0.254802 0.979412 0.256082 0.982353 0.253521 0.988235 0.252241 0.988235 0.249680 0.982353 0.252241 0.988235 0.252241 0.991176 0.250960 0.994118 0.245839 0.982353 0.247119 0.979412 0.245839 0.982353 0.244558 0.982353 0.245839 0.985294 0.244558 0.988235 0.244558 0.991176 0.241997 0.997059 0.245839 0.997059 0.244558 0.997059 0.243278 0.994118 0.244558 0.991176 0.244558 0.988235 0.245839 0.985294 0.247119 0.988235 0.247119 0.991176 0.249680 0.997059 0.250960 0.997059 0.250960 0.994118 0.256082 0.982353 0.258643 0.988235 0.258643 0.991176 0.257362 0.994118 0.256082 0.991176 0.254802 0.994118 0.256082 0.997059 0.258643 0.997059 0.258643 0.991176 0.259923 0.988235 0.258643 0.985294 0.259923 0.982353 0.261204 0.982353 0.261204 0.979412 0.259923 0.982353 0.258643 0.982353 0.257362 0.979412 0.258643 0.976471 0.258643 0.973529 0.259923 0.970588 0.259923 0.967647 0.258643 0.964706 0.258643 0.961765 0.256082 0.955882
2 0.346991 0.950000 0.348271 0.952941 0.346991 0.955882 0.345711 0.955882 0.345711 0.958824 0.344430 0.961765 0.345711 0.958824 0.355954 0.982353 0.349552 0.997059 0.348271 0.997059 0.349552 0.997059 0.355954 0.982353 0.362356 0.997059 0.364917 0.997059 0.367478 0.991176 0.368758 0.991176 0.367478 0.991176 0.364917 0.997059 0.359795 0.985294 0.358515 0.985294 0.353393 0.973529 0.352113 0.973529 0.345711 0.958824 0.348271 0.952941
2 0.441741 0.935294 0.441741 0.938235 0.440461 0.941176 0.440461 0.944118 0.439181 0.947059 0.439181 0.950000 0.437900 0.952941 0.437900 0.955882 0.435339 0.961765 0.435339 0.967647 0.432778 0.973529 0.432778 0.976471 0.431498 0.979412 0.431498 0.982353 0.430218 0.985294 0.430218 0.991176 0.428937 0.994118 0.428937 0.997059 0.439181 0.997059 0.439181 0.973529 0.440461 0.970588 0.440461 0.955882 0.439181 0.952941 0.440461 0.950000 0.440461 0.947059 0.441741 0.944118
2 0.708067 0.885294 0.708067 0.902941 0.706786 0.905882 0.706786 0.908824 0.708067 0.911765 0.706786 0.914706 0.706786 0.917647 0.709347 0.923529 0.709347 0.926471 0.708067 0.929412 0.706786 0.926471 0.706786 0.929412 0.705506 0.932353 0.706786 0.935294 0.706786 0.950000 0.708067 0.952941 0.708067 0.997059 0.718310 0.997059 0.718310 0.985294 0.717029 0.982353 0.717029 0.976471 0.715749 0.973529 0.714469 0.973529 0.713188 0.970588 0.713188 0.955882 0.711908 0.952941 0.711908 0.950000 0.710627 0.947059 0.710627 0.944118 0.708067 0.938235 0.709347 0.935294 0.708067 0.932353 0.708067 0.929412 0.709347 0.926471 0.711908 0.932353 0.711908 0.935294 0.711908 0.929412 0.713188 0.926471 0.714469 0.929412 0.714469 0.944118 0.715749 0.947059 0.715749 0.950000 0.715749 0.932353 0.714469 0.929412 0.714469 0.926471 0.715749 0.923529 0.715749 0.920588 0.713188 0.914706 0.714469 0.911765 0.713188 0.908824 0.713188 0.902941 0.713188 0.914706 0.711908 0.917647 0.710627 0.914706 0.710627 0.902941 0.709347 0.900000 0.709347 0.897059 0.710627 0.894118 0.711908 0.897059 0.711908 0.894118 0.710627 0.891176 0.710627 0.888235 0.710627 0.891176 0.709347 0.894118 0.708067 0.891176
2 0.005122 0.850000 0.005122 0.891176 0.006402 0.894118 0.006402 0.911765 0.005122 0.914706 0.005122 0.929412 0.003841 0.932353 0.003841 0.944118 0.002561 0.947059 0.002561 0.950000 0.003841 0.952941 0.002561 0.955882 0.001280 0.955882 0.000000 0.952941 0.000000 0.923529 0.001280 0.920588 0.000000 0.917647 0.000000 0.873529 0.000000 0.991176 0.000000 0.982353 0.006402 0.967647 0.006402 0.964706 0.005122 0.967647 0.003841 0.967647 0.001280 0.973529 0.000000 0.970588 0.000000 0.967647 0.003841 0.958824 0.005122 0.958824 0.008963 0.950000 0.007682 0.947059 0.007682 0.926471 0.008963 0.923529 0.008963 0.905882 0.007682 0.902941 0.008963 0.900000 0.010243 0.900000 0.010243 0.897059 0.008963 0.894118 0.008963 0.891176 0.007682 0.888235 0.007682 0.885294 0.008963 0.882353 0.007682 0.879412 0.007682 0.870588 0.006402 0.867647 0.006402 0.858824 0.005122 0.855882
2 0.909091 0.844118 0.909091 0.847059 0.911652 0.852941 0.911652 0.855882 0.915493 0.864706 0.915493 0.867647 0.919334 0.876471 0.920615 0.873529 0.909091 0.847059
2 0.918054 0.817647 0.918054 0.820588 0.916773 0.823529 0.918054 0.826471 0.916773 0.829412 0.916773 0.835294 0.915493 0.838235 0.916773 0.835294 0.918054 0.835294 0.919334 0.838235 0.916773 0.844118 0.918054 0.844118 0.919334 0.847059 0.918054 0.844118 0.919334 0.841176 0.919334 0.838235 0.921895 0.832353 0.921895 0.829412 0.923175 0.826471 0.925736 0.832353 0.920615 0.820588 0.919334 0.820588
2 0.008963 0.814706 0.007682 0.817647 0.006402 0.817647 0.006402 0.829412 0.003841 0.835294 0.003841 0.841176 0.005122 0.844118 0.003841 0.841176 0.003841 0.838235 0.005122 0.835294 0.007682 0.841176 0.007682 0.844118 0.008963 0.847059 0.008963 0.850000 0.010243 0.852941 0.010243 0.855882 0.011524 0.858824 0.011524 0.861765 0.012804 0.864706 0.012804 0.867647 0.014085 0.870588 0.014085 0.873529 0.015365 0.876471 0.015365 0.879412 0.016645 0.882353 0.016645 0.885294 0.016645 0.876471 0.015365 0.873529 0.016645 0.870588 0.015365 0.867647 0.017926 0.861765 0.017926 0.858824 0.019206 0.855882 0.019206 0.844118 0.020487 0.841176 0.016645 0.832353 0.021767 0.820588 0.020487 0.817647 0.019206 0.820588 0.017926 0.820588 0.016645 0.823529 0.015365 0.820588 0.015365 0.814706 0.012804 0.814706 0.011524 0.817647 0.010243 0.817647
2 0.641485 0.794118 0.641485 0.797059 0.640205 0.800000 0.638924 0.800000 0.637644 0.802941 0.636364 0.802941 0.637644 0.805882 0.637644 0.808824 0.641485 0.808824 0.641485 0.805882 0.642766 0.802941 0.642766 0.794118
2 0.609475 0.758824 0.608195 0.761765 0.606914 0.761765 0.606914 0.764706 0.609475 0.770588 0.609475 0.773529 0.610755 0.776471 0.612036 0.773529 0.614597 0.779412 0.614597 0.782353 0.615877 0.785294 0.614597 0.788235 0.615877 0.791176 0.615877 0.782353 0.617157 0.779412 0.617157 0.776471 0.615877 0.779412 0.614597 0.776471 0.614597 0.761765 0.612036 0.761765 0.610755 0.758824
2 0.790013 0.741176 0.790013 0.744118 0.787452 0.750000 0.788732 0.752941 0.788732 0.755882 0.787452 0.758824 0.788732 0.761765 0.790013 0.758824 0.791293 0.761765 0.792574 0.761765 0.793854 0.758824 0.793854 0.752941 0.795134 0.750000 0.795134 0.744118 0.793854 0.741176 0.792574 0.744118 0.791293 0.741176
2 0.941101 0.720588 0.939821 0.723529 0.939821 0.726471 0.938540 0.729412 0.937260 0.729412 0.934699 0.735294 0.935980 0.738235 0.935980 0.741176 0.933419 0.747059 0.932138 0.744118 0.932138 0.741176 0.930858 0.738235 0.932138 0.741176 0.930858 0.744118 0.930858 0.747059 0.929577 0.750000 0.928297 0.750000 0.928297 0.752941 0.927017 0.755882 0.927017 0.758824 0.925736 0.761765 0.921895 0.752941 0.921895 0.750000 0.920615 0.750000 0.919334 0.747059 0.916773 0.747059 0.915493 0.744118 0.914213 0.747059 0.912932 0.747059 0.912932 0.758824 0.914213 0.761765 0.912932 0.764706 0.911652 0.764706 0.910371 0.761765 0.910371 0.770588 0.909091 0.773529 0.907810 0.773529 0.906530 0.770588 0.905250 0.770588 0.905250 0.779412 0.906530 0.779412 0.910371 0.788235 0.910371 0.794118 0.912932 0.794118 0.914213 0.797059 0.914213 0.800000 0.915493 0.800000 0.916773 0.802941 0.915493 0.805882 0.916773 0.805882 0.918054 0.808824 0.918054 0.811765 0.919334 0.808824 0.920615 0.808824 0.920615 0.797059 0.919334 0.797059 0.918054 0.794118 0.918054 0.788235 0.920615 0.782353 0.925736 0.794118 0.925736 0.802941 0.924456 0.805882 0.925736 0.802941 0.927017 0.805882 0.927017 0.808824 0.928297 0.808824 0.929577 0.811765 0.928297 0.814706 0.927017 0.814706 0.928297 0.817647 0.928297 0.826471 0.929577 0.829412 0.928297 0.832353 0.929577 0.835294 0.928297 0.838235 0.929577 0.838235 0.930858 0.841176 0.929577 0.844118 0.927017 0.844118 0.927017 0.847059 0.925736 0.850000 0.928297 0.850000 0.930858 0.844118 0.932138 0.847059 0.932138 0.850000 0.930858 0.852941 0.932138 0.850000 0.933419 0.852941 0.933419 0.855882 0.932138 0.858824 0.932138 0.861765 0.932138 0.858824 0.933419 0.855882 0.934699 0.855882 0.935980 0.858824 0.935980 0.864706 0.937260 0.867647 0.937260 0.870588 0.941101 0.879412 0.939821 0.882353 0.939821 0.885294 0.939821 0.882353 0.941101 0.879412 0.942382 0.882353 0.942382 0.894118 0.943662 0.897059 0.943662 0.911765 0.942382 0.914706 0.941101 0.911765 0.941101 0.908824 0.939821 0.905882 0.939821 0.900000 0.938540 0.897059 0.938540 0.894118 0.937260 0.891176 0.937260 0.888235 0.935980 0.885294 0.935980 0.879412 0.934699 0.876471 0.934699 0.873529 0.933419 0.870588 0.933419 0.867647 0.933419 0.870588 0.934699 0.873529 0.934699 0.876471 0.935980 0.879412 0.935980 0.885294 0.937260 0.888235 0.937260 0.900000 0.935980 0.902941 0.933419 0.897059 0.933419 0.894118 0.934699 0.891176 0.933419 0.891176 0.933419 0.897059 0.937260 0.905882 0.937260 0.914706 0.935980 0.917647 0.935980 0.926471 0.934699 0.929412 0.934699 0.938235 0.933419 0.941176 0.930858 0.935294 0.930858 0.932353 0.929577 0.929412 0.929577 0.923529 0.928297 0.923529 0.927017 0.920588 0.928297 0.917647 0.928297 0.914706 0.927017 0.917647 0.925736 0.914706 0.925736 0.911765 0.927017 0.908824 0.927017 0.905882 0.928297 0.902941 0.929577 0.905882 0.929577 0.908824 0.930858 0.911765 0.930858 0.914706 0.932138 0.914706 0.932138 0.908824 0.930858 0.905882 0.930858 0.902941 0.928297 0.902941 0.927017 0.905882 0.927017 0.908824 0.925736 0.911765 0.925736 0.914706 0.924456 0.917647 0.923175 0.914706 0.923175 0.908824 0.919334 0.908824 0.918054 0.905882 0.918054 0.902941 0.916773 0.900000 0.916773 0.888235 0.915493 0.885294 0.912932 0.885294 0.911652 0.882353 0.911652 0.891176 0.912932 0.894118 0.912932 0.905882 0.914213 0.908824 0.914213 0.911765 0.915493 0.914706 0.915493 0.911765 0.916773 0.908824 0.918054 0.911765 0.918054 0.914706 0.919334 0.917647 0.919334 0.920588 0.920615 0.923529 0.919334 0.926471 0.919334 0.929412 0.920615 0.926471 0.921895 0.929412 0.921895 0.932353 0.920615 0.935294 0.921895 0.938235 0.921895 0.941176 0.923175 0.944118 0.923175 0.950000 0.924456 0.952941 0.924456 0.958824 0.925736 0.961765 0.925736 0.964706 0.925736 0.961765 0.927017 0.958824 0.929577 0.964706 0.929577 0.976471 0.932138 0.982353 0.932138 0.985294 0.935980 0.994118 0.935980 0.997059 0.935980 0.994118 0.937260 0.991176 0.938540 0.994118 0.938540 0.997059 0.941101 0.997059 0.942382 0.994118 0.943662 0.997059 0.943662 0.994118 0.942382 0.991176 0.942382 0.985294 0.938540 0.976471 0.938540 0.955882 0.939821 0.952941 0.941101 0.955882 0.941101 0.958824 0.942382 0.961765 0.942382 0.964706 0.943662 0.967647 0.943662 0.970588 0.944942 0.973529 0.944942 0.988235 0.946223 0.991176 0.946223 0.997059 0.947503 0.997059 0.948784 0.994118 0.950064 0.994118 0.950064 0.991176 0.951344 0.988235 0.952625 0.991176 0.952625 0.997059 0.957746 0.997059 0.956466 0.994118 0.957746 0.991176 0.956466 0.991176 0.955186 0.988235 0.955186 0.982353 0.953905 0.979412 0.953905 0.976471 0.952625 0.973529 0.952625 0.970588 0.951344 0.967647 0.952625 0.964706 0.953905 0.964706 0.957746 0.973529 0.957746 0.976471 0.960307 0.982353 0.961588 0.982353 0.962868 0.985294 0.962868 0.988235 0.964149 0.991176 0.964149 0.997059 0.964149 0.985294 0.962868 0.982353 0.962868 0.938235 0.961588 0.935294 0.961588 0.914706 0.962868 0.911765 0.964149 0.911765 0.965429 0.914706 0.964149 0.917647 0.964149 0.929412 0.965429 0.932353 0.965429 0.947059 0.966709 0.950000 0.966709 0.961765 0.967990 0.964706 0.967990 0.979412 0.969270 0.982353 0.969270 0.985294 0.967990 0.988235 0.966709 0.988235 0.966709 0.997059 0.988476 0.997059 0.988476 0.973529 0.987196 0.970588 0.987196 0.967647 0.985915 0.964706 0.985915 0.961765 0.985915 0.967647 0.984635 0.970588 0.984635 0.976471 0.985915 0.979412 0.985915 0.988235 0.984635 0.991176 0.980794 0.991176 0.979513 0.988235 0.979513 0.982353 0.980794 0.979412 0.980794 0.967647 0.979513 0.964706 0.979513 0.961765 0.980794 0.958824 0.980794 0.947059 0.979513 0.944118 0.980794 0.941176 0.980794 0.938235 0.982074 0.935294 0.985915 0.944118 0.987196 0.944118 0.988476 0.941176 0.992318 0.950000 0.991037 0.952941 0.993598 0.958824 0.993598 0.973529 0.994878 0.976471 0.994878 0.988235 0.996159 0.991176 0.996159 0.997059 0.998720 0.997059 0.998720 0.985294 0.997439 0.982353 0.998720 0.979412 0.997439 0.982353 0.996159 0.979412 0.996159 0.976471 0.997439 0.973529 0.996159 0.970588 0.996159 0.967647 0.994878 0.964706 0.994878 0.961765 0.993598 0.958824 0.993598 0.955882 0.992318 0.952941 0.992318 0.944118 0.991037 0.941176 0.991037 0.938235 0.989757 0.935294 0.989757 0.932353 0.988476 0.929412 0.988476 0.923529 0.989757 0.920588 0.991037 0.923529 0.991037 0.926471 0.992318 0.929412 0.992318 0.932353 0.993598 0.935294 0.993598 0.938235 0.998720 0.950000 0.998720 0.952941 0.998720 0.888235 0.997439 0.885294 0.997439 0.882353 0.998720 0.879412 0.998720 0.802941 0.993598 0.802941 0.992318 0.800000 0.991037 0.802941 0.989757 0.802941 0.989757 0.811765 0.988476 0.814706 0.988476 0.823529 0.987196 0.826471 0.984635 0.820588 0.984635 0.814706 0.983355 0.814706 0.979513 0.805882 0.980794 0.808824 0.980794 0.817647 0.982074 0.820588 0.982074 0.829412 0.983355 0.832353 0.983355 0.841176 0.984635 0.844118 0.984635 0.847059 0.985915 0.850000 0.984635 0.852941 0.984635 0.855882 0.985915 0.858824 0.985915 0.867647 0.987196 0.870588 0.987196 0.879412 0.988476 0.882353 0.988476 0.885294 0.989757 0.888235 0.991037 0.888235 0.992318 0.891176 0.991037 0.894118 0.991037 0.900000 0.989757 0.902941 0.988476 0.900000 0.988476 0.897059 0.987196 0.894118 0.987196 0.891176 0.985915 0.888235 0.985915 0.885294 0.984635 0.882353 0.984635 0.879412 0.984635 0.888235 0.985915 0.891176 0.985915 0.894118 0.987196 0.897059 0.987196 0.902941 0.988476 0.905882 0.988476 0.911765 0.989757 0.914706 0.989757 0.920588 0.988476 0.923529 0.987196 0.920588 0.987196 0.917647 0.985915 0.914706 0.985915 0.908824 0.984635 0.905882 0.984635 0.902941 0.983355 0.900000 0.983355 0.894118 0.982074 0.891176 0.982074 0.888235 0.979513 0.882353 0.976953 0.888235 0.975672 0.885294 0.973111 0.885294 0.971831 0.882353 0.971831 0.870588 0.973111 0.867647 0.973111 0.861765 0.971831 0.858824 0.971831 0.855882 0.970551 0.852941 0.970551 0.850000 0.971831 0.847059 0.970551 0.844118 0.970551 0.841176 0.969270 0.838235 0.969270 0.829412 0.967990 0.826471 0.969270 0.823529 0.969270 0.817647 0.967990 0.814706 0.967990 0.805882 0.965429 0.800000 0.966709 0.797059 0.965429 0.794118 0.965429 0.791176 0.962868 0.785294 0.962868 0.782353 0.957746 0.770588 0.957746 0.761765 0.955186 0.755882 0.955186 0.752941 0.955186 0.755882 0.953905 0.758824 0.952625 0.758824 0.951344 0.755882 0.951344 0.750000 0.950064 0.750000 0.948784 0.747059 0.948784 0.744118 0.951344 0.738235 0.950064 0.738235 0.948784 0.735294 0.950064 0.732353 0.950064 0.726471 0.948784 0.726471 0.947503 0.723529 0.946223 0.723529 0.944942 0.726471 0.943662 0.726471
2 0.600512 0.717647 0.599232 0.720588 0.594110 0.720588 0.595391 0.723529 0.595391 0.729412 0.596671 0.732353 0.595391 0.735294 0.595391 0.738235 0.597951 0.744118 0.599232 0.741176 0.601793 0.747059 0.601793 0.744118 0.603073 0.741176 0.605634 0.747059 0.605634 0.741176 0.606914 0.738235 0.608195 0.741176 0.608195 0.744118 0.609475 0.744118 0.608195 0.741176 0.608195 0.738235 0.609475 0.735294 0.608195 0.732353 0.606914 0.732353 0.606914 0.738235 0.604353 0.744118 0.603073 0.741176 0.603073 0.738235 0.604353 0.735294 0.604353 0.732353 0.603073 0.729412 0.603073 0.726471 0.601793 0.726471 0.600512 0.723529 0.601793 0.720588
2 0.632522 0.714706 0.631242 0.717647 0.632522 0.717647 0.633803 0.720588 0.633803 0.738235 0.635083 0.741176 0.633803 0.744118 0.633803 0.755882 0.632522 0.758824 0.631242 0.755882 0.628681 0.755882 0.629962 0.758824 0.629962 0.761765 0.631242 0.764706 0.631242 0.770588 0.631242 0.767647 0.635083 0.758824 0.633803 0.755882 0.635083 0.752941 0.635083 0.729412 0.633803 0.726471 0.635083 0.723529 0.635083 0.720588
2 0.624840 0.705882 0.623560 0.708824 0.623560 0.714706 0.623560 0.708824 0.624840 0.705882 0.626120 0.708824 0.626120 0.714706 0.627401 0.717647 0.626120 0.720588 0.624840 0.720588 0.624840 0.723529 0.623560 0.726471 0.622279 0.726471 0.620999 0.729412 0.623560 0.735294 0.626120 0.735294 0.627401 0.732353 0.627401 0.729412 0.626120 0.726471 0.627401 0.723529 0.627401 0.714706 0.626120 0.711765 0.626120 0.708824
2 0.737516 0.694118 0.733675 0.702941 0.733675 0.717647 0.732394 0.720588 0.732394 0.726471 0.731114 0.729412 0.731114 0.738235 0.729834 0.741176 0.729834 0.744118 0.728553 0.747059 0.728553 0.755882 0.731114 0.761765 0.731114 0.758824 0.732394 0.755882 0.733675 0.758824 0.733675 0.755882 0.734955 0.752941 0.740077 0.764706 0.737516 0.770588 0.736236 0.767647 0.734955 0.767647 0.736236 0.770588 0.736236 0.788235 0.737516 0.791176 0.736236 0.794118 0.736236 0.800000 0.737516 0.802941 0.736236 0.805882 0.736236 0.817647 0.734955 0.820588 0.733675 0.817647 0.733675 0.802941 0.729834 0.794118 0.731114 0.791176 0.732394 0.791176 0.733675 0.794118 0.733675 0.788235 0.732394 0.785294 0.733675 0.782353 0.733675 0.773529 0.731114 0.773529 0.731114 0.776471 0.728553 0.782353 0.727273 0.779412 0.725992 0.779412 0.724712 0.782353 0.724712 0.791176 0.723431 0.794118 0.723431 0.797059 0.724712 0.800000 0.725992 0.800000 0.727273 0.802941 0.727273 0.814706 0.725992 0.817647 0.723431 0.811765 0.723431 0.805882 0.723431 0.811765 0.722151 0.814706 0.722151 0.817647 0.720871 0.820588 0.718310 0.814706 0.718310 0.811765 0.715749 0.817647 0.714469 0.814706 0.714469 0.811765 0.711908 0.811765 0.710627 0.808824 0.709347 0.808824 0.710627 0.808824 0.711908 0.811765 0.710627 0.814706 0.709347 0.814706 0.709347 0.823529 0.708067 0.826471 0.708067 0.835294 0.709347 0.838235 0.708067 0.841176 0.708067 0.858824 0.708067 0.855882 0.709347 0.852941 0.710627 0.852941 0.711908 0.855882 0.713188 0.855882 0.714469 0.852941 0.715749 0.852941 0.718310 0.858824 0.715749 0.864706 0.717029 0.867647 0.715749 0.870588 0.718310 0.876471 0.718310 0.879412 0.718310 0.876471 0.720871 0.870588 0.722151 0.873529 0.722151 0.876471 0.723431 0.879412 0.723431 0.882353 0.724712 0.885294 0.724712 0.888235 0.727273 0.888235 0.729834 0.894118 0.729834 0.897059 0.731114 0.900000 0.731114 0.905882 0.729834 0.908824 0.728553 0.908824 0.727273 0.911765 0.725992 0.908824 0.727273 0.911765 0.727273 0.914706 0.728553 0.917647 0.728553 0.920588 0.729834 0.923529 0.729834 0.926471 0.728553 0.929412 0.728553 0.938235 0.729834 0.941176 0.729834 0.958824 0.731114 0.961765 0.731114 0.967647 0.729834 0.970588 0.731114 0.973529 0.729834 0.976471 0.729834 0.991176 0.731114 0.991176 0.732394 0.994118 0.732394 0.997059 0.741357 0.997059 0.740077 0.994118 0.740077 0.988235 0.738796 0.985294 0.738796 0.982353 0.737516 0.979412 0.737516 0.976471 0.738796 0.973529 0.740077 0.973529 0.741357 0.976471 0.741357 0.982353 0.743918 0.988235 0.743918 0.991176 0.746479 0.997059 0.751601 0.997059 0.752881 0.994118 0.754161 0.997059 0.763124 0.997059 0.763124 0.994118 0.761844 0.991176 0.763124 0.988235 0.764405 0.988235 0.765685 0.991176 0.765685 0.994118 0.766965 0.997059 0.768246 0.994118 0.769526 0.997059 0.775928 0.997059 0.773367 0.997059 0.772087 0.994118 0.772087 0.991176 0.769526 0.985294 0.769526 0.982353 0.768246 0.979412 0.769526 0.976471 0.768246 0.973529 0.768246 0.970588 0.769526 0.967647 0.770807 0.967647 0.772087 0.970588 0.772087 0.973529 0.775928 0.982353 0.775928 0.985294 0.777209 0.985294 0.779770 0.991176 0.779770 0.997059 0.793854 0.997059 0.793854 0.985294 0.795134 0.982353 0.796415 0.985294 0.796415 0.997059 0.860435 0.997059 0.861716 0.994118 0.862996 0.997059 0.868118 0.997059 0.865557 0.991176 0.865557 0.979412 0.866837 0.976471 0.868118 0.979412 0.868118 0.982353 0.869398 0.985294 0.869398 0.988235 0.870679 0.991176 0.870679 0.994118 0.871959 0.997059 0.889885 0.997059 0.889885 0.994118 0.891165 0.991176 0.893726 0.997059 0.909091 0.997059 0.910371 0.994118 0.911652 0.997059 0.924456 0.997059 0.924456 0.994118 0.923175 0.991176 0.923175 0.985294 0.921895 0.982353 0.921895 0.979412 0.920615 0.976471 0.920615 0.967647 0.919334 0.967647 0.918054 0.964706 0.918054 0.961765 0.919334 0.958824 0.918054 0.955882 0.918054 0.952941 0.916773 0.950000 0.916773 0.944118 0.915493 0.941176 0.915493 0.938235 0.914213 0.935294 0.914213 0.932353 0.912932 0.929412 0.912932 0.923529 0.911652 0.920588 0.911652 0.917647 0.910371 0.914706 0.910371 0.911765 0.910371 0.923529 0.911652 0.926471 0.911652 0.932353 0.910371 0.935294 0.907810 0.929412 0.907810 0.888235 0.906530 0.885294 0.906530 0.870588 0.905250 0.867647 0.906530 0.864706 0.906530 0.858824 0.905250 0.855882 0.906530 0.852941 0.905250 0.850000 0.905250 0.847059 0.906530 0.844118 0.906530 0.838235 0.907810 0.835294 0.909091 0.838235 0.906530 0.832353 0.905250 0.832353 0.902689 0.826471 0.903969 0.823529 0.903969 0.820588 0.901408 0.820588 0.900128 0.823529 0.898848 0.820588 0.898848 0.817647 0.897567 0.820588 0.895006 0.814706 0.896287 0.811765 0.896287 0.808824 0.895006 0.808824 0.892446 0.802941 0.892446 0.800000 0.891165 0.797059 0.892446 0.794118 0.895006 0.794118 0.895006 0.791176 0.892446 0.785294 0.892446 0.764706 0.891165 0.761765 0.891165 0.758824 0.889885 0.758824 0.887324 0.752941 0.887324 0.750000 0.886044 0.752941 0.884763 0.752941 0.883483 0.750000 0.882202 0.750000 0.880922 0.752941 0.879641 0.750000 0.879641 0.752941 0.878361 0.755882 0.877081 0.752941 0.873239 0.752941 0.873239 0.758824 0.877081 0.767647 0.877081 0.776471 0.875800 0.779412 0.873239 0.779412 0.871959 0.776471 0.870679 0.776471 0.870679 0.779412 0.869398 0.782353 0.868118 0.782353 0.868118 0.785294 0.869398 0.788235 0.866837 0.794118 0.865557 0.791176 0.865557 0.773529 0.864277 0.773529 0.862996 0.770588 0.862996 0.773529 0.864277 0.776471 0.864277 0.785294 0.862996 0.788235 0.860435 0.782353 0.860435 0.767647 0.859155 0.764706 0.859155 0.741176 0.856594 0.735294 0.856594 0.732353 0.855314 0.729412 0.855314 0.720588 0.854033 0.720588 0.850192 0.711765 0.848912 0.714706 0.848912 0.723529 0.850192 0.726471 0.850192 0.738235 0.851472 0.741176 0.851472 0.744118 0.854033 0.750000 0.854033 0.752941 0.852753 0.755882 0.848912 0.747059 0.847631 0.750000 0.846351 0.747059 0.846351 0.738235 0.843790 0.744118 0.841229 0.744118 0.839949 0.741176 0.839949 0.723529 0.837388 0.723529 0.836108 0.720588 0.834827 0.720588 0.834827 0.726471 0.833547 0.729412 0.827145 0.729412 0.825864 0.726471 0.825864 0.717647 0.824584 0.717647 0.823303 0.720588 0.822023 0.717647 0.822023 0.714706 0.818182 0.714706 0.818182 0.717647 0.820743 0.723529 0.820743 0.726471 0.822023 0.729412 0.820743 0.732353 0.818182 0.732353 0.818182 0.735294 0.816901 0.738235 0.816901 0.744118 0.815621 0.747059 0.814341 0.744118 0.814341 0.738235 0.813060 0.735294 0.809219 0.735294 0.807939 0.738235 0.807939 0.741176 0.806658 0.744118 0.805378 0.744118 0.804097 0.747059 0.802817 0.747059 0.804097 0.750000 0.804097 0.752941 0.805378 0.755882 0.806658 0.755882 0.807939 0.758824 0.807939 0.761765 0.806658 0.764706 0.805378 0.761765 0.806658 0.764706 0.806658 0.767647 0.807939 0.770588 0.807939 0.773529 0.809219 0.776471 0.809219 0.779412 0.810499 0.782353 0.810499 0.785294 0.811780 0.788235 0.811780 0.794118 0.813060 0.797059 0.813060 0.802941 0.814341 0.805882 0.814341 0.811765 0.815621 0.814706 0.815621 0.820588 0.816901 0.823529 0.816901 0.829412 0.819462 0.835294 0.819462 0.844118 0.820743 0.847059 0.820743 0.850000 0.818182 0.855882 0.818182 0.867647 0.819462 0.870588 0.819462 0.876471 0.820743 0.879412 0.820743 0.882353 0.822023 0.885294 0.822023 0.888235 0.820743 0.891176 0.820743 0.897059 0.819462 0.900000 0.818182 0.897059 0.818182 0.888235 0.816901 0.885294 0.816901 0.876471 0.815621 0.873529 0.815621 0.864706 0.814341 0.861765 0.814341 0.852941 0.815621 0.850000 0.816901 0.850000 0.816901 0.847059 0.815621 0.844118 0.816901 0.847059 0.814341 0.852941 0.813060 0.850000 0.813060 0.841176 0.813060 0.850000 0.811780 0.852941 0.811780 0.858824 0.810499 0.861765 0.810499 0.867647 0.809219 0.870588 0.807939 0.870588 0.806658 0.867647 0.806658 0.864706 0.805378 0.867647 0.805378 0.900000 0.804097 0.902941 0.805378 0.905882 0.805378 0.911765 0.806658 0.914706 0.805378 0.917647 0.805378 0.926471 0.802817 0.932353 0.801536 0.929412 0.801536 0.894118 0.802817 0.891176 0.802817 0.861765 0.801536 0.858824 0.801536 0.855882 0.802817 0.852941 0.805378 0.858824 0.804097 0.855882 0.804097 0.850000 0.802817 0.847059 0.802817 0.835294 0.804097 0.832353 0.804097 0.826471 0.805378 0.823529 0.806658 0.826471 0.806658 0.829412 0.807939 0.832353 0.806658 0.835294 0.810499 0.835294 0.811780 0.832353 0.813060 0.835294 0.811780 0.832353 0.811780 0.829412 0.813060 0.826471 0.813060 0.823529 0.811780 0.820588 0.811780 0.814706 0.810499 0.811765 0.810499 0.808824 0.809219 0.805882 0.809219 0.802941 0.807939 0.800000 0.806658 0.802941 0.805378 0.802941 0.804097 0.800000 0.805378 0.797059 0.805378 0.791176 0.806658 0.788235 0.806658 0.785294 0.805378 0.782353 0.805378 0.776471 0.804097 0.773529 0.804097 0.770588 0.802817 0.767647 0.802817 0.761765 0.801536 0.758824 0.801536 0.752941 0.800256 0.752941 0.798976 0.750000 0.797695 0.750000 0.797695 0.752941 0.798976 0.755882 0.798976 0.758824 0.797695 0.761765 0.796415 0.758824 0.796415 0.770588 0.795134 0.773529 0.795134 0.776471 0.793854 0.779412 0.793854 0.788235 0.795134 0.791176 0.796415 0.791176 0.800256 0.800000 0.798976 0.802941 0.797695 0.802941 0.795134 0.797059 0.793854 0.797059 0.792574 0.794118 0.791293 0.794118 0.788732 0.788235 0.788732 0.785294 0.790013 0.782353 0.790013 0.776471 0.788732 0.776471 0.787452 0.773529 0.788732 0.776471 0.787452 0.779412 0.787452 0.782353 0.786172 0.785294 0.786172 0.800000 0.787452 0.802941 0.787452 0.823529 0.788732 0.826471 0.788732 0.835294 0.790013 0.838235 0.788732 0.841176 0.788732 0.844118 0.790013 0.847059 0.790013 0.850000 0.791293 0.852941 0.790013 0.855882 0.791293 0.852941 0.792574 0.855882 0.792574 0.858824 0.791293 0.861765 0.791293 0.864706 0.790013 0.867647 0.786172 0.858824 0.786172 0.852941 0.787452 0.850000 0.786172 0.847059 0.786172 0.844118 0.784891 0.841176 0.784891 0.838235 0.786172 0.835294 0.784891 0.832353 0.786172 0.829412 0.783611 0.823529 0.784891 0.820588 0.784891 0.814706 0.783611 0.811765 0.783611 0.802941 0.782330 0.800000 0.782330 0.797059 0.783611 0.794118 0.783611 0.785294 0.782330 0.782353 0.783611 0.779412 0.783611 0.770588 0.783611 0.773529 0.782330 0.776471 0.782330 0.794118 0.781050 0.797059 0.779770 0.794118 0.779770 0.791176 0.777209 0.785294 0.777209 0.782353 0.777209 0.788235 0.775928 0.791176 0.774648 0.788235 0.773367 0.791176 0.770807 0.785294 0.772087 0.782353 0.772087 0.758824 0.770807 0.758824 0.769526 0.755882 0.768246 0.758824 0.766965 0.755882 0.766965 0.752941 0.765685 0.750000 0.764405 0.752941 0.763124 0.750000 0.763124 0.744118 0.764405 0.741176 0.765685 0.744118 0.766965 0.741176 0.768246 0.744118 0.769526 0.744118 0.769526 0.741176 0.768246 0.741176 0.766965 0.738235 0.766965 0.735294 0.768246 0.732353 0.769526 0.732353 0.769526 0.723529 0.770807 0.720588 0.769526 0.717647 0.770807 0.714706 0.770807 0.711765 0.768246 0.705882 0.768246 0.702941 0.766965 0.702941 0.765685 0.705882 0.764405 0.702941 0.763124 0.705882 0.761844 0.705882 0.760563 0.708824 0.759283 0.705882 0.758003 0.708824 0.758003 0.711765 0.759283 0.714706 0.759283 0.720588 0.761844 0.726471 0.761844 0.732353 0.763124 0.735294 0.763124 0.744118 0.761844 0.747059 0.760563 0.747059 0.760563 0.752941 0.759283 0.755882 0.758003 0.752941 0.758003 0.741176 0.756722 0.741176 0.755442 0.744118 0.754161 0.744118 0.752881 0.747059 0.751601 0.744118 0.751601 0.738235 0.750320 0.735294 0.751601 0.732353 0.750320 0.729412 0.750320 0.714706 0.746479 0.705882 0.746479 0.700000 0.746479 0.702941 0.745198 0.705882 0.743918 0.702941 0.743918 0.697059 0.742638 0.694118 0.741357 0.697059 0.740077 0.694118
2 0.679898 0.694118 0.678617 0.697059 0.676056 0.697059 0.676056 0.702941 0.674776 0.705882 0.673496 0.702941 0.673496 0.700000 0.670935 0.700000 0.670935 0.702941 0.672215 0.705882 0.672215 0.711765 0.670935 0.714706 0.670935 0.720588 0.669654 0.723529 0.668374 0.723529 0.668374 0.726471 0.667093 0.729412 0.667093 0.738235 0.665813 0.741176 0.664533 0.738235 0.664533 0.735294 0.661972 0.729412 0.661972 0.723529 0.661972 0.726471 0.660691 0.729412 0.660691 0.747059 0.659411 0.750000 0.656850 0.744118 0.658131 0.741176 0.658131 0.732353 0.656850 0.732353 0.655570 0.735294 0.654289 0.735294 0.653009 0.738235 0.653009 0.741176 0.651729 0.744118 0.650448 0.741176 0.650448 0.714706 0.649168 0.711765 0.649168 0.702941 0.649168 0.705882 0.647887 0.708824 0.649168 0.711765 0.646607 0.717647 0.645327 0.717647 0.645327 0.720588 0.644046 0.723529 0.642766 0.723529 0.641485 0.726471 0.641485 0.738235 0.642766 0.741176 0.642766 0.752941 0.644046 0.755882 0.642766 0.758824 0.641485 0.758824 0.641485 0.764706 0.642766 0.767647 0.641485 0.770588 0.641485 0.776471 0.642766 0.776471 0.644046 0.779412 0.644046 0.785294 0.645327 0.788235 0.645327 0.805882 0.644046 0.808824 0.645327 0.805882 0.661972 0.805882 0.663252 0.802941 0.664533 0.805882 0.665813 0.802941 0.667093 0.805882 0.667093 0.808824 0.668374 0.808824 0.672215 0.817647 0.672215 0.820588 0.673496 0.817647 0.674776 0.817647 0.676056 0.820588 0.676056 0.823529 0.674776 0.826471 0.676056 0.829412 0.676056 0.832353 0.677337 0.832353 0.678617 0.835294 0.678617 0.841176 0.679898 0.844118 0.679898 0.847059 0.682458 0.852941 0.682458 0.855882 0.683739 0.858824 0.683739 0.861765 0.685019 0.864706 0.685019 0.867647 0.686300 0.870588 0.686300 0.873529 0.686300 0.867647 0.685019 0.864706 0.685019 0.855882 0.683739 0.852941 0.683739 0.844118 0.685019 0.841176 0.686300 0.844118 0.686300 0.847059 0.687580 0.850000 0.687580 0.852941 0.688860 0.855882 0.688860 0.861765 0.690141 0.864706 0.690141 0.870588 0.691421 0.870588 0.691421 0.867647 0.690141 0.864706 0.691421 0.861765 0.691421 0.847059 0.692702 0.844118 0.693982 0.847059 0.693982 0.852941 0.695262 0.855882 0.695262 0.864706 0.693982 0.867647 0.696543 0.873529 0.696543 0.876471 0.697823 0.873529 0.697823 0.867647 0.696543 0.864706 0.696543 0.861765 0.695262 0.858824 0.695262 0.850000 0.696543 0.847059 0.695262 0.844118 0.695262 0.832353 0.693982 0.829412 0.693982 0.820588 0.692702 0.823529 0.690141 0.817647 0.690141 0.814706 0.691421 0.811765 0.692702 0.811765 0.691421 0.808824 0.692702 0.805882 0.692702 0.800000 0.691421 0.797059 0.691421 0.791176 0.692702 0.788235 0.692702 0.785294 0.691421 0.785294 0.690141 0.788235 0.690141 0.791176 0.688860 0.794118 0.685019 0.785294 0.686300 0.782353 0.688860 0.782353 0.690141 0.779412 0.690141 0.773529 0.691421 0.770588 0.692702 0.773529 0.688860 0.764706 0.688860 0.758824 0.690141 0.755882 0.691421 0.758824 0.691421 0.755882 0.690141 0.755882 0.688860 0.752941 0.688860 0.747059 0.690141 0.744118 0.690141 0.738235 0.688860 0.735294 0.688860 0.726471 0.687580 0.723529 0.687580 0.720588 0.688860 0.717647 0.688860 0.711765 0.687580 0.708824 0.687580 0.705882 0.688860 0.702941 0.688860 0.700000 0.687580 0.700000 0.688860 0.702941 0.687580 0.705882 0.686300 0.705882 0.685019 0.702941 0.685019 0.700000 0.682458 0.700000 0.681178 0.697059 0.682458 0.694118 0.681178 0.697059
2 0.706786 0.685294 0.704225 0.691176 0.702945 0.688235 0.702945 0.691176 0.704225 0.694118 0.702945 0.697059 0.701665 0.697059 0.701665 0.714706 0.700384 0.717647 0.697823 0.711765 0.696543 0.714706 0.693982 0.708824 0.695262 0.711765 0.693982 0.714706 0.695262 0.717647 0.696543 0.717647 0.697823 0.720588 0.695262 0.726471 0.695262 0.729412 0.696543 0.732353 0.696543 0.735294 0.695262 0.738235 0.696543 0.741176 0.696543 0.752941 0.697823 0.755882 0.696543 0.758824 0.697823 0.761765 0.697823 0.776471 0.699104 0.779412 0.699104 0.782353 0.697823 0.785294 0.701665 0.794118 0.701665 0.811765 0.702945 0.811765 0.704225 0.814706 0.704225 0.817647 0.702945 0.820588 0.701665 0.817647 0.701665 0.820588 0.702945 0.820588 0.704225 0.823529 0.704225 0.829412 0.705506 0.832353 0.705506 0.811765 0.706786 0.808824 0.706786 0.800000 0.708067 0.797059 0.708067 0.785294 0.709347 0.782353 0.710627 0.785294 0.710627 0.800000 0.710627 0.782353 0.709347 0.779412 0.709347 0.776471 0.706786 0.770588 0.706786 0.767647 0.705506 0.764706 0.705506 0.761765 0.704225 0.758824 0.704225 0.752941 0.705506 0.750000 0.706786 0.752941 0.706786 0.755882 0.708067 0.758824 0.708067 0.761765 0.709347 0.764706 0.709347 0.767647 0.709347 0.755882 0.708067 0.755882 0.706786 0.752941 0.708067 0.750000 0.709347 0.750000 0.709347 0.741176 0.710627 0.738235 0.711908 0.741176 0.711908 0.750000 0.711908 0.747059 0.713188 0.744118 0.714469 0.744118 0.714469 0.741176 0.715749 0.738235 0.713188 0.744118 0.711908 0.741176 0.711908 0.723529 0.713188 0.720588 0.714469 0.723529 0.714469 0.729412 0.714469 0.714706 0.713188 0.717647 0.711908 0.717647 0.711908 0.720588 0.710627 0.723529 0.709347 0.720588 0.709347 0.711765 0.708067 0.714706 0.705506 0.708824 0.705506 0.700000 0.706786 0.697059
2 0.558259 0.676471 0.558259 0.679412 0.556978 0.682353 0.556978 0.691176 0.558259 0.694118 0.558259 0.697059 0.556978 0.700000 0.555698 0.697059 0.555698 0.700000 0.554417 0.702941 0.556978 0.702941 0.560819 0.711765 0.559539 0.714706 0.558259 0.714706 0.558259 0.717647 0.560819 0.723529 0.562100 0.723529 0.563380 0.720588 0.564661 0.723529 0.564661 0.726471 0.565941 0.729412 0.565941 0.732353 0.565941 0.702941 0.567222 0.700000 0.569782 0.705882 0.568502 0.708824 0.568502 0.714706 0.572343 0.714706 0.573624 0.717647 0.572343 0.720588 0.573624 0.717647 0.574904 0.720588 0.577465 0.714706 0.577465 0.702941 0.576184 0.702941 0.574904 0.700000 0.574904 0.697059 0.572343 0.691176 0.573624 0.688235 0.574904 0.688235 0.576184 0.691176 0.576184 0.688235 0.574904 0.685294 0.574904 0.682353 0.573624 0.682353 0.572343 0.685294 0.571063 0.682353 0.569782 0.682353 0.567222 0.688235 0.565941 0.685294 0.565941 0.682353 0.564661 0.679412 0.563380 0.679412 0.564661 0.682353 0.564661 0.688235 0.565941 0.691176 0.565941 0.697059 0.564661 0.700000 0.563380 0.700000 0.562100 0.697059 0.560819 0.700000 0.559539 0.697059 0.559539 0.694118 0.558259 0.694118 0.556978 0.691176 0.558259 0.688235 0.558259 0.685294 0.559539 0.682353 0.559539 0.679412 0.560819 0.676471
2 0.613316 0.673529 0.613316 0.679412 0.612036 0.682353 0.612036 0.694118 0.610755 0.697059 0.609475 0.694118 0.609475 0.688235 0.609475 0.691176 0.608195 0.694118 0.609475 0.697059 0.608195 0.700000 0.608195 0.705882 0.609475 0.705882 0.610755 0.708824 0.609475 0.711765 0.609475 0.714706 0.612036 0.714706 0.613316 0.717647 0.612036 0.720588 0.614597 0.726471 0.614597 0.729412 0.615877 0.729412 0.617157 0.726471 0.618438 0.726471 0.618438 0.723529 0.617157 0.720588 0.618438 0.717647 0.618438 0.711765 0.619718 0.708824 0.619718 0.705882 0.620999 0.702941 0.619718 0.700000 0.619718 0.694118 0.620999 0.691176 0.620999 0.688235 0.619718 0.685294 0.620999 0.682353 0.620999 0.679412 0.619718 0.682353 0.619718 0.691176 0.618438 0.694118 0.617157 0.691176 0.617157 0.685294 0.615877 0.682353 0.615877 0.673529
2 0.523688 0.673529 0.522407 0.676471 0.522407 0.679412 0.521127 0.682353 0.519846 0.679412 0.521127 0.682353 0.521127 0.691176 0.522407 0.694118 0.518566 0.702941 0.518566 0.705882 0.519846 0.708824 0.516005 0.717647 0.514725 0.714706 0.513444 0.714706 0.510883 0.708824 0.510883 0.697059 0.509603 0.694118 0.509603 0.691176 0.508323 0.688235 0.508323 0.685294 0.510883 0.679412 0.508323 0.679412 0.508323 0.685294 0.505762 0.691176 0.505762 0.700000 0.504481 0.702941 0.501921 0.697059 0.499360 0.697059 0.498079 0.700000 0.496799 0.697059 0.492958 0.705882 0.491677 0.705882 0.492958 0.708824 0.492958 0.711765 0.491677 0.714706 0.491677 0.726471 0.490397 0.729412 0.489117 0.729412 0.487836 0.726471 0.487836 0.723529 0.489117 0.720588 0.489117 0.717647 0.487836 0.717647 0.485275 0.711765 0.485275 0.705882 0.483995 0.702941 0.483995 0.714706 0.482714 0.717647 0.483995 0.720588 0.483995 0.741176 0.482714 0.744118 0.483995 0.747059 0.483995 0.752941 0.482714 0.755882 0.483995 0.758824 0.483995 0.764706 0.485275 0.767647 0.485275 0.788235 0.483995 0.791176 0.482714 0.791176 0.482714 0.794118 0.483995 0.791176 0.485275 0.791176 0.485275 0.782353 0.486556 0.779412 0.487836 0.779412 0.489117 0.782353 0.489117 0.788235 0.487836 0.791176 0.490397 0.797059 0.489117 0.800000 0.489117 0.805882 0.491677 0.811765 0.491677 0.814706 0.490397 0.817647 0.489117 0.817647 0.487836 0.820588 0.487836 0.826471 0.486556 0.829412 0.489117 0.835294 0.487836 0.838235 0.487836 0.841176 0.486556 0.844118 0.486556 0.855882 0.485275 0.858824 0.485275 0.864706 0.483995 0.867647 0.483995 0.882353 0.482714 0.885294 0.482714 0.888235 0.481434 0.891176 0.478873 0.891176 0.480154 0.894118 0.480154 0.905882 0.481434 0.908824 0.481434 0.914706 0.480154 0.917647 0.481434 0.920588 0.481434 0.926471 0.482714 0.929412 0.482714 0.932353 0.481434 0.935294 0.480154 0.932353 0.480154 0.941176 0.476312 0.950000 0.475032 0.947059 0.475032 0.944118 0.473752 0.941176 0.473752 0.938235 0.475032 0.935294 0.476312 0.938235 0.476312 0.920588 0.477593 0.917647 0.477593 0.908824 0.476312 0.905882 0.477593 0.902941 0.476312 0.900000 0.476312 0.873529 0.475032 0.870588 0.475032 0.861765 0.476312 0.858824 0.475032 0.861765 0.473752 0.858824 0.473752 0.855882 0.476312 0.850000 0.476312 0.847059 0.475032 0.847059 0.473752 0.844118 0.473752 0.808824 0.475032 0.805882 0.476312 0.808824 0.476312 0.829412 0.478873 0.823529 0.478873 0.808824 0.477593 0.805882 0.477593 0.788235 0.476312 0.785294 0.476312 0.779412 0.477593 0.776471 0.477593 0.773529 0.478873 0.770588 0.477593 0.767647 0.477593 0.761765 0.476312 0.758824 0.476312 0.755882 0.477593 0.752941 0.478873 0.755882 0.478873 0.752941 0.477593 0.752941 0.476312 0.750000 0.476312 0.747059 0.477593 0.744118 0.477593 0.738235 0.476312 0.738235 0.475032 0.735294 0.475032 0.732353 0.476312 0.729412 0.475032 0.726471 0.477593 0.720588 0.477593 0.717647 0.476312 0.714706 0.476312 0.711765 0.475032 0.711765 0.473752 0.708824 0.475032 0.705882 0.475032 0.691176 0.476312 0.688235 0.476312 0.682353 0.473752 0.688235 0.472471 0.685294 0.472471 0.682353 0.471191 0.682353 0.469910 0.685294 0.468630 0.682353 0.468630 0.688235 0.467350 0.691176 0.467350 0.694118 0.466069 0.697059 0.464789 0.694118 0.464789 0.702941 0.462228 0.708824 0.460948 0.705882 0.460948 0.714706 0.462228 0.717647 0.462228 0.720588 0.460948 0.723529 0.460948 0.729412 0.459667 0.732353 0.457106 0.726471 0.458387 0.723529 0.458387 0.708824 0.458387 0.711765 0.455826 0.717647 0.454545 0.714706 0.454545 0.705882 0.455826 0.702941 0.455826 0.700000 0.457106 0.697059 0.457106 0.691176 0.458387 0.688235 0.457106 0.688235 0.455826 0.691176 0.454545 0.688235 0.454545 0.694118 0.453265 0.697059 0.453265 0.700000 0.450704 0.705882 0.449424 0.705882 0.448143 0.702941 0.448143 0.697059 0.449424 0.694118 0.449424 0.691176 0.448143 0.688235 0.449424 0.685294 0.449424 0.682353 0.446863 0.682353 0.446863 0.685294 0.448143 0.688235 0.446863 0.691176 0.446863 0.697059 0.445583 0.700000 0.445583 0.705882 0.444302 0.708824 0.443022 0.705882 0.443022 0.702941 0.441741 0.702941 0.440461 0.700000 0.440461 0.691176 0.440461 0.694118 0.439181 0.697059 0.437900 0.694118 0.437900 0.688235 0.436620 0.688235 0.435339 0.685294 0.435339 0.682353 0.434059 0.682353 0.432778 0.685294 0.430218 0.685294 0.428937 0.688235 0.428937 0.691176 0.427657 0.694118 0.426376 0.694118 0.426376 0.700000 0.425096 0.702941 0.423816 0.702941 0.422535 0.705882 0.419974 0.705882 0.419974 0.708824 0.418694 0.711765 0.417414 0.711765 0.417414 0.720588 0.416133 0.723529 0.414853 0.720588 0.414853 0.708824 0.412292 0.708824 0.411012 0.705882 0.411012 0.694118 0.411012 0.697059 0.409731 0.700000 0.408451 0.697059 0.408451 0.691176 0.407170 0.691176 0.407170 0.697059 0.405890 0.700000 0.404609 0.700000 0.404609 0.711765 0.408451 0.720588 0.407170 0.723529 0.405890 0.723529 0.404609 0.720588 0.404609 0.732353 0.403329 0.735294 0.403329 0.741176 0.402049 0.744118 0.400768 0.741176 0.399488 0.744118 0.398207 0.741176 0.398207 0.738235 0.399488 0.735294 0.399488 0.732353 0.400768 0.729412 0.400768 0.726471 0.399488 0.726471 0.398207 0.729412 0.396927 0.726471 0.396927 0.723529 0.396927 0.726471 0.395647 0.729412 0.395647 0.735294 0.393086 0.741176 0.393086 0.747059 0.390525 0.752941 0.389245 0.750000 0.389245 0.744118 0.390525 0.741176 0.390525 0.735294 0.393086 0.729412 0.390525 0.723529 0.391805 0.726471 0.390525 0.729412 0.390525 0.738235 0.389245 0.741176 0.387964 0.738235 0.387964 0.720588 0.386684 0.717647 0.386684 0.697059 0.384123 0.691176 0.384123 0.688235 0.382843 0.685294 0.384123 0.682353 0.381562 0.682353 0.381562 0.691176 0.380282 0.694118 0.379001 0.691176 0.379001 0.688235 0.377721 0.685294 0.377721 0.679412 0.376440 0.679412 0.376440 0.688235 0.377721 0.691176 0.377721 0.700000 0.379001 0.700000 0.380282 0.702941 0.379001 0.705882 0.380282 0.708824 0.380282 0.711765 0.379001 0.714706 0.377721 0.714706 0.376440 0.711765 0.375160 0.711765 0.375160 0.723529 0.375160 0.720588 0.377721 0.714706 0.379001 0.717647 0.379001 0.720588 0.377721 0.723529 0.377721 0.726471 0.376440 0.729412 0.373880 0.729412 0.372599 0.726471 0.372599 0.723529 0.372599 0.726471 0.370038 0.732353 0.371319 0.735294 0.372599 0.735294 0.373880 0.738235 0.372599 0.741176 0.373880 0.744118 0.373880 0.750000 0.372599 0.752941 0.371319 0.750000 0.370038 0.752941 0.368758 0.750000 0.368758 0.747059 0.370038 0.744118 0.368758 0.747059 0.367478 0.747059 0.366197 0.750000 0.364917 0.750000 0.363636 0.747059 0.367478 0.755882 0.367478 0.758824 0.368758 0.761765 0.370038 0.758824 0.371319 0.761765 0.371319 0.764706 0.370038 0.767647 0.371319 0.770588 0.371319 0.773529 0.372599 0.776471 0.370038 0.782353 0.368758 0.782353 0.371319 0.788235 0.371319 0.791176 0.370038 0.794118 0.368758 0.791176 0.367478 0.791176 0.366197 0.788235 0.368758 0.794118 0.368758 0.797059 0.367478 0.800000 0.361076 0.785294 0.362356 0.788235 0.362356 0.791176 0.358515 0.800000 0.357234 0.797059 0.355954 0.800000 0.357234 0.802941 0.354673 0.808824 0.352113 0.808824 0.350832 0.805882 0.352113 0.808824 0.352113 0.811765 0.349552 0.817647 0.350832 0.814706 0.352113 0.817647 0.352113 0.820588 0.350832 0.823529 0.350832 0.826471 0.349552 0.829412 0.349552 0.832353 0.348271 0.835294 0.348271 0.838235 0.346991 0.841176 0.345711 0.838235 0.345711 0.835294 0.345711 0.838235 0.344430 0.841176 0.343150 0.841176 0.341869 0.838235 0.343150 0.835294 0.343150 0.832353 0.344430 0.829412 0.344430 0.826471 0.345711 0.823529 0.345711 0.820588 0.346991 0.817647 0.346991 0.811765 0.348271 0.808824 0.348271 0.802941 0.350832 0.797059 0.349552 0.797059 0.348271 0.794118 0.349552 0.791176 0.349552 0.788235 0.350832 0.785294 0.350832 0.782353 0.352113 0.779412 0.352113 0.776471 0.353393 0.773529 0.355954 0.773529 0.353393 0.773529 0.352113 0.770588 0.354673 0.764706 0.353393 0.761765 0.353393 0.758824 0.354673 0.755882 0.354673 0.752941 0.353393 0.752941 0.352113 0.750000 0.352113 0.747059 0.353393 0.744118 0.354673 0.744118 0.354673 0.738235 0.355954 0.735294 0.355954 0.729412 0.357234 0.726471 0.357234 0.723529 0.358515 0.720588 0.357234 0.717647 0.358515 0.714706 0.358515 0.711765 0.359795 0.708824 0.357234 0.714706 0.354673 0.708824 0.355954 0.705882 0.355954 0.702941 0.357234 0.700000 0.357234 0.694118 0.359795 0.688235 0.359795 0.682353 0.357234 0.688235 0.355954 0.685294 0.355954 0.691176 0.354673 0.694118 0.353393 0.691176 0.353393 0.697059 0.352113 0.700000 0.350832 0.697059 0.350832 0.694118 0.349552 0.697059 0.348271 0.697059 0.346991 0.700000 0.345711 0.700000 0.344430 0.702941 0.343150 0.700000 0.343150 0.691176 0.344430 0.688235 0.343150 0.685294 0.343150 0.679412 0.340589 0.679412 0.340589 0.694118 0.339309 0.697059 0.339309 0.723529 0.338028 0.726471 0.336748 0.723529 0.336748 0.691176 0.332907 0.691176 0.332907 0.697059 0.334187 0.700000 0.334187 0.705882 0.335467 0.708824 0.335467 0.711765 0.334187 0.714706 0.335467 0.717647 0.332907 0.723529 0.331626 0.723529 0.329065 0.717647 0.329065 0.714706 0.326504 0.708824 0.327785 0.705882 0.326504 0.705882 0.325224 0.708824 0.323944 0.705882 0.323944 0.700000 0.320102 0.700000 0.318822 0.697059 0.318822 0.694118 0.320102 0.691176 0.320102 0.685294 0.318822 0.682353 0.318822 0.685294 0.317542 0.688235 0.316261 0.688235 0.316261 0.691176 0.314981 0.694118 0.313700 0.694118 0.313700 0.700000 0.312420 0.702941 0.311140 0.700000 0.311140 0.697059 0.311140 0.702941 0.309859 0.705882 0.309859 0.708824 0.307298 0.714706 0.307298 0.723529 0.306018 0.726471 0.304738 0.726471 0.303457 0.723529 0.303457 0.714706 0.303457 0.717647 0.302177 0.720588 0.300896 0.717647 0.300896 0.702941 0.299616 0.705882 0.298335 0.702941 0.298335 0.700000 0.297055 0.700000 0.295775 0.697059 0.295775 0.694118 0.294494 0.694118 0.294494 0.700000 0.293214 0.702941 0.291933 0.702941 0.290653 0.700000 0.288092 0.705882 0.286812 0.702941 0.286812 0.700000 0.284251 0.700000 0.281690 0.694118 0.280410 0.697059 0.277849 0.697059 0.276569 0.700000 0.275288 0.697059 0.274008 0.697059 0.272727 0.694118 0.270166 0.700000 0.268886 0.697059 0.267606 0.700000 0.266325 0.700000 0.266325 0.702941 0.265045 0.705882 0.265045 0.708824 0.263764 0.711765 0.262484 0.708824 0.262484 0.702941 0.263764 0.700000 0.262484 0.702941 0.261204 0.700000 0.259923 0.700000 0.258643 0.702941 0.258643 0.723529 0.257362 0.726471 0.257362 0.738235 0.256082 0.741176 0.254802 0.738235 0.254802 0.735294 0.253521 0.738235 0.252241 0.738235 0.252241 0.744118 0.250960 0.747059 0.249680 0.747059 0.248399 0.744118 0.247119 0.744118 0.247119 0.752941 0.248399 0.755882 0.245839 0.761765 0.244558 0.758824 0.244558 0.755882 0.243278 0.755882 0.241997 0.752941 0.240717 0.752941 0.239437 0.750000 0.239437 0.747059 0.240717 0.744118 0.240717 0.738235 0.239437 0.735294 0.239437 0.732353 0.238156 0.729412 0.238156 0.726471 0.239437 0.723529 0.239437 0.717647 0.236876 0.717647 0.236876 0.720588 0.235595 0.723529 0.234315 0.723529 0.233035 0.720588 0.233035 0.729412 0.231754 0.732353 0.230474 0.729412 0.230474 0.726471 0.229193 0.723529 0.227913 0.723529 0.229193 0.726471 0.229193 0.729412 0.227913 0.732353 0.229193 0.735294 0.229193 0.741176 0.227913 0.744118 0.226633 0.741176 0.226633 0.747059 0.227913 0.750000 0.227913 0.752941 0.226633 0.755882 0.225352 0.752941 0.226633 0.755882 0.225352 0.758824 0.225352 0.761765 0.224072 0.764706 0.224072 0.773529 0.222791 0.776471 0.221511 0.773529 0.221511 0.767647 0.220230 0.764706 0.221511 0.761765 0.221511 0.758824 0.222791 0.755882 0.222791 0.744118 0.221511 0.741176 0.224072 0.735294 0.224072 0.732353 0.222791 0.729412 0.222791 0.726471 0.221511 0.723529 0.222791 0.720588 0.222791 0.714706 0.221511 0.711765 0.222791 0.708824 0.222791 0.705882 0.224072 0.702941 0.221511 0.702941 0.221511 0.705882 0.220230 0.708824 0.216389 0.708824 0.217670 0.711765 0.216389 0.714706 0.215109 0.714706 0.213828 0.711765 0.209987 0.711765 0.207426 0.717647 0.207426 0.720588 0.206146 0.723529 0.206146 0.726471 0.207426 0.729412 0.206146 0.732353 0.206146 0.735294 0.204866 0.738235 0.206146 0.741176 0.206146 0.747059 0.204866 0.750000 0.204866 0.752941 0.203585 0.755882 0.203585 0.758824 0.206146 0.764706 0.204866 0.767647 0.204866 0.770588 0.203585 0.773529 0.202305 0.770588 0.202305 0.776471 0.203585 0.779412 0.203585 0.782353 0.204866 0.785294 0.203585 0.788235 0.203585 0.794118 0.202305 0.797059 0.201024 0.797059 0.201024 0.800000 0.199744 0.802941 0.201024 0.802941 0.202305 0.805882 0.201024 0.808824 0.199744 0.808824 0.201024 0.808824 0.202305 0.811765 0.201024 0.814706 0.199744 0.814706 0.199744 0.820588 0.198464 0.823529 0.197183 0.820588 0.197183 0.817647 0.195903 0.814706 0.197183 0.811765 0.195903 0.808824 0.195903 0.805882 0.197183 0.802941 0.195903 0.800000 0.195903 0.797059 0.197183 0.794118 0.197183 0.776471 0.198464 0.773529 0.198464 0.770588 0.197183 0.767647 0.198464 0.764706 0.199744 0.764706 0.199744 0.755882 0.201024 0.752941 0.201024 0.729412 0.199744 0.732353 0.199744 0.738235 0.198464 0.741176 0.197183 0.738235 0.197183 0.732353 0.195903 0.732353 0.194622 0.729412 0.194622 0.726471 0.195903 0.723529 0.195903 0.717647 0.195903 0.723529 0.194622 0.726471 0.193342 0.723529 0.193342 0.720588 0.193342 0.723529 0.192061 0.726471 0.190781 0.723529 0.190781 0.708824 0.188220 0.714706 0.186940 0.711765 0.186940 0.708824 0.185659 0.705882 0.184379 0.705882 0.183099 0.702941 0.181818 0.702941 0.180538 0.705882 0.179257 0.702941 0.176697 0.708824 0.175416 0.705882 0.175416 0.711765 0.176697 0.714706 0.175416 0.717647 0.174136 0.717647 0.172855 0.720588 0.174136 0.723529 0.172855 0.726471 0.172855 0.738235 0.170294 0.744118 0.169014 0.744118 0.166453 0.738235 0.165173 0.741176 0.162612 0.741176 0.162612 0.747059 0.161332 0.750000 0.160051 0.750000 0.158771 0.747059 0.158771 0.741176 0.157490 0.741176 0.156210 0.744118 0.154930 0.744118 0.153649 0.741176 0.152369 0.744118 0.149808 0.744118 0.148528 0.741176 0.145967 0.747059 0.142125 0.747059 0.140845 0.750000 0.139565 0.747059 0.139565 0.744118 0.137004 0.744118 0.135723 0.747059 0.135723 0.752941 0.137004 0.755882 0.137004 0.764706 0.133163 0.773529 0.133163 0.779412 0.131882 0.782353 0.131882 0.788235 0.128041 0.797059 0.126761 0.794118 0.126761 0.788235 0.128041 0.785294 0.128041 0.767647 0.128041 0.776471 0.126761 0.779412 0.126761 0.791176 0.125480 0.794118 0.125480 0.797059 0.124200 0.800000 0.125480 0.802941 0.124200 0.805882 0.124200 0.811765 0.122919 0.814706 0.122919 0.823529 0.121639 0.826471 0.121639 0.829412 0.120359 0.832353 0.119078 0.832353 0.116517 0.826471 0.116517 0.817647 0.115237 0.814706 0.113956 0.814706 0.112676 0.811765 0.112676 0.782353 0.112676 0.800000 0.111396 0.802941 0.112676 0.805882 0.111396 0.808824 0.112676 0.811765 0.111396 0.814706 0.111396 0.817647 0.110115 0.820588 0.108835 0.820588 0.107554 0.817647 0.106274 0.817647 0.104994 0.814706 0.106274 0.811765 0.106274 0.808824 0.107554 0.805882 0.104994 0.811765 0.104994 0.814706 0.101152 0.823529 0.101152 0.826471 0.102433 0.829412 0.099872 0.835294 0.099872 0.838235 0.098592 0.841176 0.096031 0.841176 0.096031 0.844118 0.093470 0.850000 0.093470 0.861765 0.092190 0.864706 0.092190 0.867647 0.090909 0.870588 0.090909 0.873529 0.089629 0.876471 0.088348 0.873529 0.088348 0.870588 0.088348 0.873529 0.085787 0.879412 0.084507 0.876471 0.084507 0.870588 0.085787 0.867647 0.085787 0.852941 0.087068 0.850000 0.087068 0.841176 0.085787 0.838235 0.085787 0.826471 0.084507 0.823529 0.085787 0.820588 0.085787 0.808824 0.087068 0.805882 0.089629 0.811765 0.089629 0.820588 0.090909 0.817647 0.090909 0.814706 0.092190 0.811765 0.093470 0.814706 0.093470 0.820588 0.093470 0.811765 0.092190 0.811765 0.090909 0.808824 0.090909 0.805882 0.089629 0.802941 0.089629 0.794118 0.093470 0.785294 0.093470 0.782353 0.101152 0.764706 0.101152 0.761765 0.103713 0.755882 0.103713 0.750000 0.102433 0.750000 0.101152 0.747059 0.099872 0.750000 0.098592 0.750000 0.093470 0.761765 0.092190 0.758824 0.092190 0.755882 0.090909 0.752941 0.093470 0.747059 0.093470 0.744118 0.094750 0.741176 0.094750 0.738235 0.088348 0.738235 0.087068 0.741176 0.087068 0.744118 0.084507 0.750000 0.084507 0.752941 0.083227 0.755882 0.080666 0.755882 0.079385 0.752941 0.079385 0.750000 0.076825 0.750000 0.076825 0.758824 0.075544 0.761765 0.074264 0.761765 0.071703 0.767647 0.070423 0.764706 0.067862 0.764706 0.064020 0.773529 0.062740 0.773529 0.061460 0.776471 0.061460 0.779412 0.060179 0.782353 0.058899 0.782353 0.056338 0.776471 0.056338 0.764706 0.056338 0.770588 0.053777 0.776471 0.053777 0.779412 0.051216 0.785294 0.053777 0.791176 0.052497 0.794118 0.052497 0.800000 0.051216 0.802941 0.051216 0.808824 0.049936 0.811765 0.049936 0.817647 0.048656 0.820588 0.048656 0.826471 0.047375 0.829412 0.047375 0.835294 0.046095 0.838235 0.046095 0.850000 0.044814 0.852941 0.044814 0.861765 0.043534 0.864706 0.042254 0.861765 0.042254 0.844118 0.043534 0.841176 0.043534 0.800000 0.043534 0.814706 0.042254 0.817647 0.042254 0.835294 0.040973 0.838235 0.040973 0.847059 0.042254 0.850000 0.042254 0.870588 0.040973 0.873529 0.039693 0.870588 0.039693 0.867647 0.039693 0.876471 0.038412 0.879412 0.037132 0.876471 0.037132 0.867647 0.035851 0.864706 0.035851 0.850000 0.037132 0.847059 0.035851 0.850000 0.034571 0.847059 0.034571 0.838235 0.034571 0.844118 0.033291 0.847059 0.033291 0.855882 0.032010 0.858824 0.032010 0.867647 0.030730 0.870588 0.030730 0.876471 0.029449 0.879412 0.028169 0.876471 0.028169 0.873529 0.028169 0.876471 0.026889 0.879412 0.025608 0.876471 0.025608 0.870588 0.026889 0.867647 0.025608 0.864706 0.025608 0.861765 0.026889 0.858824 0.028169 0.861765 0.026889 0.858824 0.026889 0.855882 0.025608 0.852941 0.025608 0.835294 0.026889 0.832353 0.026889 0.814706 0.026889 0.826471 0.025608 0.829412 0.025608 0.841176 0.024328 0.844118 0.024328 0.870588 0.023047 0.873529 0.023047 0.882353 0.020487 0.888235 0.020487 0.891176 0.019206 0.894118 0.020487 0.897059 0.017926 0.902941 0.014085 0.902941 0.012804 0.905882 0.011524 0.905882 0.011524 0.941176 0.012804 0.944118 0.012804 0.950000 0.014085 0.952941 0.014085 0.961765 0.012804 0.964706 0.012804 0.967647 0.011524 0.970588 0.010243 0.967647 0.010243 0.955882 0.010243 0.958824 0.008963 0.961765 0.008963 0.970588 0.007682 0.973529 0.007682 0.982353 0.006402 0.985294 0.006402 0.994118 0.005122 0.997059 0.008963 0.997059 0.008963 0.988235 0.010243 0.985294 0.011524 0.988235 0.011524 0.997059 0.019206 0.997059 0.019206 0.994118 0.020487 0.991176 0.021767 0.994118 0.021767 0.997059 0.023047 0.997059 0.023047 0.988235 0.024328 0.985294 0.024328 0.976471 0.025608 0.973529 0.025608 0.967647 0.026889 0.964706 0.025608 0.961765 0.026889 0.958824 0.026889 0.955882 0.028169 0.952941 0.028169 0.950000 0.029449 0.947059 0.029449 0.944118 0.030730 0.941176 0.033291 0.947059 0.032010 0.950000 0.032010 0.961765 0.030730 0.964706 0.030730 0.979412 0.032010 0.979412 0.033291 0.982353 0.033291 0.985294 0.032010 0.988235 0.030730 0.985294 0.029449 0.988235 0.029449 0.994118 0.030730 0.997059 0.030730 0.991176 0.033291 0.985294 0.034571 0.988235 0.034571 0.991176 0.035851 0.994118 0.035851 0.997059 0.040973 0.997059 0.042254 0.994118 0.043534 0.997059 0.044814 0.997059 0.046095 0.994118 0.047375 0.997059 0.076825 0.997059 0.078105 0.994118 0.080666 0.994118 0.081946 0.997059 0.098592 0.997059 0.098592 0.994118 0.099872 0.991176 0.099872 0.988235 0.101152 0.985294 0.101152 0.979412 0.102433 0.976471 0.102433 0.970588 0.103713 0.967647 0.103713 0.955882 0.102433 0.958824 0.102433 0.961765 0.101152 0.964706 0.099872 0.961765 0.099872 0.952941 0.101152 0.950000 0.102433 0.950000 0.103713 0.947059 0.103713 0.935294 0.102433 0.932353 0.102433 0.923529 0.103713 0.920588 0.103713 0.914706 0.104994 0.911765 0.104994 0.902941 0.106274 0.900000 0.106274 0.891176 0.107554 0.888235 0.106274 0.885294 0.106274 0.882353 0.104994 0.882353 0.103713 0.879412 0.103713 0.873529 0.103713 0.879412 0.104994 0.882353 0.104994 0.885294 0.103713 0.888235 0.104994 0.891176 0.103713 0.894118 0.103713 0.897059 0.103713 0.894118 0.104994 0.891176 0.106274 0.894118 0.106274 0.900000 0.104994 0.902941 0.104994 0.908824 0.103713 0.911765 0.102433 0.911765 0.102433 0.914706 0.101152 0.917647 0.099872 0.914706 0.098592 0.917647 0.098592 0.920588 0.099872 0.923529 0.099872 0.929412 0.101152 0.932353 0.101152 0.935294 0.099872 0.938235 0.097311 0.932353 0.097311 0.929412 0.097311 0.935294 0.092190 0.947059 0.089629 0.947059 0.088348 0.950000 0.087068 0.947059 0.085787 0.950000 0.084507 0.947059 0.083227 0.947059 0.081946 0.950000 0.080666 0.947059 0.080666 0.944118 0.079385 0.941176 0.079385 0.935294 0.078105 0.932353 0.078105 0.929412 0.079385 0.926471 0.081946 0.932353 0.081946 0.935294 0.083227 0.938235 0.084507 0.938235 0.084507 0.932353 0.083227 0.932353 0.081946 0.929412 0.083227 0.926471 0.085787 0.926471 0.084507 0.926471 0.083227 0.923529 0.084507 0.920588 0.087068 0.920588 0.087068 0.917647 0.085787 0.914706 0.085787 0.908824 0.087068 0.905882 0.087068 0.902941 0.088348 0.900000 0.088348 0.897059 0.089629 0.894118 0.090909 0.897059 0.090909 0.894118 0.089629 0.891176 0.089629 0.888235 0.090909 0.885294 0.090909 0.882353 0.092190 0.879412 0.092190 0.876471 0.093470 0.873529 0.094750 0.876471 0.094750 0.882353 0.094750 0.873529 0.096031 0.870588 0.096031 0.864706 0.097311 0.861765 0.098592 0.864706 0.101152 0.864706 0.102433 0.867647 0.102433 0.864706 0.103713 0.861765 0.104994 0.864706 0.104994 0.867647 0.104994 0.864706 0.106274 0.861765 0.107554 0.864706 0.107554 0.867647 0.108835 0.867647 0.110115 0.870588 0.110115 0.873529 0.108835 0.876471 0.108835 0.879412 0.112676 0.879412 0.112676 0.876471 0.113956 0.873529 0.116517 0.879412 0.113956 0.885294 0.113956 0.891176 0.113956 0.888235 0.115237 0.885294 0.116517 0.888235 0.116517 0.897059 0.113956 0.902941 0.112676 0.902941 0.113956 0.905882 0.113956 0.911765 0.112676 0.914706 0.113956 0.911765 0.115237 0.914706 0.115237 0.920588 0.113956 0.923529 0.111396 0.923529 0.111396 0.926471 0.112676 0.929412 0.111396 0.932353 0.112676 0.935294 0.108835 0.944118 0.108835 0.950000 0.108835 0.947059 0.110115 0.944118 0.110115 0.941176 0.111396 0.938235 0.112676 0.941176 0.112676 0.947059 0.113956 0.950000 0.112676 0.952941 0.112676 0.955882 0.115237 0.961765 0.113956 0.964706 0.113956 0.967647 0.112676 0.970588 0.112676 0.979412 0.111396 0.982353 0.110115 0.982353 0.111396 0.985294 0.111396 0.988235 0.110115 0.991176 0.110115 0.997059 0.111396 0.997059 0.111396 0.991176 0.112676 0.988235 0.112676 0.982353 0.113956 0.979412 0.115237 0.982353 0.115237 0.988235 0.116517 0.991176 0.116517 0.994118 0.115237 0.997059 0.117798 0.997059 0.117798 0.994118 0.119078 0.991176 0.120359 0.994118 0.120359 0.997059 0.121639 0.997059 0.122919 0.994118 0.124200 0.997059 0.130602 0.997059 0.130602 0.994118 0.129321 0.991176 0.129321 0.979412 0.128041 0.976471 0.128041 0.961765 0.126761 0.958824 0.126761 0.950000 0.125480 0.947059 0.125480 0.935294 0.126761 0.932353 0.128041 0.935294 0.128041 0.938235 0.129321 0.941176 0.129321 0.944118 0.130602 0.947059 0.130602 0.950000 0.129321 0.952941 0.130602 0.950000 0.131882 0.952941 0.131882 0.955882 0.133163 0.958824 0.133163 0.961765 0.134443 0.964706 0.134443 0.967647 0.135723 0.970588 0.135723 0.973529 0.137004 0.976471 0.137004 0.979412 0.138284 0.979412 0.139565 0.982353 0.139565 0.988235 0.140845 0.988235 0.140845 0.970588 0.142125 0.967647 0.142125 0.955882 0.143406 0.952941 0.144686 0.955882 0.144686 0.976471 0.143406 0.979412 0.143406 0.997059 0.162612 0.997059 0.162612 0.991176 0.163892 0.988235 0.165173 0.991176 0.165173 0.997059 0.183099 0.997059 0.184379 0.994118 0.185659 0.997059 0.192061 0.997059 0.192061 0.994118 0.193342 0.991176 0.194622 0.994118 0.194622 0.997059 0.194622 0.994118 0.195903 0.991176 0.197183 0.994118 0.197183 0.997059 0.197183 0.994118 0.198464 0.991176 0.199744 0.991176 0.201024 0.994118 0.201024 0.997059 0.236876 0.997059 0.236876 0.994118 0.235595 0.991176 0.235595 0.988235 0.236876 0.985294 0.238156 0.988235 0.238156 0.979412 0.239437 0.976471 0.239437 0.970588 0.240717 0.967647 0.241997 0.967647 0.241997 0.958824 0.241997 0.961765 0.240717 0.964706 0.240717 0.967647 0.238156 0.973529 0.236876 0.970588 0.236876 0.967647 0.238156 0.964706 0.238156 0.961765 0.239437 0.958824 0.239437 0.955882 0.240717 0.952941 0.239437 0.950000 0.239437 0.947059 0.240717 0.944118 0.241997 0.947059 0.244558 0.941176 0.243278 0.941176 0.243278 0.944118 0.241997 0.947059 0.240717 0.944118 0.239437 0.947059 0.238156 0.944118 0.238156 0.938235 0.239437 0.935294 0.239437 0.926471 0.238156 0.929412 0.238156 0.932353 0.236876 0.935294 0.235595 0.932353 0.235595 0.929412 0.234315 0.926471 0.234315 0.923529 0.235595 0.920588 0.236876 0.923529 0.238156 0.920588 0.236876 0.920588 0.235595 0.917647 0.235595 0.911765 0.236876 0.908824 0.238156 0.911765 0.238156 0.914706 0.239437 0.911765 0.240717 0.914706 0.240717 0.905882 0.239437 0.902941 0.240717 0.900000 0.240717 0.876471 0.241997 0.873529 0.243278 0.876471 0.243278 0.882353 0.244558 0.882353 0.245839 0.885294 0.245839 0.888235 0.244558 0.891176 0.243278 0.888235 0.243278 0.891176 0.244558 0.894118 0.244558 0.891176 0.245839 0.888235 0.245839 0.885294 0.247119 0.882353 0.248399 0.885294 0.248399 0.891176 0.247119 0.894118 0.247119 0.902941 0.245839 0.905882 0.245839 0.914706 0.244558 0.917647 0.244558 0.923529 0.245839 0.923529 0.247119 0.926471 0.247119 0.929412 0.245839 0.932353 0.245839 0.935294 0.247119 0.932353 0.248399 0.935294 0.248399 0.941176 0.250960 0.941176 0.252241 0.944118 0.250960 0.947059 0.249680 0.947059 0.248399 0.950000 0.247119 0.947059 0.245839 0.947059 0.244558 0.950000 0.244558 0.952941 0.245839 0.955882 0.245839 0.961765 0.245839 0.955882 0.247119 0.952941 0.248399 0.955882 0.250960 0.950000 0.252241 0.952941 0.250960 0.950000 0.252241 0.947059 0.252241 0.944118 0.254802 0.938235 0.257362 0.944118 0.257362 0.947059 0.257362 0.944118 0.258643 0.941176 0.259923 0.944118 0.258643 0.941176 0.259923 0.938235 0.258643 0.941176 0.257362 0.938235 0.256082 0.941176 0.254802 0.938235 0.254802 0.932353 0.254802 0.935294 0.252241 0.941176 0.249680 0.941176 0.248399 0.938235 0.250960 0.932353 0.250960 0.929412 0.252241 0.926471 0.250960 0.926471 0.249680 0.923529 0.250960 0.920588 0.248399 0.914706 0.249680 0.911765 0.250960 0.911765 0.253521 0.917647 0.252241 0.914706 0.252241 0.911765 0.250960 0.911765 0.249680 0.908824 0.252241 0.902941 0.253521 0.902941 0.254802 0.900000 0.253521 0.902941 0.252241 0.902941 0.250960 0.900000 0.252241 0.897059 0.252241 0.891176 0.254802 0.885294 0.256082 0.888235 0.256082 0.894118 0.257362 0.894118 0.256082 0.891176 0.257362 0.888235 0.258643 0.888235 0.259923 0.891176 0.259923 0.897059 0.258643 0.900000 0.257362 0.900000 0.258643 0.900000 0.259923 0.902941 0.257362 0.908824 0.257362 0.911765 0.258643 0.908824 0.258643 0.905882 0.261204 0.900000 0.266325 0.911765 0.266325 0.914706 0.265045 0.917647 0.265045 0.938235 0.263764 0.941176 0.262484 0.941176 0.262484 0.952941 0.261204 0.955882 0.259923 0.952941 0.266325 0.967647 0.266325 0.970588 0.267606 0.973529 0.265045 0.979412 0.266325 0.976471 0.267606 0.976471 0.267606 0.973529 0.268886 0.970588 0.270166 0.973529 0.270166 0.985294 0.268886 0.988235 0.267606 0.988235 0.266325 0.985294 0.267606 0.988235 0.267606 0.991176 0.270166 0.997059 0.271447 0.994118 0.272727 0.997059 0.275288 0.997059 0.275288 0.988235 0.276569 0.985294 0.276569 0.970588 0.277849 0.967647 0.277849 0.952941 0.279129 0.950000 0.279129 0.938235 0.280410 0.935294 0.280410 0.920588 0.281690 0.917647 0.282971 0.920588 0.282971 0.952941 0.281690 0.955882 0.281690 0.979412 0.282971 0.982353 0.282971 0.994118 0.281690 0.997059 0.280410 0.994118 0.280410 0.988235 0.280410 0.994118 0.281690 0.997059 0.290653 0.997059 0.291933 0.994118 0.293214 0.997059 0.308579 0.997059 0.309859 0.994118 0.311140 0.997059 0.317542 0.997059 0.317542 0.994118 0.318822 0.991176 0.320102 0.994118 0.320102 0.997059 0.325224 0.997059 0.326504 0.994118 0.325224 0.991176 0.326504 0.988235 0.326504 0.985294 0.327785 0.982353 0.329065 0.985294 0.329065 0.982353 0.330346 0.979412 0.330346 0.976471 0.331626 0.973529 0.331626 0.964706 0.332907 0.961765 0.332907 0.958824 0.334187 0.955882 0.335467 0.958824 0.336748 0.955882 0.338028 0.955882 0.338028 0.952941 0.340589 0.947059 0.341869 0.950000 0.343150 0.950000 0.345711 0.944118 0.348271 0.944118 0.349552 0.947059 0.348271 0.944118 0.348271 0.941176 0.349552 0.938235 0.348271 0.941176 0.345711 0.941176 0.343150 0.947059 0.341869 0.944118 0.341869 0.935294 0.340589 0.932353 0.341869 0.935294 0.338028 0.944118 0.336748 0.941176 0.336748 0.938235 0.335467 0.935294 0.335467 0.929412 0.334187 0.926471 0.332907 0.926471 0.331626 0.929412 0.331626 0.932353 0.330346 0.935294 0.330346 0.938235 0.329065 0.941176 0.327785 0.938235 0.327785 0.932353 0.329065 0.929412 0.329065 0.926471 0.330346 0.923529 0.330346 0.920588 0.332907 0.914706 0.332907 0.911765 0.336748 0.902941 0.336748 0.900000 0.335467 0.897059 0.335467 0.888235 0.336748 0.885294 0.338028 0.888235 0.338028 0.894118 0.338028 0.891176 0.339309 0.888235 0.340589 0.891176 0.340589 0.894118 0.343150 0.900000 0.344430 0.900000 0.344430 0.894118 0.345711 0.891176 0.346991 0.891176 0.344430 0.885294 0.344430 0.882353 0.345711 0.879412 0.346991 0.879412 0.352113 0.867647 0.354673 0.873529 0.354673 0.876471 0.353393 0.879412 0.352113 0.876471 0.353393 0.879412 0.350832 0.885294 0.352113 0.882353 0.353393 0.882353 0.353393 0.879412 0.358515 0.867647 0.359795 0.867647 0.357234 0.867647 0.355954 0.870588 0.354673 0.867647 0.353393 0.870588 0.352113 0.867647 0.352113 0.861765 0.350832 0.858824 0.352113 0.855882 0.350832 0.858824 0.349552 0.855882 0.349552 0.852941 0.350832 0.850000 0.349552 0.847059 0.349552 0.844118 0.350832 0.841176 0.352113 0.844118 0.350832 0.841176 0.353393 0.835294 0.354673 0.835294 0.355954 0.832353 0.353393 0.826471 0.353393 0.823529 0.352113 0.820588 0.352113 0.817647 0.350832 0.814706 0.353393 0.808824 0.354673 0.808824 0.362356 0.791176 0.364917 0.797059 0.363636 0.800000 0.363636 0.805882 0.366197 0.811765 0.364917 0.814706 0.366197 0.811765 0.364917 0.808824 0.364917 0.805882 0.363636 0.802941 0.363636 0.800000 0.364917 0.797059 0.367478 0.802941 0.367478 0.805882 0.368758 0.808824 0.368758 0.811765 0.370038 0.814706 0.368758 0.817647 0.367478 0.817647 0.368758 0.817647 0.370038 0.820588 0.368758 0.823529 0.370038 0.826471 0.368758 0.829412 0.367478 0.829412 0.361076 0.814706 0.359795 0.814706 0.362356 0.820588 0.362356 0.823529 0.368758 0.838235 0.367478 0.841176 0.368758 0.844118 0.370038 0.844118 0.371319 0.847059 0.371319 0.850000 0.367478 0.858824 0.366197 0.855882 0.368758 0.861765 0.368758 0.864706 0.371319 0.864706 0.373880 0.858824 0.375160 0.861765 0.375160 0.864706 0.373880 0.867647 0.375160 0.870588 0.375160 0.873529 0.373880 0.876471 0.371319 0.870588 0.370038 0.870588 0.371319 0.870588 0.372599 0.873529 0.372599 0.876471 0.371319 0.879412 0.370038 0.876471 0.367478 0.876471 0.366197 0.879412 0.364917 0.879412 0.366197 0.882353 0.366197 0.885294 0.367478 0.888235 0.367478 0.891176 0.368758 0.894118 0.368758 0.897059 0.370038 0.900000 0.370038 0.902941 0.371319 0.905882 0.370038 0.908824 0.372599 0.914706 0.372599 0.917647 0.375160 0.923529 0.372599 0.929412 0.371319 0.926471 0.370038 0.926471 0.368758 0.929412 0.367478 0.926471 0.366197 0.929412 0.363636 0.923529 0.364917 0.920588 0.366197 0.920588 0.364917 0.920588 0.363636 0.923529 0.362356 0.920588 0.366197 0.929412 0.367478 0.926471 0.368758 0.929412 0.368758 0.935294 0.370038 0.938235 0.370038 0.941176 0.367478 0.947059 0.366197 0.947059 0.364917 0.944118 0.366197 0.941176 0.364917 0.941176 0.363636 0.938235 0.363636 0.935294 0.362356 0.935294 0.354673 0.917647 0.353393 0.917647 0.359795 0.932353 0.359795 0.935294 0.361076 0.935294 0.362356 0.938235 0.362356 0.941176 0.363636 0.944118 0.361076 0.950000 0.359795 0.947059 0.359795 0.944118 0.358515 0.941176 0.357234 0.941176 0.364917 0.958824 0.364917 0.961765 0.363636 0.964706 0.364917 0.961765 0.367478 0.967647 0.368758 0.964706 0.370038 0.967647 0.370038 0.970588 0.371319 0.973529 0.371319 0.979412 0.373880 0.985294 0.373880 0.988235 0.372599 0.991176 0.371319 0.988235 0.371319 0.994118 0.372599 0.997059 0.377721 0.997059 0.379001 0.994118 0.380282 0.997059 0.380282 0.994118 0.381562 0.991176 0.384123 0.997059 0.384123 0.994118 0.382843 0.991176 0.382843 0.985294 0.381562 0.982353 0.384123 0.976471 0.385403 0.979412 0.385403 0.985294 0.386684 0.988235 0.386684 0.997059 0.387964 0.997059 0.389245 0.994118 0.390525 0.997059 0.391805 0.997059 0.393086 0.994118 0.391805 0.994118 0.390525 0.991176 0.391805 0.988235 0.391805 0.970588 0.393086 0.967647 0.395647 0.973529 0.395647 0.979412 0.396927 0.982353 0.396927 0.991176 0.395647 0.994118 0.395647 0.997059 0.404609 0.997059 0.404609 0.994118 0.405890 0.991176 0.407170 0.994118 0.407170 0.997059 0.413572 0.997059 0.413572 0.979412 0.414853 0.976471 0.416133 0.979412 0.416133 0.988235 0.416133 0.976471 0.417414 0.973529 0.418694 0.976471 0.418694 0.979412 0.419974 0.982353 0.419974 0.985294 0.421255 0.988235 0.421255 0.997059 0.425096 0.997059 0.425096 0.994118 0.426376 0.991176 0.426376 0.976471 0.427657 0.973529 0.428937 0.976471 0.428937 0.973529 0.431498 0.967647 0.431498 0.964706 0.432778 0.961765 0.431498 0.958824 0.432778 0.955882 0.434059 0.955882 0.434059 0.952941 0.435339 0.950000 0.435339 0.947059 0.436620 0.944118 0.436620 0.941176 0.439181 0.935294 0.437900 0.932353 0.439181 0.929412 0.440461 0.929412 0.440461 0.926471 0.441741 0.923529 0.441741 0.917647 0.443022 0.914706 0.443022 0.905882 0.441741 0.902941 0.443022 0.900000 0.441741 0.897059 0.443022 0.894118 0.443022 0.891176 0.444302 0.888235 0.445583 0.891176 0.445583 0.894118 0.446863 0.891176 0.446863 0.882353 0.448143 0.879412 0.448143 0.873529 0.449424 0.870588 0.449424 0.864706 0.448143 0.861765 0.449424 0.858824 0.449424 0.841176 0.450704 0.838235 0.451985 0.841176 0.451985 0.844118 0.453265 0.847059 0.453265 0.832353 0.454545 0.829412 0.457106 0.835294 0.457106 0.841176 0.458387 0.844118 0.458387 0.847059 0.458387 0.841176 0.457106 0.838235 0.458387 0.835294 0.459667 0.835294 0.462228 0.829412 0.463508 0.832353 0.463508 0.835294 0.462228 0.838235 0.462228 0.841176 0.460948 0.844118 0.462228 0.847059 0.462228 0.850000 0.463508 0.852941 0.464789 0.850000 0.466069 0.852941 0.466069 0.855882 0.464789 0.858824 0.466069 0.858824 0.467350 0.861765 0.467350 0.867647 0.468630 0.870588 0.468630 0.876471 0.469910 0.879412 0.469910 0.885294 0.471191 0.888235 0.471191 0.932353 0.469910 0.935294 0.468630 0.932353 0.468630 0.929412 0.466069 0.923529 0.466069 0.914706 0.467350 0.911765 0.466069 0.914706 0.464789 0.911765 0.464789 0.908824 0.463508 0.905882 0.464789 0.902941 0.466069 0.902941 0.466069 0.900000 0.464789 0.900000 0.463508 0.897059 0.464789 0.894118 0.464789 0.888235 0.463508 0.885294 0.463508 0.873529 0.462228 0.870588 0.462228 0.864706 0.460948 0.864706 0.459667 0.861765 0.460948 0.858824 0.462228 0.858824 0.460948 0.855882 0.459667 0.858824 0.458387 0.858824 0.458387 0.861765 0.457106 0.864706 0.457106 0.873529 0.458387 0.876471 0.457106 0.879412 0.455826 0.879412 0.454545 0.876471 0.454545 0.885294 0.453265 0.888235 0.451985 0.888235 0.453265 0.888235 0.454545 0.891176 0.454545 0.894118 0.453265 0.897059 0.451985 0.894118 0.450704 0.894118 0.450704 0.900000 0.448143 0.905882 0.448143 0.911765 0.449424 0.914706 0.446863 0.920588 0.446863 0.923529 0.445583 0.926471 0.446863 0.923529 0.448143 0.926471 0.448143 0.935294 0.445583 0.941176 0.445583 0.944118 0.446863 0.947059 0.446863 0.952941 0.444302 0.958824 0.445583 0.961765 0.444302 0.964706 0.445583 0.967647 0.445583 0.970588 0.444302 0.973529 0.444302 0.994118 0.445583 0.991176 0.446863 0.991176 0.448143 0.988235 0.449424 0.988235 0.449424 0.982353 0.450704 0.979412 0.451985 0.982353 0.450704 0.979412 0.451985 0.976471 0.451985 0.973529 0.453265 0.970588 0.454545 0.973529 0.454545 0.979412 0.455826 0.979412 0.457106 0.976471 0.457106 0.970588 0.458387 0.967647 0.459667 0.970588 0.459667 0.973529 0.462228 0.973529 0.462228 0.967647 0.463508 0.964706 0.463508 0.961765 0.464789 0.958824 0.466069 0.961765 0.466069 0.967647 0.464789 0.970588 0.464789 0.985294 0.466069 0.982353 0.467350 0.985294 0.467350 0.988235 0.466069 0.991176 0.468630 0.997059 0.499360 0.997059 0.499360 0.994118 0.500640 0.991176 0.501921 0.994118 0.501921 0.997059 0.508323 0.997059 0.507042 0.994118 0.508323 0.991176 0.508323 0.985294 0.507042 0.982353 0.507042 0.964706 0.508323 0.961765 0.508323 0.950000 0.509603 0.947059 0.510883 0.950000 0.510883 0.964706 0.512164 0.967647 0.512164 0.973529 0.512164 0.947059 0.513444 0.944118 0.514725 0.944118 0.516005 0.947059 0.516005 0.955882 0.517286 0.958824 0.517286 0.967647 0.518566 0.970588 0.518566 0.976471 0.517286 0.979412 0.517286 0.988235 0.516005 0.991176 0.516005 0.997059 0.523688 0.997059 0.523688 0.991176 0.524968 0.988235 0.523688 0.985294 0.524968 0.982353 0.526248 0.982353 0.527529 0.985294 0.527529 0.988235 0.528809 0.991176 0.526248 0.997059 0.530090 0.997059 0.530090 0.994118 0.528809 0.991176 0.528809 0.985294 0.530090 0.982353 0.530090 0.979412 0.530090 0.982353 0.528809 0.985294 0.527529 0.982353 0.527529 0.979412 0.526248 0.976471 0.526248 0.973529 0.528809 0.967647 0.528809 0.938235 0.528809 0.941176 0.527529 0.944118 0.526248 0.944118 0.524968 0.941176 0.524968 0.938235 0.523688 0.935294 0.524968 0.932353 0.527529 0.932353 0.527529 0.926471 0.528809 0.923529 0.528809 0.911765 0.530090 0.908824 0.531370 0.911765 0.531370 0.923529 0.532650 0.926471 0.532650 0.985294 0.533931 0.988235 0.533931 0.997059 0.537772 0.997059 0.537772 0.988235 0.536492 0.985294 0.539052 0.979412 0.541613 0.985294 0.541613 0.988235 0.540333 0.991176 0.540333 0.994118 0.541613 0.997059 0.576184 0.997059 0.577465 0.994118 0.576184 0.991176 0.576184 0.982353 0.574904 0.979412 0.574904 0.976471 0.573624 0.973529 0.574904 0.970588 0.573624 0.967647 0.573624 0.964706 0.574904 0.961765 0.577465 0.967647 0.577465 0.976471 0.577465 0.970588 0.578745 0.967647 0.580026 0.970588 0.580026 0.997059 0.582586 0.997059 0.582586 0.967647 0.583867 0.964706 0.585147 0.967647 0.585147 0.991176 0.586428 0.994118 0.586428 0.997059 0.591549 0.997059 0.590269 0.994118 0.590269 0.991176 0.591549 0.988235 0.591549 0.976471 0.592830 0.973529 0.592830 0.935294 0.594110 0.932353 0.594110 0.914706 0.591549 0.908824 0.591549 0.905882 0.592830 0.902941 0.591549 0.900000 0.591549 0.897059 0.590269 0.894118 0.587708 0.900000 0.586428 0.897059 0.586428 0.894118 0.587708 0.891176 0.587708 0.888235 0.588988 0.885294 0.588988 0.882353 0.590269 0.879412 0.590269 0.876471 0.588988 0.873529 0.590269 0.870588 0.590269 0.867647 0.592830 0.861765 0.594110 0.864706 0.594110 0.879412 0.592830 0.882353 0.592830 0.885294 0.594110 0.888235 0.594110 0.891176 0.595391 0.894118 0.595391 0.897059 0.596671 0.900000 0.596671 0.908824 0.597951 0.911765 0.597951 0.923529 0.596671 0.926471 0.596671 0.976471 0.595391 0.979412 0.594110 0.979412 0.594110 0.985294 0.595391 0.988235 0.595391 0.997059 0.599232 0.997059 0.599232 0.994118 0.600512 0.991176 0.603073 0.997059 0.605634 0.997059 0.605634 0.994118 0.608195 0.988235 0.610755 0.994118 0.610755 0.997059 0.640205 0.997059 0.641485 0.994118 0.642766 0.997059 0.645327 0.997059 0.645327 0.994118 0.646607 0.991176 0.647887 0.994118 0.647887 0.997059 0.649168 0.997059 0.649168 0.994118 0.646607 0.988235 0.646607 0.985294 0.644046 0.979412 0.644046 0.976471 0.645327 0.973529 0.644046 0.976471 0.642766 0.973529 0.642766 0.970588 0.644046 0.967647 0.644046 0.964706 0.645327 0.961765 0.646607 0.961765 0.647887 0.964706 0.647887 0.976471 0.649168 0.979412 0.649168 0.982353 0.649168 0.950000 0.647887 0.947059 0.649168 0.944118 0.649168 0.938235 0.650448 0.935294 0.651729 0.938235 0.651729 0.947059 0.653009 0.947059 0.654289 0.950000 0.654289 0.955882 0.654289 0.952941 0.655570 0.950000 0.656850 0.952941 0.656850 0.967647 0.658131 0.970588 0.658131 0.973529 0.660691 0.979412 0.660691 0.985294 0.656850 0.994118 0.655570 0.991176 0.655570 0.988235 0.655570 0.997059 0.656850 0.994118 0.658131 0.997059 0.660691 0.997059 0.661972 0.994118 0.663252 0.997059 0.685019 0.997059 0.686300 0.994118 0.687580 0.997059 0.690141 0.997059 0.690141 0.994118 0.688860 0.991176 0.688860 0.982353 0.687580 0.979412 0.687580 0.970588 0.688860 0.967647 0.690141 0.970588 0.690141 0.973529 0.691421 0.976471 0.691421 0.982353 0.692702 0.985294 0.692702 0.988235 0.693982 0.991176 0.693982 0.994118 0.693982 0.985294 0.695262 0.982353 0.696543 0.985294 0.696543 0.997059 0.705506 0.997059 0.705506 0.994118 0.704225 0.991176 0.704225 0.958824 0.702945 0.958824 0.701665 0.955882 0.700384 0.955882 0.700384 0.961765 0.701665 0.964706 0.701665 0.967647 0.702945 0.970588 0.702945 0.973529 0.704225 0.976471 0.702945 0.979412 0.701665 0.979412 0.700384 0.976471 0.700384 0.973529 0.697823 0.973529 0.696543 0.970588 0.695262 0.970588 0.693982 0.967647 0.693982 0.964706 0.692702 0.961765 0.692702 0.947059 0.692702 0.950000 0.691421 0.952941 0.690141 0.952941 0.688860 0.950000 0.690141 0.947059 0.690141 0.941176 0.691421 0.938235 0.690141 0.935294 0.690141 0.929412 0.688860 0.926471 0.688860 0.920588 0.687580 0.917647 0.687580 0.914706 0.688860 0.911765 0.690141 0.914706 0.688860 0.911765 0.688860 0.905882 0.687580 0.902941 0.687580 0.900000 0.686300 0.897059 0.686300 0.894118 0.685019 0.891176 0.685019 0.888235 0.683739 0.885294 0.683739 0.879412 0.681178 0.873529 0.681178 0.867647 0.677337 0.858824 0.677337 0.852941 0.676056 0.850000 0.676056 0.847059 0.674776 0.844118 0.673496 0.844118 0.670935 0.838235 0.670935 0.835294 0.672215 0.832353 0.669654 0.826471 0.669654 0.823529 0.668374 0.820588 0.668374 0.817647 0.667093 0.814706 0.667093 0.838235 0.665813 0.841176 0.663252 0.841176 0.661972 0.838235 0.663252 0.835294 0.663252 0.832353 0.664533 0.829412 0.664533 0.823529 0.663252 0.823529 0.661972 0.820588 0.661972 0.814706 0.663252 0.811765 0.661972 0.814706 0.660691 0.814706 0.660691 0.817647 0.659411 0.820588 0.658131 0.817647 0.658131 0.814706 0.654289 0.814706 0.653009 0.817647 0.653009 0.832353 0.651729 0.835294 0.650448 0.832353 0.650448 0.817647 0.647887 0.817647 0.646607 0.820588 0.642766 0.820588 0.642766 0.823529 0.641485 0.826471 0.641485 0.829412 0.638924 0.835294 0.640205 0.838235 0.640205 0.841176 0.638924 0.844118 0.640205 0.847059 0.640205 0.850000 0.641485 0.852941 0.640205 0.855882 0.640205 0.858824 0.641485 0.861765 0.641485 0.879412 0.642766 0.882353 0.642766 0.885294 0.644046 0.885294 0.646607 0.891176 0.642766 0.900000 0.642766 0.902941 0.641485 0.905882 0.640205 0.905882 0.637644 0.900000 0.637644 0.897059 0.638924 0.894118 0.637644 0.897059 0.636364 0.894118 0.636364 0.891176 0.637644 0.888235 0.637644 0.885294 0.636364 0.882353 0.636364 0.876471 0.637644 0.873529 0.638924 0.873529 0.637644 0.873529 0.636364 0.876471 0.636364 0.879412 0.635083 0.882353 0.633803 0.882353 0.632522 0.879412 0.632522 0.864706 0.633803 0.861765 0.636364 0.867647 0.637644 0.867647 0.637644 0.850000 0.635083 0.844118 0.636364 0.841176 0.635083 0.838235 0.636364 0.835294 0.636364 0.832353 0.637644 0.829412 0.637644 0.823529 0.637644 0.829412 0.636364 0.832353 0.635083 0.832353 0.633803 0.829412 0.633803 0.826471 0.628681 0.826471 0.627401 0.829412 0.627401 0.850000 0.629962 0.844118 0.631242 0.847059 0.631242 0.850000 0.629962 0.852941 0.629962 0.873529 0.631242 0.876471 0.631242 0.894118 0.632522 0.897059 0.632522 0.911765 0.633803 0.914706 0.633803 0.923529 0.635083 0.926471 0.635083 0.929412 0.633803 0.932353 0.632522 0.932353 0.631242 0.929412 0.631242 0.923529 0.629962 0.920588 0.629962 0.908824 0.628681 0.905882 0.628681 0.902941 0.629962 0.900000 0.628681 0.897059 0.628681 0.882353 0.628681 0.923529 0.629962 0.926471 0.628681 0.929412 0.629962 0.932353 0.628681 0.935294 0.626120 0.935294 0.624840 0.932353 0.624840 0.929412 0.623560 0.926471 0.623560 0.929412 0.620999 0.935294 0.619718 0.932353 0.619718 0.929412 0.618438 0.926471 0.618438 0.900000 0.619718 0.897059 0.619718 0.888235 0.620999 0.885294 0.622279 0.888235 0.622279 0.894118 0.622279 0.888235 0.620999 0.885294 0.620999 0.873529 0.623560 0.867647 0.623560 0.861765 0.622279 0.858824 0.622279 0.852941 0.620999 0.850000 0.620999 0.847059 0.622279 0.844118 0.622279 0.832353 0.619718 0.826471 0.619718 0.814706 0.619718 0.829412 0.620999 0.832353 0.620999 0.841176 0.619718 0.844118 0.618438 0.841176 0.618438 0.835294 0.617157 0.832353 0.617157 0.823529 0.615877 0.820588 0.617157 0.817647 0.615877 0.820588 0.615877 0.823529 0.614597 0.826471 0.613316 0.823529 0.612036 0.826471 0.610755 0.826471 0.610755 0.829412 0.612036 0.832353 0.610755 0.835294 0.610755 0.841176 0.612036 0.844118 0.612036 0.861765 0.613316 0.864706 0.613316 0.882353 0.612036 0.885294 0.610755 0.885294 0.609475 0.882353 0.609475 0.873529 0.608195 0.870588 0.609475 0.867647 0.609475 0.855882 0.608195 0.852941 0.608195 0.832353 0.606914 0.829412 0.606914 0.820588 0.605634 0.817647 0.605634 0.811765 0.606914 0.808824 0.606914 0.805882 0.608195 0.802941 0.609475 0.805882 0.609475 0.811765 0.610755 0.811765 0.613316 0.805882 0.609475 0.805882 0.608195 0.802941 0.609475 0.800000 0.608195 0.802941 0.606914 0.800000 0.606914 0.797059 0.608195 0.794118 0.606914 0.794118 0.606914 0.805882 0.605634 0.808824 0.604353 0.808824 0.600512 0.800000 0.600512 0.788235 0.601793 0.785294 0.604353 0.791176 0.603073 0.788235 0.603073 0.785294 0.600512 0.779412 0.599232 0.779412 0.597951 0.776471 0.597951 0.773529 0.599232 0.770588 0.600512 0.773529 0.600512 0.770588 0.599232 0.767647 0.599232 0.764706 0.599232 0.767647 0.597951 0.770588 0.596671 0.767647 0.596671 0.761765 0.595391 0.758824 0.595391 0.755882 0.596671 0.752941 0.595391 0.752941 0.594110 0.755882 0.594110 0.773529 0.595391 0.773529 0.596671 0.776471 0.594110 0.782353 0.594110 0.785294 0.595391 0.785294 0.596671 0.782353 0.597951 0.785294 0.597951 0.791176 0.596671 0.794118 0.595391 0.791176 0.595391 0.800000 0.594110 0.802941 0.592830 0.802941 0.591549 0.800000 0.592830 0.797059 0.592830 0.791176 0.591549 0.788235 0.591549 0.776471 0.590269 0.773529 0.590269 0.770588 0.588988 0.767647 0.588988 0.761765 0.590269 0.758824 0.588988 0.755882 0.588988 0.752941 0.590269 0.750000 0.588988 0.747059 0.588988 0.729412 0.588988 0.747059 0.586428 0.752941 0.585147 0.752941 0.583867 0.750000 0.583867 0.747059 0.586428 0.741176 0.586428 0.732353 0.586428 0.741176 0.585147 0.744118 0.583867 0.741176 0.583867 0.732353 0.582586 0.732353 0.582586 0.738235 0.581306 0.741176 0.581306 0.744118 0.582586 0.747059 0.582586 0.779412 0.581306 0.782353 0.580026 0.779412 0.580026 0.773529 0.578745 0.770588 0.580026 0.767647 0.580026 0.764706 0.578745 0.761765 0.578745 0.750000 0.578745 0.752941 0.577465 0.755882 0.576184 0.752941 0.576184 0.750000 0.573624 0.744118 0.573624 0.741176 0.572343 0.744118 0.572343 0.750000 0.573624 0.752941 0.573624 0.755882 0.571063 0.761765 0.571063 0.770588 0.571063 0.761765 0.572343 0.758824 0.573624 0.758824 0.574904 0.761765 0.574904 0.770588 0.573624 0.773529 0.573624 0.776471 0.576184 0.782353 0.573624 0.788235 0.573624 0.794118 0.572343 0.797059 0.571063 0.794118 0.571063 0.791176 0.569782 0.788235 0.567222 0.788235 0.565941 0.785294 0.567222 0.782353 0.565941 0.779412 0.568502 0.773529 0.568502 0.770588 0.567222 0.773529 0.565941 0.770588 0.565941 0.758824 0.564661 0.755882 0.567222 0.750000 0.568502 0.752941 0.568502 0.761765 0.568502 0.747059 0.567222 0.750000 0.565941 0.750000 0.564661 0.752941 0.564661 0.770588 0.563380 0.773529 0.562100 0.770588 0.562100 0.761765 0.560819 0.758824 0.560819 0.752941 0.562100 0.750000 0.562100 0.741176 0.563380 0.738235 0.563380 0.735294 0.562100 0.735294 0.560819 0.732353 0.560819 0.729412 0.559539 0.732353 0.558259 0.732353 0.556978 0.729412 0.556978 0.723529 0.555698 0.720588 0.555698 0.711765 0.554417 0.711765 0.553137 0.714706 0.550576 0.714706 0.549296 0.711765 0.550576 0.708824 0.551857 0.708824 0.550576 0.705882 0.551857 0.702941 0.551857 0.700000 0.550576 0.697059 0.551857 0.694118 0.553137 0.694118 0.551857 0.691176 0.550576 0.691176 0.549296 0.694118 0.545455 0.694118 0.544174 0.691176 0.544174 0.685294 0.541613 0.685294 0.540333 0.688235 0.541613 0.691176 0.540333 0.694118 0.540333 0.697059 0.541613 0.700000 0.541613 0.702941 0.539052 0.708824 0.537772 0.705882 0.536492 0.705882 0.536492 0.720588 0.535211 0.723529 0.533931 0.720588 0.533931 0.708824 0.533931 0.717647 0.532650 0.720588 0.531370 0.717647 0.531370 0.702941 0.530090 0.702941 0.528809 0.700000 0.528809 0.691176 0.526248 0.685294 0.526248 0.676471 0.524968 0.676471