1 0.024328 0.935294 0.021767 0.941176 0.021767 0.961765 0.020487 0.964706 0.020487 0.970588 0.020487 0.967647 0.021767 0.964706 0.021767 0.955882 0.028169 0.941176 0.025608 0.947059 0.024328 0.944118
1 0.309859 0.929412 0.309859 0.955882 0.308579 0.958824 0.308579 0.961765 0.307298 0.964706 0.307298 0.982353 0.308579 0.985294 0.307298 0.988235 0.308579 0.991176 0.308579 0.997059 0.309859 0.997059 0.308579 0.994118 0.308579 0.982353 0.309859 0.979412 0.309859 0.973529 0.311140 0.970588 0.309859 0.967647 0.311140 0.964706 0.311140 0.944118 0.309859 0.941176 0.309859 0.938235 0.311140 0.935294 0.309859 0.932353
1 0.862996 0.911765 0.861716 0.914706 0.862996 0.917647 0.861716 0.920588 0.861716 0.941176 0.860435 0.944118 0.860435 0.947059 0.861716 0.950000 0.861716 0.952941 0.862996 0.955882 0.862996 0.958824 0.862996 0.926471 0.861716 0.923529 0.861716 0.920588 0.862996 0.917647
1 0.471191 0.867647 0.471191 0.870588 0.469910 0.873529 0.469910 0.891176 0.471191 0.894118 0.469910 0.897059 0.469910 0.900000 0.468630 0.902941 0.467350 0.900000 0.467350 0.897059 0.467350 0.900000 0.468630 0.902941 0.468630 0.911765 0.469910 0.914706 0.471191 0.911765 0.471191 0.902941 0.469910 0.900000 0.469910 0.897059 0.471191 0.894118 0.472471 0.897059 0.472471 0.891176 0.473752 0.888235 0.476312 0.894118 0.475032 0.897059 0.475032 0.902941 0.480154 0.914706 0.480154 0.911765 0.478873 0.911765 0.477593 0.908824 0.478873 0.905882 0.478873 0.897059 0.477593 0.894118 0.478873 0.891176 0.478873 0.885294 0.480154 0.882353 0.481434 0.882353 0.481434 0.879412 0.480154 0.876471 0.481434 0.879412 0.480154 0.882353 0.478873 0.882353 0.476312 0.888235 0.473752 0.888235 0.472471 0.885294 0.472471 0.882353 0.473752 0.879412 0.471191 0.873529
1 0.960307 0.850000 0.960307 0.852941 0.961588 0.855882 0.961588 0.858824 0.962868 0.861765 0.962868 0.864706 0.961588 0.867647 0.959027 0.861765 0.959027 0.858824 0.957746 0.855882 0.959027 0.858824 0.959027 0.861765 0.960307 0.864706 0.960307 0.867647 0.962868 0.873529 0.962868 0.876471 0.964149 0.879412 0.964149 0.882353 0.966709 0.888235 0.966709 0.891176 0.969270 0.897059 0.969270 0.900000 0.970551 0.902941 0.970551 0.908824 0.974392 0.917647 0.974392 0.920588 0.975672 0.923529 0.975672 0.926471 0.976953 0.929412 0.976953 0.932353 0.978233 0.935294 0.978233 0.938235 0.979513 0.941176 0.979513 0.944118 0.980794 0.947059 0.980794 0.950000 0.982074 0.952941 0.982074 0.955882 0.983355 0.958824 0.983355 0.961765 0.984635 0.964706 0.984635 0.967647 0.985915 0.967647 0.985915 0.961765 0.984635 0.958824 0.984635 0.955882 0.982074 0.950000 0.982074 0.947059 0.980794 0.944118 0.980794 0.941176 0.979513 0.938235 0.979513 0.935294 0.978233 0.932353 0.978233 0.929412 0.976953 0.926471 0.976953 0.923529 0.975672 0.920588 0.975672 0.917647 0.974392 0.914706 0.974392 0.908824 0.973111 0.905882 0.973111 0.902941 0.970551 0.897059 0.970551 0.894118 0.966709 0.885294 0.966709 0.882353 0.965429 0.879412 0.965429 0.876471 0.964149 0.876471 0.962868 0.873529 0.964149 0.870588 0.964149 0.867647 0.962868 0.864706 0.962868 0.861765 0.961588 0.858824 0.961588 0.855882 0.960307 0.852941
1 0.317542 0.838235 0.316261 0.841176 0.316261 0.844118 0.314981 0.847059 0.314981 0.852941 0.316261 0.855882 0.316261 0.858824 0.314981 0.861765 0.313700 0.861765 0.313700 0.867647 0.314981 0.870588 0.314981 0.873529 0.313700 0.876471 0.314981 0.879412 0.314981 0.885294 0.314981 0.876471 0.316261 0.873529 0.316261 0.852941 0.317542 0.850000
1 0.087068 0.826471 0.085787 0.829412 0.085787 0.832353 0.087068 0.835294 0.087068 0.858824 0.085787 0.861765 0.087068 0.861765 0.088348 0.864706 0.089629 0.861765 0.090909 0.864706 0.094750 0.864706 0.090909 0.864706 0.089629 0.861765 0.089629 0.858824 0.090909 0.855882 0.092190 0.855882 0.093470 0.858824 0.094750 0.855882 0.096031 0.855882 0.096031 0.852941 0.094750 0.855882 0.090909 0.855882 0.089629 0.852941 0.089629 0.844118 0.088348 0.841176 0.088348 0.826471
1 0.476312 0.808824 0.469910 0.823529 0.468630 0.823529 0.467350 0.820588 0.467350 0.817647 0.466069 0.814706 0.466069 0.811765 0.464789 0.811765 0.463508 0.814706 0.464789 0.817647 0.464789 0.823529 0.463508 0.826471 0.466069 0.832353 0.466069 0.835294 0.464789 0.838235 0.462228 0.838235 0.463508 0.838235 0.464789 0.841176 0.464789 0.844118 0.463508 0.847059 0.462228 0.847059 0.463508 0.850000 0.462228 0.852941 0.463508 0.850000 0.467350 0.850000 0.467350 0.844118 0.466069 0.841176 0.467350 0.838235 0.468630 0.838235 0.469910 0.841176 0.469910 0.852941 0.472471 0.852941 0.472471 0.847059 0.473752 0.844118 0.475032 0.847059 0.475032 0.850000 0.475032 0.841176 0.476312 0.838235 0.477593 0.841176 0.476312 0.838235 0.476312 0.835294 0.476312 0.838235 0.473752 0.844118 0.472471 0.841176 0.472471 0.838235 0.473752 0.835294 0.472471 0.832353 0.475032 0.826471 0.476312 0.829412 0.475032 0.826471 0.475032 0.823529 0.476312 0.820588 0.473752 0.820588 0.472471 0.817647
1 0.623560 0.805882 0.623560 0.808824 0.622279 0.811765 0.622279 0.817647 0.620999 0.820588 0.620999 0.826471 0.619718 0.829412 0.619718 0.832353 0.618438 0.835294 0.618438 0.844118 0.617157 0.847059 0.617157 0.850000 0.615877 0.852941 0.615877 0.858824 0.614597 0.861765 0.614597 0.867647 0.613316 0.870588 0.613316 0.876471 0.612036 0.879412 0.612036 0.885294 0.610755 0.888235 0.610755 0.891176 0.609475 0.894118 0.609475 0.897059 0.608195 0.900000 0.608195 0.908824 0.606914 0.911765 0.606914 0.914706 0.605634 0.917647 0.605634 0.920588 0.604353 0.923529 0.604353 0.932353 0.603073 0.935294 0.603073 0.941176 0.601793 0.944118 0.601793 0.947059 0.600512 0.950000 0.600512 0.955882 0.599232 0.958824 0.599232 0.964706 0.597951 0.967647 0.597951 0.973529 0.596671 0.976471 0.596671 0.979412 0.595391 0.982353 0.595391 0.988235 0.594110 0.991176 0.594110 0.994118 0.592830 0.997059 0.597951 0.997059 0.597951 0.991176 0.599232 0.988235 0.599232 0.982353 0.600512 0.979412 0.600512 0.973529 0.601793 0.970588 0.601793 0.964706 0.603073 0.961765 0.603073 0.952941 0.604353 0.950000 0.604353 0.944118 0.605634 0.941176 0.605634 0.935294 0.606914 0.932353 0.606914 0.926471 0.608195 0.923529 0.608195 0.917647 0.609475 0.914706 0.609475 0.908824 0.610755 0.905882 0.610755 0.900000 0.612036 0.897059 0.612036 0.891176 0.613316 0.888235 0.613316 0.882353 0.614597 0.879412 0.614597 0.870588 0.615877 0.867647 0.615877 0.861765 0.617157 0.858824 0.617157 0.852941 0.618438 0.850000 0.618438 0.844118 0.619718 0.841176 0.619718 0.835294 0.620999 0.832353 0.620999 0.823529 0.622279 0.820588 0.622279 0.814706 0.624840 0.808824 0.624840 0.805882
1 0.358515 0.805882 0.358515 0.814706 0.359795 0.811765 0.361076 0.814706 0.361076 0.826471 0.359795 0.829412 0.359795 0.855882 0.358515 0.858824 0.358515 0.873529 0.358515 0.870588 0.359795 0.867647 0.359795 0.841176 0.361076 0.838235 0.361076 0.835294 0.362356 0.832353 0.363636 0.835294 0.362356 0.832353 0.362356 0.817647 0.361076 0.814706 0.361076 0.811765 0.359795 0.808824 0.359795 0.805882
1 0.436620 0.794118 0.436620 0.802941 0.435339 0.805882 0.435339 0.826471 0.436620 0.826471 0.436620 0.823529 0.437900 0.820588 0.439181 0.823529 0.440461 0.823529 0.439181 0.820588 0.439181 0.817647 0.440461 0.814706 0.439181 0.814706 0.436620 0.808824
1 0.454545 0.791176 0.454545 0.802941 0.455826 0.805882 0.455826 0.823529 0.457106 0.826471 0.457106 0.850000 0.459667 0.855882 0.459667 0.858824 0.458387 0.861765 0.458387 0.867647 0.459667 0.870588 0.459667 0.879412 0.460948 0.882353 0.460948 0.897059 0.462228 0.900000 0.462228 0.911765 0.463508 0.914706 0.463508 0.920588 0.464789 0.923529 0.464789 0.938235 0.464789 0.923529 0.463508 0.920588 0.463508 0.908824 0.464789 0.905882 0.466069 0.905882 0.464789 0.905882 0.462228 0.900000 0.462228 0.888235 0.460948 0.885294 0.460948 0.870588 0.459667 0.867647 0.459667 0.826471 0.458387 0.823529 0.458387 0.817647 0.457106 0.814706 0.457106 0.808824 0.455826 0.805882 0.455826 0.797059 0.454545 0.794118
1 0.149808 0.779412 0.149808 0.782353 0.148528 0.785294 0.147247 0.785294 0.147247 0.791176 0.145967 0.794118 0.145967 0.805882 0.147247 0.802941 0.148528 0.805882 0.148528 0.791176 0.149808 0.788235
1 0.083227 0.764706 0.083227 0.779412 0.081946 0.782353 0.080666 0.782353 0.079385 0.779412 0.079385 0.782353 0.078105 0.785294 0.078105 0.788235 0.075544 0.794118 0.076825 0.794118 0.078105 0.797059 0.080666 0.797059 0.081946 0.794118 0.083227 0.794118 0.084507 0.797059 0.084507 0.800000 0.085787 0.802941 0.087068 0.800000 0.087068 0.797059 0.085787 0.797059 0.084507 0.794118 0.084507 0.791176 0.085787 0.788235 0.087068 0.791176 0.084507 0.785294 0.084507 0.779412 0.083227 0.776471
1 0.352113 0.758824 0.352113 0.761765 0.350832 0.764706 0.350832 0.770588 0.349552 0.773529 0.349552 0.776471 0.346991 0.782353 0.345711 0.782353 0.346991 0.785294 0.346991 0.788235 0.345711 0.791176 0.345711 0.794118 0.344430 0.797059 0.343150 0.794118 0.343150 0.776471 0.343150 0.800000 0.344430 0.802941 0.344430 0.811765 0.343150 0.814706 0.344430 0.817647 0.344430 0.823529 0.343150 0.826471 0.343150 0.832353 0.341869 0.835294 0.341869 0.844118 0.340589 0.847059 0.340589 0.852941 0.339309 0.855882 0.339309 0.864706 0.338028 0.867647 0.338028 0.873529 0.336748 0.876471 0.336748 0.882353 0.335467 0.885294 0.335467 0.891176 0.334187 0.894118 0.334187 0.902941 0.334187 0.897059 0.335467 0.894118 0.335467 0.888235 0.336748 0.885294 0.336748 0.879412 0.338028 0.876471 0.338028 0.870588 0.339309 0.867647 0.339309 0.861765 0.340589 0.858824 0.340589 0.852941 0.341869 0.850000 0.341869 0.841176 0.343150 0.838235 0.343150 0.829412 0.344430 0.826471 0.344430 0.817647 0.345711 0.814706 0.345711 0.811765 0.346991 0.808824 0.346991 0.802941 0.348271 0.800000 0.348271 0.788235 0.349552 0.785294 0.349552 0.779412 0.350832 0.776471 0.350832 0.770588 0.352113 0.767647
1 0.157490 0.752941 0.154930 0.758824 0.153649 0.758824 0.151088 0.764706 0.149808 0.764706 0.142125 0.782353 0.140845 0.782353 0.131882 0.802941 0.131882 0.805882 0.135723 0.797059 0.137004 0.800000
1 0.513444 0.726471 0.513444 0.729412 0.512164 0.732353 0.512164 0.744118 0.513444 0.744118 0.514725 0.747059 0.513444 0.750000 0.513444 0.752941 0.512164 0.755882 0.512164 0.758824 0.514725 0.758824 0.516005 0.761765 0.516005 0.764706 0.517286 0.767647 0.517286 0.773529 0.519846 0.773529 0.522407 0.779412 0.519846 0.785294 0.521127 0.788235 0.521127 0.791176 0.522407 0.791176 0.523688 0.794118 0.524968 0.791176 0.524968 0.788235 0.526248 0.785294 0.528809 0.791176 0.528809 0.797059 0.527529 0.800000 0.527529 0.802941 0.528809 0.800000 0.528809 0.791176 0.527529 0.788235 0.528809 0.785294 0.528809 0.776471 0.526248 0.782353 0.526248 0.785294 0.524968 0.788235 0.523688 0.785294 0.523688 0.776471 0.521127 0.776471 0.519846 0.773529 0.521127 0.770588 0.522407 0.770588 0.521127 0.770588 0.519846 0.767647 0.521127 0.764706 0.521127 0.761765 0.524968 0.752941 0.523688 0.752941 0.523688 0.755882 0.522407 0.758824 0.521127 0.758824 0.518566 0.764706 0.517286 0.764706 0.516005 0.761765 0.517286 0.758824 0.517286 0.755882 0.519846 0.750000 0.519846 0.747059 0.522407 0.741176 0.521127 0.741176 0.519846 0.744118 0.517286 0.744118 0.516005 0.747059 0.514725 0.744118 0.514725 0.741176 0.518566 0.732353 0.517286 0.732353 0.516005 0.735294 0.514725 0.732353 0.514725 0.729412
1 0.481434 0.723529 0.480154 0.726471 0.480154 0.738235 0.478873 0.741176 0.478873 0.744118 0.477593 0.747059 0.477593 0.750000 0.478873 0.747059 0.480154 0.750000 0.480154 0.755882 0.478873 0.758824 0.478873 0.764706 0.480154 0.767647 0.480154 0.776471 0.481434 0.779412 0.481434 0.770588 0.482714 0.767647 0.483995 0.767647 0.485275 0.770588 0.483995 0.773529 0.485275 0.773529 0.486556 0.770588 0.485275 0.767647 0.485275 0.761765 0.483995 0.764706 0.482714 0.761765 0.482714 0.750000 0.483995 0.747059 0.483995 0.735294 0.482714 0.732353 0.483995 0.729412 0.482714 0.729412 0.481434 0.726471
1 0.390525 0.717647 0.389245 0.720588 0.387964 0.720588 0.387964 0.723529 0.389245 0.726471 0.386684 0.732353 0.382843 0.723529 0.382843 0.726471 0.384123 0.729412 0.384123 0.732353 0.385403 0.735294 0.386684 0.732353 0.387964 0.735294 0.387964 0.738235 0.389245 0.741176 0.390525 0.741176 0.391805 0.744118 0.390525 0.747059 0.390525 0.750000 0.389245 0.752941 0.386684 0.747059 0.387964 0.750000 0.385403 0.755882 0.386684 0.752941 0.389245 0.758824 0.389245 0.761765 0.390525 0.761765 0.390525 0.758824 0.391805 0.755882 0.393086 0.755882 0.394366 0.752941 0.391805 0.752941 0.390525 0.750000 0.391805 0.747059 0.393086 0.747059 0.393086 0.741176 0.391805 0.738235 0.390525 0.738235 0.389245 0.735294 0.390525 0.732353 0.389245 0.729412 0.390525 0.726471
1 0.409731 0.697059 0.409731 0.717647 0.408451 0.720588 0.408451 0.735294 0.409731 0.738235 0.408451 0.741176 0.408451 0.747059 0.407170 0.750000 0.403329 0.741176 0.403329 0.738235 0.402049 0.741176 0.400768 0.738235 0.400768 0.732353 0.400768 0.755882 0.399488 0.758824 0.399488 0.764706 0.400768 0.767647 0.399488 0.770588 0.400768 0.770588 0.403329 0.776471 0.403329 0.770588 0.402049 0.773529 0.400768 0.770588 0.400768 0.767647 0.403329 0.761765 0.404609 0.764706 0.404609 0.761765 0.403329 0.758824 0.403329 0.755882 0.402049 0.755882 0.400768 0.752941 0.400768 0.744118 0.402049 0.741176 0.403329 0.744118 0.403329 0.750000 0.404609 0.747059 0.405890 0.747059 0.407170 0.750000 0.409731 0.750000
1 0.975672 0.694118 0.975672 0.702941 0.976953 0.705882 0.976953 0.711765 0.979513 0.717647 0.979513 0.723529 0.980794 0.726471 0.979513 0.729412 0.980794 0.732353 0.980794 0.735294 0.979513 0.738235 0.980794 0.741176 0.980794 0.744118 0.982074 0.747059 0.983355 0.747059 0.984635 0.750000 0.984635 0.752941 0.983355 0.755882 0.979513 0.755882 0.978233 0.758824 0.975672 0.752941 0.975672 0.747059 0.973111 0.741176 0.973111 0.726471 0.971831 0.723529 0.971831 0.714706 0.970551 0.711765 0.970551 0.708824 0.969270 0.705882 0.969270 0.702941 0.967990 0.700000 0.966709 0.700000 0.965429 0.702941 0.965429 0.714706 0.966709 0.717647 0.965429 0.720588 0.956466 0.720588 0.955186 0.723529 0.956466 0.726471 0.955186 0.729412 0.951344 0.729412 0.950064 0.732353 0.951344 0.735294 0.951344 0.738235 0.950064 0.741176 0.948784 0.738235 0.947503 0.741176 0.948784 0.744118 0.946223 0.750000 0.944942 0.747059 0.944942 0.744118 0.942382 0.744118 0.941101 0.741176 0.941101 0.738235 0.937260 0.738235 0.938540 0.741176 0.935980 0.747059 0.937260 0.747059 0.938540 0.750000 0.938540 0.752941 0.939821 0.752941 0.942382 0.758824 0.942382 0.767647 0.933419 0.788235 0.942382 0.767647 0.944942 0.773529 0.944942 0.776471 0.946223 0.779412 0.946223 0.785294 0.947503 0.788235 0.947503 0.791176 0.944942 0.797059 0.942382 0.797059 0.941101 0.800000 0.939821 0.800000 0.938540 0.802941 0.937260 0.802941 0.939821 0.802941 0.941101 0.800000 0.942382 0.800000 0.943662 0.797059 0.944942 0.797059 0.946223 0.794118 0.947503 0.794118 0.950064 0.800000 0.950064 0.805882 0.951344 0.808824 0.951344 0.811765 0.952625 0.814706 0.952625 0.817647 0.953905 0.820588 0.953905 0.823529 0.956466 0.829412 0.956466 0.826471 0.955186 0.823529 0.955186 0.817647 0.953905 0.814706 0.953905 0.808824 0.952625 0.805882 0.952625 0.800000 0.951344 0.797059 0.951344 0.794118 0.950064 0.791176 0.951344 0.788235 0.952625 0.788235 0.953905 0.785294 0.955186 0.785294 0.956466 0.782353 0.957746 0.782353 0.959027 0.779412 0.960307 0.779412 0.961588 0.776471 0.964149 0.776471 0.965429 0.773529 0.966709 0.773529 0.967990 0.770588 0.970551 0.776471 0.970551 0.773529 0.971831 0.770588 0.973111 0.773529 0.973111 0.779412 0.974392 0.782353 0.974392 0.785294 0.975672 0.788235 0.975672 0.791176 0.976953 0.794118 0.976953 0.797059 0.979513 0.802941 0.979513 0.811765 0.980794 0.814706 0.980794 0.817647 0.982074 0.820588 0.982074 0.826471 0.984635 0.832353 0.984635 0.835294 0.983355 0.838235 0.984635 0.841176 0.984635 0.844118 0.985915 0.847059 0.985915 0.850000 0.987196 0.852941 0.987196 0.855882 0.988476 0.858824 0.988476 0.870588 0.989757 0.873529 0.989757 0.876471 0.991037 0.879412 0.991037 0.882353 0.992318 0.885294 0.992318 0.888235 0.991037 0.891176 0.992318 0.894118 0.991037 0.897059 0.989757 0.897059 0.989757 0.900000 0.991037 0.900000 0.996159 0.911765 0.994878 0.914706 0.994878 0.917647 0.996159 0.920588 0.996159 0.926471 0.998720 0.932353 0.998720 0.823529 0.997439 0.820588 0.998720 0.817647 0.998720 0.794118 0.997439 0.791176 0.996159 0.791176 0.993598 0.785294 0.994878 0.782353 0.994878 0.773529 0.993598 0.773529 0.992318 0.770588 0.992318 0.761765 0.991037 0.761765 0.989757 0.764706 0.988476 0.761765 0.988476 0.758824 0.989757 0.755882 0.991037 0.755882 0.991037 0.752941 0.992318 0.750000 0.994878 0.750000 0.996159 0.747059 0.998720 0.747059 0.998720 0.744118 0.996159 0.744118 0.994878 0.747059 0.992318 0.747059 0.991037 0.750000 0.989757 0.747059 0.989757 0.741176 0.988476 0.741176 0.987196 0.738235 0.987196 0.735294 0.985915 0.732353 0.987196 0.729412 0.988476 0.729412 0.987196 0.729412 0.984635 0.723529 0.984635 0.720588 0.982074 0.714706 0.982074 0.708824 0.978233 0.700000 0.978233 0.697059 0.976953 0.694118
1 0.865557 0.688235 0.865557 0.691176 0.866837 0.694118 0.866837 0.700000 0.868118 0.702941 0.869398 0.702941 0.871959 0.708824 0.870679 0.711765 0.871959 0.711765 0.873239 0.714706 0.873239 0.723529 0.871959 0.726471 0.869398 0.726471 0.868118 0.729412 0.866837 0.726471 0.865557 0.729412 0.864277 0.726471 0.865557 0.729412 0.865557 0.732353 0.866837 0.735294 0.869398 0.735294 0.870679 0.732353 0.871959 0.735294 0.871959 0.738235 0.871959 0.735294 0.873239 0.732353 0.874520 0.735294 0.875800 0.735294 0.875800 0.732353 0.877081 0.729412 0.879641 0.729412 0.880922 0.732353 0.882202 0.732353 0.883483 0.735294 0.880922 0.729412 0.880922 0.726471 0.882202 0.723529 0.883483 0.726471 0.884763 0.723529 0.886044 0.726471 0.886044 0.723529 0.887324 0.720588 0.888604 0.720588 0.889885 0.723529 0.888604 0.720588 0.889885 0.717647 0.891165 0.717647 0.891165 0.714706 0.889885 0.714706 0.888604 0.711765 0.887324 0.714706 0.886044 0.714706 0.884763 0.711765 0.886044 0.708824 0.886044 0.705882 0.882202 0.705882 0.880922 0.702941 0.879641 0.702941 0.880922 0.705882 0.879641 0.708824 0.878361 0.708824 0.877081 0.705882 0.875800 0.705882 0.873239 0.700000 0.874520 0.697059 0.873239 0.694118 0.871959 0.697059 0.870679 0.697059 0.869398 0.694118 0.869398 0.688235 0.868118 0.691176 0.866837 0.691176
1 0.348271 0.682353 0.348271 0.688235 0.346991 0.691176 0.346991 0.720588 0.345711 0.723529 0.346991 0.726471 0.346991 0.732353 0.345711 0.735294 0.345711 0.741176 0.346991 0.744118 0.346991 0.752941 0.345711 0.755882 0.345711 0.758824 0.348271 0.758824 0.348271 0.750000 0.346991 0.747059 0.348271 0.744118 0.349552 0.744118 0.350832 0.747059 0.352113 0.747059 0.353393 0.750000 0.354673 0.750000 0.355954 0.752941 0.357234 0.752941 0.358515 0.755882 0.358515 0.752941 0.357234 0.752941 0.355954 0.750000 0.354673 0.750000 0.353393 0.747059 0.352113 0.747059 0.350832 0.744118 0.349552 0.744118 0.348271 0.741176 0.348271 0.723529 0.346991 0.720588 0.348271 0.717647 0.348271 0.708824 0.346991 0.705882 0.348271 0.702941
1 0.665813 0.673529 0.665813 0.679412 0.664533 0.682353 0.665813 0.685294 0.665813 0.691176 0.667093 0.694118 0.665813 0.697059 0.665813 0.714706 0.667093 0.717647 0.665813 0.720588 0.667093 0.723529 0.665813 0.726471 0.667093 0.729412 0.665813 0.732353 0.667093 0.735294 0.667093 0.747059 0.668374 0.750000 0.668374 0.752941 0.665813 0.758824 0.664533 0.755882 0.664533 0.744118 0.663252 0.741176 0.663252 0.732353 0.661972 0.729412 0.661972 0.717647 0.660691 0.714706 0.660691 0.700000 0.660691 0.702941 0.659411 0.705882 0.658131 0.702941 0.658131 0.697059 0.656850 0.694118 0.656850 0.685294 0.656850 0.694118 0.658131 0.697059 0.658131 0.702941 0.659411 0.705882 0.659411 0.711765 0.660691 0.714706 0.660691 0.723529 0.661972 0.726471 0.661972 0.732353 0.663252 0.735294 0.663252 0.747059 0.664533 0.750000 0.664533 0.752941 0.663252 0.755882 0.663252 0.761765 0.664533 0.764706 0.664533 0.773529 0.665813 0.776471 0.665813 0.788235 0.667093 0.791176 0.667093 0.802941 0.668374 0.805882 0.668374 0.820588 0.669654 0.823529 0.669654 0.835294 0.670935 0.838235 0.670935 0.852941 0.672215 0.855882 0.672215 0.867647 0.673496 0.870588 0.673496 0.891176 0.673496 0.867647 0.672215 0.864706 0.672215 0.852941 0.670935 0.850000 0.670935 0.832353 0.669654 0.829412 0.669654 0.811765 0.668374 0.808824 0.668374 0.791176 0.667093 0.788235 0.667093 0.773529 0.668374 0.770588 0.667093 0.773529 0.665813 0.770588 0.665813 0.761765 0.667093 0.758824 0.668374 0.761765 0.668374 0.764706 0.669654 0.764706 0.669654 0.747059 0.668374 0.744118 0.668374 0.729412 0.667093 0.726471 0.667093 0.702941 0.665813 0.700000 0.667093 0.697059 0.667093 0.694118 0.665813 0.691176 0.667093 0.688235 0.667093 0.682353 0.665813 0.679412 0.667093 0.676471
1 0.450704 0.658824 0.450704 0.673529 0.449424 0.676471 0.450704 0.679412 0.450704 0.685294 0.449424 0.688235 0.449424 0.691176 0.450704 0.694118 0.449424 0.697059 0.450704 0.700000 0.450704 0.729412 0.449424 0.732353 0.448143 0.732353 0.446863 0.729412 0.448143 0.732353 0.448143 0.735294 0.450704 0.741176 0.450704 0.747059 0.451985 0.750000 0.450704 0.752941 0.451985 0.755882 0.451985 0.758824 0.453265 0.761765 0.453265 0.779412 0.453265 0.761765 0.451985 0.758824 0.451985 0.752941 0.454545 0.747059 0.453265 0.744118 0.454545 0.741176 0.453265 0.738235 0.454545 0.735294 0.451985 0.729412 0.453265 0.726471 0.453265 0.723529 0.451985 0.720588 0.451985 0.714706 0.453265 0.711765 0.453265 0.705882 0.451985 0.702941 0.451985 0.661765
1 0.359795 0.652941 0.359795 0.655882 0.358515 0.658824 0.358515 0.682353 0.357234 0.685294 0.357234 0.700000 0.355954 0.702941 0.355954 0.729412 0.354673 0.732353 0.354673 0.738235 0.354673 0.732353 0.355954 0.729412 0.355954 0.723529 0.357234 0.720588 0.357234 0.705882 0.358515 0.702941 0.358515 0.691176 0.359795 0.688235 0.359795 0.664706 0.361076 0.661765 0.361076 0.652941
1 0.791293 0.644118 0.791293 0.661765 0.792574 0.664706 0.792574 0.670588 0.793854 0.673529 0.793854 0.676471 0.792574 0.679412 0.793854 0.682353 0.793854 0.694118 0.795134 0.697059 0.795134 0.700000 0.793854 0.702941 0.795134 0.705882 0.795134 0.735294 0.793854 0.738235 0.793854 0.741176 0.795134 0.744118 0.795134 0.750000 0.796415 0.752941 0.796415 0.755882 0.795134 0.758824 0.795134 0.767647 0.796415 0.770588 0.796415 0.779412 0.797695 0.782353 0.797695 0.800000 0.798976 0.800000 0.800256 0.802941 0.800256 0.805882 0.801536 0.808824 0.802817 0.805882 0.806658 0.814706 0.805378 0.817647 0.805378 0.823529 0.806658 0.823529 0.807939 0.826471 0.807939 0.802941 0.806658 0.800000 0.806658 0.779412 0.806658 0.794118 0.805378 0.797059 0.805378 0.805882 0.804097 0.808824 0.801536 0.802941 0.801536 0.800000 0.800256 0.797059 0.800256 0.776471 0.798976 0.776471 0.797695 0.773529 0.798976 0.770588 0.800256 0.770588 0.800256 0.761765 0.798976 0.758824 0.798976 0.755882 0.800256 0.752941 0.798976 0.750000 0.798976 0.732353 0.797695 0.729412 0.797695 0.726471 0.798976 0.723529 0.798976 0.720588 0.797695 0.717647 0.797695 0.708824 0.796415 0.705882 0.797695 0.702941 0.797695 0.700000 0.796415 0.697059 0.796415 0.685294 0.795134 0.682353 0.796415 0.679412 0.796415 0.676471 0.795134 0.673529 0.795134 0.661765 0.793854 0.658824 0.793854 0.652941 0.792574 0.650000 0.792574 0.647059
1 0.848912 0.611765 0.850192 0.614706 0.848912 0.617647 0.850192 0.620588 0.850192 0.655882 0.851472 0.658824 0.851472 0.708824 0.850192 0.711765 0.850192 0.717647 0.848912 0.720588 0.848912 0.732353 0.850192 0.735294 0.850192 0.741176 0.848912 0.744118 0.848912 0.773529 0.847631 0.776471 0.847631 0.788235 0.847631 0.785294 0.848912 0.782353 0.848912 0.758824 0.850192 0.755882 0.850192 0.735294 0.851472 0.732353 0.851472 0.708824 0.852753 0.705882 0.852753 0.694118 0.851472 0.691176 0.851472 0.676471 0.852753 0.673529 0.852753 0.647059 0.851472 0.644118 0.851472 0.620588 0.850192 0.617647 0.850192 0.614706
1 0.199744 0.611765 0.198464 0.614706 0.198464 0.623529 0.197183 0.626471 0.198464 0.629412 0.197183 0.632353 0.197183 0.641176 0.198464 0.644118 0.195903 0.650000 0.197183 0.652941 0.195903 0.655882 0.195903 0.667647 0.197183 0.670588 0.195903 0.673529 0.195903 0.688235 0.194622 0.691176 0.194622 0.697059 0.195903 0.700000 0.194622 0.702941 0.195903 0.705882 0.194622 0.708824 0.194622 0.717647 0.192061 0.723529 0.192061 0.726471 0.193342 0.729412 0.193342 0.732353 0.192061 0.735294 0.192061 0.741176 0.193342 0.744118 0.193342 0.752941 0.192061 0.755882 0.192061 0.767647 0.190781 0.770588 0.189501 0.767647 0.189501 0.764706 0.188220 0.761765 0.188220 0.782353 0.189501 0.785294 0.188220 0.788235 0.188220 0.794118 0.189501 0.797059 0.188220 0.800000 0.188220 0.808824 0.186940 0.811765 0.186940 0.820588 0.188220 0.817647 0.188220 0.814706 0.189501 0.811765 0.189501 0.802941 0.190781 0.800000 0.190781 0.791176 0.192061 0.788235 0.192061 0.779412 0.193342 0.776471 0.193342 0.767647 0.194622 0.764706 0.194622 0.752941 0.195903 0.750000 0.195903 0.744118 0.197183 0.741176 0.197183 0.735294 0.198464 0.732353 0.197183 0.732353 0.195903 0.729412 0.195903 0.726471 0.197183 0.723529 0.197183 0.705882 0.198464 0.702941 0.198464 0.700000 0.197183 0.697059 0.198464 0.694118 0.198464 0.673529 0.199744 0.670588 0.199744 0.664706 0.198464 0.661765 0.199744 0.658824 0.199744 0.650000 0.198464 0.647059 0.199744 0.644118 0.198464 0.641176 0.199744 0.638235 0.198464 0.635294 0.199744 0.632353
1 0.364917 0.600000 0.364917 0.629412 0.363636 0.632353 0.364917 0.632353 0.366197 0.635294 0.364917 0.638235 0.363636 0.638235 0.363636 0.644118 0.364917 0.647059 0.363636 0.650000 0.363636 0.655882 0.364917 0.658824 0.364917 0.688235 0.363636 0.691176 0.363636 0.694118 0.364917 0.697059 0.364917 0.708824 0.363636 0.711765 0.363636 0.726471 0.362356 0.729412 0.362356 0.732353 0.363636 0.735294 0.363636 0.738235 0.362356 0.741176 0.362356 0.747059 0.363636 0.750000 0.363636 0.761765 0.362356 0.764706 0.363636 0.767647 0.363636 0.776471 0.363636 0.773529 0.364917 0.770588 0.366197 0.773529 0.366197 0.782353 0.364917 0.785294 0.366197 0.782353 0.366197 0.779412 0.367478 0.776471 0.367478 0.773529 0.368758 0.770588 0.372599 0.779412 0.372599 0.794118 0.371319 0.797059 0.371319 0.800000 0.373880 0.794118 0.373880 0.788235 0.375160 0.785294 0.376440 0.785294 0.379001 0.791176 0.379001 0.802941 0.380282 0.805882 0.380282 0.808824 0.380282 0.805882 0.379001 0.802941 0.379001 0.797059 0.380282 0.794118 0.380282 0.791176 0.379001 0.788235 0.379001 0.785294 0.377721 0.782353 0.377721 0.779412 0.379001 0.776471 0.380282 0.776471 0.381562 0.779412 0.384123 0.779412 0.384123 0.776471 0.385403 0.773529 0.385403 0.770588 0.385403 0.773529 0.384123 0.776471 0.382843 0.773529 0.382843 0.764706 0.381562 0.764706 0.381562 0.767647 0.380282 0.770588 0.379001 0.767647 0.377721 0.767647 0.376440 0.764706 0.376440 0.750000 0.375160 0.747059 0.376440 0.744118 0.375160 0.741176 0.375160 0.738235 0.373880 0.738235 0.372599 0.735294 0.372599 0.744118 0.370038 0.750000 0.370038 0.752941 0.368758 0.755882 0.367478 0.752941 0.367478 0.747059 0.368758 0.744118 0.368758 0.735294 0.367478 0.738235 0.366197 0.735294 0.366197 0.717647 0.367478 0.714706 0.366197 0.711765 0.366197 0.705882 0.367478 0.702941 0.367478 0.700000 0.366197 0.697059 0.367478 0.694118 0.367478 0.650000 0.366197 0.647059 0.367478 0.644118 0.366197 0.641176 0.366197 0.638235 0.367478 0.635294 0.366197 0.632353 0.367478 0.629412 0.366197 0.626471 0.366197 0.600000
1 0.468630 0.591176 0.469910 0.594118 0.468630 0.597059 0.469910 0.600000 0.469910 0.605882 0.468630 0.608824 0.468630 0.611765 0.469910 0.614706 0.468630 0.617647 0.468630 0.620588 0.469910 0.623529 0.469910 0.626471 0.468630 0.629412 0.469910 0.632353 0.469910 0.676471 0.468630 0.679412 0.468630 0.697059 0.469910 0.700000 0.469910 0.705882 0.468630 0.708824 0.468630 0.726471 0.466069 0.732353 0.464789 0.732353 0.463508 0.735294 0.462228 0.735294 0.459667 0.741176 0.458387 0.741176 0.457106 0.744118 0.458387 0.741176 0.459667 0.741176 0.462228 0.735294 0.463508 0.735294 0.464789 0.732353 0.466069 0.732353 0.467350 0.729412 0.468630 0.732353 0.468630 0.750000 0.469910 0.752941 0.469910 0.755882 0.471191 0.758824 0.469910 0.755882 0.471191 0.752941 0.469910 0.750000 0.471191 0.747059 0.473752 0.747059 0.475032 0.750000 0.475032 0.755882 0.476312 0.758824 0.475032 0.755882 0.475032 0.750000 0.473752 0.747059 0.472471 0.747059 0.471191 0.744118 0.471191 0.732353 0.472471 0.729412 0.472471 0.726471 0.473752 0.723529 0.473752 0.714706 0.475032 0.711765 0.475032 0.694118 0.475032 0.702941 0.473752 0.705882 0.473752 0.714706 0.472471 0.717647 0.472471 0.723529 0.471191 0.726471 0.469910 0.726471 0.468630 0.723529 0.468630 0.717647 0.469910 0.714706 0.469910 0.711765 0.471191 0.708824 0.471191 0.697059 0.472471 0.694118 0.472471 0.691176 0.472471 0.694118 0.471191 0.697059 0.469910 0.694118 0.469910 0.688235 0.471191 0.685294 0.471191 0.664706 0.469910 0.661765 0.471191 0.658824 0.471191 0.626471 0.469910 0.623529 0.471191 0.620588 0.471191 0.611765 0.469910 0.608824 0.471191 0.605882 0.469910 0.602941 0.469910 0.594118
1 0.902689 0.573529 0.902689 0.594118 0.903969 0.597059 0.902689 0.600000 0.903969 0.602941 0.903969 0.605882 0.905250 0.608824 0.905250 0.614706 0.906530 0.617647 0.906530 0.632353 0.907810 0.635294 0.907810 0.638235 0.905250 0.644118 0.905250 0.647059 0.906530 0.650000 0.906530 0.655882 0.907810 0.658824 0.906530 0.661765 0.907810 0.664706 0.907810 0.670588 0.906530 0.673529 0.906530 0.679412 0.907810 0.682353 0.907810 0.691176 0.909091 0.694118 0.909091 0.700000 0.907810 0.702941 0.907810 0.708824 0.909091 0.711765 0.909091 0.714706 0.910371 0.717647 0.910371 0.729412 0.909091 0.732353 0.909091 0.747059 0.910371 0.750000 0.909091 0.752941 0.907810 0.752941 0.906530 0.750000 0.905250 0.750000 0.903969 0.747059 0.906530 0.752941 0.905250 0.755882 0.903969 0.755882 0.902689 0.758824 0.901408 0.755882 0.898848 0.755882 0.897567 0.752941 0.895006 0.752941 0.895006 0.755882 0.892446 0.761765 0.891165 0.758824 0.895006 0.767647 0.895006 0.770588 0.896287 0.773529 0.895006 0.776471 0.893726 0.776471 0.892446 0.773529 0.895006 0.779412 0.896287 0.776471 0.897567 0.776471 0.898848 0.779412 0.896287 0.785294 0.897567 0.785294 0.898848 0.788235 0.898848 0.791176 0.903969 0.802941 0.900128 0.811765 0.898848 0.808824 0.897567 0.808824 0.896287 0.805882 0.896287 0.808824 0.895006 0.811765 0.892446 0.805882 0.891165 0.808824 0.892446 0.808824 0.893726 0.811765 0.895006 0.811765 0.896287 0.814706 0.895006 0.817647 0.886044 0.817647 0.884763 0.814706 0.875800 0.814706 0.873239 0.820588 0.873239 0.823529 0.871959 0.826471 0.871959 0.829412 0.870679 0.832353 0.871959 0.832353 0.873239 0.835294 0.873239 0.841176 0.873239 0.838235 0.874520 0.835294 0.874520 0.832353 0.875800 0.829412 0.875800 0.826471 0.877081 0.823529 0.877081 0.820588 0.879641 0.814706 0.880922 0.814706 0.882202 0.817647 0.891165 0.817647 0.892446 0.820588 0.898848 0.820588 0.900128 0.823529 0.903969 0.823529 0.905250 0.820588 0.906530 0.820588 0.907810 0.823529 0.909091 0.820588 0.909091 0.814706 0.910371 0.811765 0.911652 0.814706 0.911652 0.820588 0.914213 0.826471 0.914213 0.829412 0.915493 0.832353 0.915493 0.835294 0.916773 0.835294 0.919334 0.841176 0.919334 0.847059 0.920615 0.850000 0.921895 0.850000 0.923175 0.852941 0.923175 0.861765 0.924456 0.864706 0.924456 0.876471 0.925736 0.879412 0.925736 0.888235 0.927017 0.891176 0.928297 0.891176 0.929577 0.894118 0.928297 0.891176 0.929577 0.888235 0.932138 0.888235 0.933419 0.891176 0.933419 0.852941 0.932138 0.850000 0.930858 0.850000 0.929577 0.852941 0.927017 0.852941 0.925736 0.850000 0.925736 0.844118 0.924456 0.841176 0.924456 0.829412 0.925736 0.826471 0.928297 0.826471 0.928297 0.823529 0.927017 0.820588 0.927017 0.817647 0.925736 0.814706 0.927017 0.811765 0.928297 0.811765 0.929577 0.814706 0.930858 0.811765 0.929577 0.808824 0.929577 0.805882 0.930858 0.802941 0.932138 0.802941 0.930858 0.800000 0.930858 0.797059 0.929577 0.794118 0.929577 0.791176 0.928297 0.791176 0.928297 0.794118 0.929577 0.797059 0.928297 0.800000 0.925736 0.800000 0.923175 0.794118 0.923175 0.788235 0.924456 0.785294 0.924456 0.779412 0.927017 0.773529 0.928297 0.776471 0.928297 0.767647 0.927017 0.770588 0.925736 0.767647 0.923175 0.767647 0.921895 0.764706 0.920615 0.767647 0.919334 0.764706 0.919334 0.747059 0.918054 0.744118 0.918054 0.741176 0.919334 0.738235 0.918054 0.735294 0.918054 0.723529 0.916773 0.720588 0.916773 0.717647 0.915493 0.714706 0.915493 0.711765 0.916773 0.708824 0.916773 0.702941 0.915493 0.700000 0.915493 0.685294 0.914213 0.682353 0.914213 0.679412 0.915493 0.676471 0.915493 0.664706 0.914213 0.661765 0.915493 0.658824 0.914213 0.655882 0.914213 0.652941 0.912932 0.650000 0.914213 0.647059 0.914213 0.644118 0.912932 0.644118 0.910371 0.638235 0.910371 0.635294 0.911652 0.632353 0.911652 0.626471 0.910371 0.623529 0.910371 0.617647 0.911652 0.614706 0.911652 0.608824 0.910371 0.605882 0.910371 0.602941 0.909091 0.600000 0.909091 0.594118 0.907810 0.591176 0.907810 0.585294 0.906530 0.582353 0.906530 0.579412 0.905250 0.576471 0.905250 0.573529
1 0.612036 0.570588 0.612036 0.582353 0.613316 0.585294 0.613316 0.602941 0.614597 0.605882 0.613316 0.608824 0.613316 0.614706 0.614597 0.617647 0.614597 0.629412 0.613316 0.632353 0.614597 0.635294 0.614597 0.667647 0.613316 0.670588 0.613316 0.685294 0.614597 0.688235 0.614597 0.691176 0.613316 0.694118 0.612036 0.694118 0.613316 0.697059 0.613316 0.717647 0.614597 0.720588 0.614597 0.744118 0.615877 0.747059 0.615877 0.788235 0.617157 0.791176 0.617157 0.805882 0.618438 0.808824 0.618438 0.794118 0.619718 0.791176 0.619718 0.782353 0.620999 0.779412 0.620999 0.773529 0.622279 0.770588 0.622279 0.761765 0.623560 0.758824 0.623560 0.723529 0.624840 0.720588 0.624840 0.705882 0.624840 0.714706 0.623560 0.717647 0.623560 0.726471 0.622279 0.729412 0.622279 0.738235 0.620999 0.741176 0.620999 0.750000 0.619718 0.752941 0.618438 0.750000 0.618438 0.744118 0.617157 0.741176 0.617157 0.729412 0.615877 0.726471 0.617157 0.723529 0.617157 0.711765 0.615877 0.708824 0.617157 0.705882 0.617157 0.673529 0.615877 0.670588 0.617157 0.667647 0.617157 0.664706 0.615877 0.661765 0.615877 0.658824 0.617157 0.655882 0.617157 0.652941 0.615877 0.650000 0.617157 0.647059 0.617157 0.641176 0.615877 0.638235 0.617157 0.635294 0.617157 0.632353 0.615877 0.629412 0.615877 0.620588 0.617157 0.617647 0.614597 0.611765 0.615877 0.608824 0.615877 0.591176 0.614597 0.588235 0.614597 0.582353 0.613316 0.579412 0.613316 0.573529
1 0.422535 0.570588 0.422535 0.573529 0.421255 0.576471 0.421255 0.617647 0.422535 0.620588 0.422535 0.626471 0.421255 0.629412 0.421255 0.650000 0.419974 0.652941 0.419974 0.655882 0.421255 0.658824 0.419974 0.661765 0.419974 0.676471 0.418694 0.679412 0.418694 0.685294 0.419974 0.688235 0.418694 0.691176 0.418694 0.694118 0.417414 0.697059 0.417414 0.720588 0.416133 0.723529 0.414853 0.720588 0.414853 0.685294 0.416133 0.682353 0.416133 0.641176 0.416133 0.644118 0.414853 0.647059 0.413572 0.644118 0.413572 0.632353 0.413572 0.673529 0.414853 0.676471 0.414853 0.755882 0.412292 0.761765 0.412292 0.776471 0.413572 0.779412 0.413572 0.782353 0.412292 0.785294 0.413572 0.788235 0.412292 0.791176 0.412292 0.797059 0.413572 0.800000 0.413572 0.802941 0.412292 0.805882 0.413572 0.808824 0.412292 0.811765 0.412292 0.829412 0.411012 0.832353 0.411012 0.835294 0.412292 0.838235 0.412292 0.841176 0.413572 0.844118 0.413572 0.867647 0.412292 0.870588 0.412292 0.882353 0.411012 0.885294 0.412292 0.888235 0.411012 0.891176 0.411012 0.897059 0.409731 0.900000 0.409731 0.905882 0.409731 0.902941 0.411012 0.900000 0.412292 0.902941 0.412292 0.938235 0.413572 0.938235 0.413572 0.929412 0.414853 0.926471 0.414853 0.920588 0.416133 0.917647 0.416133 0.908824 0.417414 0.905882 0.417414 0.900000 0.418694 0.897059 0.418694 0.891176 0.419974 0.888235 0.419974 0.882353 0.421255 0.879412 0.421255 0.873529 0.422535 0.870588 0.422535 0.861765 0.423816 0.858824 0.423816 0.844118 0.425096 0.841176 0.425096 0.817647 0.426376 0.814706 0.426376 0.802941 0.427657 0.800000 0.428937 0.802941 0.428937 0.794118 0.427657 0.791176 0.427657 0.788235 0.428937 0.785294 0.428937 0.779412 0.428937 0.785294 0.427657 0.788235 0.427657 0.794118 0.426376 0.797059 0.426376 0.802941 0.425096 0.805882 0.425096 0.811765 0.423816 0.814706 0.423816 0.823529 0.422535 0.826471 0.422535 0.832353 0.421255 0.835294 0.421255 0.838235 0.419974 0.841176 0.418694 0.838235 0.418694 0.835294 0.417414 0.835294 0.416133 0.832353 0.416133 0.817647 0.417414 0.814706 0.416133 0.811765 0.416133 0.805882 0.417414 0.802941 0.417414 0.800000 0.418694 0.797059 0.418694 0.788235 0.417414 0.785294 0.417414 0.782353 0.419974 0.776471 0.419974 0.773529 0.418694 0.770588 0.419974 0.767647 0.419974 0.758824 0.421255 0.755882 0.422535 0.758824 0.422535 0.761765 0.423816 0.761765 0.423816 0.758824 0.422535 0.755882 0.423816 0.752941 0.422535 0.755882 0.421255 0.755882 0.419974 0.752941 0.421255 0.750000 0.421255 0.732353 0.422535 0.729412 0.423816 0.729412 0.423816 0.726471 0.422535 0.726471 0.421255 0.723529 0.421255 0.705882 0.423816 0.700000 0.423816 0.694118 0.422535 0.691176 0.422535 0.688235 0.423816 0.685294 0.423816 0.679412 0.422535 0.676471 0.422535 0.673529 0.425096 0.667647 0.425096 0.664706 0.423816 0.661765 0.423816 0.647059 0.425096 0.644118 0.425096 0.638235 0.423816 0.635294 0.423816 0.632353 0.425096 0.629412 0.425096 0.611765 0.426376 0.608824 0.426376 0.600000 0.425096 0.597059 0.425096 0.588235 0.423816 0.585294 0.423816 0.573529
1 0.649168 0.564706 0.649168 0.570588 0.650448 0.573529 0.650448 0.585294 0.651729 0.588235 0.650448 0.591176 0.651729 0.594118 0.651729 0.605882 0.653009 0.608824 0.653009 0.617647 0.654289 0.620588 0.654289 0.632353 0.655570 0.635294 0.655570 0.647059 0.656850 0.650000 0.656850 0.652941 0.656850 0.632353 0.655570 0.629412 0.655570 0.614706 0.654289 0.611765 0.654289 0.597059 0.653009 0.594118 0.653009 0.582353 0.651729 0.579412 0.651729 0.573529 0.650448 0.570588 0.650448 0.567647
1 0.435339 0.558824 0.434059 0.561765 0.434059 0.570588 0.435339 0.573529 0.434059 0.576471 0.434059 0.588235 0.435339 0.591176 0.434059 0.594118 0.434059 0.600000 0.435339 0.602941 0.435339 0.605882 0.434059 0.608824 0.434059 0.611765 0.432778 0.614706 0.432778 0.632353 0.431498 0.635294 0.431498 0.652941 0.430218 0.655882 0.430218 0.685294 0.428937 0.688235 0.428937 0.738235 0.427657 0.741176 0.426376 0.741176 0.426376 0.744118 0.427657 0.744118 0.430218 0.750000 0.430218 0.761765 0.428937 0.764706 0.430218 0.761765 0.431498 0.764706 0.431498 0.761765 0.432778 0.758824 0.432778 0.755882 0.435339 0.750000 0.436620 0.750000 0.439181 0.755882 0.437900 0.758824 0.439181 0.761765 0.436620 0.767647 0.437900 0.770588 0.436620 0.773529 0.435339 0.773529 0.435339 0.776471 0.436620 0.779412 0.436620 0.773529 0.437900 0.770588 0.439181 0.770588 0.440461 0.767647 0.440461 0.761765 0.441741 0.758824 0.443022 0.761765 0.444302 0.761765 0.444302 0.758824 0.443022 0.755882 0.443022 0.752941 0.441741 0.750000 0.441741 0.747059 0.440461 0.744118 0.439181 0.744118 0.437900 0.741176 0.437900 0.735294 0.439181 0.732353 0.439181 0.729412 0.437900 0.726471 0.437900 0.717647 0.439181 0.714706 0.439181 0.700000 0.440461 0.697059 0.440461 0.688235 0.440461 0.691176 0.439181 0.694118 0.439181 0.702941 0.437900 0.705882 0.437900 0.711765 0.434059 0.720588 0.432778 0.717647 0.432778 0.697059 0.434059 0.694118 0.434059 0.688235 0.432778 0.685294 0.434059 0.682353 0.434059 0.667647 0.435339 0.664706 0.435339 0.661765 0.434059 0.658824 0.435339 0.655882 0.435339 0.652941 0.434059 0.650000 0.435339 0.647059 0.435339 0.644118 0.434059 0.641176 0.436620 0.635294 0.436620 0.632353 0.435339 0.629412 0.436620 0.626471 0.436620 0.623529 0.435339 0.620588 0.436620 0.617647 0.436620 0.614706 0.435339 0.611765 0.436620 0.608824 0.436620 0.600000 0.435339 0.597059 0.436620 0.594118 0.436620 0.582353 0.437900 0.579412 0.436620 0.576471 0.436620 0.570588 0.435339 0.567647
1 0.747759 0.544118 0.747759 0.547059 0.746479 0.550000 0.746479 0.564706 0.745198 0.567647 0.745198 0.570588 0.746479 0.573529 0.746479 0.576471 0.745198 0.579412 0.745198 0.585294 0.746479 0.588235 0.746479 0.608824 0.747759 0.611765 0.747759 0.614706 0.746479 0.617647 0.747759 0.620588 0.747759 0.632353 0.749040 0.635294 0.749040 0.644118 0.750320 0.647059 0.750320 0.650000 0.749040 0.652941 0.749040 0.655882 0.750320 0.655882 0.751601 0.658824 0.751601 0.661765 0.750320 0.664706 0.749040 0.664706 0.750320 0.667647 0.750320 0.670588 0.751601 0.673529 0.751601 0.682353 0.752881 0.685294 0.751601 0.688235 0.752881 0.691176 0.752881 0.697059 0.754161 0.700000 0.754161 0.702941 0.755442 0.705882 0.754161 0.708824 0.752881 0.708824 0.752881 0.714706 0.754161 0.717647 0.754161 0.720588 0.755442 0.723529 0.755442 0.732353 0.756722 0.735294 0.756722 0.741176 0.759283 0.747059 0.759283 0.767647 0.761844 0.773529 0.760563 0.776471 0.760563 0.779412 0.759283 0.782353 0.758003 0.779412 0.758003 0.773529 0.756722 0.770588 0.756722 0.767647 0.755442 0.764706 0.755442 0.761765 0.754161 0.758824 0.754161 0.755882 0.752881 0.752941 0.752881 0.747059 0.750320 0.741176 0.750320 0.738235 0.749040 0.735294 0.749040 0.729412 0.747759 0.726471 0.747759 0.723529 0.746479 0.720588 0.746479 0.717647 0.745198 0.714706 0.745198 0.711765 0.743918 0.708824 0.743918 0.694118 0.742638 0.691176 0.742638 0.682353 0.741357 0.682353 0.741357 0.685294 0.742638 0.688235 0.742638 0.705882 0.743918 0.708824 0.743918 0.717647 0.745198 0.720588 0.745198 0.726471 0.746479 0.729412 0.746479 0.738235 0.747759 0.741176 0.747759 0.747059 0.749040 0.750000 0.749040 0.752941 0.750320 0.755882 0.750320 0.758824 0.751601 0.761765 0.751601 0.764706 0.754161 0.770588 0.754161 0.773529 0.755442 0.776471 0.755442 0.779412 0.756722 0.782353 0.756722 0.785294 0.758003 0.788235 0.758003 0.791176 0.759283 0.791176 0.760563 0.794118 0.760563 0.805882 0.761844 0.808824 0.761844 0.811765 0.763124 0.814706 0.763124 0.817647 0.764405 0.820588 0.764405 0.823529 0.765685 0.826471 0.765685 0.841176 0.766965 0.844118 0.766965 0.864706 0.768246 0.867647 0.768246 0.882353 0.769526 0.885294 0.769526 0.897059 0.768246 0.900000 0.766965 0.897059 0.766965 0.888235 0.766965 0.897059 0.768246 0.900000 0.768246 0.902941 0.769526 0.900000 0.770807 0.902941 0.770807 0.905882 0.769526 0.908824 0.769526 0.911765 0.770807 0.911765 0.772087 0.914706 0.772087 0.894118 0.770807 0.891176 0.770807 0.876471 0.769526 0.873529 0.769526 0.858824 0.768246 0.855882 0.768246 0.844118 0.766965 0.841176 0.766965 0.829412 0.765685 0.826471 0.765685 0.811765 0.764405 0.808824 0.764405 0.797059 0.763124 0.794118 0.764405 0.791176 0.764405 0.782353 0.763124 0.779412 0.763124 0.776471 0.764405 0.773529 0.766965 0.779412 0.766965 0.782353 0.766965 0.779412 0.765685 0.776471 0.765685 0.770588 0.764405 0.773529 0.763124 0.770588 0.763124 0.764706 0.764405 0.761765 0.763124 0.761765 0.761844 0.758824 0.763124 0.755882 0.763124 0.752941 0.761844 0.750000 0.761844 0.741176 0.760563 0.738235 0.760563 0.732353 0.759283 0.729412 0.759283 0.702941 0.758003 0.700000 0.758003 0.688235 0.756722 0.685294 0.756722 0.679412 0.755442 0.676471 0.755442 0.664706 0.754161 0.661765 0.754161 0.655882 0.752881 0.652941 0.752881 0.647059 0.751601 0.644118 0.752881 0.641176 0.751601 0.638235 0.751601 0.626471 0.750320 0.623529 0.751601 0.620588 0.751601 0.608824 0.750320 0.605882 0.750320 0.602941 0.749040 0.600000 0.751601 0.594118 0.751601 0.588235 0.750320 0.591176 0.749040 0.588235 0.749040 0.585294 0.750320 0.582353 0.750320 0.576471 0.749040 0.573529 0.749040 0.567647 0.747759 0.564706 0.747759 0.561765 0.749040 0.558824 0.749040 0.555882 0.747759 0.552941 0.749040 0.550000 0.747759 0.547059
1 0.058899 0.523529 0.058899 0.526471 0.057618 0.529412 0.057618 0.535294 0.056338 0.538235 0.056338 0.541176 0.055058 0.544118 0.055058 0.555882 0.053777 0.558824 0.053777 0.567647 0.055058 0.570588 0.052497 0.576471 0.052497 0.579412 0.053777 0.582353 0.053777 0.591176 0.052497 0.594118 0.051216 0.594118 0.049936 0.597059 0.051216 0.600000 0.051216 0.602941 0.049936 0.605882 0.049936 0.608824 0.048656 0.611765 0.048656 0.614706 0.049936 0.617647 0.049936 0.623529 0.048656 0.626471 0.048656 0.629412 0.049936 0.632353 0.049936 0.638235 0.048656 0.641176 0.048656 0.655882 0.047375 0.658824 0.047375 0.664706 0.048656 0.667647 0.048656 0.670588 0.046095 0.676471 0.046095 0.702941 0.044814 0.705882 0.044814 0.717647 0.043534 0.720588 0.043534 0.729412 0.042254 0.732353 0.042254 0.735294 0.040973 0.738235 0.038412 0.738235 0.037132 0.741176 0.039693 0.747059 0.039693 0.750000 0.040973 0.750000 0.042254 0.752941 0.038412 0.761765 0.038412 0.773529 0.039693 0.773529 0.042254 0.779412 0.040973 0.782353 0.040973 0.791176 0.039693 0.794118 0.039693 0.800000 0.037132 0.805882 0.037132 0.811765 0.038412 0.814706 0.038412 0.817647 0.037132 0.820588 0.037132 0.823529 0.035851 0.826471 0.035851 0.829412 0.034571 0.832353 0.033291 0.829412 0.033291 0.817647 0.030730 0.817647 0.029449 0.814706 0.029449 0.811765 0.028169 0.811765 0.028169 0.814706 0.026889 0.817647 0.026889 0.820588 0.028169 0.823529 0.028169 0.826471 0.026889 0.829412 0.026889 0.835294 0.028169 0.838235 0.026889 0.841176 0.026889 0.852941 0.026889 0.850000 0.028169 0.847059 0.029449 0.850000 0.029449 0.858824 0.028169 0.861765 0.028169 0.873529 0.026889 0.876471 0.026889 0.888235 0.025608 0.891176 0.025608 0.897059 0.030730 0.885294 0.032010 0.885294 0.033291 0.888235 0.033291 0.879412 0.034571 0.876471 0.034571 0.870588 0.035851 0.867647 0.035851 0.858824 0.037132 0.855882 0.037132 0.847059 0.038412 0.844118 0.038412 0.835294 0.039693 0.832353 0.039693 0.823529 0.040973 0.820588 0.040973 0.814706 0.042254 0.811765 0.043534 0.811765 0.043534 0.805882 0.044814 0.802941 0.044814 0.800000 0.046095 0.797059 0.046095 0.791176 0.047375 0.788235 0.047375 0.782353 0.049936 0.776471 0.049936 0.773529 0.051216 0.770588 0.051216 0.761765 0.052497 0.758824 0.052497 0.755882 0.051216 0.755882 0.049936 0.752941 0.049936 0.747059 0.051216 0.744118 0.051216 0.738235 0.052497 0.735294 0.052497 0.711765 0.053777 0.708824 0.053777 0.702941 0.055058 0.700000 0.055058 0.691176 0.053777 0.688235 0.053777 0.685294 0.055058 0.682353 0.055058 0.673529 0.056338 0.670588 0.056338 0.664706 0.057618 0.661765 0.057618 0.658824 0.056338 0.658824 0.055058 0.655882 0.055058 0.652941 0.056338 0.650000 0.056338 0.647059 0.057618 0.644118 0.057618 0.635294 0.058899 0.632353 0.058899 0.623529 0.057618 0.620588 0.058899 0.617647 0.058899 0.602941 0.061460 0.597059 0.058899 0.597059 0.056338 0.591176 0.058899 0.585294 0.058899 0.579412 0.060179 0.576471 0.058899 0.573529 0.058899 0.570588 0.060179 0.567647 0.060179 0.561765 0.061460 0.558824 0.061460 0.547059 0.062740 0.544118 0.062740 0.523529
1 0.272727 0.514706 0.271447 0.517647 0.271447 0.526471 0.270166 0.529412 0.270166 0.570588 0.267606 0.576471 0.268886 0.579412 0.267606 0.582353 0.267606 0.594118 0.266325 0.597059 0.266325 0.600000 0.267606 0.602941 0.266325 0.605882 0.266325 0.608824 0.265045 0.611765 0.265045 0.620588 0.263764 0.623529 0.263764 0.638235 0.261204 0.644118 0.261204 0.664706 0.257362 0.673529 0.257362 0.702941 0.256082 0.705882 0.253521 0.705882 0.253521 0.738235 0.252241 0.741176 0.252241 0.758824 0.250960 0.761765 0.250960 0.779412 0.249680 0.782353 0.249680 0.791176 0.250960 0.791176 0.252241 0.794118 0.252241 0.797059 0.250960 0.800000 0.250960 0.814706 0.249680 0.817647 0.249680 0.832353 0.248399 0.835294 0.248399 0.841176 0.247119 0.844118 0.247119 0.879412 0.245839 0.882353 0.245839 0.902941 0.244558 0.905882 0.244558 0.920588 0.243278 0.923529 0.243278 0.976471 0.243278 0.964706 0.244558 0.961765 0.244558 0.932353 0.245839 0.929412 0.245839 0.902941 0.248399 0.897059 0.248399 0.888235 0.249680 0.885294 0.249680 0.879412 0.250960 0.876471 0.250960 0.870588 0.252241 0.867647 0.252241 0.864706 0.253521 0.861765 0.253521 0.858824 0.254802 0.855882 0.254802 0.850000 0.256082 0.847059 0.256082 0.844118 0.257362 0.841176 0.257362 0.838235 0.258643 0.835294 0.258643 0.832353 0.259923 0.829412 0.259923 0.823529 0.261204 0.820588 0.261204 0.814706 0.262484 0.811765 0.262484 0.805882 0.263764 0.802941 0.263764 0.791176 0.265045 0.788235 0.265045 0.773529 0.266325 0.770588 0.266325 0.761765 0.267606 0.758824 0.267606 0.752941 0.270166 0.747059 0.268886 0.744118 0.270166 0.741176 0.270166 0.735294 0.271447 0.732353 0.271447 0.729412 0.271447 0.732353 0.270166 0.735294 0.270166 0.738235 0.268886 0.741176 0.268886 0.744118 0.267606 0.747059 0.267606 0.750000 0.266325 0.752941 0.265045 0.752941 0.266325 0.755882 0.265045 0.758824 0.265045 0.764706 0.263764 0.767647 0.263764 0.770588 0.262484 0.773529 0.262484 0.779412 0.259923 0.785294 0.258643 0.782353 0.258643 0.776471 0.256082 0.770588 0.256082 0.755882 0.258643 0.750000 0.258643 0.747059 0.259923 0.744118 0.259923 0.741176 0.261204 0.738235 0.259923 0.738235 0.257362 0.732353 0.258643 0.729412 0.259923 0.729412 0.262484 0.723529 0.262484 0.720588 0.261204 0.717647 0.262484 0.714706 0.262484 0.702941 0.263764 0.700000 0.263764 0.685294 0.265045 0.682353 0.265045 0.670588 0.266325 0.667647 0.266325 0.652941 0.268886 0.647059 0.268886 0.641176 0.267606 0.638235 0.268886 0.635294 0.268886 0.632353 0.270166 0.629412 0.270166 0.623529 0.268886 0.620588 0.271447 0.614706 0.271447 0.591176 0.274008 0.585294 0.272727 0.585294 0.271447 0.582353 0.271447 0.579412 0.274008 0.573529 0.274008 0.558824 0.275288 0.555882 0.275288 0.552941 0.276569 0.550000 0.276569 0.547059 0.275288 0.544118 0.275288 0.529412 0.274008 0.526471 0.274008 0.514706
1 0.416133 0.508824 0.414853 0.511765 0.414853 0.523529 0.413572 0.526471 0.413572 0.532353 0.414853 0.535294 0.413572 0.538235 0.413572 0.550000 0.412292 0.552941 0.413572 0.555882 0.413572 0.576471 0.412292 0.579412 0.413572 0.582353 0.412292 0.585294 0.412292 0.602941 0.413572 0.605882 0.413572 0.594118 0.414853 0.591176 0.413572 0.588235 0.414853 0.585294 0.414853 0.558824 0.416133 0.555882 0.416133 0.529412 0.417414 0.526471 0.416133 0.523529 0.416133 0.520588 0.417414 0.517647 0.416133 0.514706 0.417414 0.511765
1 0.125480 0.500000 0.124200 0.502941 0.124200 0.505882 0.122919 0.508824 0.122919 0.511765 0.121639 0.514706 0.121639 0.517647 0.119078 0.523529 0.119078 0.526471 0.120359 0.529412 0.120359 0.532353 0.119078 0.535294 0.119078 0.544118 0.120359 0.547059 0.119078 0.550000 0.117798 0.550000 0.117798 0.564706 0.116517 0.567647 0.116517 0.570588 0.117798 0.573529 0.116517 0.576471 0.116517 0.588235 0.115237 0.591176 0.115237 0.594118 0.116517 0.597059 0.116517 0.600000 0.115237 0.602941 0.115237 0.611765 0.113956 0.614706 0.113956 0.635294 0.112676 0.638235 0.112676 0.641176 0.111396 0.644118 0.111396 0.647059 0.113956 0.652941 0.112676 0.655882 0.111396 0.655882 0.111396 0.664706 0.112676 0.667647 0.112676 0.673529 0.111396 0.676471 0.112676 0.679412 0.111396 0.682353 0.111396 0.685294 0.110115 0.688235 0.111396 0.691176 0.110115 0.694118 0.108835 0.694118 0.107554 0.691176 0.107554 0.685294 0.106274 0.682353 0.106274 0.661765 0.104994 0.658824 0.104994 0.647059 0.104994 0.688235 0.103713 0.691176 0.103713 0.705882 0.102433 0.708824 0.102433 0.717647 0.103713 0.720588 0.103713 0.761765 0.102433 0.764706 0.103713 0.767647 0.103713 0.770588 0.101152 0.776471 0.099872 0.776471 0.101152 0.776471 0.102433 0.779412 0.102433 0.782353 0.101152 0.785294 0.099872 0.785294 0.101152 0.785294 0.102433 0.788235 0.096031 0.802941 0.094750 0.802941 0.094750 0.805882 0.096031 0.808824 0.097311 0.808824 0.098592 0.811765 0.097311 0.808824 0.097311 0.805882 0.099872 0.800000 0.101152 0.802941 0.101152 0.814706 0.099872 0.817647 0.099872 0.820588 0.099872 0.817647 0.101152 0.814706 0.101152 0.805882 0.103713 0.800000 0.106274 0.800000 0.107554 0.802941 0.106274 0.805882 0.104994 0.805882 0.106274 0.808824 0.104994 0.811765 0.104994 0.814706 0.104994 0.811765 0.106274 0.808824 0.106274 0.805882 0.108835 0.800000 0.110115 0.802941 0.110115 0.808824 0.108835 0.811765 0.110115 0.814706 0.111396 0.811765 0.113956 0.811765 0.112676 0.811765 0.111396 0.808824 0.112676 0.805882 0.113956 0.805882 0.113956 0.802941 0.115237 0.800000 0.116517 0.802941 0.119078 0.802941 0.117798 0.802941 0.116517 0.800000 0.117798 0.797059 0.117798 0.794118 0.119078 0.791176 0.120359 0.794118 0.121639 0.791176 0.122919 0.791176 0.124200 0.788235 0.125480 0.791176 0.125480 0.788235 0.128041 0.782353 0.129321 0.782353 0.125480 0.782353 0.124200 0.779412 0.121639 0.779412 0.120359 0.776471 0.121639 0.773529 0.122919 0.773529 0.117798 0.773529 0.116517 0.770588 0.116517 0.767647 0.117798 0.764706 0.119078 0.764706 0.122919 0.755882 0.120359 0.755882 0.119078 0.758824 0.117798 0.755882 0.116517 0.758824 0.116517 0.761765 0.115237 0.764706 0.113956 0.764706 0.112676 0.761765 0.112676 0.755882 0.111396 0.755882 0.110115 0.752941 0.111396 0.750000 0.112676 0.750000 0.110115 0.750000 0.108835 0.747059 0.110115 0.744118 0.110115 0.741176 0.108835 0.738235 0.108835 0.732353 0.110115 0.729412 0.110115 0.714706 0.111396 0.711765 0.111396 0.697059 0.115237 0.688235 0.115237 0.682353 0.116517 0.679412 0.115237 0.676471 0.116517 0.673529 0.116517 0.661765 0.117798 0.658824 0.117798 0.650000 0.119078 0.647059 0.119078 0.644118 0.120359 0.641176 0.120359 0.635294 0.119078 0.635294 0.117798 0.632353 0.119078 0.629412 0.119078 0.623529 0.120359 0.620588 0.120359 0.617647 0.121639 0.614706 0.119078 0.608824 0.119078 0.600000 0.121639 0.594118 0.120359 0.591176 0.120359 0.582353 0.121639 0.579412 0.121639 0.570588 0.120359 0.567647 0.120359 0.564706 0.121639 0.561765 0.121639 0.555882 0.122919 0.552941 0.121639 0.550000 0.121639 0.547059 0.122919 0.544118 0.121639 0.541176 0.122919 0.538235 0.122919 0.532353 0.124200 0.529412 0.124200 0.526471 0.125480 0.523529 0.125480 0.514706 0.126761 0.511765 0.125480 0.508824 0.126761 0.505882 0.126761 0.502941
1 0.329065 0.429412 0.329065 0.458824 0.330346 0.461765 0.329065 0.464706 0.329065 0.470588 0.327785 0.473529 0.327785 0.482353 0.329065 0.482353 0.330346 0.485294 0.329065 0.488235 0.326504 0.488235 0.327785 0.491176 0.327785 0.494118 0.326504 0.497059 0.329065 0.502941 0.326504 0.508824 0.326504 0.517647 0.327785 0.520588 0.327785 0.532353 0.329065 0.535294 0.329065 0.538235 0.327785 0.541176 0.327785 0.552941 0.329065 0.555882 0.327785 0.558824 0.329065 0.561765 0.329065 0.567647 0.326504 0.573529 0.326504 0.576471 0.327785 0.579412 0.327785 0.588235 0.326504 0.591176 0.326504 0.594118 0.327785 0.597059 0.327785 0.600000 0.326504 0.602941 0.326504 0.620588 0.325224 0.623529 0.325224 0.626471 0.323944 0.629412 0.322663 0.629412 0.322663 0.632353 0.323944 0.635294 0.323944 0.638235 0.325224 0.641176 0.323944 0.644118 0.323944 0.647059 0.325224 0.650000 0.323944 0.652941 0.323944 0.661765 0.326504 0.667647 0.326504 0.676471 0.325224 0.679412 0.325224 0.685294 0.323944 0.688235 0.323944 0.691176 0.322663 0.694118 0.322663 0.697059 0.325224 0.702941 0.325224 0.708824 0.323944 0.711765 0.323944 0.717647 0.322663 0.720588 0.321383 0.717647 0.321383 0.714706 0.320102 0.711765 0.321383 0.708824 0.321383 0.705882 0.318822 0.700000 0.318822 0.697059 0.318822 0.708824 0.317542 0.711765 0.316261 0.708824 0.316261 0.705882 0.316261 0.714706 0.314981 0.717647 0.314981 0.732353 0.313700 0.735294 0.313700 0.744118 0.312420 0.747059 0.312420 0.752941 0.311140 0.755882 0.311140 0.761765 0.309859 0.764706 0.309859 0.770588 0.308579 0.773529 0.308579 0.779412 0.307298 0.782353 0.307298 0.788235 0.306018 0.791176 0.304738 0.788235 0.304738 0.764706 0.306018 0.761765 0.306018 0.755882 0.307298 0.752941 0.307298 0.750000 0.308579 0.747059 0.308579 0.741176 0.309859 0.738235 0.309859 0.732353 0.311140 0.729412 0.311140 0.723529 0.312420 0.720588 0.312420 0.714706 0.311140 0.714706 0.309859 0.711765 0.309859 0.708824 0.311140 0.705882 0.311140 0.694118 0.312420 0.691176 0.312420 0.685294 0.311140 0.682353 0.311140 0.679412 0.313700 0.673529 0.312420 0.673529 0.311140 0.670588 0.313700 0.664706 0.313700 0.658824 0.312420 0.655882 0.313700 0.652941 0.313700 0.641176 0.314981 0.638235 0.313700 0.635294 0.314981 0.632353 0.314981 0.626471 0.313700 0.623529 0.313700 0.620588 0.314981 0.617647 0.314981 0.614706 0.313700 0.611765 0.313700 0.608824 0.314981 0.605882 0.313700 0.605882 0.312420 0.602941 0.313700 0.600000 0.313700 0.597059 0.314981 0.594118 0.314981 0.591176 0.313700 0.588235 0.313700 0.564706 0.312420 0.561765 0.313700 0.558824 0.312420 0.558824 0.312420 0.567647 0.311140 0.570588 0.312420 0.573529 0.312420 0.579412 0.311140 0.582353 0.312420 0.585294 0.311140 0.588235 0.311140 0.597059 0.309859 0.600000 0.311140 0.602941 0.309859 0.605882 0.312420 0.611765 0.311140 0.614706 0.309859 0.614706 0.308579 0.617647 0.308579 0.641176 0.307298 0.644118 0.307298 0.647059 0.308579 0.650000 0.308579 0.652941 0.307298 0.655882 0.306018 0.655882 0.307298 0.658824 0.307298 0.661765 0.308579 0.664706 0.307298 0.667647 0.307298 0.679412 0.306018 0.682353 0.307298 0.685294 0.306018 0.688235 0.306018 0.702941 0.304738 0.705882 0.304738 0.720588 0.303457 0.723529 0.302177 0.723529 0.302177 0.744118 0.299616 0.750000 0.299616 0.791176 0.298335 0.794118 0.298335 0.802941 0.299616 0.805882 0.298335 0.808824 0.298335 0.820588 0.295775 0.826471 0.293214 0.826471 0.291933 0.823529 0.293214 0.820588 0.291933 0.817647 0.291933 0.814706 0.291933 0.817647 0.290653 0.820588 0.289373 0.820588 0.289373 0.823529 0.288092 0.826471 0.286812 0.823529 0.288092 0.826471 0.286812 0.829412 0.286812 0.841176 0.285531 0.844118 0.286812 0.841176 0.286812 0.838235 0.289373 0.832353 0.291933 0.832353 0.293214 0.835294 0.293214 0.844118 0.291933 0.847059 0.291933 0.850000 0.293214 0.847059 0.294494 0.847059 0.295775 0.844118 0.297055 0.847059 0.297055 0.855882 0.295775 0.858824 0.295775 0.882353 0.294494 0.885294 0.293214 0.885294 0.293214 0.888235 0.291933 0.891176 0.290653 0.888235 0.290653 0.879412 0.289373 0.876471 0.289373 0.864706 0.289373 0.867647 0.288092 0.870588 0.288092 0.891176 0.286812 0.894118 0.285531 0.894118 0.285531 0.908824 0.284251 0.911765 0.286812 0.911765 0.286812 0.908824 0.288092 0.905882 0.289373 0.905882 0.289373 0.900000 0.290653 0.897059 0.291933 0.900000 0.291933 0.894118 0.293214 0.891176 0.294494 0.891176 0.294494 0.885294 0.295775 0.882353 0.295775 0.864706 0.297055 0.861765 0.297055 0.838235 0.298335 0.835294 0.298335 0.808824 0.299616 0.805882 0.300896 0.808824 0.300896 0.850000 0.302177 0.850000 0.302177 0.838235 0.303457 0.835294 0.306018 0.835294 0.307298 0.832353 0.307298 0.823529 0.306018 0.820588 0.307298 0.817647 0.307298 0.811765 0.308579 0.808824 0.308579 0.802941 0.309859 0.800000 0.309859 0.791176 0.311140 0.788235 0.311140 0.779412 0.312420 0.776471 0.312420 0.767647 0.313700 0.764706 0.313700 0.752941 0.314981 0.750000 0.314981 0.744118 0.316261 0.741176 0.316261 0.732353 0.317542 0.729412 0.318822 0.732353 0.318822 0.761765 0.320102 0.764706 0.320102 0.782353 0.318822 0.785294 0.318822 0.794118 0.316261 0.800000 0.317542 0.802941 0.317542 0.811765 0.317542 0.808824 0.318822 0.805882 0.318822 0.802941 0.320102 0.800000 0.321383 0.800000 0.321383 0.794118 0.322663 0.791176 0.322663 0.782353 0.323944 0.779412 0.325224 0.779412 0.323944 0.776471 0.323944 0.770588 0.325224 0.767647 0.325224 0.755882 0.326504 0.752941 0.326504 0.744118 0.327785 0.741176 0.327785 0.732353 0.329065 0.729412 0.330346 0.732353 0.330346 0.755882 0.329065 0.758824 0.329065 0.761765 0.330346 0.764706 0.330346 0.767647 0.330346 0.752941 0.332907 0.747059 0.334187 0.750000 0.331626 0.744118 0.331626 0.694118 0.332907 0.691176 0.332907 0.682353 0.334187 0.679412 0.334187 0.617647 0.335467 0.614706 0.335467 0.597059 0.336748 0.594118 0.336748 0.579412 0.338028 0.576471 0.336748 0.573529 0.338028 0.570588 0.336748 0.573529 0.336748 0.579412 0.335467 0.582353 0.335467 0.597059 0.334187 0.600000 0.334187 0.605882 0.332907 0.608824 0.331626 0.605882 0.331626 0.594118 0.332907 0.591176 0.332907 0.588235 0.331626 0.585294 0.331626 0.582353 0.332907 0.579412 0.332907 0.555882 0.331626 0.552941 0.332907 0.550000 0.332907 0.541176 0.334187 0.538235 0.334187 0.523529 0.332907 0.520588 0.332907 0.517647 0.334187 0.514706 0.334187 0.508824 0.332907 0.505882 0.332907 0.502941 0.334187 0.500000 0.332907 0.497059 0.331626 0.497059 0.330346 0.494118 0.332907 0.488235 0.332907 0.482353 0.334187 0.479412 0.331626 0.473529 0.331626 0.464706 0.332907 0.461765 0.332907 0.441176 0.331626 0.438235 0.331626 0.429412
1 0.688860 0.400000 0.688860 0.402941 0.690141 0.405882 0.688860 0.408824 0.688860 0.411765 0.687580 0.414706 0.687580 0.435294 0.686300 0.438235 0.686300 0.441176 0.687580 0.444118 0.687580 0.450000 0.686300 0.452941 0.686300 0.455882 0.685019 0.458824 0.685019 0.461765 0.686300 0.464706 0.686300 0.467647 0.687580 0.470588 0.687580 0.473529 0.688860 0.473529 0.690141 0.476471 0.690141 0.479412 0.688860 0.482353 0.686300 0.482353 0.686300 0.485294 0.688860 0.491176 0.687580 0.494118 0.686300 0.494118 0.686300 0.502941 0.687580 0.505882 0.687580 0.511765 0.686300 0.514706 0.686300 0.529412 0.687580 0.532353 0.686300 0.535294 0.686300 0.538235 0.687580 0.541176 0.687580 0.544118 0.690141 0.550000 0.688860 0.552941 0.688860 0.564706 0.690141 0.567647 0.687580 0.573529 0.687580 0.576471 0.688860 0.579412 0.688860 0.582353 0.692702 0.591176 0.691421 0.594118 0.688860 0.594118 0.688860 0.600000 0.690141 0.602941 0.691421 0.602941 0.692702 0.605882 0.692702 0.608824 0.691421 0.611765 0.692702 0.614706 0.691421 0.617647 0.690141 0.617647 0.690141 0.620588 0.691421 0.623529 0.691421 0.626471 0.692702 0.629412 0.692702 0.632353 0.691421 0.635294 0.691421 0.641176 0.692702 0.644118 0.692702 0.650000 0.693982 0.652941 0.693982 0.655882 0.695262 0.658824 0.695262 0.661765 0.696543 0.664706 0.696543 0.667647 0.695262 0.670588 0.693982 0.670588 0.691421 0.664706 0.690141 0.664706 0.690141 0.670588 0.691421 0.673529 0.691421 0.679412 0.692702 0.682353 0.692702 0.685294 0.693982 0.688235 0.693982 0.691176 0.695262 0.694118 0.695262 0.702941 0.696543 0.705882 0.696543 0.717647 0.697823 0.720588 0.697823 0.723529 0.699104 0.726471 0.699104 0.729412 0.700384 0.729412 0.701665 0.732353 0.701665 0.741176 0.702945 0.744118 0.702945 0.758824 0.704225 0.761765 0.704225 0.773529 0.705506 0.776471 0.704225 0.779412 0.704225 0.785294 0.705506 0.788235 0.705506 0.791176 0.702945 0.797059 0.700384 0.791176 0.700384 0.785294 0.699104 0.782353 0.699104 0.773529 0.697823 0.770588 0.697823 0.767647 0.696543 0.764706 0.696543 0.758824 0.695262 0.755882 0.695262 0.750000 0.693982 0.747059 0.693982 0.741176 0.692702 0.738235 0.692702 0.732353 0.691421 0.729412 0.691421 0.723529 0.690141 0.720588 0.690141 0.717647 0.688860 0.714706 0.688860 0.708824 0.687580 0.705882 0.687580 0.697059 0.686300 0.694118 0.686300 0.688235 0.685019 0.685294 0.685019 0.679412 0.683739 0.676471 0.683739 0.673529 0.682458 0.670588 0.682458 0.655882 0.681178 0.652941 0.681178 0.641176 0.679898 0.638235 0.679898 0.617647 0.678617 0.614706 0.678617 0.611765 0.679898 0.608824 0.679898 0.602941 0.678617 0.600000 0.679898 0.597059 0.679898 0.594118 0.678617 0.591176 0.678617 0.570588 0.678617 0.573529 0.677337 0.576471 0.677337 0.585294 0.676056 0.588235 0.677337 0.591176 0.677337 0.594118 0.676056 0.597059 0.677337 0.600000 0.677337 0.602941 0.678617 0.605882 0.677337 0.608824 0.677337 0.617647 0.678617 0.620588 0.677337 0.623529 0.677337 0.626471 0.678617 0.629412 0.677337 0.632353 0.677337 0.635294 0.678617 0.635294 0.679898 0.638235 0.678617 0.641176 0.678617 0.644118 0.679898 0.647059 0.678617 0.650000 0.678617 0.652941 0.679898 0.655882 0.678617 0.658824 0.679898 0.661765 0.679898 0.673529 0.681178 0.676471 0.681178 0.697059 0.682458 0.700000 0.682458 0.711765 0.685019 0.717647 0.685019 0.735294 0.683739 0.738235 0.682458 0.735294 0.682458 0.729412 0.681178 0.726471 0.681178 0.723529 0.679898 0.720588 0.679898 0.717647 0.678617 0.714706 0.678617 0.708824 0.677337 0.705882 0.677337 0.697059 0.676056 0.694118 0.676056 0.688235 0.674776 0.685294 0.674776 0.682353 0.673496 0.685294 0.674776 0.685294 0.676056 0.688235 0.674776 0.691176 0.674776 0.697059 0.676056 0.700000 0.676056 0.708824 0.677337 0.711765 0.677337 0.720588 0.678617 0.723529 0.678617 0.726471 0.679898 0.729412 0.679898 0.732353 0.681178 0.735294 0.681178 0.738235 0.682458 0.741176 0.682458 0.744118 0.683739 0.747059 0.683739 0.750000 0.685019 0.752941 0.685019 0.758824 0.686300 0.761765 0.686300 0.767647 0.687580 0.770588 0.687580 0.782353 0.686300 0.785294 0.685019 0.785294 0.686300 0.788235 0.685019 0.791176 0.683739 0.791176 0.683739 0.794118 0.685019 0.797059 0.685019 0.805882 0.687580 0.800000 0.688860 0.802941 0.688860 0.805882 0.690141 0.808824 0.691421 0.808824 0.691421 0.802941 0.690141 0.800000 0.690141 0.797059 0.688860 0.794118 0.690141 0.791176 0.688860 0.788235 0.690141 0.785294 0.690141 0.776471 0.688860 0.779412 0.687580 0.776471 0.687580 0.755882 0.686300 0.752941 0.688860 0.747059 0.690141 0.750000 0.690141 0.752941 0.691421 0.755882 0.691421 0.758824 0.692702 0.761765 0.692702 0.764706 0.693982 0.767647 0.693982 0.770588 0.695262 0.773529 0.695262 0.779412 0.696543 0.782353 0.696543 0.788235 0.697823 0.791176 0.697823 0.797059 0.699104 0.800000 0.699104 0.805882 0.700384 0.808824 0.700384 0.814706 0.701665 0.817647 0.701665 0.823529 0.702945 0.826471 0.702945 0.832353 0.704225 0.835294 0.704225 0.838235 0.705506 0.841176 0.705506 0.847059 0.706786 0.850000 0.706786 0.852941 0.708067 0.855882 0.708067 0.861765 0.709347 0.864706 0.709347 0.867647 0.710627 0.870588 0.710627 0.894118 0.711908 0.897059 0.711908 0.914706 0.713188 0.917647 0.713188 0.935294 0.714469 0.938235 0.714469 0.947059 0.717029 0.947059 0.717029 0.941176 0.715749 0.938235 0.715749 0.935294 0.718310 0.929412 0.718310 0.914706 0.717029 0.911765 0.717029 0.900000 0.715749 0.897059 0.715749 0.888235 0.714469 0.885294 0.714469 0.879412 0.713188 0.876471 0.713188 0.873529 0.711908 0.870588 0.713188 0.867647 0.711908 0.864706 0.711908 0.855882 0.710627 0.852941 0.710627 0.835294 0.709347 0.832353 0.709347 0.817647 0.708067 0.814706 0.708067 0.811765 0.710627 0.805882 0.710627 0.791176 0.709347 0.788235 0.709347 0.758824 0.708067 0.755882 0.708067 0.735294 0.709347 0.732353 0.710627 0.735294 0.710627 0.741176 0.711908 0.744118 0.711908 0.747059 0.711908 0.744118 0.710627 0.741176 0.710627 0.735294 0.709347 0.732353 0.709347 0.726471 0.708067 0.723529 0.708067 0.717647 0.706786 0.714706 0.706786 0.705882 0.705506 0.702941 0.705506 0.697059 0.704225 0.694118 0.704225 0.679412 0.702945 0.676471 0.702945 0.670588 0.701665 0.667647 0.701665 0.641176 0.700384 0.638235 0.700384 0.635294 0.699104 0.635294 0.697823 0.632353 0.699104 0.629412 0.697823 0.626471 0.699104 0.623529 0.699104 0.614706 0.697823 0.611765 0.697823 0.602941 0.696543 0.600000 0.697823 0.597059 0.697823 0.594118 0.696543 0.591176 0.696543 0.573529 0.693982 0.567647 0.693982 0.535294 0.692702 0.532353 0.692702 0.526471 0.693982 0.523529 0.693982 0.508824 0.695262 0.505882 0.695262 0.497059 0.692702 0.491176 0.692702 0.488235 0.695262 0.482353 0.695262 0.479412 0.693982 0.476471 0.695262 0.473529 0.696543 0.473529 0.695262 0.470588 0.693982 0.470588 0.692702 0.473529 0.691421 0.470588 0.691421 0.467647 0.692702 0.464706 0.692702 0.461765 0.693982 0.458824 0.693982 0.450000 0.692702 0.450000 0.691421 0.447059 0.691421 0.444118 0.692702 0.441176 0.691421 0.441176 0.690141 0.438235 0.690141 0.435294 0.692702 0.429412 0.691421 0.426471 0.691421 0.423529 0.692702 0.420588 0.692702 0.417647 0.691421 0.414706 0.691421 0.400000
1 0.531370 0.091176 0.531370 0.111765 0.533931 0.117647 0.533931 0.120588 0.532650 0.123529 0.532650 0.132353 0.531370 0.135294 0.531370 0.138235 0.535211 0.147059 0.533931 0.150000 0.533931 0.158824 0.535211 0.161765 0.532650 0.167647 0.533931 0.170588 0.533931 0.179412 0.532650 0.182353 0.532650 0.185294 0.531370 0.188235 0.532650 0.191176 0.532650 0.205882 0.533931 0.208824 0.533931 0.211765 0.536492 0.217647 0.537772 0.217647 0.539052 0.220588 0.539052 0.223529 0.537772 0.226471 0.530090 0.226471 0.530090 0.232353 0.531370 0.235294 0.532650 0.235294 0.533931 0.238235 0.533931 0.241176 0.532650 0.244118 0.532650 0.250000 0.535211 0.255882 0.536492 0.255882 0.539052 0.261765 0.539052 0.264706 0.540333 0.267647 0.540333 0.273529 0.539052 0.276471 0.537772 0.276471 0.537772 0.279412 0.536492 0.282353 0.536492 0.300000 0.537772 0.302941 0.537772 0.305882 0.539052 0.308824 0.539052 0.323529 0.540333 0.326471 0.540333 0.329412 0.541613 0.332353 0.541613 0.347059 0.540333 0.350000 0.540333 0.367647 0.541613 0.370588 0.541613 0.373529 0.540333 0.376471 0.541613 0.379412 0.540333 0.382353 0.541613 0.385294 0.541613 0.400000 0.540333 0.402941 0.540333 0.408824 0.541613 0.411765 0.541613 0.414706 0.540333 0.417647 0.540333 0.420588 0.541613 0.423529 0.540333 0.426471 0.540333 0.429412 0.539052 0.432353 0.539052 0.458824 0.537772 0.461765 0.537772 0.523529 0.540333 0.529412 0.535211 0.541176 0.535211 0.544118 0.533931 0.547059 0.533931 0.567647 0.535211 0.570588 0.535211 0.582353 0.536492 0.585294 0.536492 0.588235 0.535211 0.591176 0.535211 0.602941 0.536492 0.605882 0.536492 0.632353 0.537772 0.635294 0.536492 0.638235 0.536492 0.647059 0.537772 0.650000 0.537772 0.661765 0.540333 0.667647 0.540333 0.670588 0.541613 0.673529 0.540333 0.676471 0.540333 0.688235 0.541613 0.691176 0.541613 0.694118 0.539052 0.700000 0.539052 0.723529 0.537772 0.726471 0.537772 0.741176 0.536492 0.744118 0.535211 0.744118 0.535211 0.747059 0.532650 0.752941 0.531370 0.752941 0.530090 0.750000 0.528809 0.750000 0.527529 0.747059 0.528809 0.750000 0.530090 0.750000 0.532650 0.755882 0.532650 0.758824 0.531370 0.761765 0.531370 0.764706 0.533931 0.770588 0.535211 0.767647 0.536492 0.770588 0.536492 0.773529 0.535211 0.776471 0.533931 0.776471 0.533931 0.779412 0.532650 0.782353 0.535211 0.782353 0.536492 0.785294 0.533931 0.791176 0.532650 0.791176 0.531370 0.794118 0.531370 0.800000 0.531370 0.797059 0.535211 0.788235 0.536492 0.791176 0.536492 0.855882 0.535211 0.858824 0.535211 0.870588 0.536492 0.873529 0.536492 0.876471 0.537772 0.879412 0.537772 0.897059 0.536492 0.900000 0.536492 0.911765 0.535211 0.914706 0.535211 0.926471 0.536492 0.929412 0.536492 0.941176 0.537772 0.944118 0.539052 0.944118 0.540333 0.947059 0.540333 0.950000 0.541613 0.952941 0.541613 0.973529 0.540333 0.976471 0.540333 0.991176 0.541613 0.994118 0.541613 0.997059 0.558259 0.997059 0.558259 0.994118 0.559539 0.991176 0.559539 0.988235 0.558259 0.985294 0.558259 0.982353 0.559539 0.979412 0.559539 0.967647 0.560819 0.964706 0.560819 0.952941 0.562100 0.950000 0.562100 0.935294 0.563380 0.932353 0.563380 0.920588 0.564661 0.917647 0.564661 0.902941 0.565941 0.900000 0.565941 0.888235 0.567222 0.885294 0.567222 0.882353 0.568502 0.879412 0.569782 0.879412 0.571063 0.882353 0.571063 0.888235 0.571063 0.879412 0.569782 0.876471 0.569782 0.858824 0.571063 0.855882 0.571063 0.847059 0.572343 0.844118 0.572343 0.841176 0.573624 0.838235 0.573624 0.832353 0.574904 0.829412 0.574904 0.823529 0.576184 0.820588 0.576184 0.814706 0.577465 0.811765 0.580026 0.817647 0.580026 0.838235 0.581306 0.841176 0.581306 0.850000 0.582586 0.850000 0.582586 0.847059 0.581306 0.844118 0.581306 0.823529 0.580026 0.820588 0.580026 0.817647 0.581306 0.814706 0.578745 0.808824 0.578745 0.805882 0.577465 0.802941 0.578745 0.800000 0.578745 0.785294 0.580026 0.782353 0.581306 0.785294 0.581306 0.788235 0.581306 0.770588 0.582586 0.767647 0.582586 0.744118 0.583867 0.741176 0.583867 0.720588 0.585147 0.717647 0.585147 0.697059 0.586428 0.694118 0.586428 0.573529 0.587708 0.570588 0.586428 0.573529 0.586428 0.579412 0.585147 0.582353 0.585147 0.591176 0.583867 0.594118 0.583867 0.602941 0.582586 0.605882 0.582586 0.614706 0.581306 0.617647 0.581306 0.626471 0.580026 0.629412 0.580026 0.632353 0.578745 0.635294 0.578745 0.644118 0.577465 0.647059 0.577465 0.655882 0.576184 0.658824 0.576184 0.676471 0.574904 0.679412 0.574904 0.691176 0.573624 0.694118 0.573624 0.708824 0.572343 0.711765 0.572343 0.717647 0.571063 0.720588 0.571063 0.726471 0.569782 0.729412 0.569782 0.732353 0.571063 0.735294 0.571063 0.738235 0.569782 0.741176 0.568502 0.741176 0.567222 0.738235 0.567222 0.720588 0.565941 0.717647 0.567222 0.714706 0.567222 0.658824 0.565941 0.655882 0.567222 0.652941 0.565941 0.650000 0.565941 0.644118 0.565941 0.658824 0.567222 0.661765 0.565941 0.664706 0.565941 0.708824 0.567222 0.711765 0.565941 0.714706 0.565941 0.726471 0.564661 0.729412 0.564661 0.744118 0.565941 0.744118 0.567222 0.747059 0.567222 0.750000 0.565941 0.752941 0.565941 0.758824 0.567222 0.761765 0.567222 0.767647 0.565941 0.770588 0.565941 0.785294 0.564661 0.788235 0.564661 0.791176 0.563380 0.794118 0.562100 0.791176 0.562100 0.752941 0.560819 0.750000 0.562100 0.747059 0.560819 0.744118 0.560819 0.738235 0.559539 0.735294 0.559539 0.729412 0.558259 0.726471 0.560819 0.720588 0.559539 0.717647 0.559539 0.708824 0.558259 0.705882 0.559539 0.702941 0.559539 0.700000 0.558259 0.697059 0.558259 0.694118 0.559539 0.691176 0.560819 0.691176 0.562100 0.694118 0.562100 0.691176 0.559539 0.691176 0.558259 0.688235 0.558259 0.679412 0.556978 0.676471 0.556978 0.673529 0.558259 0.670588 0.556978 0.667647 0.556978 0.664706 0.558259 0.661765 0.558259 0.658824 0.559539 0.655882 0.560819 0.658824 0.560819 0.673529 0.560819 0.658824 0.559539 0.655882 0.559539 0.641176 0.560819 0.638235 0.560819 0.611765 0.553137 0.611765 0.553137 0.617647 0.550576 0.623529 0.548015 0.617647 0.548015 0.614706 0.549296 0.611765 0.549296 0.605882 0.553137 0.597059 0.553137 0.588235 0.554417 0.585294 0.554417 0.567647 0.555698 0.564706 0.555698 0.552941 0.554417 0.550000 0.555698 0.547059 0.555698 0.544118 0.554417 0.541176 0.554417 0.523529 0.555698 0.520588 0.555698 0.508824 0.556978 0.505882 0.554417 0.505882 0.553137 0.502941 0.553137 0.500000 0.551857 0.497059 0.551857 0.494118 0.550576 0.491176 0.553137 0.485294 0.554417 0.485294 0.555698 0.482353 0.555698 0.476471 0.556978 0.473529 0.556978 0.470588 0.558259 0.467647 0.558259 0.455882 0.555698 0.461765 0.554417 0.461765 0.553137 0.464706 0.550576 0.458824 0.550576 0.441176 0.551857 0.438235 0.554417 0.438235 0.555698 0.435294 0.555698 0.429412 0.556978 0.426471 0.556978 0.420588 0.555698 0.417647 0.555698 0.411765 0.554417 0.411765 0.551857 0.405882 0.551857 0.402941 0.554417 0.397059 0.554417 0.385294 0.550576 0.376471 0.550576 0.367647 0.554417 0.358824 0.554417 0.350000 0.555698 0.347059 0.554417 0.344118 0.554417 0.341176 0.553137 0.338235 0.553137 0.320588 0.554417 0.317647 0.554417 0.305882 0.553137 0.302941 0.553137 0.300000 0.550576 0.294118 0.550576 0.291176 0.549296 0.288235 0.549296 0.285294 0.551857 0.279412 0.551857 0.264706 0.550576 0.261765 0.550576 0.258824 0.549296 0.255882 0.549296 0.244118 0.550576 0.241176 0.550576 0.235294 0.549296 0.235294 0.548015 0.232353 0.549296 0.229412 0.548015 0.226471 0.548015 0.205882 0.549296 0.202941 0.549296 0.194118 0.548015 0.194118 0.545455 0.188235 0.545455 0.179412 0.548015 0.173529 0.546735 0.170588 0.544174 0.170588 0.541613 0.164706 0.541613 0.158824 0.542894 0.155882 0.542894 0.150000 0.541613 0.147059 0.541613 0.135294 0.540333 0.132353 0.541613 0.129412 0.541613 0.123529 0.540333 0.120588 0.540333 0.114706 0.539052 0.111765 0.537772 0.111765 0.536492 0.108824 0.536492 0.105882 0.535211 0.102941 0.536492 0.100000 0.536492 0.094118 0.535211 0.091176
2 0.574904 0.864706 0.574904 0.867647 0.573624 0.870588 0.573624 0.879412 0.572343 0.882353 0.572343 0.888235 0.569782 0.894118 0.568502 0.894118 0.567222 0.891176 0.567222 0.888235 0.568502 0.885294 0.567222 0.888235 0.567222 0.900000 0.565941 0.902941 0.565941 0.914706 0.567222 0.917647 0.564661 0.923529 0.564661 0.935294 0.564661 0.932353 0.565941 0.929412 0.567222 0.932353 0.567222 0.941176 0.568502 0.944118 0.568502 0.950000 0.567222 0.952941 0.564661 0.947059 0.564661 0.944118 0.563380 0.941176 0.563380 0.950000 0.562100 0.952941 0.562100 0.964706 0.560819 0.967647 0.560819 0.979412 0.559539 0.982353 0.559539 0.985294 0.560819 0.988235 0.560819 0.994118 0.562100 0.997059 0.587708 0.997059 0.587708 0.991176 0.586428 0.988235 0.586428 0.973529 0.585147 0.970588 0.585147 0.952941 0.585147 0.958824 0.583867 0.961765 0.582586 0.958824 0.582586 0.955882 0.581306 0.952941 0.581306 0.950000 0.582586 0.947059 0.582586 0.941176 0.585147 0.935294 0.586428 0.935294 0.587708 0.932353 0.587708 0.929412 0.588988 0.926471 0.590269 0.929412 0.590269 0.935294 0.588988 0.938235 0.588988 0.941176 0.587708 0.944118 0.586428 0.941176 0.587708 0.944118 0.588988 0.941176 0.590269 0.944118 0.590269 0.958824 0.591549 0.961765 0.590269 0.964706 0.591549 0.967647 0.590269 0.970588 0.590269 0.985294 0.591549 0.982353 0.591549 0.952941 0.590269 0.950000 0.590269 0.920588 0.588988 0.917647 0.590269 0.914706 0.590269 0.908824 0.587708 0.902941 0.588988 0.900000 0.587708 0.902941 0.586428 0.900000 0.586428 0.897059 0.587708 0.894118 0.586428 0.891176 0.587708 0.888235 0.586428 0.891176 0.585147 0.888235 0.585147 0.885294 0.586428 0.882353 0.585147 0.879412 0.583867 0.882353 0.582586 0.882353 0.581306 0.879412 0.580026 0.879412 0.577465 0.873529 0.576184 0.873529 0.577465 0.876471 0.576184 0.879412 0.574904 0.879412 0.573624 0.876471 0.573624 0.870588 0.574904 0.867647
2 0.556978 0.852941 0.556978 0.855882 0.555698 0.858824 0.555698 0.864706 0.554417 0.867647 0.554417 0.870588 0.553137 0.873529 0.553137 0.876471 0.553137 0.873529 0.554417 0.870588 0.555698 0.873529 0.555698 0.879412 0.554417 0.882353 0.554417 0.885294 0.553137 0.888235 0.553137 0.897059 0.551857 0.900000 0.551857 0.905882 0.550576 0.908824 0.549296 0.905882 0.549296 0.908824 0.550576 0.911765 0.550576 0.914706 0.551857 0.917647 0.551857 0.920588 0.553137 0.920588 0.553137 0.908824 0.551857 0.905882 0.554417 0.900000 0.554417 0.891176 0.555698 0.888235 0.555698 0.867647 0.556978 0.864706
2 0.578745 0.811765 0.577465 0.814706 0.577465 0.820588 0.576184 0.823529 0.576184 0.832353 0.574904 0.835294 0.574904 0.841176 0.572343 0.847059 0.572343 0.855882 0.573624 0.852941 0.573624 0.850000 0.576184 0.844118 0.574904 0.841176 0.574904 0.838235 0.576184 0.835294 0.580026 0.844118 0.580026 0.841176 0.577465 0.835294 0.577465 0.832353 0.578745 0.829412 0.578745 0.817647 0.577465 0.814706
2 0.145967 0.767647 0.144686 0.770588 0.142125 0.770588 0.140845 0.773529 0.139565 0.770588 0.138284 0.770588 0.138284 0.776471 0.139565 0.779412 0.139565 0.782353 0.138284 0.785294 0.140845 0.779412 0.142125 0.779412 0.145967 0.770588
2 0.079385 0.764706 0.078105 0.767647 0.076825 0.767647 0.076825 0.776471 0.078105 0.779412 0.076825 0.782353 0.076825 0.788235 0.076825 0.785294 0.078105 0.782353 0.078105 0.779412 0.079385 0.776471 0.080666 0.779412 0.081946 0.779412 0.081946 0.767647 0.080666 0.767647
2 0.188220 0.752941 0.188220 0.755882 0.186940 0.758824 0.185659 0.755882 0.184379 0.758824 0.183099 0.758824 0.181818 0.755882 0.180538 0.755882 0.180538 0.764706 0.181818 0.767647 0.181818 0.770588 0.183099 0.773529 0.183099 0.782353 0.180538 0.788235 0.179257 0.788235 0.177977 0.791176 0.176697 0.791176 0.176697 0.794118 0.175416 0.797059 0.174136 0.794118 0.172855 0.797059 0.172855 0.800000 0.167734 0.811765 0.167734 0.820588 0.165173 0.826471 0.165173 0.838235 0.163892 0.841176 0.163892 0.844118 0.162612 0.847059 0.161332 0.844118 0.161332 0.835294 0.162612 0.832353 0.162612 0.817647 0.161332 0.814706 0.162612 0.811765 0.162612 0.808824 0.162612 0.811765 0.161332 0.814706 0.160051 0.814706 0.160051 0.838235 0.158771 0.841176 0.157490 0.838235 0.157490 0.832353 0.156210 0.835294 0.154930 0.835294 0.153649 0.832353 0.156210 0.826471 0.156210 0.817647 0.157490 0.814706 0.157490 0.811765 0.156210 0.808824 0.157490 0.805882 0.158771 0.805882 0.157490 0.802941 0.157490 0.797059 0.158771 0.794118 0.158771 0.791176 0.157490 0.788235 0.157490 0.785294 0.158771 0.782353 0.158771 0.779412 0.160051 0.776471 0.158771 0.776471 0.157490 0.779412 0.156210 0.776471 0.156210 0.773529 0.154930 0.773529 0.153649 0.776471 0.152369 0.773529 0.151088 0.776471 0.151088 0.788235 0.149808 0.791176 0.149808 0.817647 0.147247 0.823529 0.145967 0.820588 0.145967 0.814706 0.144686 0.814706 0.143406 0.811765 0.143406 0.805882 0.144686 0.802941 0.144686 0.794118 0.145967 0.791176 0.145967 0.785294 0.147247 0.782353 0.147247 0.779412 0.143406 0.788235 0.143406 0.791176 0.142125 0.794118 0.140845 0.794118 0.138284 0.800000 0.138284 0.802941 0.137004 0.805882 0.135723 0.802941 0.135723 0.800000 0.131882 0.808824 0.130602 0.805882 0.130602 0.797059 0.129321 0.794118 0.128041 0.797059 0.122919 0.797059 0.121639 0.800000 0.120359 0.800000 0.120359 0.802941 0.119078 0.805882 0.116517 0.805882 0.115237 0.802941 0.115237 0.811765 0.113956 0.814706 0.111396 0.814706 0.110115 0.817647 0.107554 0.811765 0.108835 0.808824 0.108835 0.805882 0.106274 0.811765 0.103713 0.805882 0.103713 0.802941 0.102433 0.805882 0.102433 0.814706 0.101152 0.817647 0.099872 0.814706 0.101152 0.817647 0.101152 0.823529 0.099872 0.826471 0.098592 0.826471 0.096031 0.820588 0.097311 0.817647 0.096031 0.814706 0.096031 0.811765 0.093470 0.805882 0.093470 0.802941 0.094750 0.800000 0.096031 0.800000 0.096031 0.797059 0.097311 0.794118 0.097311 0.791176 0.098592 0.788235 0.098592 0.785294 0.097311 0.788235 0.094750 0.788235 0.093470 0.785294 0.092190 0.785294 0.089629 0.791176 0.089629 0.794118 0.088348 0.797059 0.085787 0.791176 0.088348 0.785294 0.087068 0.785294 0.085787 0.782353 0.085787 0.785294 0.087068 0.788235 0.085787 0.791176 0.085787 0.794118 0.087068 0.794118 0.088348 0.797059 0.088348 0.800000 0.085787 0.805882 0.083227 0.800000 0.083227 0.797059 0.081946 0.797059 0.080666 0.800000 0.078105 0.800000 0.076825 0.797059 0.078105 0.800000 0.078105 0.811765 0.079385 0.808824 0.080666 0.811765 0.080666 0.814706 0.079385 0.817647 0.076825 0.817647 0.075544 0.820588 0.074264 0.820588 0.070423 0.811765 0.070423 0.805882 0.071703 0.802941 0.067862 0.802941 0.066581 0.805882 0.065301 0.805882 0.064020 0.802941 0.066581 0.797059 0.066581 0.794118 0.069142 0.788235 0.067862 0.785294 0.065301 0.791176 0.064020 0.788235 0.064020 0.782353 0.061460 0.782353 0.058899 0.788235 0.057618 0.785294 0.057618 0.782353 0.056338 0.779412 0.056338 0.776471 0.055058 0.776471 0.053777 0.779412 0.052497 0.779412 0.051216 0.782353 0.051216 0.794118 0.052497 0.797059 0.052497 0.800000 0.056338 0.808824 0.056338 0.811765 0.058899 0.817647 0.058899 0.826471 0.057618 0.829412 0.056338 0.829412 0.057618 0.832353 0.057618 0.835294 0.056338 0.838235 0.056338 0.841176 0.055058 0.844118 0.055058 0.852941 0.053777 0.855882 0.052497 0.852941 0.049936 0.852941 0.048656 0.855882 0.046095 0.855882 0.046095 0.858824 0.044814 0.861765 0.043534 0.861765 0.043534 0.864706 0.042254 0.867647 0.038412 0.858824 0.037132 0.861765 0.037132 0.867647 0.035851 0.870588 0.035851 0.876471 0.034571 0.879412 0.034571 0.888235 0.033291 0.891176 0.032010 0.888235 0.030730 0.888235 0.025608 0.900000 0.024328 0.900000 0.023047 0.897059 0.023047 0.885294 0.021767 0.882353 0.023047 0.879412 0.023047 0.873529 0.024328 0.870588 0.024328 0.864706 0.025608 0.861765 0.025608 0.841176 0.026889 0.838235 0.025608 0.835294 0.025608 0.829412 0.026889 0.826471 0.026889 0.823529 0.025608 0.820588 0.025608 0.817647 0.026889 0.814706 0.026889 0.811765 0.023047 0.820588 0.021767 0.817647 0.021767 0.811765 0.020487 0.808824 0.016645 0.808824 0.015365 0.811765 0.014085 0.811765 0.014085 0.814706 0.012804 0.817647 0.010243 0.817647 0.008963 0.814706 0.011524 0.808824 0.011524 0.805882 0.010243 0.808824 0.008963 0.808824 0.007682 0.811765 0.006402 0.808824 0.006402 0.805882 0.007682 0.802941 0.003841 0.802941 0.002561 0.800000 0.005122 0.794118 0.006402 0.794118 0.006402 0.791176 0.008963 0.785294 0.008963 0.779412 0.005122 0.779412 0.002561 0.785294 0.000000 0.785294 0.000000 0.802941 0.001280 0.805882 0.000000 0.808824 0.000000 0.820588 0.001280 0.820588 0.002561 0.823529 0.002561 0.829412 0.000000 0.835294 0.002561 0.829412 0.005122 0.835294 0.005122 0.847059 0.003841 0.850000 0.001280 0.844118 0.000000 0.844118 0.000000 0.917647 0.001280 0.920588 0.001280 0.923529 0.000000 0.926471 0.000000 0.997059 0.011524 0.997059 0.011524 0.994118 0.012804 0.991176 0.014085 0.991176 0.015365 0.994118 0.015365 0.997059 0.017926 0.997059 0.017926 0.988235 0.019206 0.985294 0.019206 0.979412 0.020487 0.976471 0.019206 0.973529 0.019206 0.964706 0.020487 0.961765 0.020487 0.941176 0.024328 0.932353 0.025608 0.935294 0.025608 0.938235 0.025608 0.935294 0.026889 0.932353 0.028169 0.935294 0.028169 0.938235 0.029449 0.941176 0.025608 0.950000 0.025608 0.955882 0.026889 0.958824 0.026889 0.964706 0.028169 0.964706 0.029449 0.961765 0.029449 0.955882 0.030730 0.952941 0.030730 0.950000 0.032010 0.947059 0.032010 0.938235 0.033291 0.935294 0.030730 0.929412 0.030730 0.926471 0.032010 0.923529 0.032010 0.920588 0.033291 0.917647 0.033291 0.911765 0.034571 0.908824 0.034571 0.902941 0.037132 0.897059 0.038412 0.900000 0.037132 0.897059 0.043534 0.882353 0.044814 0.885294 0.044814 0.888235 0.047375 0.894118 0.046095 0.897059 0.046095 0.900000 0.047375 0.902941 0.047375 0.911765 0.046095 0.914706 0.046095 0.926471 0.044814 0.929412 0.043534 0.929412 0.042254 0.926471 0.042254 0.920588 0.043534 0.917647 0.043534 0.914706 0.043534 0.917647 0.042254 0.920588 0.042254 0.923529 0.040973 0.926471 0.040973 0.929412 0.039693 0.932353 0.039693 0.938235 0.038412 0.941176 0.038412 0.944118 0.037132 0.947059 0.035851 0.944118 0.034571 0.944118 0.034571 0.947059 0.035851 0.944118 0.037132 0.947059 0.037132 0.950000 0.034571 0.955882 0.033291 0.952941 0.034571 0.955882 0.033291 0.958824 0.033291 0.961765 0.032010 0.964706 0.032010 0.973529 0.030730 0.976471 0.030730 0.994118 0.029449 0.997059 0.030730 0.997059 0.030730 0.994118 0.032010 0.991176 0.032010 0.985294 0.033291 0.982353 0.033291 0.979412 0.034571 0.976471 0.037132 0.982353 0.037132 0.988235 0.035851 0.991176 0.035851 0.994118 0.034571 0.997059 0.046095 0.997059 0.044814 0.994118 0.046095 0.991176 0.048656 0.991176 0.049936 0.994118 0.048656 0.997059 0.070423 0.997059 0.071703 0.994118 0.072983 0.994118 0.074264 0.997059 0.076825 0.997059 0.078105 0.994118 0.079385 0.997059 0.079385 0.994118 0.078105 0.991176 0.078105 0.988235 0.076825 0.985294 0.076825 0.976471 0.078105 0.973529 0.078105 0.967647 0.079385 0.964706 0.080666 0.964706 0.081946 0.967647 0.080666 0.970588 0.080666 0.973529 0.083227 0.979412 0.083227 0.991176 0.084507 0.991176 0.085787 0.988235 0.087068 0.991176 0.087068 0.994118 0.085787 0.997059 0.087068 0.997059 0.088348 0.994118 0.087068 0.991176 0.090909 0.982353 0.092190 0.985294 0.092190 0.991176 0.090909 0.994118 0.090909 0.997059 0.092190 0.997059 0.092190 0.979412 0.090909 0.976471 0.090909 0.935294 0.089629 0.932353 0.089629 0.914706 0.090909 0.911765 0.092190 0.914706 0.092190 0.920588 0.092190 0.917647 0.094750 0.911765 0.096031 0.914706 0.096031 0.917647 0.094750 0.920588 0.094750 0.935294 0.093470 0.938235 0.093470 0.941176 0.094750 0.944118 0.094750 0.955882 0.096031 0.958824 0.096031 0.970588 0.097311 0.973529 0.097311 0.997059 0.120359 0.997059 0.120359 0.994118 0.121639 0.991176 0.121639 0.988235 0.122919 0.985294 0.122919 0.979412 0.124200 0.976471 0.124200 0.970588 0.122919 0.970588 0.121639 0.967647 0.122919 0.964706 0.122919 0.958824 0.124200 0.955882 0.122919 0.952941 0.125480 0.947059 0.125480 0.944118 0.126761 0.941176 0.126761 0.935294 0.128041 0.932353 0.129321 0.935294 0.129321 0.947059 0.128041 0.950000 0.128041 0.961765 0.126761 0.964706 0.126761 0.979412 0.125480 0.982353 0.125480 0.994118 0.124200 0.997059 0.126761 0.997059 0.125480 0.994118 0.126761 0.991176 0.128041 0.991176 0.129321 0.994118 0.129321 0.997059 0.134443 0.997059 0.134443 0.991176 0.135723 0.988235 0.137004 0.988235 0.138284 0.985294 0.138284 0.979412 0.138284 0.985294 0.137004 0.988235 0.134443 0.982353 0.134443 0.979412 0.137004 0.973529 0.137004 0.967647 0.138284 0.964706 0.139565 0.967647 0.140845 0.964706 0.139565 0.961765 0.140845 0.958824 0.140845 0.950000 0.139565 0.947059 0.140845 0.944118 0.139565 0.944118 0.138284 0.941176 0.138284 0.935294 0.139565 0.932353 0.139565 0.929412 0.142125 0.923529 0.142125 0.917647 0.143406 0.914706 0.143406 0.905882 0.143406 0.914706 0.142125 0.917647 0.140845 0.914706 0.140845 0.917647 0.139565 0.920588 0.138284 0.917647 0.138284 0.908824 0.134443 0.900000 0.134443 0.897059 0.135723 0.894118 0.135723 0.891176 0.134443 0.888235 0.134443 0.882353 0.133163 0.879412 0.133163 0.864706 0.134443 0.861765 0.135723 0.864706 0.135723 0.867647 0.137004 0.870588 0.137004 0.873529 0.138284 0.876471 0.138284 0.879412 0.139565 0.882353 0.139565 0.876471 0.140845 0.873529 0.140845 0.867647 0.139565 0.864706 0.139565 0.850000 0.140845 0.847059 0.139565 0.844118 0.140845 0.841176 0.140845 0.838235 0.142125 0.835294 0.147247 0.847059 0.147247 0.850000 0.148528 0.852941 0.148528 0.855882 0.149808 0.858824 0.149808 0.864706 0.148528 0.867647 0.147247 0.867647 0.145967 0.864706 0.145967 0.858824 0.145967 0.861765 0.144686 0.864706 0.144686 0.870588 0.145967 0.873529 0.144686 0.876471 0.144686 0.879412 0.143406 0.882353 0.144686 0.885294 0.144686 0.888235 0.145967 0.891176 0.145967 0.897059 0.147247 0.900000 0.147247 0.902941 0.147247 0.894118 0.149808 0.888235 0.149808 0.882353 0.151088 0.879412 0.152369 0.882353 0.152369 0.902941 0.151088 0.905882 0.151088 0.908824 0.152369 0.911765 0.151088 0.914706 0.151088 0.923529 0.149808 0.926471 0.151088 0.926471 0.152369 0.929412 0.151088 0.932353 0.149808 0.932353 0.149808 0.947059 0.148528 0.950000 0.148528 0.970588 0.147247 0.973529 0.145967 0.970588 0.145967 0.958824 0.145967 0.964706 0.144686 0.967647 0.144686 0.970588 0.143406 0.973529 0.143406 0.976471 0.142125 0.979412 0.142125 0.985294 0.140845 0.988235 0.140845 0.997059 0.143406 0.997059 0.143406 0.994118 0.144686 0.991176 0.145967 0.994118 0.145967 0.997059 0.147247 0.997059 0.147247 0.991176 0.145967 0.991176 0.144686 0.988235 0.144686 0.979412 0.145967 0.976471 0.147247 0.976471 0.148528 0.979412 0.148528 0.982353 0.149808 0.985294 0.149808 0.997059 0.151088 0.997059 0.149808 0.994118 0.151088 0.991176 0.151088 0.988235 0.152369 0.985294 0.153649 0.988235 0.153649 0.997059 0.157490 0.997059 0.158771 0.994118 0.160051 0.997059 0.172855 0.997059 0.174136 0.994118 0.175416 0.997059 0.201024 0.997059 0.198464 0.991176 0.202305 0.982353 0.202305 0.979412 0.203585 0.976471 0.202305 0.973529 0.202305 0.970588 0.201024 0.967647 0.201024 0.964706 0.202305 0.961765 0.202305 0.958824 0.203585 0.955882 0.203585 0.950000 0.204866 0.947059 0.204866 0.941176 0.206146 0.938235 0.207426 0.941176 0.208707 0.938235 0.209987 0.941176 0.209987 0.944118 0.208707 0.947059 0.209987 0.950000 0.208707 0.952941 0.209987 0.952941 0.211268 0.950000 0.211268 0.944118 0.212548 0.941176 0.213828 0.944118 0.213828 0.935294 0.215109 0.932353 0.215109 0.929412 0.213828 0.926471 0.213828 0.920588 0.215109 0.917647 0.216389 0.917647 0.217670 0.920588 0.217670 0.947059 0.216389 0.950000 0.216389 0.961765 0.218950 0.967647 0.217670 0.970588 0.217670 0.973529 0.218950 0.973529 0.220230 0.976471 0.220230 0.982353 0.217670 0.988235 0.216389 0.985294 0.216389 0.982353 0.217670 0.979412 0.216389 0.982353 0.216389 0.985294 0.217670 0.988235 0.217670 0.991176 0.216389 0.994118 0.216389 0.997059 0.217670 0.994118 0.218950 0.997059 0.220230 0.997059 0.220230 0.991176 0.218950 0.988235 0.220230 0.985294 0.220230 0.982353 0.221511 0.979412 0.222791 0.982353 0.222791 0.988235 0.224072 0.991176 0.222791 0.994118 0.222791 0.997059 0.227913 0.997059 0.227913 0.991176 0.229193 0.988235 0.230474 0.991176 0.230474 0.997059 0.238156 0.997059 0.238156 0.985294 0.236876 0.982353 0.236876 0.973529 0.238156 0.970588 0.239437 0.973529 0.239437 0.979412 0.239437 0.973529 0.238156 0.970588 0.238156 0.961765 0.236876 0.958824 0.239437 0.952941 0.239437 0.938235 0.240717 0.935294 0.240717 0.920588 0.241997 0.917647 0.243278 0.920588 0.241997 0.917647 0.241997 0.902941 0.243278 0.900000 0.244558 0.902941 0.244558 0.879412 0.245839 0.876471 0.245839 0.844118 0.247119 0.841176 0.247119 0.835294 0.248399 0.832353 0.248399 0.817647 0.249680 0.814706 0.249680 0.800000 0.250960 0.797059 0.250960 0.794118 0.249680 0.794118 0.248399 0.791176 0.248399 0.782353 0.249680 0.779412 0.249680 0.761765 0.247119 0.761765 0.245839 0.764706 0.244558 0.764706 0.243278 0.761765 0.241997 0.764706 0.241997 0.767647 0.240717 0.770588 0.240717 0.773529 0.239437 0.776471 0.238156 0.773529 0.238156 0.770588 0.236876 0.773529 0.236876 0.782353 0.234315 0.788235 0.233035 0.785294 0.231754 0.788235 0.230474 0.785294 0.230474 0.782353 0.227913 0.782353 0.226633 0.779412 0.226633 0.776471 0.226633 0.788235 0.225352 0.791176 0.225352 0.794118 0.222791 0.800000 0.220230 0.794118 0.220230 0.788235 0.218950 0.791176 0.217670 0.788235 0.217670 0.785294 0.215109 0.779412 0.213828 0.779412 0.212548 0.776471 0.212548 0.770588 0.209987 0.770588 0.207426 0.776471 0.204866 0.776471 0.203585 0.779412 0.201024 0.779412 0.201024 0.785294 0.199744 0.788235 0.199744 0.791176 0.198464 0.794118 0.197183 0.791176 0.195903 0.794118 0.197183 0.797059 0.197183 0.800000 0.195903 0.802941 0.194622 0.802941 0.194622 0.811765 0.193342 0.814706 0.192061 0.811765 0.192061 0.794118 0.192061 0.800000 0.190781 0.802941 0.190781 0.811765 0.189501 0.814706 0.189501 0.817647 0.186940 0.823529 0.185659 0.820588 0.185659 0.814706 0.184379 0.811765 0.184379 0.808824 0.185659 0.805882 0.186940 0.808824 0.186940 0.800000 0.188220 0.797059 0.186940 0.794118 0.186940 0.788235 0.188220 0.785294 0.186940 0.782353 0.186940 0.761765 0.188220 0.758824 0.190781 0.764706 0.190781 0.767647 0.190781 0.755882 0.192061 0.752941 0.190781 0.755882 0.189501 0.752941
2 0.555698 0.744118 0.554417 0.747059 0.554417 0.755882 0.553137 0.758824 0.551857 0.758824 0.550576 0.761765 0.550576 0.767647 0.549296 0.770588 0.548015 0.770588 0.549296 0.773529 0.548015 0.776471 0.548015 0.782353 0.549296 0.785294 0.549296 0.800000 0.548015 0.802941 0.548015 0.817647 0.549296 0.820588 0.549296 0.832353 0.550576 0.835294 0.550576 0.850000 0.548015 0.855882 0.548015 0.858824 0.546735 0.861765 0.546735 0.864706 0.548015 0.867647 0.548015 0.870588 0.549296 0.873529 0.549296 0.882353 0.549296 0.879412 0.550576 0.876471 0.550576 0.870588 0.549296 0.867647 0.553137 0.858824 0.553137 0.852941 0.551857 0.850000 0.551857 0.844118 0.553137 0.841176 0.553137 0.817647 0.555698 0.811765 0.556978 0.811765 0.556978 0.794118 0.555698 0.791176 0.555698 0.770588 0.556978 0.767647 0.556978 0.764706 0.555698 0.761765 0.555698 0.750000 0.556978 0.747059 0.556978 0.744118
2 0.672215 0.735294 0.672215 0.738235 0.674776 0.744118 0.674776 0.747059 0.677337 0.752941 0.677337 0.755882 0.678617 0.758824 0.678617 0.761765 0.677337 0.764706 0.678617 0.764706 0.679898 0.767647 0.679898 0.773529 0.683739 0.782353 0.682458 0.785294 0.683739 0.785294 0.685019 0.788235 0.683739 0.785294 0.683739 0.776471 0.682458 0.773529 0.682458 0.770588 0.681178 0.767647 0.681178 0.761765 0.682458 0.758824 0.683739 0.761765 0.683739 0.764706 0.683739 0.752941 0.682458 0.750000 0.682458 0.747059 0.682458 0.758824 0.681178 0.761765 0.679898 0.758824 0.679898 0.752941 0.678617 0.750000 0.677337 0.750000 0.676056 0.747059 0.677337 0.744118 0.677337 0.741176 0.676056 0.744118 0.674776 0.741176 0.674776 0.738235 0.673496 0.735294
2 0.693982 0.729412 0.693982 0.738235 0.695262 0.741176 0.695262 0.747059 0.696543 0.750000 0.696543 0.755882 0.697823 0.758824 0.697823 0.764706 0.699104 0.767647 0.699104 0.770588 0.700384 0.773529 0.700384 0.782353 0.701665 0.785294 0.701665 0.791176 0.702945 0.794118 0.704225 0.791176 0.704225 0.788235 0.702945 0.785294 0.702945 0.779412 0.704225 0.776471 0.702945 0.773529 0.702945 0.761765 0.701665 0.758824 0.701665 0.744118 0.700384 0.741176 0.700384 0.735294 0.699104 0.735294 0.699104 0.738235 0.697823 0.741176 0.696543 0.738235 0.696543 0.732353 0.695262 0.732353
2 0.606914 0.723529 0.606914 0.732353 0.608195 0.735294 0.608195 0.741176 0.609475 0.744118 0.609475 0.747059 0.606914 0.752941 0.605634 0.750000 0.605634 0.747059 0.604353 0.744118 0.601793 0.744118 0.603073 0.747059 0.603073 0.752941 0.604353 0.755882 0.604353 0.758824 0.606914 0.764706 0.606914 0.773529 0.608195 0.776471 0.608195 0.782353 0.609475 0.785294 0.609475 0.800000 0.608195 0.802941 0.606914 0.800000 0.606914 0.791176 0.605634 0.791176 0.604353 0.788235 0.604353 0.785294 0.605634 0.782353 0.604353 0.782353 0.601793 0.776471 0.601793 0.773529 0.597951 0.764706 0.596671 0.767647 0.594110 0.767647 0.594110 0.776471 0.595391 0.779412 0.595391 0.785294 0.596671 0.788235 0.595391 0.791176 0.595391 0.794118 0.596671 0.791176 0.597951 0.794118 0.597951 0.800000 0.599232 0.802941 0.599232 0.805882 0.600512 0.802941 0.601793 0.805882 0.601793 0.823529 0.600512 0.826471 0.599232 0.823529 0.597951 0.826471 0.596671 0.823529 0.596671 0.820588 0.597951 0.817647 0.596671 0.814706 0.596671 0.808824 0.596671 0.811765 0.595391 0.814706 0.594110 0.814706 0.596671 0.820588 0.592830 0.829412 0.591549 0.826471 0.591549 0.817647 0.590269 0.817647 0.587708 0.811765 0.587708 0.808824 0.588988 0.805882 0.587708 0.805882 0.586428 0.802941 0.586428 0.800000 0.587708 0.797059 0.588988 0.800000 0.590269 0.800000 0.588988 0.797059 0.590269 0.794118 0.590269 0.791176 0.588988 0.788235 0.588988 0.785294 0.590269 0.782353 0.590269 0.773529 0.591549 0.770588 0.590269 0.773529 0.588988 0.770588 0.588988 0.767647 0.590269 0.764706 0.590269 0.761765 0.588988 0.761765 0.587708 0.758824 0.587708 0.755882 0.588988 0.752941 0.587708 0.752941 0.586428 0.750000 0.587708 0.747059 0.588988 0.747059 0.588988 0.744118 0.590269 0.741176 0.590269 0.732353 0.588988 0.732353 0.588988 0.735294 0.585147 0.744118 0.583867 0.744118 0.585147 0.747059 0.583867 0.750000 0.583867 0.767647 0.582586 0.770588 0.582586 0.788235 0.581306 0.791176 0.580026 0.788235 0.580026 0.785294 0.580026 0.800000 0.578745 0.802941 0.581306 0.808824 0.581306 0.811765 0.582586 0.814706 0.581306 0.817647 0.581306 0.820588 0.582586 0.817647 0.583867 0.820588 0.583867 0.823529 0.582586 0.826471 0.583867 0.826471 0.585147 0.829412 0.585147 0.832353 0.586428 0.835294 0.586428 0.838235 0.585147 0.841176 0.583867 0.838235 0.585147 0.841176 0.583867 0.844118 0.585147 0.844118 0.586428 0.847059 0.583867 0.852941 0.585147 0.850000 0.587708 0.855882 0.586428 0.858824 0.585147 0.858824 0.586428 0.861765 0.587708 0.861765 0.588988 0.864706 0.587708 0.867647 0.587708 0.870588 0.588988 0.873529 0.588988 0.876471 0.590269 0.879412 0.590269 0.882353 0.592830 0.888235 0.592830 0.894118 0.595391 0.894118 0.596671 0.897059 0.596671 0.902941 0.597951 0.905882 0.596671 0.908824 0.596671 0.947059 0.595391 0.950000 0.594110 0.947059 0.594110 0.938235 0.594110 0.947059 0.595391 0.950000 0.595391 0.967647 0.595391 0.950000 0.597951 0.944118 0.599232 0.947059 0.599232 0.950000 0.597951 0.952941 0.599232 0.955882 0.599232 0.929412 0.600512 0.926471 0.601793 0.929412 0.601793 0.941176 0.601793 0.935294 0.603073 0.932353 0.603073 0.920588 0.601793 0.917647 0.603073 0.914706 0.605634 0.914706 0.605634 0.911765 0.606914 0.908824 0.606914 0.900000 0.608195 0.897059 0.608195 0.894118 0.609475 0.891176 0.609475 0.888235 0.610755 0.885294 0.610755 0.879412 0.612036 0.876471 0.612036 0.870588 0.613316 0.867647 0.613316 0.861765 0.614597 0.858824 0.614597 0.852941 0.615877 0.850000 0.615877 0.847059 0.617157 0.844118 0.617157 0.835294 0.618438 0.832353 0.618438 0.829412 0.619718 0.826471 0.619718 0.820588 0.620999 0.817647 0.620999 0.811765 0.622279 0.808824 0.622279 0.805882 0.623560 0.802941 0.624840 0.802941 0.627401 0.808824 0.626120 0.811765 0.624840 0.811765 0.623560 0.814706 0.623560 0.820588 0.622279 0.823529 0.622279 0.832353 0.620999 0.835294 0.620999 0.841176 0.619718 0.844118 0.619718 0.850000 0.618438 0.852941 0.618438 0.858824 0.617157 0.861765 0.617157 0.867647 0.615877 0.870588 0.615877 0.879412 0.614597 0.882353 0.614597 0.888235 0.613316 0.891176 0.613316 0.897059 0.612036 0.900000 0.612036 0.905882 0.610755 0.908824 0.610755 0.914706 0.609475 0.917647 0.609475 0.923529 0.608195 0.926471 0.608195 0.932353 0.606914 0.935294 0.606914 0.950000 0.605634 0.952941 0.604353 0.952941 0.604353 0.961765 0.603073 0.964706 0.603073 0.970588 0.601793 0.973529 0.601793 0.988235 0.600512 0.991176 0.599232 0.991176 0.599232 0.997059 0.608195 0.997059 0.609475 0.994118 0.610755 0.997059 0.620999 0.997059 0.619718 0.994118 0.619718 0.991176 0.620999 0.988235 0.622279 0.991176 0.623560 0.991176 0.623560 0.988235 0.624840 0.985294 0.624840 0.970588 0.626120 0.967647 0.624840 0.964706 0.624840 0.952941 0.626120 0.950000 0.628681 0.955882 0.628681 0.985294 0.626120 0.991176 0.626120 0.994118 0.624840 0.997059 0.628681 0.997059 0.631242 0.991176 0.633803 0.997059 0.638924 0.997059 0.638924 0.994118 0.641485 0.988235 0.642766 0.991176 0.641485 0.988235 0.641485 0.982353 0.644046 0.976471 0.642766 0.976471 0.641485 0.979412 0.640205 0.976471 0.638924 0.976471 0.637644 0.979412 0.636364 0.976471 0.637644 0.979412 0.636364 0.982353 0.636364 0.985294 0.635083 0.988235 0.635083 0.994118 0.633803 0.997059 0.629962 0.988235 0.631242 0.985294 0.632522 0.985294 0.631242 0.982353 0.633803 0.976471 0.632522 0.973529 0.633803 0.970588 0.632522 0.967647 0.633803 0.964706 0.633803 0.958824 0.633803 0.961765 0.632522 0.964706 0.632522 0.967647 0.631242 0.970588 0.629962 0.967647 0.629962 0.961765 0.631242 0.958824 0.631242 0.938235 0.632522 0.935294 0.633803 0.935294 0.632522 0.932353 0.632522 0.929412 0.633803 0.926471 0.635083 0.929412 0.636364 0.929412 0.635083 0.929412 0.633803 0.926471 0.633803 0.914706 0.635083 0.911765 0.635083 0.905882 0.636364 0.902941 0.636364 0.900000 0.637644 0.897059 0.645327 0.914706 0.645327 0.917647 0.646607 0.920588 0.646607 0.926471 0.645327 0.929412 0.644046 0.929412 0.645327 0.929412 0.646607 0.926471 0.649168 0.926471 0.650448 0.929412 0.649168 0.932353 0.647887 0.932353 0.650448 0.938235 0.650448 0.941176 0.649168 0.944118 0.647887 0.941176 0.649168 0.944118 0.647887 0.947059 0.653009 0.958824 0.654289 0.955882 0.655570 0.958824 0.656850 0.955882 0.658131 0.955882 0.659411 0.958824 0.658131 0.961765 0.659411 0.964706 0.660691 0.964706 0.661972 0.967647 0.660691 0.970588 0.659411 0.970588 0.660691 0.973529 0.659411 0.976471 0.660691 0.979412 0.661972 0.979412 0.663252 0.982353 0.661972 0.985294 0.664533 0.991176 0.664533 0.994118 0.665813 0.997059 0.667093 0.994118 0.668374 0.997059 0.669654 0.997059 0.670935 0.994118 0.670935 0.991176 0.672215 0.988235 0.673496 0.988235 0.674776 0.991176 0.673496 0.994118 0.674776 0.994118 0.676056 0.997059 0.677337 0.994118 0.678617 0.997059 0.688860 0.997059 0.688860 0.994118 0.687580 0.991176 0.687580 0.976471 0.686300 0.976471 0.685019 0.973529 0.686300 0.970588 0.686300 0.964706 0.685019 0.961765 0.685019 0.950000 0.686300 0.947059 0.687580 0.950000 0.687580 0.958824 0.688860 0.961765 0.688860 0.970588 0.690141 0.973529 0.690141 0.976471 0.691421 0.979412 0.691421 0.997059 0.695262 0.997059 0.695262 0.991176 0.693982 0.988235 0.693982 0.982353 0.692702 0.979412 0.692702 0.973529 0.691421 0.970588 0.691421 0.964706 0.690141 0.961765 0.690141 0.952941 0.691421 0.950000 0.692702 0.952941 0.692702 0.958824 0.693982 0.961765 0.693982 0.964706 0.695262 0.967647 0.695262 0.970588 0.696543 0.973529 0.696543 0.976471 0.697823 0.979412 0.697823 0.985294 0.699104 0.988235 0.699104 0.991176 0.700384 0.994118 0.700384 0.997059 0.710627 0.997059 0.709347 0.994118 0.709347 0.988235 0.710627 0.985294 0.711908 0.988235 0.711908 0.991176 0.713188 0.994118 0.713188 0.997059 0.715749 0.997059 0.717029 0.994118 0.718310 0.997059 0.743918 0.997059 0.745198 0.994118 0.746479 0.997059 0.777209 0.997059 0.775928 0.994118 0.777209 0.991176 0.778489 0.991176 0.778489 0.967647 0.777209 0.964706 0.777209 0.947059 0.778489 0.944118 0.779770 0.947059 0.779770 0.958824 0.781050 0.961765 0.781050 0.970588 0.782330 0.973529 0.782330 0.982353 0.783611 0.982353 0.784891 0.985294 0.783611 0.988235 0.784891 0.988235 0.786172 0.991176 0.784891 0.994118 0.783611 0.994118 0.783611 0.997059 0.784891 0.994118 0.786172 0.997059 0.798976 0.997059 0.800256 0.994118 0.801536 0.997059 0.807939 0.997059 0.809219 0.994118 0.810499 0.997059 0.814341 0.997059 0.814341 0.994118 0.813060 0.991176 0.813060 0.988235 0.811780 0.985294 0.811780 0.979412 0.810499 0.976471 0.810499 0.970588 0.811780 0.967647 0.813060 0.970588 0.813060 0.973529 0.814341 0.976471 0.814341 0.979412 0.816901 0.985294 0.816901 0.988235 0.818182 0.988235 0.819462 0.991176 0.818182 0.994118 0.819462 0.991176 0.820743 0.994118 0.820743 0.997059 0.830986 0.997059 0.832266 0.994118 0.833547 0.997059 0.837388 0.997059 0.837388 0.988235 0.836108 0.985294 0.836108 0.964706 0.837388 0.961765 0.838668 0.964706 0.838668 0.982353 0.839949 0.985294 0.839949 0.997059 0.843790 0.997059 0.845070 0.994118 0.846351 0.997059 0.855314 0.997059 0.855314 0.994118 0.856594 0.991176 0.857875 0.991176 0.860435 0.997059 0.878361 0.997059 0.877081 0.994118 0.877081 0.970588 0.875800 0.967647 0.875800 0.964706 0.874520 0.961765 0.874520 0.955882 0.877081 0.950000 0.878361 0.952941 0.878361 0.958824 0.879641 0.961765 0.879641 0.964706 0.880922 0.967647 0.880922 0.970588 0.882202 0.973529 0.882202 0.976471 0.883483 0.979412 0.883483 0.982353 0.884763 0.985294 0.884763 0.988235 0.886044 0.991176 0.886044 0.994118 0.887324 0.997059 0.891165 0.997059 0.892446 0.994118 0.893726 0.997059 0.902689 0.997059 0.903969 0.994118 0.905250 0.997059 0.932138 0.997059 0.933419 0.994118 0.933419 0.988235 0.932138 0.985294 0.933419 0.982353 0.934699 0.982353 0.935980 0.985294 0.935980 0.988235 0.937260 0.991176 0.935980 0.994118 0.935980 0.997059 0.965429 0.997059 0.965429 0.994118 0.964149 0.997059 0.961588 0.991176 0.961588 0.988235 0.960307 0.985294 0.960307 0.982353 0.961588 0.979412 0.962868 0.979412 0.964149 0.982353 0.962868 0.979412 0.964149 0.976471 0.962868 0.973529 0.962868 0.970588 0.961588 0.967647 0.961588 0.958824 0.962868 0.955882 0.962868 0.952941 0.964149 0.950000 0.964149 0.947059 0.965429 0.944118 0.966709 0.947059 0.966709 0.952941 0.967990 0.955882 0.967990 0.961765 0.966709 0.964706 0.966709 0.973529 0.966709 0.967647 0.967990 0.964706 0.969270 0.967647 0.969270 0.976471 0.970551 0.979412 0.970551 0.982353 0.969270 0.985294 0.969270 0.988235 0.971831 0.994118 0.970551 0.997059 0.971831 0.994118 0.973111 0.997059 0.974392 0.997059 0.974392 0.982353 0.973111 0.979412 0.973111 0.976471 0.974392 0.973529 0.976953 0.979412 0.976953 0.982353 0.980794 0.991176 0.980794 0.994118 0.979513 0.997059 0.998720 0.997059 0.998720 0.979412 0.997439 0.976471 0.996159 0.979412 0.994878 0.979412 0.993598 0.976471 0.994878 0.973529 0.993598 0.970588 0.992318 0.970588 0.991037 0.967647 0.992318 0.964706 0.991037 0.961765 0.991037 0.958824 0.989757 0.955882 0.989757 0.938235 0.988476 0.935294 0.987196 0.935294 0.985915 0.932353 0.985915 0.929412 0.982074 0.920588 0.982074 0.911765 0.980794 0.908824 0.980794 0.905882 0.979513 0.905882 0.978233 0.902941 0.975672 0.902941 0.974392 0.900000 0.974392 0.897059 0.973111 0.894118 0.971831 0.894118 0.971831 0.897059 0.974392 0.902941 0.974392 0.905882 0.975672 0.908824 0.975672 0.914706 0.976953 0.917647 0.976953 0.920588 0.978233 0.923529 0.978233 0.926471 0.979513 0.929412 0.979513 0.932353 0.980794 0.935294 0.980794 0.938235 0.982074 0.941176 0.982074 0.944118 0.983355 0.947059 0.983355 0.950000 0.985915 0.955882 0.985915 0.958824 0.987196 0.961765 0.987196 0.967647 0.985915 0.970588 0.984635 0.970588 0.983355 0.967647 0.983355 0.964706 0.982074 0.961765 0.982074 0.958824 0.980794 0.955882 0.980794 0.952941 0.980794 0.955882 0.979513 0.958824 0.976953 0.952941 0.976953 0.950000 0.976953 0.952941 0.975672 0.955882 0.974392 0.952941 0.974392 0.955882 0.973111 0.958824 0.971831 0.958824 0.971831 0.964706 0.973111 0.967647 0.973111 0.976471 0.971831 0.979412 0.970551 0.976471 0.970551 0.970588 0.969270 0.967647 0.969270 0.961765 0.967990 0.958824 0.967990 0.955882 0.966709 0.952941 0.966709 0.947059 0.965429 0.944118 0.965429 0.935294 0.964149 0.932353 0.964149 0.929412 0.966709 0.923529 0.966709 0.917647 0.967990 0.914706 0.970551 0.920588 0.970551 0.923529 0.976953 0.938235 0.976953 0.941176 0.979513 0.947059 0.978233 0.944118 0.978233 0.941176 0.976953 0.938235 0.976953 0.935294 0.975672 0.932353 0.975672 0.929412 0.973111 0.923529 0.973111 0.917647 0.971831 0.914706 0.970551 0.914706 0.969270 0.911765 0.969270 0.902941 0.967990 0.900000 0.967990 0.897059 0.966709 0.894118 0.965429 0.894118 0.964149 0.891176 0.962868 0.894118 0.959027 0.885294 0.957746 0.888235 0.956466 0.885294 0.956466 0.879412 0.957746 0.876471 0.957746 0.867647 0.959027 0.864706 0.957746 0.861765 0.956466 0.864706 0.956466 0.867647 0.955186 0.870588 0.955186 0.873529 0.952625 0.879412 0.952625 0.882353 0.950064 0.888235 0.946223 0.879412 0.944942 0.879412 0.941101 0.888235 0.939821 0.888235 0.937260 0.882353 0.938540 0.879412 0.938540 0.876471 0.935980 0.870588 0.935980 0.867647 0.937260 0.864706 0.937260 0.858824 0.935980 0.855882 0.935980 0.847059 0.937260 0.844118 0.937260 0.826471 0.938540 0.823529 0.938540 0.817647 0.939821 0.814706 0.941101 0.814706 0.942382 0.811765 0.942382 0.805882 0.943662 0.802941 0.943662 0.800000 0.942382 0.802941 0.941101 0.802941 0.939821 0.805882 0.937260 0.805882 0.935980 0.802941 0.937260 0.800000 0.938540 0.800000 0.939821 0.797059 0.941101 0.797059 0.942382 0.794118 0.944942 0.794118 0.946223 0.791176 0.946223 0.788235 0.944942 0.785294 0.944942 0.782353 0.942382 0.782353 0.941101 0.779412 0.938540 0.779412 0.938540 0.785294 0.937260 0.788235 0.937260 0.794118 0.935980 0.797059 0.932138 0.788235 0.930858 0.788235 0.930858 0.794118 0.932138 0.797059 0.932138 0.800000 0.933419 0.802941 0.932138 0.805882 0.930858 0.805882 0.930858 0.808824 0.932138 0.811765 0.929577 0.817647 0.928297 0.814706 0.927017 0.814706 0.928297 0.817647 0.928297 0.820588 0.929577 0.823529 0.929577 0.826471 0.928297 0.829412 0.928297 0.832353 0.929577 0.835294 0.928297 0.838235 0.928297 0.847059 0.927017 0.850000 0.929577 0.850000 0.930858 0.847059 0.932138 0.847059 0.934699 0.852941 0.934699 0.891176 0.933419 0.894118 0.932138 0.891176 0.929577 0.891176 0.928297 0.894118 0.927017 0.894118 0.924456 0.888235 0.924456 0.879412 0.923175 0.876471 0.923175 0.864706 0.921895 0.861765 0.921895 0.852941 0.920615 0.852941 0.918054 0.847059 0.918054 0.841176 0.916773 0.838235 0.915493 0.838235 0.914213 0.835294 0.914213 0.832353 0.912932 0.829412 0.912932 0.826471 0.911652 0.823529 0.909091 0.823529 0.907810 0.826471 0.906530 0.823529 0.905250 0.823529 0.905250 0.829412 0.909091 0.838235 0.909091 0.841176 0.911652 0.847059 0.911652 0.850000 0.915493 0.858824 0.915493 0.861765 0.916773 0.861765 0.918054 0.864706 0.916773 0.867647 0.916773 0.873529 0.920615 0.882353 0.919334 0.885294 0.918054 0.885294 0.918054 0.900000 0.915493 0.905882 0.914213 0.902941 0.914213 0.894118 0.912932 0.891176 0.914213 0.888235 0.914213 0.885294 0.911652 0.891176 0.910371 0.888235 0.910371 0.885294 0.909091 0.885294 0.907810 0.882353 0.907810 0.876471 0.906530 0.873529 0.906530 0.867647 0.905250 0.864706 0.905250 0.855882 0.903969 0.852941 0.903969 0.844118 0.902689 0.841176 0.902689 0.835294 0.902689 0.841176 0.903969 0.844118 0.903969 0.864706 0.905250 0.867647 0.903969 0.870588 0.903969 0.873529 0.905250 0.873529 0.906530 0.876471 0.906530 0.882353 0.907810 0.885294 0.907810 0.894118 0.910371 0.900000 0.910371 0.905882 0.909091 0.908824 0.909091 0.914706 0.907810 0.917647 0.906530 0.914706 0.906530 0.905882 0.905250 0.902941 0.905250 0.897059 0.903969 0.894118 0.905250 0.897059 0.905250 0.905882 0.906530 0.908824 0.906530 0.911765 0.903969 0.917647 0.902689 0.914706 0.902689 0.905882 0.901408 0.902941 0.901408 0.900000 0.900128 0.897059 0.900128 0.861765 0.898848 0.858824 0.898848 0.850000 0.897567 0.847059 0.897567 0.841176 0.898848 0.838235 0.898848 0.823529 0.898848 0.838235 0.897567 0.841176 0.897567 0.855882 0.896287 0.858824 0.895006 0.855882 0.895006 0.850000 0.893726 0.847059 0.893726 0.838235 0.891165 0.838235 0.891165 0.841176 0.892446 0.844118 0.892446 0.850000 0.891165 0.852941 0.889885 0.850000 0.889885 0.847059 0.888604 0.844118 0.888604 0.835294 0.884763 0.835294 0.880922 0.826471 0.880922 0.817647 0.879641 0.820588 0.878361 0.820588 0.879641 0.823529 0.879641 0.826471 0.878361 0.829412 0.877081 0.826471 0.877081 0.829412 0.875800 0.832353 0.875800 0.835294 0.874520 0.838235 0.875800 0.841176 0.875800 0.844118 0.874520 0.847059 0.871959 0.841176 0.871959 0.835294 0.870679 0.835294 0.869398 0.832353 0.870679 0.829412 0.870679 0.826471 0.871959 0.823529 0.871959 0.820588 0.875800 0.811765 0.875800 0.805882 0.874520 0.802941 0.875800 0.800000 0.875800 0.797059 0.874520 0.794118 0.873239 0.794118 0.871959 0.791176 0.871959 0.788235 0.870679 0.785294 0.869398 0.785294 0.868118 0.782353 0.869398 0.779412 0.869398 0.776471 0.870679 0.773529 0.870679 0.761765 0.868118 0.761765 0.866837 0.764706 0.865557 0.764706 0.864277 0.767647 0.862996 0.767647 0.861716 0.764706 0.861716 0.761765 0.859155 0.761765 0.857875 0.764706 0.856594 0.761765 0.855314 0.761765 0.855314 0.764706 0.856594 0.767647 0.856594 0.770588 0.859155 0.776471 0.859155 0.779412 0.860435 0.782353 0.860435 0.785294 0.859155 0.788235 0.857875 0.788235 0.857875 0.794118 0.856594 0.797059 0.855314 0.797059 0.852753 0.802941 0.850192 0.797059 0.851472 0.794118 0.850192 0.791176 0.847631 0.791176 0.846351 0.788235 0.845070 0.788235 0.845070 0.797059 0.842510 0.802941 0.839949 0.797059 0.839949 0.791176 0.839949 0.794118 0.838668 0.797059 0.838668 0.800000 0.839949 0.802941 0.839949 0.808824 0.837388 0.814706 0.839949 0.820588 0.837388 0.826471 0.836108 0.823529 0.836108 0.820588 0.836108 0.823529 0.834827 0.826471 0.833547 0.823529 0.832266 0.826471 0.830986 0.823529 0.830986 0.817647 0.828425 0.823529 0.825864 0.817647 0.825864 0.800000 0.827145 0.797059 0.827145 0.785294 0.828425 0.782353 0.829706 0.782353 0.830986 0.779412 0.830986 0.770588 0.829706 0.767647 0.827145 0.773529 0.825864 0.770588 0.824584 0.773529 0.824584 0.776471 0.825864 0.779412 0.825864 0.782353 0.824584 0.785294 0.823303 0.782353 0.822023 0.782353 0.823303 0.785294 0.822023 0.788235 0.823303 0.791176 0.823303 0.802941 0.822023 0.805882 0.819462 0.800000 0.819462 0.782353 0.819462 0.788235 0.818182 0.791176 0.814341 0.782353 0.814341 0.776471 0.813060 0.779412 0.810499 0.773529 0.809219 0.776471 0.806658 0.770588 0.806658 0.773529 0.805378 0.776471 0.804097 0.776471 0.802817 0.773529 0.802817 0.770588 0.804097 0.767647 0.804097 0.764706 0.802817 0.761765 0.802817 0.755882 0.801536 0.752941 0.801536 0.750000 0.802817 0.747059 0.802817 0.744118 0.800256 0.744118 0.800256 0.750000 0.801536 0.752941 0.800256 0.755882 0.800256 0.758824 0.801536 0.761765 0.801536 0.770588 0.800256 0.773529 0.798976 0.773529 0.800256 0.773529 0.801536 0.776471 0.801536 0.791176 0.802817 0.794118 0.801536 0.797059 0.802817 0.800000 0.802817 0.802941 0.800256 0.808824 0.798976 0.805882 0.798976 0.802941 0.797695 0.802941 0.796415 0.800000 0.796415 0.788235 0.795134 0.785294 0.795134 0.773529 0.793854 0.770588 0.792574 0.773529 0.791293 0.770588 0.790013 0.770588 0.788732 0.773529 0.787452 0.773529 0.786172 0.776471 0.784891 0.773529 0.784891 0.767647 0.781050 0.767647 0.779770 0.770588 0.778489 0.770588 0.777209 0.773529 0.774648 0.767647 0.774648 0.758824 0.773367 0.755882 0.773367 0.752941 0.774648 0.750000 0.774648 0.747059 0.775928 0.744118 0.775928 0.741176 0.777209 0.738235 0.777209 0.729412 0.775928 0.729412 0.773367 0.735294 0.772087 0.732353 0.772087 0.735294 0.773367 0.738235 0.772087 0.741176 0.772087 0.744118 0.770807 0.747059 0.770807 0.750000 0.772087 0.752941 0.772087 0.755882 0.770807 0.758824 0.765685 0.747059 0.765685 0.738235 0.765685 0.744118 0.764405 0.747059 0.763124 0.747059 0.763124 0.750000 0.764405 0.752941 0.764405 0.758824 0.765685 0.761765 0.764405 0.764706 0.764405 0.770588 0.765685 0.767647 0.766965 0.770588 0.766965 0.776471 0.765685 0.779412 0.765685 0.791176 0.764405 0.794118 0.765685 0.794118 0.766965 0.797059 0.765685 0.800000 0.765685 0.808824 0.766965 0.811765 0.766965 0.826471 0.768246 0.829412 0.768246 0.841176 0.769526 0.844118 0.769526 0.855882 0.770807 0.858824 0.770807 0.873529 0.770807 0.861765 0.772087 0.858824 0.772087 0.850000 0.773367 0.847059 0.774648 0.850000 0.774648 0.852941 0.775928 0.855882 0.774648 0.858824 0.774648 0.861765 0.777209 0.867647 0.777209 0.870588 0.775928 0.873529 0.775928 0.876471 0.774648 0.879412 0.774648 0.902941 0.775928 0.905882 0.775928 0.926471 0.774648 0.929412 0.774648 0.932353 0.772087 0.938235 0.770807 0.935294 0.770807 0.929412 0.772087 0.926471 0.772087 0.920588 0.770807 0.917647 0.770807 0.914706 0.769526 0.914706 0.768246 0.911765 0.768246 0.908824 0.769526 0.905882 0.769526 0.902941 0.768246 0.905882 0.766965 0.902941 0.766965 0.900000 0.766965 0.902941 0.765685 0.905882 0.764405 0.902941 0.764405 0.891176 0.763124 0.888235 0.763124 0.882353 0.764405 0.879412 0.764405 0.873529 0.765685 0.870588 0.766965 0.870588 0.765685 0.867647 0.765685 0.844118 0.764405 0.841176 0.764405 0.838235 0.763124 0.838235 0.763124 0.841176 0.764405 0.844118 0.764405 0.858824 0.765685 0.861765 0.765685 0.870588 0.764405 0.873529 0.761844 0.873529 0.760563 0.870588 0.760563 0.855882 0.759283 0.852941 0.759283 0.844118 0.758003 0.841176 0.759283 0.838235 0.759283 0.805882 0.758003 0.802941 0.759283 0.800000 0.756722 0.794118 0.756722 0.788235 0.755442 0.785294 0.755442 0.782353 0.754161 0.779412 0.754161 0.776471 0.752881 0.773529 0.752881 0.770588 0.750320 0.764706 0.750320 0.761765 0.749040 0.758824 0.749040 0.755882 0.747759 0.752941 0.747759 0.750000 0.745198 0.744118 0.742638 0.744118 0.742638 0.747059 0.743918 0.750000 0.743918 0.755882 0.742638 0.758824 0.742638 0.761765 0.743918 0.764706 0.742638 0.767647 0.740077 0.767647 0.740077 0.770588 0.738796 0.773529 0.737516 0.770588 0.737516 0.764706 0.733675 0.755882 0.733675 0.750000 0.733675 0.776471 0.732394 0.779412 0.732394 0.782353 0.731114 0.785294 0.728553 0.779412 0.728553 0.758824 0.729834 0.755882 0.731114 0.758824 0.731114 0.761765 0.731114 0.741176 0.729834 0.744118 0.727273 0.744118 0.725992 0.747059 0.725992 0.752941 0.723431 0.758824 0.723431 0.761765 0.722151 0.764706 0.719590 0.764706 0.718310 0.761765 0.717029 0.761765 0.715749 0.758824 0.714469 0.758824 0.713188 0.761765 0.710627 0.755882 0.710627 0.750000 0.709347 0.750000 0.709347 0.755882 0.710627 0.758824 0.710627 0.776471 0.711908 0.779412 0.711908 0.785294 0.710627 0.788235 0.711908 0.791176 0.711908 0.805882 0.710627 0.808824 0.710627 0.811765 0.709347 0.814706 0.710627 0.817647 0.710627 0.832353 0.711908 0.835294 0.711908 0.841176 0.713188 0.844118 0.711908 0.847059 0.711908 0.852941 0.713188 0.855882 0.713188 0.864706 0.714469 0.867647 0.713188 0.870588 0.714469 0.873529 0.714469 0.876471 0.715749 0.879412 0.715749 0.885294 0.717029 0.888235 0.717029 0.897059 0.718310 0.900000 0.718310 0.911765 0.719590 0.914706 0.719590 0.929412 0.718310 0.932353 0.718310 0.944118 0.719590 0.947059 0.719590 0.950000 0.718310 0.952941 0.717029 0.950000 0.714469 0.950000 0.713188 0.947059 0.713188 0.938235 0.711908 0.935294 0.711908 0.917647 0.710627 0.914706 0.710627 0.897059 0.709347 0.894118 0.709347 0.870588 0.708067 0.867647 0.708067 0.864706 0.706786 0.861765 0.706786 0.855882 0.705506 0.852941 0.705506 0.850000 0.704225 0.847059 0.704225 0.841176 0.702945 0.838235 0.702945 0.835294 0.700384 0.829412 0.700384 0.826471 0.699104 0.823529 0.699104 0.820588 0.697823 0.817647 0.697823 0.814706 0.699104 0.811765 0.699104 0.808824 0.697823 0.805882 0.697823 0.802941 0.696543 0.802941 0.693982 0.797059 0.693982 0.791176 0.695262 0.788235 0.696543 0.791176 0.696543 0.794118 0.696543 0.791176 0.695262 0.788235 0.695262 0.782353 0.693982 0.779412 0.693982 0.773529 0.691421 0.767647 0.691421 0.761765 0.690141 0.758824 0.690141 0.755882 0.688860 0.755882 0.688860 0.773529 0.690141 0.773529 0.691421 0.776471 0.691421 0.788235 0.692702 0.791176 0.692702 0.808824 0.691421 0.811765 0.690141 0.811765 0.687580 0.805882 0.687580 0.802941 0.687580 0.805882 0.688860 0.808824 0.687580 0.811765 0.687580 0.814706 0.688860 0.817647 0.687580 0.820588 0.687580 0.826471 0.686300 0.829412 0.687580 0.832353 0.687580 0.838235 0.686300 0.841176 0.686300 0.861765 0.687580 0.864706 0.687580 0.873529 0.686300 0.876471 0.686300 0.888235 0.685019 0.891176 0.683739 0.888235 0.683739 0.882353 0.682458 0.879412 0.683739 0.876471 0.683739 0.855882 0.682458 0.855882 0.681178 0.852941 0.681178 0.850000 0.682458 0.847059 0.681178 0.844118 0.681178 0.838235 0.682458 0.835294 0.682458 0.832353 0.683739 0.829412 0.683739 0.823529 0.682458 0.820588 0.682458 0.817647 0.683739 0.814706 0.683739 0.802941 0.681178 0.797059 0.681178 0.794118 0.679898 0.791176 0.679898 0.782353 0.679898 0.788235 0.678617 0.791176 0.677337 0.788235 0.677337 0.779412 0.677337 0.785294 0.676056 0.788235 0.674776 0.785294 0.674776 0.776471 0.673496 0.773529 0.673496 0.767647 0.672215 0.767647 0.670935 0.770588 0.669654 0.767647 0.668374 0.767647 0.667093 0.770588 0.668374 0.773529 0.668374 0.788235 0.669654 0.791176 0.669654 0.808824 0.670935 0.811765 0.670935 0.829412 0.672215 0.832353 0.672215 0.850000 0.673496 0.852941 0.673496 0.858824 0.674776 0.861765 0.673496 0.864706 0.674776 0.861765 0.674776 0.858824 0.676056 0.855882 0.677337 0.858824 0.677337 0.861765 0.678617 0.864706 0.678617 0.867647 0.677337 0.870588 0.676056 0.867647 0.674776 0.870588 0.674776 0.873529 0.676056 0.870588 0.677337 0.873529 0.677337 0.876471 0.676056 0.879412 0.676056 0.885294 0.677337 0.888235 0.677337 0.894118 0.677337 0.885294 0.676056 0.882353 0.676056 0.879412 0.677337 0.876471 0.678617 0.879412 0.677337 0.876471 0.677337 0.870588 0.678617 0.867647 0.681178 0.873529 0.681178 0.876471 0.682458 0.879412 0.682458 0.882353 0.683739 0.885294 0.683739 0.888235 0.685019 0.891176 0.685019 0.894118 0.687580 0.900000 0.687580 0.902941 0.688860 0.905882 0.687580 0.908824 0.686300 0.908824 0.686300 0.911765 0.687580 0.914706 0.687580 0.917647 0.686300 0.920588 0.683739 0.920588 0.682458 0.917647 0.682458 0.914706 0.681178 0.911765 0.681178 0.908824 0.679898 0.905882 0.679898 0.900000 0.678617 0.900000 0.678617 0.905882 0.677337 0.908824 0.678617 0.911765 0.678617 0.917647 0.677337 0.920588 0.677337 0.935294 0.676056 0.938235 0.674776 0.935294 0.674776 0.920588 0.673496 0.923529 0.672215 0.923529 0.670935 0.920588 0.672215 0.917647 0.670935 0.914706 0.672215 0.911765 0.673496 0.911765 0.673496 0.908824 0.672215 0.905882 0.672215 0.902941 0.673496 0.900000 0.673496 0.894118 0.672215 0.894118 0.670935 0.891176 0.670935 0.882353 0.669654 0.879412 0.669654 0.870588 0.668374 0.867647 0.668374 0.858824 0.669654 0.855882 0.670935 0.858824 0.670935 0.864706 0.670935 0.855882 0.669654 0.852941 0.669654 0.838235 0.668374 0.835294 0.668374 0.823529 0.667093 0.820588 0.667093 0.805882 0.665813 0.802941 0.665813 0.791176 0.664533 0.788235 0.664533 0.776471 0.661972 0.770588 0.661972 0.767647 0.663252 0.764706 0.661972 0.761765 0.661972 0.758824 0.660691 0.755882 0.660691 0.758824 0.659411 0.761765 0.658131 0.761765 0.656850 0.758824 0.655570 0.758824 0.654289 0.755882 0.653009 0.758824 0.647887 0.747059 0.647887 0.744118 0.646607 0.741176 0.647887 0.738235 0.646607 0.735294 0.646607 0.732353 0.645327 0.729412 0.644046 0.729412 0.644046 0.741176 0.642766 0.744118 0.641485 0.741176 0.641485 0.732353 0.641485 0.735294 0.640205 0.738235 0.638924 0.735294 0.638924 0.732353 0.637644 0.729412 0.636364 0.729412 0.636364 0.732353 0.637644 0.735294 0.637644 0.738235 0.641485 0.747059 0.641485 0.752941 0.642766 0.755882 0.642766 0.761765 0.644046 0.764706 0.644046 0.770588 0.642766 0.773529 0.642766 0.776471 0.641485 0.779412 0.640205 0.779412 0.638924 0.776471 0.640205 0.779412 0.640205 0.782353 0.641485 0.785294 0.640205 0.788235 0.640205 0.791176 0.641485 0.788235 0.642766 0.791176 0.642766 0.794118 0.640205 0.800000 0.638924 0.800000 0.637644 0.797059 0.638924 0.800000 0.638924 0.802941 0.640205 0.805882 0.640205 0.808824 0.638924 0.811765 0.635083 0.802941 0.636364 0.805882 0.636364 0.808824 0.637644 0.811765 0.637644 0.814706 0.638924 0.814706 0.640205 0.817647 0.640205 0.820588 0.638924 0.823529 0.637644 0.820588 0.637644 0.826471 0.638924 0.829412 0.637644 0.832353 0.640205 0.832353 0.641485 0.835294 0.640205 0.838235 0.640205 0.841176 0.641485 0.841176 0.642766 0.844118 0.642766 0.847059 0.641485 0.850000 0.640205 0.847059 0.641485 0.850000 0.641485 0.852941 0.640205 0.855882 0.637644 0.855882 0.636364 0.852941 0.641485 0.864706 0.640205 0.867647 0.638924 0.867647 0.637644 0.870588 0.638924 0.867647 0.640205 0.870588 0.640205 0.873529 0.641485 0.876471 0.641485 0.879412 0.640205 0.882353 0.641485 0.882353 0.646607 0.894118 0.646607 0.897059 0.647887 0.900000 0.647887 0.902941 0.646607 0.905882 0.647887 0.908824 0.649168 0.908824 0.650448 0.905882 0.651729 0.908824 0.651729 0.914706 0.653009 0.917647 0.650448 0.923529 0.649168 0.920588 0.649168 0.917647 0.647887 0.914706 0.646607 0.917647 0.641485 0.905882 0.641485 0.902941 0.640205 0.902941 0.636364 0.894118 0.636364 0.891176 0.637644 0.888235 0.641485 0.897059 0.641485 0.894118 0.640205 0.894118 0.636364 0.885294 0.637644 0.882353 0.636364 0.885294 0.635083 0.882353 0.633803 0.885294 0.632522 0.885294 0.632522 0.888235 0.629962 0.894118 0.628681 0.891176 0.628681 0.888235 0.629962 0.885294 0.628681 0.882353 0.629962 0.879412 0.631242 0.879412 0.633803 0.873529 0.635083 0.873529 0.633803 0.870588 0.633803 0.867647 0.635083 0.864706 0.633803 0.867647 0.633803 0.870588 0.632522 0.873529 0.631242 0.870588 0.631242 0.861765 0.628681 0.861765 0.627401 0.858824 0.627401 0.855882 0.631242 0.847059 0.629962 0.847059 0.628681 0.844118 0.628681 0.838235 0.626120 0.832353 0.626120 0.829412 0.629962 0.820588 0.628681 0.817647 0.628681 0.811765 0.627401 0.808824 0.628681 0.805882 0.627401 0.808824 0.624840 0.802941 0.624840 0.797059 0.626120 0.794118 0.626120 0.791176 0.624840 0.788235 0.626120 0.785294 0.624840 0.782353 0.626120 0.779412 0.626120 0.776471 0.624840 0.773529 0.626120 0.770588 0.627401 0.770588 0.627401 0.758824 0.624840 0.758824 0.623560 0.761765 0.623560 0.770588 0.622279 0.773529 0.622279 0.779412 0.620999 0.782353 0.620999 0.791176 0.619718 0.794118 0.619718 0.808824 0.618438 0.811765 0.615877 0.805882 0.615877 0.791176 0.617157 0.788235 0.615877 0.791176 0.614597 0.788235 0.614597 0.785294 0.612036 0.779412 0.613316 0.776471 0.614597 0.776471 0.614597 0.758824 0.613316 0.755882 0.613316 0.752941 0.610755 0.747059 0.610755 0.735294 0.609475 0.732353 0.609475 0.729412
2 0.376440 0.723529 0.376440 0.726471 0.375160 0.729412 0.373880 0.726471 0.371319 0.732353 0.370038 0.729412 0.368758 0.732353 0.370038 0.735294 0.370038 0.744118 0.368758 0.747059 0.368758 0.752941 0.370038 0.755882 0.371319 0.755882 0.370038 0.755882 0.368758 0.752941 0.368758 0.750000 0.371319 0.744118 0.371319 0.735294 0.372599 0.732353 0.373880 0.735294 0.375160 0.735294 0.376440 0.738235 0.376440 0.741176 0.376440 0.738235 0.377721 0.735294 0.379001 0.738235 0.379001 0.747059 0.379001 0.741176 0.380282 0.738235 0.381562 0.741176 0.381562 0.744118 0.382843 0.747059 0.381562 0.750000 0.381562 0.752941 0.380282 0.755882 0.377721 0.755882 0.379001 0.758824 0.377721 0.761765 0.377721 0.764706 0.380282 0.764706 0.381562 0.761765 0.382843 0.761765 0.384123 0.764706 0.384123 0.773529 0.385403 0.776471 0.384123 0.773529 0.384123 0.770588 0.385403 0.767647 0.386684 0.767647 0.385403 0.764706 0.386684 0.761765 0.385403 0.761765 0.384123 0.758824 0.384123 0.755882 0.385403 0.752941 0.385403 0.750000 0.384123 0.747059 0.384123 0.744118 0.385403 0.741176 0.385403 0.738235 0.384123 0.735294 0.384123 0.741176 0.382843 0.744118 0.380282 0.738235 0.380282 0.735294 0.379001 0.735294 0.377721 0.732353 0.377721 0.729412 0.376440 0.726471
2 0.426376 0.720588 0.425096 0.723529 0.423816 0.723529 0.425096 0.726471 0.425096 0.729412 0.423816 0.732353 0.422535 0.732353 0.422535 0.750000 0.421255 0.752941 0.422535 0.752941 0.425096 0.758824 0.425096 0.761765 0.423816 0.764706 0.422535 0.764706 0.421255 0.761765 0.421255 0.758824 0.421255 0.761765 0.422535 0.764706 0.419974 0.770588 0.421255 0.773529 0.421255 0.776471 0.418694 0.782353 0.418694 0.785294 0.419974 0.788235 0.419974 0.797059 0.418694 0.800000 0.418694 0.802941 0.417414 0.805882 0.417414 0.811765 0.418694 0.814706 0.417414 0.817647 0.417414 0.823529 0.418694 0.826471 0.417414 0.829412 0.417414 0.832353 0.418694 0.832353 0.419974 0.835294 0.419974 0.838235 0.419974 0.835294 0.421255 0.832353 0.421255 0.829412 0.419974 0.829412 0.418694 0.826471 0.419974 0.823529 0.422535 0.823529 0.422535 0.814706 0.423816 0.811765 0.423816 0.805882 0.425096 0.802941 0.425096 0.800000 0.423816 0.797059 0.425096 0.794118 0.426376 0.794118 0.426376 0.788235 0.427657 0.785294 0.428937 0.788235 0.428937 0.791176 0.430218 0.791176 0.432778 0.785294 0.434059 0.788235 0.434059 0.791176 0.432778 0.794118 0.432778 0.811765 0.431498 0.814706 0.432778 0.817647 0.431498 0.820588 0.428937 0.820588 0.427657 0.817647 0.427657 0.811765 0.428937 0.808824 0.428937 0.805882 0.427657 0.802941 0.427657 0.814706 0.426376 0.817647 0.426376 0.841176 0.425096 0.844118 0.426376 0.847059 0.426376 0.850000 0.425096 0.852941 0.425096 0.858824 0.423816 0.861765 0.423816 0.870588 0.422535 0.873529 0.422535 0.879412 0.421255 0.882353 0.421255 0.888235 0.419974 0.891176 0.419974 0.897059 0.418694 0.900000 0.418694 0.905882 0.417414 0.908824 0.417414 0.917647 0.416133 0.920588 0.416133 0.926471 0.414853 0.929412 0.414853 0.938235 0.413572 0.941176 0.412292 0.941176 0.411012 0.938235 0.411012 0.917647 0.409731 0.917647 0.409731 0.920588 0.408451 0.923529 0.408451 0.929412 0.407170 0.932353 0.405890 0.929412 0.405890 0.920588 0.407170 0.917647 0.407170 0.914706 0.405890 0.911765 0.405890 0.908824 0.408451 0.902941 0.407170 0.900000 0.407170 0.897059 0.408451 0.894118 0.409731 0.897059 0.409731 0.891176 0.411012 0.888235 0.409731 0.885294 0.411012 0.882353 0.411012 0.870588 0.412292 0.867647 0.412292 0.844118 0.411012 0.841176 0.411012 0.838235 0.408451 0.832353 0.409731 0.829412 0.411012 0.829412 0.411012 0.811765 0.412292 0.808824 0.411012 0.805882 0.412292 0.802941 0.412292 0.800000 0.411012 0.797059 0.411012 0.791176 0.412292 0.788235 0.411012 0.785294 0.412292 0.782353 0.412292 0.779412 0.411012 0.776471 0.411012 0.761765 0.413572 0.755882 0.413572 0.747059 0.412292 0.750000 0.411012 0.750000 0.409731 0.752941 0.407170 0.752941 0.405890 0.750000 0.407170 0.747059 0.407170 0.741176 0.408451 0.738235 0.407170 0.738235 0.405890 0.735294 0.407170 0.732353 0.407170 0.726471 0.405890 0.729412 0.403329 0.723529 0.400768 0.729412 0.402049 0.732353 0.402049 0.738235 0.403329 0.735294 0.404609 0.738235 0.404609 0.741176 0.407170 0.747059 0.405890 0.750000 0.404609 0.750000 0.403329 0.752941 0.402049 0.750000 0.402049 0.744118 0.402049 0.752941 0.403329 0.752941 0.404609 0.755882 0.404609 0.758824 0.405890 0.761765 0.405890 0.764706 0.404609 0.767647 0.403329 0.764706 0.403329 0.767647 0.404609 0.770588 0.404609 0.776471 0.403329 0.779412 0.400768 0.773529 0.399488 0.773529 0.398207 0.770588 0.398207 0.767647 0.396927 0.767647 0.395647 0.764706 0.395647 0.761765 0.394366 0.758824 0.395647 0.755882 0.396927 0.755882 0.398207 0.752941 0.399488 0.755882 0.399488 0.735294 0.399488 0.741176 0.398207 0.744118 0.396927 0.744118 0.395647 0.741176 0.395647 0.738235 0.396927 0.735294 0.395647 0.732353 0.394366 0.732353 0.394366 0.735294 0.393086 0.738235 0.394366 0.741176 0.394366 0.747059 0.393086 0.750000 0.391805 0.750000 0.394366 0.750000 0.395647 0.747059 0.396927 0.747059 0.398207 0.744118 0.399488 0.747059 0.399488 0.750000 0.398207 0.752941 0.396927 0.752941 0.395647 0.755882 0.394366 0.755882 0.393086 0.758824 0.391805 0.758824 0.391805 0.761765 0.390525 0.764706 0.389245 0.764706 0.389245 0.776471 0.386684 0.782353 0.381562 0.782353 0.380282 0.779412 0.379001 0.779412 0.379001 0.782353 0.380282 0.785294 0.380282 0.788235 0.381562 0.791176 0.381562 0.794118 0.380282 0.797059 0.380282 0.802941 0.379001 0.805882 0.379001 0.817647 0.377721 0.820588 0.376440 0.817647 0.376440 0.794118 0.377721 0.791176 0.376440 0.788235 0.375160 0.788235 0.375160 0.794118 0.371319 0.802941 0.372599 0.805882 0.371319 0.808824 0.370038 0.808824 0.368758 0.805882 0.368758 0.800000 0.367478 0.797059 0.368758 0.794118 0.368758 0.785294 0.368758 0.788235 0.367478 0.791176 0.366197 0.788235 0.366197 0.785294 0.364917 0.782353 0.364917 0.773529 0.364917 0.776471 0.363636 0.779412 0.362356 0.776471 0.362356 0.767647 0.361076 0.764706 0.362356 0.761765 0.362356 0.750000 0.361076 0.747059 0.359795 0.747059 0.359795 0.755882 0.358515 0.758824 0.357234 0.755882 0.355954 0.758824 0.354673 0.755882 0.354673 0.752941 0.350832 0.752941 0.349552 0.755882 0.349552 0.758824 0.348271 0.761765 0.345711 0.761765 0.344430 0.758824 0.344430 0.755882 0.345711 0.752941 0.344430 0.750000 0.345711 0.747059 0.345711 0.744118 0.344430 0.741176 0.344430 0.735294 0.344430 0.738235 0.343150 0.741176 0.343150 0.744118 0.344430 0.744118 0.345711 0.747059 0.344430 0.750000 0.344430 0.758824 0.345711 0.761765 0.344430 0.764706 0.344430 0.770588 0.343150 0.773529 0.344430 0.776471 0.344430 0.785294 0.345711 0.788235 0.345711 0.785294 0.344430 0.782353 0.344430 0.776471 0.345711 0.773529 0.346991 0.776471 0.346991 0.779412 0.348271 0.776471 0.348271 0.773529 0.349552 0.770588 0.349552 0.764706 0.350832 0.761765 0.350832 0.758824 0.352113 0.755882 0.353393 0.758824 0.353393 0.767647 0.352113 0.770588 0.352113 0.776471 0.350832 0.779412 0.350832 0.785294 0.349552 0.788235 0.349552 0.800000 0.348271 0.802941 0.348271 0.811765 0.346991 0.814706 0.346991 0.817647 0.345711 0.820588 0.345711 0.826471 0.344430 0.829412 0.344430 0.838235 0.343150 0.841176 0.343150 0.850000 0.341869 0.852941 0.341869 0.861765 0.340589 0.864706 0.340589 0.867647 0.339309 0.870588 0.339309 0.876471 0.338028 0.879412 0.338028 0.882353 0.339309 0.885294 0.338028 0.888235 0.336748 0.888235 0.336748 0.894118 0.336748 0.891176 0.338028 0.888235 0.339309 0.891176 0.339309 0.897059 0.338028 0.900000 0.338028 0.902941 0.336748 0.905882 0.335467 0.902941 0.334187 0.905882 0.332907 0.902941 0.332907 0.894118 0.334187 0.891176 0.334187 0.885294 0.335467 0.882353 0.335467 0.867647 0.336748 0.864706 0.338028 0.864706 0.336748 0.861765 0.338028 0.858824 0.338028 0.852941 0.339309 0.850000 0.339309 0.847059 0.340589 0.844118 0.340589 0.838235 0.339309 0.835294 0.340589 0.832353 0.341869 0.832353 0.341869 0.829412 0.340589 0.826471 0.340589 0.823529 0.341869 0.820588 0.343150 0.823529 0.343150 0.817647 0.341869 0.814706 0.343150 0.811765 0.341869 0.808824 0.343150 0.805882 0.343150 0.802941 0.341869 0.800000 0.341869 0.779412 0.340589 0.776471 0.340589 0.770588 0.341869 0.767647 0.341869 0.761765 0.340589 0.758824 0.340589 0.747059 0.339309 0.744118 0.339309 0.741176 0.338028 0.744118 0.336748 0.744118 0.336748 0.752941 0.338028 0.755882 0.338028 0.758824 0.336748 0.761765 0.335467 0.761765 0.332907 0.767647 0.331626 0.764706 0.331626 0.755882 0.331626 0.767647 0.330346 0.770588 0.329065 0.767647 0.329065 0.764706 0.327785 0.764706 0.326504 0.761765 0.326504 0.758824 0.326504 0.767647 0.325224 0.770588 0.325224 0.776471 0.326504 0.779412 0.325224 0.782353 0.323944 0.782353 0.323944 0.791176 0.322663 0.794118 0.322663 0.800000 0.321383 0.802941 0.320102 0.802941 0.320102 0.805882 0.318822 0.808824 0.318822 0.811765 0.317542 0.814706 0.314981 0.808824 0.316261 0.805882 0.316261 0.802941 0.314981 0.800000 0.316261 0.797059 0.316261 0.794118 0.317542 0.791176 0.317542 0.785294 0.318822 0.782353 0.318822 0.773529 0.318822 0.776471 0.317542 0.779412 0.317542 0.782353 0.316261 0.785294 0.314981 0.782353 0.314981 0.776471 0.316261 0.773529 0.316261 0.770588 0.317542 0.767647 0.318822 0.767647 0.318822 0.764706 0.317542 0.761765 0.316261 0.761765 0.314981 0.758824 0.316261 0.755882 0.314981 0.752941 0.314981 0.764706 0.313700 0.767647 0.313700 0.776471 0.312420 0.779412 0.312420 0.788235 0.311140 0.791176 0.311140 0.800000 0.309859 0.802941 0.309859 0.808824 0.308579 0.811765 0.308579 0.817647 0.307298 0.820588 0.308579 0.823529 0.308579 0.832353 0.306018 0.838235 0.303457 0.838235 0.303457 0.850000 0.302177 0.852941 0.300896 0.852941 0.299616 0.850000 0.299616 0.811765 0.299616 0.835294 0.298335 0.838235 0.298335 0.852941 0.299616 0.855882 0.299616 0.867647 0.297055 0.873529 0.298335 0.876471 0.298335 0.879412 0.295775 0.885294 0.293214 0.879412 0.293214 0.873529 0.294494 0.870588 0.294494 0.858824 0.295775 0.855882 0.295775 0.847059 0.294494 0.850000 0.293214 0.850000 0.291933 0.852941 0.290653 0.850000 0.290653 0.847059 0.291933 0.844118 0.291933 0.835294 0.289373 0.835294 0.288092 0.838235 0.288092 0.841176 0.286812 0.844118 0.285531 0.841176 0.285531 0.829412 0.284251 0.826471 0.285531 0.823529 0.285531 0.820588 0.284251 0.817647 0.284251 0.814706 0.285531 0.811765 0.288092 0.817647 0.288092 0.820588 0.289373 0.817647 0.290653 0.817647 0.293214 0.823529 0.295775 0.823529 0.297055 0.820588 0.297055 0.808824 0.298335 0.805882 0.297055 0.802941 0.297055 0.797059 0.294494 0.791176 0.293214 0.791176 0.291933 0.788235 0.291933 0.782353 0.291933 0.794118 0.290653 0.797059 0.289373 0.797059 0.288092 0.794118 0.288092 0.788235 0.289373 0.785294 0.289373 0.779412 0.288092 0.776471 0.289373 0.773529 0.289373 0.770588 0.290653 0.767647 0.290653 0.750000 0.289373 0.747059 0.288092 0.747059 0.286812 0.744118 0.286812 0.750000 0.285531 0.752941 0.285531 0.770588 0.284251 0.773529 0.281690 0.767647 0.280410 0.767647 0.279129 0.764706 0.279129 0.761765 0.280410 0.758824 0.280410 0.755882 0.276569 0.755882 0.276569 0.758824 0.275288 0.761765 0.275288 0.764706 0.276569 0.767647 0.275288 0.770588 0.274008 0.770588 0.272727 0.773529 0.271447 0.770588 0.270166 0.773529 0.268886 0.773529 0.270166 0.776471 0.270166 0.785294 0.268886 0.788235 0.270166 0.791176 0.270166 0.805882 0.268886 0.808824 0.266325 0.802941 0.266325 0.800000 0.265045 0.797059 0.265045 0.794118 0.265045 0.797059 0.266325 0.800000 0.266325 0.802941 0.268886 0.808824 0.266325 0.814706 0.265045 0.811765 0.265045 0.808824 0.263764 0.805882 0.263764 0.811765 0.262484 0.814706 0.262484 0.823529 0.261204 0.826471 0.261204 0.835294 0.259923 0.838235 0.259923 0.847059 0.262484 0.852941 0.262484 0.855882 0.259923 0.861765 0.258643 0.858824 0.258643 0.852941 0.257362 0.850000 0.257362 0.844118 0.257362 0.847059 0.256082 0.850000 0.256082 0.852941 0.257362 0.852941 0.258643 0.855882 0.258643 0.864706 0.256082 0.870588 0.256082 0.891176 0.254802 0.894118 0.254802 0.902941 0.253521 0.905882 0.252241 0.902941 0.252241 0.891176 0.253521 0.888235 0.253521 0.867647 0.254802 0.864706 0.254802 0.858824 0.254802 0.864706 0.253521 0.867647 0.253521 0.873529 0.250960 0.879412 0.250960 0.885294 0.249680 0.888235 0.249680 0.905882 0.248399 0.908824 0.247119 0.905882 0.247119 0.902941 0.247119 0.905882 0.248399 0.908824 0.248399 0.911765 0.247119 0.914706 0.247119 0.932353 0.248399 0.935294 0.247119 0.938235 0.248399 0.938235 0.249680 0.941176 0.248399 0.944118 0.245839 0.944118 0.245839 0.970588 0.244558 0.973529 0.244558 0.994118 0.245839 0.997059 0.268886 0.997059 0.268886 0.985294 0.270166 0.982353 0.270166 0.973529 0.271447 0.970588 0.272727 0.973529 0.272727 0.985294 0.271447 0.988235 0.271447 0.997059 0.276569 0.997059 0.276569 0.988235 0.279129 0.982353 0.277849 0.979412 0.277849 0.970588 0.279129 0.967647 0.280410 0.970588 0.280410 0.976471 0.281690 0.979412 0.281690 0.991176 0.279129 0.997059 0.285531 0.997059 0.285531 0.991176 0.286812 0.988235 0.288092 0.991176 0.288092 0.997059 0.299616 0.997059 0.298335 0.994118 0.299616 0.991176 0.298335 0.988235 0.299616 0.985294 0.299616 0.979412 0.300896 0.976471 0.300896 0.970588 0.302177 0.967647 0.302177 0.961765 0.303457 0.958824 0.304738 0.961765 0.304738 0.964706 0.306018 0.967647 0.306018 0.973529 0.304738 0.976471 0.303457 0.976471 0.303457 0.979412 0.304738 0.982353 0.304738 0.991176 0.304738 0.988235 0.306018 0.985294 0.304738 0.982353 0.304738 0.976471 0.306018 0.973529 0.306018 0.958824 0.307298 0.955882 0.308579 0.955882 0.307298 0.952941 0.307298 0.941176 0.308579 0.938235 0.308579 0.929412 0.309859 0.926471 0.311140 0.929412 0.311140 0.932353 0.312420 0.935294 0.311140 0.938235 0.311140 0.941176 0.312420 0.944118 0.312420 0.947059 0.313700 0.950000 0.313700 0.955882 0.312420 0.958824 0.312420 0.964706 0.311140 0.967647 0.312420 0.970588 0.311140 0.973529 0.311140 0.979412 0.309859 0.982353 0.309859 0.994118 0.311140 0.997059 0.317542 0.997059 0.318822 0.994118 0.320102 0.997059 0.339309 0.997059 0.339309 0.988235 0.340589 0.985294 0.341869 0.988235 0.341869 0.991176 0.343150 0.994118 0.341869 0.997059 0.343150 0.994118 0.344430 0.997059 0.348271 0.997059 0.348271 0.994118 0.346991 0.991176 0.346991 0.985294 0.348271 0.982353 0.349552 0.982353 0.349552 0.967647 0.348271 0.964706 0.346991 0.964706 0.345711 0.961765 0.346991 0.958824 0.346991 0.955882 0.348271 0.952941 0.350832 0.958824 0.350832 0.961765 0.350832 0.952941 0.348271 0.947059 0.348271 0.944118 0.349552 0.941176 0.352113 0.941176 0.352113 0.938235 0.353393 0.935294 0.354673 0.938235 0.354673 0.985294 0.352113 0.991176 0.353393 0.994118 0.353393 0.997059 0.354673 0.997059 0.354673 0.973529 0.355954 0.970588 0.357234 0.973529 0.357234 0.979412 0.358515 0.976471 0.358515 0.967647 0.359795 0.964706 0.361076 0.967647 0.361076 0.973529 0.362356 0.976471 0.361076 0.979412 0.361076 0.982353 0.359795 0.985294 0.359795 0.988235 0.357234 0.994118 0.357234 0.997059 0.361076 0.997059 0.361076 0.994118 0.362356 0.991176 0.363636 0.991176 0.364917 0.994118 0.364917 0.997059 0.390525 0.997059 0.391805 0.994118 0.393086 0.997059 0.395647 0.997059 0.396927 0.994118 0.398207 0.997059 0.398207 0.988235 0.399488 0.985294 0.400768 0.988235 0.400768 0.997059 0.411012 0.997059 0.412292 0.994118 0.413572 0.997059 0.422535 0.997059 0.422535 0.991176 0.423816 0.988235 0.423816 0.979412 0.425096 0.976471 0.425096 0.961765 0.423816 0.958824 0.423816 0.944118 0.422535 0.941176 0.422535 0.929412 0.421255 0.926471 0.421255 0.917647 0.422535 0.914706 0.423816 0.917647 0.423816 0.923529 0.425096 0.926471 0.425096 0.929412 0.426376 0.932353 0.426376 0.935294 0.427657 0.938235 0.427657 0.944118 0.426376 0.947059 0.426376 0.955882 0.426376 0.947059 0.427657 0.944118 0.427657 0.935294 0.426376 0.932353 0.426376 0.923529 0.427657 0.920588 0.427657 0.908824 0.428937 0.905882 0.430218 0.905882 0.430218 0.897059 0.428937 0.894118 0.428937 0.891176 0.430218 0.888235 0.430218 0.876471 0.431498 0.873529 0.432778 0.876471 0.432778 0.888235 0.434059 0.891176 0.434059 0.894118 0.436620 0.888235 0.435339 0.885294 0.436620 0.882353 0.437900 0.882353 0.439181 0.885294 0.439181 0.900000 0.440461 0.902941 0.439181 0.905882 0.439181 0.908824 0.437900 0.911765 0.436620 0.911765 0.435339 0.908824 0.435339 0.905882 0.435339 0.908824 0.434059 0.911765 0.434059 0.914706 0.432778 0.917647 0.431498 0.917647 0.430218 0.914706 0.430218 0.911765 0.430218 0.944118 0.431498 0.947059 0.431498 0.950000 0.430218 0.952941 0.428937 0.950000 0.428937 0.952941 0.430218 0.955882 0.430218 0.961765 0.428937 0.964706 0.428937 0.970588 0.430218 0.973529 0.430218 0.997059 0.449424 0.997059 0.449424 0.988235 0.450704 0.985294 0.454545 0.994118 0.454545 0.997059 0.454545 0.967647 0.455826 0.964706 0.455826 0.958824 0.457106 0.955882 0.458387 0.958824 0.458387 0.976471 0.458387 0.947059 0.459667 0.944118 0.460948 0.947059 0.460948 0.950000 0.462228 0.952941 0.460948 0.955882 0.460948 0.958824 0.462228 0.958824 0.463508 0.961765 0.463508 0.988235 0.460948 0.994118 0.459667 0.991176 0.459667 0.997059 0.507042 0.997059 0.507042 0.985294 0.505762 0.982353 0.507042 0.979412 0.508323 0.979412 0.509603 0.982353 0.509603 0.997059 0.514725 0.997059 0.514725 0.994118 0.516005 0.991176 0.514725 0.988235 0.514725 0.982353 0.516005 0.979412 0.516005 0.973529 0.517286 0.970588 0.517286 0.964706 0.518566 0.961765 0.518566 0.958824 0.519846 0.955882 0.519846 0.938235 0.521127 0.935294 0.519846 0.932353 0.519846 0.917647 0.521127 0.914706 0.522407 0.917647 0.522407 0.926471 0.522407 0.911765 0.524968 0.905882 0.524968 0.900000 0.526248 0.897059 0.527529 0.900000 0.527529 0.905882 0.528809 0.908824 0.528809 0.911765 0.527529 0.914706 0.526248 0.911765 0.526248 0.923529 0.524968 0.926471 0.524968 0.935294 0.523688 0.938235 0.523688 0.955882 0.522407 0.958824 0.523688 0.961765 0.523688 0.970588 0.522407 0.973529 0.519846 0.967647 0.521127 0.964706 0.519846 0.967647 0.519846 0.973529 0.521127 0.976471 0.523688 0.970588 0.524968 0.973529 0.524968 0.976471 0.522407 0.982353 0.522407 0.985294 0.519846 0.991176 0.519846 0.997059 0.521127 0.994118 0.522407 0.997059 0.527529 0.997059 0.528809 0.994118 0.530090 0.994118 0.531370 0.997059 0.533931 0.997059 0.533931 0.991176 0.536492 0.985294 0.537772 0.988235 0.537772 0.997059 0.540333 0.997059 0.540333 0.994118 0.539052 0.991176 0.539052 0.976471 0.540333 0.973529 0.540333 0.970588 0.539052 0.967647 0.540333 0.964706 0.540333 0.958824 0.540333 0.961765 0.539052 0.964706 0.539052 0.970588 0.536492 0.976471 0.535211 0.973529 0.535211 0.967647 0.536492 0.964706 0.536492 0.958824 0.539052 0.952941 0.539052 0.947059 0.539052 0.950000 0.537772 0.952941 0.536492 0.950000 0.536492 0.944118 0.536492 0.964706 0.535211 0.967647 0.533931 0.964706 0.535211 0.967647 0.535211 0.970588 0.533931 0.973529 0.532650 0.970588 0.532650 0.976471 0.533931 0.979412 0.532650 0.982353 0.531370 0.982353 0.531370 0.988235 0.528809 0.994118 0.527529 0.991176 0.527529 0.973529 0.528809 0.970588 0.528809 0.967647 0.530090 0.964706 0.528809 0.961765 0.530090 0.958824 0.530090 0.955882 0.531370 0.952941 0.532650 0.955882 0.532650 0.958824 0.533931 0.958824 0.532650 0.955882 0.533931 0.952941 0.532650 0.950000 0.532650 0.944118 0.533931 0.941176 0.532650 0.938235 0.533931 0.935294 0.533931 0.932353 0.535211 0.929412 0.533931 0.926471 0.533931 0.914706 0.535211 0.911765 0.535211 0.900000 0.536492 0.897059 0.536492 0.879412 0.535211 0.876471 0.535211 0.873529 0.533931 0.870588 0.533931 0.858824 0.535211 0.855882 0.535211 0.791176 0.533931 0.788235 0.535211 0.785294 0.532650 0.785294 0.531370 0.782353 0.532650 0.779412 0.532650 0.776471 0.533931 0.773529 0.535211 0.773529 0.535211 0.770588 0.533931 0.773529 0.530090 0.764706 0.530090 0.761765 0.531370 0.758824 0.531370 0.755882 0.530090 0.752941 0.528809 0.752941 0.527529 0.750000 0.528809 0.747059 0.530090 0.747059 0.530090 0.744118 0.531370 0.741176 0.531370 0.732353 0.533931 0.726471 0.533931 0.720588 0.532650 0.723529 0.532650 0.726471 0.530090 0.732353 0.530090 0.735294 0.531370 0.738235 0.528809 0.744118 0.527529 0.741176 0.527529 0.738235 0.524968 0.738235 0.523688 0.741176 0.523688 0.747059 0.521127 0.752941 0.519846 0.752941 0.518566 0.755882 0.518566 0.758824 0.517286 0.761765 0.518566 0.761765 0.521127 0.755882 0.522407 0.755882 0.523688 0.758824 0.522407 0.761765 0.522407 0.764706 0.521127 0.767647 0.522407 0.767647 0.523688 0.764706 0.524968 0.767647 0.524968 0.785294 0.526248 0.788235 0.526248 0.791176 0.523688 0.797059 0.522407 0.794118 0.521127 0.797059 0.519846 0.794118 0.519846 0.788235 0.518566 0.785294 0.521127 0.779412 0.519846 0.776471 0.521127 0.773529 0.519846 0.776471 0.517286 0.776471 0.516005 0.773529 0.516005 0.767647 0.514725 0.764706 0.514725 0.761765 0.512164 0.761765 0.510883 0.758824 0.510883 0.755882 0.512164 0.752941 0.512164 0.750000 0.513444 0.747059 0.512164 0.747059 0.510883 0.744118 0.510883 0.738235 0.510883 0.752941 0.509603 0.755882 0.508323 0.755882 0.507042 0.752941 0.508323 0.750000 0.508323 0.744118 0.507042 0.747059 0.507042 0.750000 0.505762 0.752941 0.504481 0.750000 0.504481 0.755882 0.503201 0.758824 0.504481 0.758824 0.505762 0.761765 0.504481 0.764706 0.505762 0.767647 0.505762 0.770588 0.504481 0.773529 0.503201 0.773529 0.501921 0.770588 0.501921 0.764706 0.500640 0.761765 0.500640 0.755882 0.499360 0.758824 0.498079 0.758824 0.496799 0.755882 0.496799 0.752941 0.498079 0.750000 0.498079 0.744118 0.499360 0.741176 0.499360 0.735294 0.498079 0.735294 0.496799 0.738235 0.495519 0.738235 0.494238 0.741176 0.491677 0.741176 0.490397 0.738235 0.490397 0.744118 0.491677 0.747059 0.491677 0.750000 0.490397 0.752941 0.491677 0.750000 0.492958 0.752941 0.492958 0.764706 0.491677 0.767647 0.491677 0.773529 0.490397 0.776471 0.489117 0.773529 0.489117 0.767647 0.487836 0.764706 0.489117 0.761765 0.487836 0.758824 0.487836 0.750000 0.486556 0.747059 0.486556 0.744118 0.485275 0.741176 0.485275 0.738235 0.485275 0.747059 0.483995 0.750000 0.483995 0.761765 0.482714 0.764706 0.485275 0.758824 0.486556 0.761765 0.486556 0.767647 0.487836 0.767647 0.489117 0.770588 0.489117 0.773529 0.487836 0.776471 0.486556 0.773529 0.485275 0.776471 0.483995 0.776471 0.482714 0.773529 0.483995 0.770588 0.482714 0.770588 0.482714 0.779412 0.481434 0.782353 0.478873 0.776471 0.478873 0.767647 0.475032 0.758824 0.476312 0.755882 0.478873 0.755882 0.478873 0.750000 0.477593 0.752941 0.476312 0.750000 0.476312 0.747059 0.477593 0.744118 0.477593 0.741176 0.478873 0.738235 0.478873 0.735294 0.477593 0.735294 0.477593 0.738235 0.476312 0.741176 0.475032 0.738235 0.473752 0.738235 0.473752 0.741176 0.475032 0.744118 0.475032 0.747059 0.473752 0.750000 0.471191 0.750000 0.472471 0.752941 0.469910 0.758824 0.468630 0.755882 0.468630 0.752941 0.467350 0.752941 0.466069 0.750000 0.466069 0.741176 0.467350 0.738235 0.467350 0.735294 0.464789 0.735294 0.463508 0.732353 0.463508 0.726471 0.462228 0.723529 0.460948 0.723529 0.462228 0.726471 0.462228 0.732353 0.463508 0.732353 0.464789 0.735294 0.463508 0.738235 0.462228 0.738235 0.462228 0.750000 0.463508 0.752941 0.462228 0.755882 0.460948 0.755882 0.459667 0.758824 0.457106 0.752941 0.458387 0.750000 0.457106 0.752941 0.455826 0.752941 0.454545 0.750000 0.455826 0.747059 0.454545 0.744118 0.455826 0.747059 0.453265 0.752941 0.454545 0.755882 0.451985 0.761765 0.450704 0.758824 0.450704 0.755882 0.449424 0.752941 0.450704 0.750000 0.448143 0.744118 0.449424 0.741176 0.445583 0.741176 0.445583 0.744118 0.444302 0.747059 0.443022 0.744118 0.441741 0.744118 0.440461 0.741176 0.440461 0.735294 0.441741 0.732353 0.441741 0.723529 0.440461 0.726471 0.439181 0.726471 0.440461 0.729412 0.440461 0.732353 0.439181 0.735294 0.439181 0.741176 0.440461 0.741176 0.443022 0.747059 0.443022 0.750000 0.444302 0.752941 0.444302 0.755882 0.445583 0.758824 0.445583 0.761765 0.444302 0.764706 0.443022 0.764706 0.441741 0.761765 0.441741 0.767647 0.439181 0.773529 0.437900 0.773529 0.435339 0.767647 0.437900 0.761765 0.436620 0.761765 0.434059 0.755882 0.435339 0.752941 0.434059 0.755882 0.434059 0.758824 0.432778 0.761765 0.432778 0.764706 0.431498 0.767647 0.428937 0.761765 0.428937 0.750000 0.427657 0.747059 0.426376 0.747059 0.425096 0.750000 0.423816 0.750000 0.422535 0.747059 0.422535 0.744118 0.423816 0.741176 0.423816 0.732353 0.426376 0.726471