1 0.088348 0.961765 0.088348 0.964706 0.087068 0.967647 0.087068 0.973529 0.085787 0.976471 0.085787 0.982353 0.084507 0.985294 0.084507 0.991176 0.083227 0.994118 0.083227 0.997059 0.088348 0.997059 0.088348 0.994118 0.087068 0.991176 0.087068 0.988235 0.088348 0.985294
1 0.486556 0.958824 0.486556 0.964706 0.485275 0.967647 0.483995 0.967647 0.483995 0.997059 0.487836 0.997059 0.487836 0.982353 0.486556 0.979412 0.486556 0.976471 0.485275 0.973529 0.485275 0.970588 0.486556 0.967647 0.487836 0.970588 0.487836 0.967647 0.486556 0.964706
1 0.618438 0.938235 0.618438 0.944118 0.617157 0.947059 0.617157 0.952941 0.615877 0.955882 0.615877 0.961765 0.614597 0.964706 0.614597 0.967647 0.613316 0.970588 0.613316 0.976471 0.612036 0.979412 0.612036 0.985294 0.610755 0.988235 0.610755 0.994118 0.609475 0.997059 0.612036 0.997059 0.612036 0.994118 0.613316 0.991176 0.613316 0.982353 0.614597 0.979412 0.614597 0.973529 0.615877 0.970588 0.615877 0.964706 0.617157 0.961765 0.617157 0.947059 0.618438 0.944118
1 0.244558 0.938235 0.243278 0.941176 0.240717 0.941176 0.239437 0.944118 0.238156 0.944118 0.236876 0.947059 0.234315 0.947059 0.231754 0.952941 0.233035 0.955882 0.233035 0.961765 0.231754 0.964706 0.230474 0.964706 0.229193 0.967647 0.229193 0.976471 0.227913 0.979412 0.227913 0.991176 0.225352 0.997059 0.249680 0.997059 0.249680 0.988235 0.252241 0.982353 0.252241 0.979412 0.250960 0.979412 0.249680 0.976471 0.249680 0.970588 0.252241 0.964706 0.252241 0.958824 0.249680 0.952941 0.249680 0.950000 0.248399 0.947059 0.247119 0.947059 0.245839 0.944118 0.245839 0.941176
1 0.353393 0.932353 0.352113 0.935294 0.348271 0.935294 0.349552 0.938235 0.349552 0.944118 0.352113 0.944118 0.353393 0.941176 0.353393 0.938235 0.354673 0.935294 0.354673 0.932353
1 0.423816 0.897059 0.422535 0.900000 0.419974 0.900000 0.418694 0.902941 0.416133 0.902941 0.414853 0.905882 0.414853 0.911765 0.417414 0.911765 0.418694 0.908824 0.422535 0.908824 0.423816 0.905882 0.425096 0.905882 0.426376 0.902941 0.426376 0.900000 0.427657 0.897059
1 0.451985 0.891176 0.454545 0.897059 0.454545 0.900000 0.460948 0.900000 0.460948 0.897059 0.462228 0.894118 0.460948 0.897059 0.459667 0.897059 0.458387 0.894118 0.457106 0.894118 0.455826 0.891176
1 0.037132 0.885294 0.037132 0.897059 0.035851 0.900000 0.035851 0.905882 0.037132 0.908824 0.034571 0.914706 0.034571 0.926471 0.033291 0.929412 0.033291 0.941176 0.032010 0.944118 0.033291 0.947059 0.033291 0.955882 0.034571 0.958824 0.034571 0.964706 0.034571 0.958824 0.035851 0.955882 0.035851 0.947059 0.037132 0.944118 0.037132 0.941176 0.039693 0.935294 0.038412 0.932353 0.038412 0.923529 0.037132 0.920588 0.037132 0.917647 0.035851 0.914706 0.035851 0.911765 0.037132 0.908824 0.038412 0.911765 0.038412 0.888235
1 0.411012 0.864706 0.411012 0.867647 0.407170 0.876471 0.405890 0.873529 0.404609 0.876471 0.404609 0.885294 0.405890 0.888235 0.404609 0.891176 0.403329 0.891176 0.404609 0.894118 0.404609 0.897059 0.407170 0.902941 0.405890 0.905882 0.407170 0.902941 0.405890 0.900000 0.405890 0.897059 0.407170 0.894118 0.409731 0.894118 0.408451 0.891176 0.409731 0.888235 0.409731 0.882353 0.411012 0.879412 0.411012 0.873529 0.409731 0.870588 0.411012 0.867647
1 0.357234 0.864706 0.357234 0.867647 0.355954 0.870588 0.355954 0.873529 0.357234 0.876471 0.355954 0.879412 0.358515 0.879412 0.359795 0.882353 0.357234 0.888235 0.355954 0.888235 0.359795 0.888235 0.362356 0.894118 0.361076 0.897059 0.361076 0.902941 0.362356 0.900000 0.363636 0.900000 0.364917 0.897059 0.366197 0.897059 0.367478 0.900000 0.367478 0.902941 0.370038 0.902941 0.371319 0.905882 0.371319 0.908824 0.370038 0.911765 0.368758 0.911765 0.367478 0.908824 0.366197 0.911765 0.366197 0.917647 0.364917 0.920588 0.366197 0.920588 0.367478 0.923529 0.367478 0.926471 0.366197 0.929412 0.364917 0.929412 0.363636 0.926471 0.362356 0.929412 0.358515 0.929412 0.359795 0.932353 0.359795 0.935294 0.362356 0.941176 0.362356 0.944118 0.363636 0.947059 0.366197 0.947059 0.366197 0.944118 0.367478 0.941176 0.371319 0.941176 0.371319 0.891176 0.372599 0.888235 0.372599 0.882353 0.371319 0.879412 0.371319 0.876471 0.370038 0.873529 0.370038 0.879412 0.368758 0.882353 0.366197 0.876471 0.366197 0.879412 0.364917 0.882353 0.362356 0.876471 0.363636 0.873529 0.363636 0.870588 0.364917 0.867647 0.364917 0.864706 0.364917 0.867647 0.363636 0.870588 0.361076 0.870588 0.359795 0.867647 0.359795 0.864706 0.358515 0.867647
1 0.386684 0.847059 0.385403 0.850000 0.385403 0.858824 0.384123 0.861765 0.382843 0.861765 0.381562 0.864706 0.382843 0.864706 0.384123 0.867647 0.382843 0.870588 0.381562 0.870588 0.382843 0.873529 0.381562 0.876471 0.382843 0.879412 0.382843 0.882353 0.380282 0.888235 0.380282 0.917647 0.379001 0.920588 0.379001 0.926471 0.380282 0.926471 0.381562 0.929412 0.381562 0.935294 0.382843 0.938235 0.381562 0.941176 0.382843 0.944118 0.382843 0.938235 0.384123 0.935294 0.384123 0.932353 0.382843 0.929412 0.385403 0.923529 0.385403 0.917647 0.386684 0.914706 0.387964 0.917647 0.387964 0.926471 0.386684 0.929412 0.386684 0.938235 0.385403 0.941176 0.385403 0.950000 0.384123 0.952941 0.385403 0.955882 0.385403 0.961765 0.386684 0.964706 0.386684 0.967647 0.386684 0.950000 0.385403 0.947059 0.385403 0.941176 0.386684 0.938235 0.387964 0.938235 0.389245 0.935294 0.391805 0.935294 0.391805 0.932353 0.393086 0.929412 0.394366 0.932353 0.394366 0.935294 0.396927 0.929412 0.398207 0.932353 0.398207 0.923529 0.396927 0.920588 0.396927 0.905882 0.395647 0.902941 0.395647 0.897059 0.394366 0.894118 0.394366 0.897059 0.393086 0.900000 0.391805 0.900000 0.390525 0.897059 0.391805 0.894118 0.391805 0.885294 0.393086 0.882353 0.391805 0.879412 0.393086 0.876471 0.391805 0.873529 0.391805 0.864706 0.390525 0.861765 0.389245 0.861765 0.385403 0.852941 0.385403 0.850000
1 0.299616 0.847059 0.299616 0.858824 0.298335 0.861765 0.298335 0.873529 0.297055 0.876471 0.297055 0.882353 0.298335 0.885294 0.297055 0.888235 0.297055 0.897059 0.299616 0.897059 0.302177 0.902941 0.302177 0.882353 0.300896 0.879412 0.300896 0.861765 0.299616 0.858824
1 0.414853 0.814706 0.414853 0.847059 0.416133 0.847059 0.417414 0.850000 0.414853 0.855882 0.416133 0.852941 0.417414 0.855882 0.417414 0.861765 0.421255 0.852941 0.422535 0.852941 0.422535 0.847059 0.421255 0.844118 0.421255 0.841176 0.422535 0.838235 0.422535 0.835294 0.423816 0.832353 0.423816 0.829412 0.422535 0.826471 0.422535 0.823529 0.421255 0.820588 0.419974 0.820588 0.418694 0.817647 0.416133 0.817647
1 0.486556 0.779412 0.486556 0.791176 0.485275 0.794118 0.485275 0.808824 0.483995 0.811765 0.483995 0.826471 0.485275 0.829412 0.486556 0.826471 0.487836 0.829412 0.487836 0.832353 0.486556 0.835294 0.486556 0.844118 0.487836 0.847059 0.487836 0.852941 0.487836 0.829412 0.486556 0.826471 0.487836 0.823529 0.487836 0.817647 0.489117 0.814706 0.487836 0.811765 0.487836 0.791176 0.486556 0.788235
1 0.037132 0.773529 0.037132 0.782353 0.035851 0.785294 0.035851 0.791176 0.034571 0.794118 0.034571 0.817647 0.033291 0.820588 0.033291 0.826471 0.034571 0.826471 0.035851 0.823529 0.035851 0.811765 0.037132 0.808824 0.035851 0.805882 0.035851 0.800000 0.037132 0.797059
1 0.412292 0.758824 0.411012 0.761765 0.409731 0.761765 0.411012 0.761765 0.412292 0.764706 0.411012 0.767647 0.409731 0.767647 0.408451 0.770588 0.407170 0.767647 0.408451 0.770588 0.407170 0.773529 0.407170 0.779412 0.405890 0.782353 0.403329 0.782353 0.404609 0.782353 0.405890 0.785294 0.404609 0.788235 0.404609 0.791176 0.403329 0.794118 0.402049 0.794118 0.403329 0.794118 0.404609 0.797059 0.403329 0.800000 0.399488 0.800000 0.398207 0.797059 0.398207 0.794118 0.398207 0.797059 0.399488 0.800000 0.396927 0.805882 0.394366 0.800000 0.394366 0.794118 0.393086 0.797059 0.390525 0.797059 0.389245 0.794118 0.387964 0.797059 0.389245 0.800000 0.387964 0.802941 0.386684 0.802941 0.387964 0.805882 0.387964 0.814706 0.390525 0.814706 0.391805 0.811765 0.394366 0.817647 0.393086 0.820588 0.394366 0.823529 0.393086 0.826471 0.395647 0.826471 0.396927 0.823529 0.398207 0.826471 0.399488 0.823529 0.400768 0.826471 0.400768 0.835294 0.399488 0.838235 0.396927 0.838235 0.398207 0.838235 0.399488 0.841176 0.400768 0.841176 0.402049 0.844118 0.402049 0.847059 0.400768 0.850000 0.403329 0.844118 0.404609 0.844118 0.405890 0.847059 0.405890 0.852941 0.407170 0.850000 0.408451 0.852941 0.408451 0.855882 0.408451 0.847059 0.409731 0.844118 0.411012 0.844118 0.411012 0.820588 0.409731 0.817647 0.409731 0.811765 0.407170 0.811765 0.405890 0.808824 0.407170 0.805882 0.408451 0.805882 0.409731 0.802941 0.408451 0.805882 0.405890 0.800000 0.407170 0.797059 0.411012 0.797059 0.412292 0.794118 0.411012 0.794118 0.409731 0.791176 0.411012 0.788235 0.413572 0.788235 0.413572 0.785294 0.414853 0.782353 0.413572 0.779412 0.414853 0.776471 0.413572 0.776471 0.412292 0.773529 0.412292 0.770588 0.413572 0.767647 0.414853 0.767647 0.412292 0.761765
1 0.295775 0.738235 0.295775 0.838235 0.295775 0.832353 0.297055 0.829412 0.297055 0.823529 0.298335 0.820588 0.298335 0.814706 0.299616 0.811765 0.299616 0.805882 0.300896 0.802941 0.300896 0.747059 0.298335 0.747059 0.297055 0.744118 0.297055 0.741176
1 0.358515 0.700000 0.357234 0.702941 0.354673 0.702941 0.354673 0.705882 0.353393 0.708824 0.355954 0.714706 0.354673 0.717647 0.353393 0.717647 0.353393 0.720588 0.355954 0.726471 0.355954 0.729412 0.354673 0.732353 0.353393 0.732353 0.354673 0.735294 0.357234 0.735294 0.358515 0.738235 0.357234 0.741176 0.355954 0.741176 0.354673 0.744118 0.355954 0.747059 0.354673 0.750000 0.355954 0.750000 0.357234 0.752941 0.355954 0.755882 0.354673 0.755882 0.355954 0.758824 0.354673 0.761765 0.352113 0.761765 0.350832 0.764706 0.348271 0.764706 0.349552 0.767647 0.350832 0.767647 0.352113 0.770588 0.352113 0.773529 0.350832 0.776471 0.350832 0.779412 0.352113 0.782353 0.350832 0.779412 0.352113 0.776471 0.355954 0.776471 0.357234 0.779412 0.357234 0.782353 0.358515 0.785294 0.358515 0.779412 0.359795 0.776471 0.361076 0.776471 0.361076 0.773529 0.362356 0.770588 0.364917 0.770588 0.366197 0.773529 0.364917 0.776471 0.366197 0.779412 0.364917 0.776471 0.366197 0.773529 0.364917 0.770588 0.364917 0.767647 0.366197 0.764706 0.367478 0.764706 0.368758 0.767647 0.370038 0.764706 0.370038 0.761765 0.371319 0.758824 0.372599 0.758824 0.373880 0.761765 0.375160 0.758824 0.375160 0.755882 0.376440 0.752941 0.376440 0.750000 0.375160 0.747059 0.373880 0.750000 0.372599 0.750000 0.371319 0.747059 0.371319 0.750000 0.368758 0.755882 0.366197 0.750000 0.368758 0.744118 0.367478 0.747059 0.366197 0.747059 0.364917 0.744118 0.364917 0.741176 0.366197 0.738235 0.364917 0.741176 0.362356 0.741176 0.361076 0.738235 0.364917 0.729412 0.363636 0.726471 0.362356 0.726471 0.361076 0.723529 0.361076 0.720588 0.363636 0.714706 0.362356 0.717647 0.359795 0.711765 0.358515 0.711765 0.357234 0.708824 0.357234 0.705882 0.358515 0.702941
1 0.443022 0.697059 0.440461 0.702941 0.439181 0.702941 0.439181 0.708824 0.437900 0.711765 0.435339 0.705882 0.434059 0.705882 0.434059 0.720588 0.435339 0.723529 0.435339 0.744118 0.436620 0.747059 0.436620 0.764706 0.437900 0.767647 0.437900 0.773529 0.435339 0.779412 0.435339 0.785294 0.436620 0.788235 0.437900 0.788235 0.439181 0.785294 0.439181 0.773529 0.437900 0.770588 0.437900 0.767647 0.439181 0.764706 0.439181 0.758824 0.436620 0.752941 0.436620 0.750000 0.439181 0.744118 0.440461 0.747059 0.440461 0.744118 0.441741 0.741176 0.443022 0.744118 0.444302 0.744118 0.445583 0.747059 0.446863 0.744118 0.449424 0.744118 0.448143 0.744118 0.446863 0.741176 0.446863 0.738235 0.445583 0.735294 0.445583 0.729412 0.446863 0.726471 0.446863 0.723529 0.444302 0.723529 0.443022 0.720588 0.441741 0.720588 0.440461 0.717647 0.441741 0.714706 0.443022 0.714706 0.441741 0.711765 0.443022 0.708824
1 0.427657 0.697059 0.427657 0.702941 0.428937 0.705882 0.428937 0.708824 0.426376 0.714706 0.426376 0.717647 0.427657 0.720588 0.426376 0.723529 0.426376 0.726471 0.427657 0.729412 0.426376 0.732353 0.426376 0.735294 0.427657 0.735294 0.428937 0.738235 0.427657 0.741176 0.427657 0.744118 0.430218 0.750000 0.430218 0.752941 0.431498 0.752941 0.431498 0.697059 0.430218 0.697059 0.428937 0.700000
1 0.457106 0.685294 0.458387 0.688235 0.458387 0.708824 0.459667 0.711765 0.459667 0.720588 0.462228 0.726471 0.462228 0.732353 0.462228 0.720588 0.463508 0.717647 0.463508 0.711765 0.462228 0.711765 0.460948 0.708824 0.460948 0.702941 0.462228 0.700000 0.463508 0.702941 0.463508 0.705882 0.463508 0.694118 0.462228 0.694118 0.462228 0.700000 0.460948 0.702941 0.459667 0.700000 0.459667 0.691176 0.458387 0.688235 0.458387 0.685294
1 0.915493 0.644118 0.915493 0.647059 0.914213 0.650000 0.914213 0.652941 0.910371 0.661765 0.910371 0.664706 0.911652 0.667647 0.911652 0.670588 0.912932 0.670588 0.914213 0.673529 0.915493 0.673529 0.915493 0.670588 0.916773 0.667647 0.916773 0.644118
1 0.536492 0.638235 0.536492 0.641176 0.535211 0.644118 0.535211 0.650000 0.533931 0.652941 0.536492 0.658824 0.535211 0.661765 0.536492 0.664706 0.536492 0.655882 0.537772 0.652941 0.537772 0.641176
1 0.180538 0.635294 0.179257 0.638235 0.176697 0.638235 0.177977 0.641176 0.179257 0.641176 0.183099 0.650000 0.183099 0.652941 0.185659 0.658824 0.185659 0.661765 0.189501 0.670588 0.189501 0.673529 0.190781 0.676471 0.190781 0.679412 0.194622 0.688235 0.194622 0.691176 0.197183 0.697059 0.197183 0.700000 0.198464 0.702941 0.198464 0.705882 0.201024 0.711765 0.201024 0.714706 0.203585 0.720588 0.203585 0.723529 0.209987 0.738235 0.209987 0.741176 0.212548 0.747059 0.212548 0.750000 0.217670 0.761765 0.217670 0.764706 0.221511 0.773529 0.221511 0.776471 0.224072 0.782353 0.224072 0.785294 0.226633 0.791176 0.226633 0.794118 0.230474 0.802941 0.230474 0.805882 0.235595 0.817647 0.235595 0.820588 0.239437 0.829412 0.239437 0.832353 0.243278 0.841176 0.243278 0.844118 0.244558 0.847059 0.244558 0.850000 0.247119 0.855882 0.247119 0.858824 0.249680 0.864706 0.249680 0.867647 0.252241 0.873529 0.252241 0.876471 0.254802 0.882353 0.254802 0.885294 0.256082 0.888235 0.256082 0.891176 0.257362 0.894118 0.257362 0.897059 0.258643 0.900000 0.258643 0.902941 0.257362 0.905882 0.254802 0.905882 0.253521 0.902941 0.253521 0.900000 0.248399 0.888235 0.248399 0.885294 0.247119 0.882353 0.247119 0.879412 0.243278 0.870588 0.243278 0.867647 0.238156 0.855882 0.238156 0.852941 0.226633 0.826471 0.238156 0.852941 0.238156 0.855882 0.243278 0.867647 0.243278 0.870588 0.247119 0.879412 0.247119 0.885294 0.248399 0.888235 0.248399 0.894118 0.247119 0.897059 0.245839 0.897059 0.244558 0.894118 0.243278 0.894118 0.241997 0.891176 0.239437 0.891176 0.238156 0.888235 0.235595 0.888235 0.234315 0.885294 0.230474 0.885294 0.229193 0.882353 0.225352 0.882353 0.224072 0.879412 0.220230 0.879412 0.218950 0.876471 0.215109 0.876471 0.213828 0.873529 0.207426 0.873529 0.206146 0.870588 0.202305 0.870588 0.201024 0.867647 0.189501 0.867647 0.188220 0.864706 0.179257 0.864706 0.177977 0.861765 0.171575 0.861765 0.170294 0.864706 0.169014 0.864706 0.169014 0.867647 0.171575 0.867647 0.172855 0.870588 0.184379 0.870588 0.185659 0.873529 0.190781 0.873529 0.192061 0.876471 0.208707 0.876471 0.209987 0.879412 0.217670 0.879412 0.218950 0.882353 0.227913 0.882353 0.229193 0.885294 0.231754 0.885294 0.233035 0.888235 0.236876 0.888235 0.238156 0.891176 0.240717 0.891176 0.241997 0.894118 0.243278 0.894118 0.244558 0.897059 0.245839 0.897059 0.247119 0.900000 0.248399 0.900000 0.250960 0.905882 0.250960 0.911765 0.248399 0.917647 0.248399 0.920588 0.247119 0.923529 0.247119 0.926471 0.245839 0.929412 0.245839 0.932353 0.245839 0.929412 0.247119 0.926471 0.247119 0.923529 0.253521 0.908824 0.254802 0.908824 0.257362 0.914706 0.258643 0.914706 0.266325 0.932353 0.266325 0.935294 0.267606 0.938235 0.267606 0.941176 0.268886 0.944118 0.268886 0.947059 0.270166 0.950000 0.270166 0.952941 0.272727 0.958824 0.272727 0.961765 0.274008 0.964706 0.274008 0.967647 0.275288 0.970588 0.275288 0.973529 0.277849 0.973529 0.276569 0.970588 0.276569 0.967647 0.275288 0.964706 0.275288 0.961765 0.274008 0.958824 0.274008 0.955882 0.272727 0.952941 0.272727 0.950000 0.271447 0.947059 0.271447 0.944118 0.270166 0.941176 0.270166 0.938235 0.267606 0.932353 0.267606 0.929412 0.266325 0.926471 0.266325 0.920588 0.265045 0.917647 0.265045 0.914706 0.263764 0.911765 0.263764 0.908824 0.262484 0.905882 0.262484 0.902941 0.261204 0.900000 0.261204 0.897059 0.259923 0.894118 0.259923 0.888235 0.258643 0.885294 0.258643 0.882353 0.257362 0.879412 0.257362 0.876471 0.256082 0.873529 0.256082 0.870588 0.254802 0.867647 0.254802 0.864706 0.253521 0.861765 0.253521 0.858824 0.252241 0.855882 0.252241 0.852941 0.250960 0.850000 0.250960 0.847059 0.248399 0.841176 0.248399 0.838235 0.243278 0.826471 0.243278 0.823529 0.240717 0.817647 0.240717 0.814706 0.234315 0.800000 0.234315 0.797059 0.229193 0.785294 0.229193 0.782353 0.224072 0.770588 0.224072 0.767647 0.221511 0.761765 0.221511 0.758824 0.215109 0.744118 0.215109 0.741176 0.208707 0.726471 0.208707 0.723529 0.207426 0.720588 0.207426 0.717647 0.203585 0.708824 0.203585 0.705882 0.201024 0.700000 0.201024 0.697059 0.199744 0.697059 0.198464 0.694118 0.198464 0.691176 0.195903 0.685294 0.195903 0.682353 0.194622 0.682353 0.193342 0.679412 0.193342 0.676471 0.192061 0.673529 0.192061 0.670588 0.188220 0.661765 0.188220 0.658824 0.184379 0.650000 0.184379 0.647059 0.183099 0.644118 0.183099 0.641176
1 0.512164 0.632353 0.509603 0.638235 0.509603 0.641176 0.508323 0.644118 0.508323 0.650000 0.509603 0.650000 0.510883 0.652941 0.510883 0.655882 0.512164 0.658824 0.512164 0.661765 0.510883 0.664706 0.509603 0.664706 0.510883 0.667647 0.510883 0.664706 0.512164 0.661765 0.512164 0.655882 0.510883 0.652941 0.510883 0.650000 0.512164 0.647059 0.510883 0.644118 0.510883 0.638235 0.512164 0.635294
1 0.451985 0.620588 0.453265 0.623529 0.453265 0.626471 0.451985 0.629412 0.451985 0.641176 0.453265 0.644118 0.453265 0.647059 0.454545 0.650000 0.454545 0.652941 0.457106 0.652941 0.458387 0.655882 0.457106 0.652941 0.455826 0.652941 0.454545 0.650000 0.454545 0.644118 0.453265 0.641176 0.454545 0.638235 0.454545 0.623529 0.453265 0.623529
1 0.408451 0.614706 0.407170 0.617647 0.405890 0.617647 0.405890 0.620588 0.408451 0.626471 0.407170 0.629412 0.405890 0.629412 0.405890 0.632353 0.407170 0.632353 0.408451 0.635294 0.407170 0.638235 0.407170 0.641176 0.409731 0.641176 0.411012 0.644118 0.409731 0.647059 0.409731 0.650000 0.408451 0.652941 0.408451 0.658824 0.404609 0.667647 0.402049 0.667647 0.403329 0.667647 0.404609 0.670588 0.403329 0.673529 0.402049 0.673529 0.403329 0.676471 0.405890 0.676471 0.408451 0.682353 0.408451 0.685294 0.409731 0.688235 0.409731 0.691176 0.411012 0.694118 0.412292 0.691176 0.416133 0.691176 0.417414 0.688235 0.418694 0.691176 0.418694 0.679412 0.419974 0.676471 0.421255 0.679412 0.423816 0.679412 0.421255 0.673529 0.421255 0.670588 0.419974 0.667647 0.419974 0.664706 0.417414 0.658824 0.417414 0.652941 0.418694 0.650000 0.419974 0.652941 0.421255 0.652941 0.422535 0.650000 0.423816 0.652941 0.423816 0.644118 0.425096 0.641176 0.426376 0.644118 0.425096 0.641176 0.426376 0.638235 0.427657 0.638235 0.432778 0.650000 0.434059 0.650000 0.435339 0.652941 0.434059 0.655882 0.434059 0.658824 0.435339 0.661765 0.434059 0.664706 0.434059 0.667647 0.431498 0.673529 0.430218 0.670588 0.427657 0.670588 0.428937 0.673529 0.426376 0.679412 0.427657 0.679412 0.428937 0.682353 0.430218 0.679412 0.434059 0.679412 0.435339 0.676471 0.437900 0.676471 0.444302 0.691176 0.444302 0.688235 0.443022 0.685294 0.441741 0.685294 0.437900 0.676471 0.440461 0.670588 0.441741 0.673529 0.441741 0.676471 0.441741 0.667647 0.440461 0.667647 0.436620 0.658824 0.436620 0.655882 0.435339 0.652941 0.435339 0.647059 0.434059 0.644118 0.434059 0.638235 0.432778 0.635294 0.432778 0.632353 0.431498 0.635294 0.430218 0.635294 0.428937 0.632353 0.430218 0.629412 0.428937 0.629412 0.427657 0.632353 0.426376 0.629412 0.425096 0.632353 0.425096 0.635294 0.423816 0.638235 0.422535 0.638235 0.421255 0.635294 0.419974 0.638235 0.418694 0.638235 0.417414 0.635294 0.416133 0.638235 0.414853 0.635294 0.413572 0.635294 0.412292 0.632353 0.412292 0.629412 0.413572 0.626471 0.413572 0.623529 0.412292 0.623529 0.411012 0.620588 0.411012 0.614706
1 0.974392 0.608824 0.974392 0.620588 0.975672 0.620588 0.978233 0.626471 0.978233 0.632353 0.978233 0.629412 0.979513 0.626471 0.979513 0.617647 0.978233 0.614706 0.975672 0.614706 0.974392 0.611765
1 0.536492 0.585294 0.535211 0.588235 0.535211 0.591176 0.533931 0.594118 0.533931 0.597059 0.532650 0.600000 0.533931 0.602941 0.532650 0.605882 0.532650 0.608824 0.533931 0.611765 0.533931 0.623529 0.535211 0.620588 0.537772 0.620588 0.537772 0.617647 0.536492 0.614706 0.535211 0.614706 0.533931 0.611765 0.533931 0.608824 0.536492 0.602941 0.536492 0.594118 0.537772 0.591176 0.536492 0.588235
1 0.976953 0.579412 0.974392 0.585294 0.973111 0.582353 0.973111 0.588235 0.971831 0.591176 0.970551 0.591176 0.970551 0.600000 0.966709 0.608824 0.965429 0.608824 0.964149 0.605882 0.962868 0.605882 0.961588 0.602941 0.961588 0.605882 0.960307 0.608824 0.959027 0.605882 0.957746 0.605882 0.957746 0.608824 0.956466 0.611765 0.957746 0.611765 0.960307 0.617647 0.959027 0.614706 0.960307 0.611765 0.961588 0.611765 0.962868 0.614706 0.962868 0.611765 0.964149 0.608824 0.965429 0.611765 0.966709 0.611765 0.967990 0.608824 0.967990 0.605882 0.970551 0.600000 0.971831 0.602941 0.971831 0.600000 0.973111 0.597059 0.973111 0.591176 0.974392 0.588235 0.975672 0.591176 0.975672 0.600000 0.976953 0.600000 0.978233 0.597059 0.979513 0.597059 0.978233 0.597059 0.976953 0.594118 0.978233 0.591176 0.979513 0.591176 0.980794 0.588235 0.980794 0.585294 0.982074 0.582353 0.983355 0.582353 0.982074 0.582353 0.980794 0.585294 0.979513 0.585294
1 0.918054 0.579412 0.918054 0.582353 0.916773 0.585294 0.915493 0.585294 0.916773 0.588235 0.915493 0.591176 0.914213 0.591176 0.915493 0.591176 0.918054 0.597059 0.919334 0.594118 0.920615 0.594118 0.921895 0.597059 0.921895 0.594118 0.919334 0.588235 0.920615 0.585294 0.919334 0.585294 0.918054 0.582353
1 0.432778 0.523529 0.432778 0.544118 0.434059 0.547059 0.434059 0.573529 0.435339 0.576471 0.436620 0.573529 0.437900 0.576471 0.437900 0.579412 0.439181 0.579412 0.441741 0.585294 0.443022 0.585294 0.444302 0.582353 0.444302 0.579412 0.443022 0.579412 0.441741 0.576471 0.443022 0.573529 0.443022 0.570588 0.441741 0.567647 0.441741 0.561765 0.441741 0.567647 0.439181 0.573529 0.436620 0.573529 0.434059 0.567647 0.434059 0.544118 0.432778 0.541176
1 0.367478 0.502941 0.366197 0.505882 0.367478 0.508824 0.367478 0.511765 0.366197 0.514706 0.363636 0.514706 0.361076 0.508824 0.361076 0.511765 0.359795 0.514706 0.361076 0.511765 0.363636 0.517647 0.364917 0.517647 0.366197 0.520588 0.366197 0.523529 0.367478 0.523529 0.368758 0.526471 0.366197 0.532353 0.367478 0.535294 0.368758 0.532353 0.368758 0.520588 0.367478 0.517647 0.367478 0.514706 0.370038 0.508824 0.368758 0.505882 0.368758 0.502941
1 0.349552 0.500000 0.348271 0.502941 0.348271 0.508824 0.346991 0.511765 0.346991 0.514706 0.345711 0.517647 0.343150 0.511765 0.341869 0.514706 0.340589 0.511765 0.340589 0.508824 0.339309 0.505882 0.339309 0.502941 0.339309 0.514706 0.343150 0.523529 0.344430 0.523529 0.345711 0.526471 0.345711 0.532353 0.344430 0.535294 0.343150 0.532353 0.340589 0.538235 0.340589 0.544118 0.339309 0.547059 0.338028 0.547059 0.339309 0.547059 0.340589 0.550000 0.340589 0.552941 0.338028 0.558824 0.335467 0.558824 0.334187 0.555882 0.331626 0.561765 0.331626 0.564706 0.332907 0.567647 0.331626 0.570588 0.330346 0.570588 0.330346 0.573529 0.327785 0.579412 0.327785 0.582353 0.331626 0.591176 0.334187 0.591176 0.334187 0.585294 0.335467 0.582353 0.336748 0.585294 0.336748 0.594118 0.338028 0.597059 0.339309 0.597059 0.339309 0.591176 0.344430 0.579412 0.345711 0.579412 0.346991 0.582353 0.345711 0.579412 0.343150 0.579412 0.341869 0.582353 0.339309 0.576471 0.339309 0.573529 0.338028 0.570588 0.339309 0.567647 0.339309 0.564706 0.344430 0.552941 0.345711 0.555882 0.345711 0.552941 0.346991 0.550000 0.348271 0.550000 0.349552 0.547059 0.349552 0.544118 0.350832 0.541176 0.350832 0.532353 0.353393 0.526471 0.352113 0.523529 0.350832 0.526471 0.349552 0.523529 0.349552 0.514706 0.350832 0.511765 0.350832 0.500000
1 0.564661 0.494118 0.564661 0.508824 0.563380 0.511765 0.563380 0.517647 0.564661 0.520588 0.565941 0.517647 0.567222 0.517647 0.567222 0.514706 0.568502 0.511765 0.569782 0.511765 0.568502 0.511765 0.567222 0.508824 0.567222 0.505882 0.565941 0.502941 0.565941 0.497059
1 0.793854 0.479412 0.796415 0.485294 0.796415 0.491176 0.797695 0.494118 0.795134 0.500000 0.795134 0.505882 0.796415 0.508824 0.796415 0.511765 0.796415 0.508824 0.797695 0.505882 0.798976 0.508824 0.801536 0.502941 0.802817 0.505882 0.804097 0.505882 0.805378 0.502941 0.807939 0.502941 0.806658 0.500000 0.805378 0.500000 0.804097 0.502941 0.802817 0.500000 0.802817 0.497059 0.801536 0.494118 0.801536 0.488235 0.800256 0.491176 0.797695 0.485294 0.798976 0.482353 0.797695 0.485294 0.796415 0.482353 0.795134 0.482353
1 0.000000 0.470588 0.000000 0.497059 0.001280 0.500000 0.001280 0.502941 0.002561 0.505882 0.002561 0.511765 0.003841 0.514706 0.003841 0.517647 0.005122 0.520588 0.005122 0.523529 0.006402 0.526471 0.006402 0.529412 0.007682 0.532353 0.007682 0.535294 0.008963 0.538235 0.008963 0.541176 0.010243 0.544118 0.010243 0.547059 0.011524 0.550000 0.011524 0.552941 0.012804 0.555882 0.012804 0.558824 0.014085 0.561765 0.014085 0.564706 0.015365 0.567647 0.015365 0.570588 0.016645 0.573529 0.016645 0.576471 0.017926 0.579412 0.017926 0.582353 0.019206 0.585294 0.019206 0.588235 0.020487 0.591176 0.020487 0.594118 0.023047 0.600000 0.023047 0.602941 0.024328 0.605882 0.024328 0.608824 0.025608 0.611765 0.025608 0.614706 0.026889 0.617647 0.026889 0.620588 0.028169 0.623529 0.028169 0.626471 0.029449 0.629412 0.029449 0.632353 0.030730 0.635294 0.030730 0.638235 0.032010 0.641176 0.032010 0.644118 0.033291 0.647059 0.033291 0.650000 0.035851 0.655882 0.035851 0.658824 0.037132 0.661765 0.037132 0.664706 0.038412 0.667647 0.038412 0.670588 0.039693 0.673529 0.039693 0.691176 0.038412 0.694118 0.038412 0.720588 0.037132 0.723529 0.037132 0.747059 0.035851 0.750000 0.035851 0.752941 0.035851 0.750000 0.038412 0.744118 0.038412 0.729412 0.039693 0.726471 0.039693 0.702941 0.040973 0.700000 0.040973 0.679412 0.042254 0.676471 0.042254 0.670588 0.039693 0.664706 0.039693 0.661765 0.038412 0.658824 0.038412 0.655882 0.037132 0.652941 0.037132 0.650000 0.035851 0.647059 0.035851 0.644118 0.033291 0.638235 0.033291 0.635294 0.032010 0.632353 0.032010 0.629412 0.030730 0.626471 0.030730 0.623529 0.029449 0.620588 0.029449 0.617647 0.028169 0.614706 0.028169 0.611765 0.026889 0.608824 0.026889 0.605882 0.025608 0.602941 0.025608 0.600000 0.024328 0.597059 0.024328 0.594118 0.023047 0.591176 0.023047 0.588235 0.021767 0.585294 0.021767 0.579412 0.020487 0.576471 0.020487 0.573529 0.019206 0.570588 0.019206 0.567647 0.017926 0.564706 0.017926 0.558824 0.016645 0.555882 0.016645 0.552941 0.015365 0.550000 0.015365 0.547059 0.014085 0.544118 0.014085 0.541176 0.012804 0.538235 0.012804 0.532353 0.011524 0.529412 0.011524 0.526471 0.010243 0.523529 0.010243 0.520588 0.008963 0.517647 0.008963 0.514706 0.007682 0.511765 0.007682 0.508824 0.006402 0.505882 0.006402 0.502941 0.005122 0.500000 0.005122 0.497059 0.003841 0.494118 0.003841 0.488235 0.002561 0.485294 0.002561 0.482353 0.001280 0.479412 0.001280 0.476471 0.000000 0.473529
1 0.385403 0.444118 0.385403 0.458824 0.384123 0.461765 0.382843 0.458824 0.382843 0.452941 0.381562 0.455882 0.381562 0.476471 0.382843 0.479412 0.381562 0.482353 0.382843 0.485294 0.382843 0.508824 0.384123 0.511765 0.384123 0.538235 0.385403 0.541176 0.385403 0.564706 0.384123 0.567647 0.385403 0.570588 0.385403 0.582353 0.386684 0.585294 0.386684 0.600000 0.385403 0.602941 0.384123 0.602941 0.384123 0.611765 0.385403 0.614706 0.385403 0.623529 0.385403 0.620588 0.386684 0.617647 0.386684 0.602941 0.387964 0.600000 0.387964 0.591176 0.389245 0.588235 0.389245 0.573529 0.387964 0.570588 0.387964 0.541176 0.386684 0.538235 0.386684 0.523529 0.385403 0.520588 0.385403 0.494118 0.382843 0.488235 0.384123 0.485294 0.384123 0.479412 0.382843 0.476471 0.384123 0.473529 0.385403 0.473529
1 0.444302 0.438235 0.444302 0.458824 0.443022 0.461765 0.443022 0.464706 0.444302 0.467647 0.443022 0.470588 0.443022 0.508824 0.441741 0.511765 0.441741 0.517647 0.443022 0.520588 0.443022 0.535294 0.444302 0.535294 0.444302 0.529412 0.443022 0.526471 0.443022 0.511765 0.444302 0.508824 0.444302 0.505882 0.443022 0.502941 0.443022 0.494118 0.444302 0.491176
1 0.323944 0.429412 0.323944 0.438235 0.322663 0.441176 0.322663 0.473529 0.323944 0.476471 0.320102 0.485294 0.320102 0.488235 0.318822 0.491176 0.318822 0.494118 0.320102 0.497059 0.320102 0.500000 0.321383 0.500000 0.322663 0.502941 0.322663 0.505882 0.323944 0.508824 0.322663 0.511765 0.322663 0.517647 0.323944 0.520588 0.323944 0.529412 0.322663 0.532353 0.320102 0.526471 0.320102 0.520588 0.318822 0.517647 0.318822 0.514706 0.318822 0.523529 0.320102 0.526471 0.316261 0.535294 0.314981 0.532353 0.314981 0.529412 0.316261 0.526471 0.313700 0.526471 0.312420 0.529412 0.311140 0.526471 0.311140 0.529412 0.312420 0.532353 0.311140 0.535294 0.312420 0.535294 0.313700 0.538235 0.313700 0.544118 0.312420 0.547059 0.309859 0.547059 0.311140 0.547059 0.312420 0.550000 0.311140 0.552941 0.311140 0.558824 0.309859 0.561765 0.308579 0.558824 0.306018 0.558824 0.304738 0.555882 0.303457 0.555882 0.302177 0.552941 0.300896 0.552941 0.302177 0.552941 0.303457 0.555882 0.304738 0.555882 0.306018 0.558824 0.307298 0.558824 0.308579 0.561765 0.309859 0.561765 0.312420 0.555882 0.313700 0.555882 0.314981 0.558824 0.314981 0.555882 0.316261 0.552941 0.317542 0.552941 0.317542 0.547059 0.318822 0.544118 0.317542 0.541176 0.320102 0.535294 0.321383 0.535294 0.322663 0.532353 0.323944 0.532353 0.325224 0.535294 0.325224 0.538235 0.326504 0.535294 0.327785 0.535294 0.329065 0.538235 0.329065 0.535294 0.326504 0.535294 0.325224 0.532353 0.325224 0.502941 0.323944 0.500000 0.323944 0.491176 0.325224 0.488235 0.323944 0.485294 0.323944 0.455882 0.325224 0.452941 0.323944 0.450000
1 0.142125 0.420588 0.142125 0.429412 0.143406 0.432353 0.143406 0.438235 0.142125 0.441176 0.140845 0.441176 0.140845 0.447059 0.139565 0.450000 0.139565 0.455882 0.138284 0.458824 0.138284 0.476471 0.137004 0.479412 0.137004 0.488235 0.135723 0.491176 0.135723 0.505882 0.134443 0.508824 0.134443 0.523529 0.133163 0.526471 0.133163 0.538235 0.131882 0.541176 0.131882 0.547059 0.131882 0.541176 0.133163 0.538235 0.133163 0.529412 0.134443 0.526471 0.134443 0.517647 0.135723 0.514706 0.135723 0.502941 0.137004 0.500000 0.137004 0.485294 0.138284 0.482353 0.138284 0.467647 0.140845 0.461765 0.140845 0.450000 0.142125 0.447059 0.142125 0.441176 0.143406 0.438235 0.143406 0.432353 0.142125 0.429412
1 0.546735 0.414706 0.546735 0.441176 0.548015 0.444118 0.546735 0.447059 0.546735 0.458824 0.548015 0.461765 0.548015 0.473529 0.546735 0.476471 0.545455 0.473529 0.545455 0.464706 0.544174 0.461765 0.544174 0.452941 0.542894 0.450000 0.542894 0.441176 0.542894 0.452941 0.544174 0.455882 0.544174 0.464706 0.545455 0.467647 0.545455 0.473529 0.546735 0.476471 0.546735 0.479412 0.548015 0.482353 0.548015 0.420588 0.546735 0.417647
1 0.670935 0.385294 0.670935 0.388235 0.669654 0.391176 0.669654 0.408824 0.668374 0.411765 0.668374 0.438235 0.667093 0.441176 0.667093 0.455882 0.665813 0.458824 0.665813 0.464706 0.667093 0.467647 0.667093 0.470588 0.668374 0.467647 0.669654 0.470588 0.669654 0.473529 0.668374 0.476471 0.667093 0.476471 0.668374 0.479412 0.667093 0.482353 0.667093 0.488235 0.667093 0.482353 0.668374 0.479412 0.668374 0.476471 0.669654 0.473529 0.669654 0.470588 0.667093 0.464706 0.667093 0.461765 0.668374 0.458824 0.668374 0.452941 0.669654 0.450000 0.668374 0.447059 0.668374 0.426471 0.669654 0.423529 0.668374 0.420588 0.669654 0.417647 0.669654 0.402941 0.670935 0.400000
1 0.405890 0.376471 0.405890 0.417647 0.407170 0.420588 0.407170 0.467647 0.408451 0.470588 0.408451 0.473529 0.407170 0.476471 0.407170 0.479412 0.408451 0.479412 0.409731 0.482353 0.409731 0.491176 0.411012 0.494118 0.411012 0.502941 0.412292 0.505882 0.412292 0.500000 0.413572 0.497059 0.413572 0.491176 0.412292 0.488235 0.412292 0.476471 0.411012 0.473529 0.411012 0.450000 0.409731 0.447059 0.411012 0.444118 0.411012 0.429412 0.409731 0.432353 0.408451 0.432353 0.407170 0.429412 0.408451 0.426471 0.408451 0.420588 0.407170 0.417647 0.407170 0.402941 0.405890 0.400000
1 0.144686 0.341176 0.145967 0.344118 0.144686 0.347059 0.144686 0.370588 0.143406 0.373529 0.143406 0.405882 0.144686 0.402941 0.144686 0.385294 0.145967 0.382353 0.145967 0.352941 0.147247 0.350000 0.145967 0.347059 0.145967 0.344118
1 0.838668 0.323529 0.837388 0.326471 0.837388 0.341176 0.836108 0.344118 0.836108 0.364706 0.834827 0.367647 0.834827 0.382353 0.833547 0.385294 0.833547 0.402941 0.834827 0.400000 0.834827 0.394118 0.836108 0.391176 0.836108 0.376471 0.837388 0.373529 0.837388 0.358824 0.838668 0.355882 0.838668 0.329412 0.837388 0.326471
1 0.211268 0.323529 0.211268 0.329412 0.208707 0.335294 0.209987 0.338235 0.208707 0.341176 0.208707 0.347059 0.207426 0.350000 0.208707 0.352941 0.208707 0.358824 0.207426 0.361765 0.207426 0.373529 0.208707 0.373529 0.209987 0.376471 0.208707 0.379412 0.207426 0.379412 0.208707 0.382353 0.208707 0.385294 0.207426 0.388235 0.207426 0.400000 0.206146 0.402941 0.206146 0.405882 0.207426 0.408824 0.207426 0.411765 0.206146 0.414706 0.207426 0.417647 0.207426 0.420588 0.208707 0.420588 0.209987 0.423529 0.208707 0.426471 0.207426 0.426471 0.207426 0.429412 0.208707 0.432353 0.208707 0.435294 0.207426 0.438235 0.207426 0.444118 0.208707 0.444118 0.209987 0.447059 0.209987 0.450000 0.208707 0.452941 0.207426 0.452941 0.207426 0.458824 0.208707 0.458824 0.209987 0.461765 0.207426 0.467647 0.208707 0.470588 0.208707 0.485294 0.209987 0.488235 0.209987 0.491176 0.211268 0.494118 0.211268 0.497059 0.209987 0.500000 0.208707 0.497059 0.207426 0.497059 0.207426 0.502941 0.208707 0.505882 0.208707 0.508824 0.209987 0.511765 0.209987 0.523529 0.211268 0.526471 0.211268 0.532353 0.213828 0.538235 0.213828 0.547059 0.215109 0.550000 0.213828 0.552941 0.213828 0.555882 0.215109 0.558824 0.215109 0.570588 0.213828 0.573529 0.212548 0.573529 0.211268 0.570588 0.211268 0.564706 0.209987 0.561765 0.209987 0.555882 0.208707 0.552941 0.208707 0.547059 0.207426 0.544118 0.207426 0.538235 0.206146 0.535294 0.206146 0.532353 0.204866 0.529412 0.204866 0.526471 0.203585 0.523529 0.203585 0.517647 0.202305 0.514706 0.202305 0.508824 0.201024 0.505882 0.201024 0.502941 0.199744 0.500000 0.199744 0.494118 0.198464 0.491176 0.198464 0.488235 0.198464 0.500000 0.199744 0.502941 0.199744 0.520588 0.201024 0.523529 0.201024 0.529412 0.202305 0.532353 0.202305 0.538235 0.203585 0.541176 0.203585 0.544118 0.204866 0.547059 0.204866 0.550000 0.206146 0.552941 0.206146 0.555882 0.207426 0.558824 0.207426 0.561765 0.208707 0.564706 0.208707 0.567647 0.209987 0.570588 0.209987 0.576471 0.211268 0.579412 0.211268 0.585294 0.212548 0.588235 0.212548 0.594118 0.213828 0.597059 0.213828 0.600000 0.215109 0.602941 0.215109 0.608824 0.216389 0.611765 0.216389 0.632353 0.217670 0.635294 0.217670 0.650000 0.218950 0.652941 0.218950 0.664706 0.220230 0.667647 0.220230 0.682353 0.220230 0.655882 0.218950 0.652941 0.218950 0.647059 0.217670 0.644118 0.218950 0.641176 0.218950 0.626471 0.217670 0.623529 0.217670 0.597059 0.216389 0.594118 0.216389 0.579412 0.217670 0.576471 0.217670 0.541176 0.216389 0.538235 0.216389 0.529412 0.215109 0.526471 0.215109 0.520588 0.213828 0.517647 0.213828 0.508824 0.215109 0.505882 0.215109 0.476471 0.213828 0.476471 0.212548 0.473529 0.213828 0.470588 0.213828 0.458824 0.212548 0.455882 0.213828 0.452941 0.212548 0.450000 0.212548 0.441176 0.211268 0.438235 0.211268 0.402941 0.212548 0.400000 0.212548 0.388235 0.211268 0.388235 0.209987 0.385294 0.211268 0.382353 0.212548 0.382353 0.213828 0.379412 0.212548 0.376471 0.213828 0.373529 0.211268 0.373529 0.209987 0.370588 0.211268 0.367647 0.212548 0.367647 0.212548 0.352941 0.211268 0.350000 0.211268 0.347059 0.212548 0.344118 0.211268 0.341176 0.212548 0.338235 0.212548 0.335294 0.211268 0.332353 0.212548 0.329412 0.212548 0.323529
1 0.601793 0.317647 0.601793 0.323529 0.600512 0.326471 0.600512 0.352941 0.601793 0.355882 0.600512 0.358824 0.600512 0.391176 0.601793 0.394118 0.601793 0.432353 0.603073 0.435294 0.603073 0.438235 0.601793 0.441176 0.601793 0.444118 0.603073 0.447059 0.603073 0.464706 0.601793 0.467647 0.600512 0.464706 0.600512 0.455882 0.599232 0.452941 0.599232 0.441176 0.599232 0.452941 0.600512 0.455882 0.599232 0.458824 0.599232 0.476471 0.600512 0.479412 0.600512 0.494118 0.601793 0.497059 0.601793 0.508824 0.603073 0.508824 0.603073 0.488235 0.601793 0.485294 0.603073 0.482353 0.603073 0.473529 0.601793 0.470588 0.601793 0.467647 0.603073 0.464706 0.604353 0.464706 0.604353 0.432353 0.605634 0.429412 0.605634 0.426471 0.604353 0.423529 0.604353 0.405882 0.603073 0.402941 0.603073 0.373529 0.601793 0.370588 0.603073 0.367647 0.601793 0.364706 0.601793 0.361765 0.603073 0.358824 0.601793 0.355882 0.601793 0.338235 0.603073 0.335294 0.603073 0.326471 0.601793 0.323529 0.603073 0.320588
1 0.646607 0.167647 0.644046 0.173529 0.644046 0.179412 0.642766 0.182353 0.642766 0.185294 0.641485 0.188235 0.641485 0.205882 0.640205 0.208824 0.640205 0.220588 0.638924 0.223529 0.638924 0.252941 0.637644 0.255882 0.637644 0.264706 0.636364 0.267647 0.636364 0.300000 0.635083 0.302941 0.635083 0.347059 0.633803 0.350000 0.633803 0.367647 0.632522 0.370588 0.632522 0.394118 0.631242 0.397059 0.631242 0.411765 0.629962 0.414706 0.629962 0.429412 0.628681 0.432353 0.627401 0.429412 0.627401 0.411765 0.626120 0.408824 0.626120 0.417647 0.627401 0.420588 0.627401 0.423529 0.626120 0.426471 0.626120 0.435294 0.627401 0.438235 0.626120 0.441176 0.626120 0.444118 0.627401 0.447059 0.627401 0.464706 0.626120 0.467647 0.626120 0.476471 0.624840 0.479412 0.624840 0.485294 0.623560 0.488235 0.623560 0.494118 0.622279 0.497059 0.622279 0.514706 0.620999 0.517647 0.619718 0.514706 0.615877 0.523529 0.614597 0.520588 0.613316 0.520588 0.615877 0.526471 0.617157 0.526471 0.618438 0.529412 0.615877 0.535294 0.612036 0.535294 0.610755 0.532353 0.613316 0.538235 0.612036 0.541176 0.613316 0.544118 0.613316 0.547059 0.609475 0.555882 0.613316 0.555882 0.615877 0.561765 0.615877 0.564706 0.612036 0.573529 0.614597 0.573529 0.615877 0.576471 0.615877 0.579412 0.614597 0.582353 0.612036 0.582353 0.612036 0.585294 0.613316 0.588235 0.609475 0.597059 0.605634 0.588235 0.605634 0.585294 0.605634 0.588235 0.603073 0.594118 0.601793 0.591176 0.601793 0.585294 0.601793 0.588235 0.600512 0.591176 0.599232 0.591176 0.597951 0.588235 0.599232 0.591176 0.595391 0.600000 0.594110 0.600000 0.592830 0.602941 0.591549 0.602941 0.590269 0.600000 0.590269 0.597059 0.588988 0.600000 0.587708 0.597059 0.587708 0.585294 0.588988 0.582353 0.590269 0.585294 0.590269 0.588235 0.590269 0.576471 0.588988 0.573529 0.590269 0.570588 0.591549 0.570588 0.591549 0.567647 0.592830 0.564706 0.594110 0.564706 0.595391 0.567647 0.594110 0.564706 0.594110 0.561765 0.595391 0.558824 0.595391 0.547059 0.594110 0.544118 0.594110 0.541176 0.594110 0.544118 0.595391 0.547059 0.595391 0.558824 0.594110 0.561765 0.591549 0.555882 0.592830 0.552941 0.591549 0.555882 0.590269 0.552941 0.590269 0.550000 0.591549 0.547059 0.590269 0.547059 0.588988 0.544118 0.590269 0.541176 0.588988 0.538235 0.590269 0.535294 0.591549 0.535294 0.590269 0.532353 0.588988 0.532353 0.587708 0.529412 0.587708 0.526471 0.588988 0.523529 0.587708 0.520588 0.586428 0.520588 0.583867 0.514706 0.583867 0.473529 0.585147 0.470588 0.583867 0.467647 0.585147 0.464706 0.583867 0.461765 0.585147 0.458824 0.585147 0.455882 0.583867 0.455882 0.583867 0.473529 0.582586 0.476471 0.582586 0.482353 0.583867 0.485294 0.582586 0.488235 0.582586 0.497059 0.581306 0.500000 0.581306 0.514706 0.580026 0.517647 0.580026 0.526471 0.578745 0.529412 0.577465 0.526471 0.576184 0.526471 0.574904 0.523529 0.574904 0.491176 0.573624 0.488235 0.573624 0.476471 0.574904 0.473529 0.574904 0.467647 0.576184 0.464706 0.576184 0.444118 0.576184 0.447059 0.574904 0.450000 0.573624 0.447059 0.573624 0.441176 0.574904 0.438235 0.574904 0.435294 0.573624 0.432353 0.573624 0.420588 0.574904 0.417647 0.574904 0.405882 0.576184 0.402941 0.574904 0.400000 0.574904 0.370588 0.576184 0.367647 0.574904 0.364706 0.574904 0.355882 0.576184 0.352941 0.576184 0.347059 0.574904 0.344118 0.576184 0.341176 0.576184 0.335294 0.577465 0.332353 0.577465 0.326471 0.576184 0.323529 0.577465 0.320588 0.577465 0.317647 0.576184 0.314706 0.577465 0.311765 0.577465 0.294118 0.578745 0.291176 0.578745 0.285294 0.577465 0.282353 0.578745 0.279412 0.577465 0.276471 0.577465 0.282353 0.576184 0.285294 0.576184 0.302941 0.574904 0.305882 0.574904 0.311765 0.576184 0.314706 0.576184 0.317647 0.574904 0.320588 0.573624 0.320588 0.574904 0.323529 0.573624 0.326471 0.573624 0.329412 0.574904 0.332353 0.573624 0.335294 0.573624 0.361765 0.572343 0.364706 0.572343 0.370588 0.573624 0.373529 0.572343 0.376471 0.572343 0.379412 0.573624 0.382353 0.572343 0.385294 0.572343 0.391176 0.573624 0.394118 0.572343 0.397059 0.572343 0.408824 0.571063 0.411765 0.569782 0.408824 0.569782 0.402941 0.569782 0.438235 0.571063 0.441176 0.571063 0.464706 0.572343 0.467647 0.572343 0.488235 0.573624 0.491176 0.573624 0.500000 0.574904 0.502941 0.574904 0.523529 0.576184 0.526471 0.576184 0.535294 0.578745 0.535294 0.580026 0.538235 0.580026 0.541176 0.581306 0.544118 0.580026 0.547059 0.581306 0.550000 0.580026 0.552941 0.580026 0.555882 0.580026 0.552941 0.581306 0.550000 0.582586 0.552941 0.582586 0.558824 0.580026 0.564706 0.580026 0.570588 0.581306 0.573529 0.581306 0.579412 0.580026 0.582353 0.580026 0.585294 0.577465 0.591176 0.576184 0.591176 0.574904 0.594118 0.576184 0.597059 0.577465 0.597059 0.578745 0.600000 0.578745 0.605882 0.576184 0.611765 0.574904 0.611765 0.574904 0.614706 0.576184 0.617647 0.576184 0.620588 0.581306 0.620588 0.582586 0.623529 0.580026 0.629412 0.578745 0.629412 0.587708 0.629412 0.588988 0.632353 0.588988 0.641176 0.586428 0.647059 0.583867 0.647059 0.582586 0.650000 0.582586 0.652941 0.581306 0.655882 0.581306 0.658824 0.582586 0.658824 0.583867 0.661765 0.581306 0.667647 0.578745 0.667647 0.578745 0.676471 0.577465 0.679412 0.577465 0.682353 0.578745 0.685294 0.578745 0.688235 0.577465 0.691176 0.574904 0.691176 0.577465 0.691176 0.580026 0.697059 0.580026 0.702941 0.577465 0.708824 0.578745 0.708824 0.580026 0.705882 0.581306 0.708824 0.581306 0.705882 0.582586 0.702941 0.585147 0.708824 0.585147 0.714706 0.585147 0.711765 0.586428 0.708824 0.586428 0.705882 0.587708 0.702941 0.590269 0.702941 0.591549 0.705882 0.591549 0.717647 0.591549 0.714706 0.592830 0.711765 0.592830 0.708824 0.594110 0.705882 0.595391 0.705882 0.596671 0.708824 0.596671 0.723529 0.596671 0.720588 0.597951 0.717647 0.597951 0.711765 0.599232 0.708824 0.600512 0.708824 0.603073 0.714706 0.603073 0.717647 0.604353 0.720588 0.604353 0.823529 0.604353 0.820588 0.605634 0.817647 0.604353 0.814706 0.605634 0.811765 0.605634 0.735294 0.604353 0.732353 0.606914 0.726471 0.608195 0.726471 0.612036 0.735294 0.612036 0.741176 0.610755 0.744118 0.608195 0.744118 0.610755 0.744118 0.612036 0.747059 0.610755 0.750000 0.609475 0.750000 0.612036 0.750000 0.613316 0.752941 0.612036 0.755882 0.612036 0.758824 0.617157 0.758824 0.620999 0.767647 0.615877 0.779412 0.617157 0.776471 0.619718 0.776471 0.620999 0.773529 0.622279 0.773529 0.623560 0.776471 0.620999 0.782353 0.619718 0.782353 0.624840 0.782353 0.626120 0.785294 0.624840 0.788235 0.624840 0.791176 0.623560 0.794118 0.624840 0.797059 0.623560 0.800000 0.624840 0.802941 0.623560 0.805882 0.617157 0.805882 0.619718 0.805882 0.620999 0.808824 0.622279 0.808824 0.623560 0.811765 0.623560 0.814706 0.624840 0.817647 0.624840 0.820588 0.623560 0.823529 0.624840 0.823529 0.626120 0.820588 0.627401 0.820588 0.628681 0.823529 0.629962 0.823529 0.631242 0.820588 0.632522 0.823529 0.632522 0.826471 0.628681 0.835294 0.629962 0.838235 0.628681 0.841176 0.624840 0.841176 0.622279 0.847059 0.620999 0.847059 0.619718 0.844118 0.618438 0.844118 0.615877 0.838235 0.613316 0.838235 0.612036 0.835294 0.609475 0.835294 0.608195 0.832353 0.606914 0.832353 0.605634 0.829412 0.603073 0.829412 0.601793 0.826471 0.600512 0.826471 0.599232 0.823529 0.596671 0.823529 0.595391 0.820588 0.592830 0.820588 0.591549 0.817647 0.591549 0.814706 0.588988 0.814706 0.587708 0.811765 0.586428 0.811765 0.585147 0.808824 0.582586 0.808824 0.580026 0.802941 0.577465 0.802941 0.576184 0.800000 0.574904 0.800000 0.573624 0.797059 0.572343 0.797059 0.571063 0.794118 0.569782 0.794118 0.567222 0.788235 0.564661 0.788235 0.563380 0.785294 0.562100 0.785294 0.560819 0.782353 0.558259 0.782353 0.556978 0.779412 0.555698 0.779412 0.554417 0.776471 0.553137 0.776471 0.550576 0.770588 0.549296 0.770588 0.548015 0.767647 0.546735 0.767647 0.545455 0.764706 0.544174 0.764706 0.541613 0.758824 0.540333 0.758824 0.541613 0.758824 0.544174 0.764706 0.545455 0.764706 0.546735 0.767647 0.548015 0.767647 0.550576 0.773529 0.551857 0.773529 0.553137 0.776471 0.554417 0.776471 0.555698 0.779412 0.556978 0.779412 0.558259 0.782353 0.559539 0.782353 0.560819 0.785294 0.562100 0.785294 0.564661 0.791176 0.567222 0.791176 0.569782 0.797059 0.572343 0.797059 0.573624 0.800000 0.574904 0.800000 0.576184 0.802941 0.577465 0.802941 0.578745 0.805882 0.580026 0.805882 0.581306 0.808824 0.582586 0.808824 0.583867 0.811765 0.585147 0.811765 0.586428 0.814706 0.587708 0.814706 0.588988 0.817647 0.590269 0.817647 0.591549 0.820588 0.591549 0.826471 0.591549 0.823529 0.592830 0.820588 0.594110 0.823529 0.595391 0.823529 0.596671 0.826471 0.597951 0.826471 0.599232 0.829412 0.601793 0.829412 0.603073 0.832353 0.604353 0.832353 0.605634 0.835294 0.605634 0.841176 0.605634 0.838235 0.606914 0.835294 0.608195 0.835294 0.609475 0.838235 0.612036 0.838235 0.613316 0.841176 0.614597 0.841176 0.615877 0.844118 0.618438 0.844118 0.619718 0.847059 0.623560 0.847059 0.624840 0.850000 0.626120 0.850000 0.624840 0.847059 0.624840 0.844118 0.626120 0.841176 0.628681 0.841176 0.629962 0.838235 0.629962 0.835294 0.631242 0.832353 0.632522 0.832353 0.633803 0.835294 0.635083 0.835294 0.637644 0.841176 0.638924 0.841176 0.640205 0.838235 0.640205 0.835294 0.642766 0.829412 0.644046 0.829412 0.645327 0.832353 0.646607 0.832353 0.647887 0.835294 0.647887 0.841176 0.646607 0.844118 0.646607 0.850000 0.647887 0.852941 0.647887 0.864706 0.649168 0.867647 0.649168 0.873529 0.650448 0.873529 0.651729 0.870588 0.653009 0.873529 0.653009 0.876471 0.655570 0.876471 0.656850 0.879412 0.655570 0.882353 0.655570 0.905882 0.654289 0.908824 0.655570 0.911765 0.654289 0.914706 0.654289 0.970588 0.653009 0.973529 0.653009 0.997059 0.667093 0.997059 0.668374 0.994118 0.668374 0.991176 0.669654 0.988235 0.669654 0.973529 0.668374 0.970588 0.667093 0.970588 0.665813 0.967647 0.664533 0.970588 0.663252 0.970588 0.661972 0.967647 0.661972 0.955882 0.663252 0.952941 0.661972 0.950000 0.661972 0.941176 0.663252 0.938235 0.663252 0.935294 0.664533 0.932353 0.664533 0.929412 0.665813 0.926471 0.665813 0.923529 0.667093 0.920588 0.667093 0.917647 0.668374 0.914706 0.668374 0.911765 0.669654 0.908824 0.669654 0.905882 0.670935 0.902941 0.670935 0.900000 0.672215 0.897059 0.673496 0.897059 0.674776 0.900000 0.672215 0.894118 0.673496 0.891176 0.674776 0.891176 0.673496 0.888235 0.673496 0.885294 0.674776 0.882353 0.676056 0.885294 0.677337 0.882353 0.681178 0.882353 0.682458 0.885294 0.682458 0.891176 0.682458 0.888235 0.683739 0.885294 0.690141 0.885294 0.692702 0.891176 0.691421 0.894118 0.691421 0.897059 0.690141 0.900000 0.690141 0.905882 0.688860 0.908824 0.691421 0.908824 0.692702 0.911765 0.692702 0.917647 0.691421 0.920588 0.692702 0.920588 0.695262 0.926471 0.695262 0.929412 0.700384 0.941176 0.700384 0.944118 0.702945 0.950000 0.702945 0.952941 0.702945 0.950000 0.704225 0.947059 0.702945 0.944118 0.702945 0.938235 0.704225 0.935294 0.704225 0.932353 0.705506 0.929412 0.705506 0.926471 0.706786 0.923529 0.708067 0.923529 0.708067 0.905882 0.706786 0.902941 0.705506 0.902941 0.704225 0.900000 0.704225 0.897059 0.705506 0.894118 0.713188 0.894118 0.714469 0.897059 0.718310 0.897059 0.719590 0.900000 0.728553 0.900000 0.729834 0.902941 0.732394 0.902941 0.733675 0.905882 0.737516 0.905882 0.738796 0.908824 0.741357 0.908824 0.742638 0.911765 0.745198 0.911765 0.746479 0.914706 0.750320 0.914706 0.751601 0.917647 0.755442 0.917647 0.756722 0.920588 0.760563 0.920588 0.761844 0.923529 0.763124 0.923529 0.764405 0.926471 0.766965 0.926471 0.768246 0.929412 0.770807 0.929412 0.772087 0.932353 0.774648 0.932353 0.775928 0.935294 0.777209 0.935294 0.778489 0.938235 0.779770 0.938235 0.781050 0.941176 0.782330 0.941176 0.786172 0.950000 0.786172 0.958824 0.784891 0.961765 0.784891 0.997059 0.791293 0.997059 0.791293 0.979412 0.793854 0.973529 0.796415 0.979412 0.796415 0.982353 0.797695 0.985294 0.797695 0.988235 0.800256 0.994118 0.800256 0.997059 0.809219 0.997059 0.807939 0.994118 0.807939 0.991176 0.805378 0.985294 0.805378 0.902941 0.806658 0.900000 0.806658 0.864706 0.807939 0.861765 0.807939 0.858824 0.809219 0.855882 0.809219 0.850000 0.810499 0.847059 0.813060 0.852941 0.811780 0.855882 0.814341 0.861765 0.814341 0.858824 0.813060 0.855882 0.814341 0.852941 0.813060 0.852941 0.811780 0.850000 0.811780 0.844118 0.810499 0.841176 0.811780 0.838235 0.813060 0.838235 0.816901 0.847059 0.816901 0.852941 0.818182 0.855882 0.818182 0.858824 0.819462 0.861765 0.819462 0.870588 0.820743 0.867647 0.820743 0.855882 0.822023 0.852941 0.823303 0.855882 0.823303 0.861765 0.824584 0.858824 0.824584 0.855882 0.827145 0.850000 0.834827 0.850000 0.833547 0.850000 0.832266 0.847059 0.833547 0.844118 0.837388 0.844118 0.838668 0.841176 0.855314 0.841176 0.856594 0.844118 0.870679 0.844118 0.871959 0.847059 0.883483 0.847059 0.884763 0.850000 0.893726 0.850000 0.895006 0.852941 0.902689 0.852941 0.903969 0.855882 0.905250 0.855882 0.906530 0.858824 0.906530 0.861765 0.907810 0.864706 0.907810 0.867647 0.909091 0.870588 0.909091 0.891176 0.910371 0.894118 0.910371 0.902941 0.911652 0.905882 0.911652 0.917647 0.912932 0.917647 0.912932 0.914706 0.914213 0.911765 0.914213 0.908824 0.915493 0.905882 0.915493 0.902941 0.918054 0.897059 0.919334 0.900000 0.919334 0.902941 0.918054 0.905882 0.918054 0.908824 0.916773 0.911765 0.916773 0.914706 0.915493 0.917647 0.915493 0.920588 0.914213 0.923529 0.914213 0.926471 0.912932 0.929412 0.912932 0.941176 0.914213 0.944118 0.914213 0.958824 0.915493 0.961765 0.915493 0.967647 0.918054 0.973529 0.918054 0.967647 0.919334 0.964706 0.919334 0.958824 0.920615 0.955882 0.920615 0.952941 0.921895 0.950000 0.923175 0.950000 0.923175 0.941176 0.921895 0.938235 0.921895 0.923529 0.920615 0.920588 0.920615 0.911765 0.919334 0.908824 0.919334 0.900000 0.918054 0.897059 0.918054 0.885294 0.916773 0.882353 0.916773 0.870588 0.915493 0.867647 0.915493 0.864706 0.916773 0.861765 0.919334 0.861765 0.921895 0.867647 0.921895 0.870588 0.924456 0.876471 0.924456 0.879412 0.927017 0.885294 0.927017 0.888235 0.929577 0.894118 0.929577 0.897059 0.932138 0.902941 0.932138 0.905882 0.937260 0.917647 0.937260 0.920588 0.939821 0.926471 0.939821 0.929412 0.941101 0.932353 0.941101 0.935294 0.943662 0.941176 0.943662 0.944118 0.946223 0.950000 0.946223 0.952941 0.948784 0.958824 0.948784 0.961765 0.951344 0.967647 0.951344 0.973529 0.953905 0.979412 0.953905 0.982353 0.957746 0.991176 0.957746 0.994118 0.959027 0.997059 0.966709 0.997059 0.964149 0.991176 0.964149 0.988235 0.961588 0.982353 0.961588 0.979412 0.959027 0.973529 0.959027 0.970588 0.956466 0.964706 0.956466 0.961765 0.952625 0.952941 0.952625 0.950000 0.950064 0.944118 0.950064 0.941176 0.947503 0.935294 0.947503 0.932353 0.943662 0.923529 0.943662 0.920588 0.939821 0.911765 0.939821 0.908824 0.935980 0.900000 0.935980 0.897059 0.930858 0.885294 0.930858 0.882353 0.920615 0.858824 0.920615 0.855882 0.919334 0.855882 0.915493 0.847059 0.914213 0.847059 0.912932 0.844118 0.912932 0.841176 0.911652 0.838235 0.911652 0.829412 0.910371 0.826471 0.910371 0.823529 0.909091 0.820588 0.909091 0.814706 0.907810 0.811765 0.907810 0.805882 0.906530 0.802941 0.906530 0.797059 0.905250 0.794118 0.905250 0.791176 0.903969 0.788235 0.903969 0.782353 0.902689 0.779412 0.902689 0.776471 0.901408 0.773529 0.901408 0.767647 0.900128 0.764706 0.900128 0.761765 0.897567 0.755882 0.897567 0.752941 0.896287 0.750000 0.896287 0.747059 0.895006 0.744118 0.895006 0.741176 0.893726 0.738235 0.893726 0.735294 0.892446 0.732353 0.892446 0.729412 0.889885 0.723529 0.889885 0.720588 0.888604 0.717647 0.888604 0.714706 0.884763 0.705882 0.883483 0.705882 0.882202 0.702941 0.879641 0.702941 0.878361 0.700000 0.877081 0.700000 0.875800 0.697059 0.874520 0.697059 0.873239 0.694118 0.856594 0.694118 0.855314 0.691176 0.852753 0.691176 0.851472 0.688235 0.854033 0.682353 0.855314 0.682353 0.856594 0.679412 0.857875 0.679412 0.859155 0.676471 0.860435 0.676471 0.861716 0.673529 0.862996 0.673529 0.864277 0.670588 0.865557 0.670588 0.866837 0.667647 0.868118 0.667647 0.870679 0.661765 0.868118 0.667647 0.866837 0.667647 0.865557 0.670588 0.861716 0.670588 0.859155 0.676471 0.857875 0.676471 0.855314 0.682353 0.852753 0.682353 0.850192 0.688235 0.848912 0.685294 0.848912 0.670588 0.848912 0.673529 0.847631 0.676471 0.847631 0.679412 0.846351 0.682353 0.843790 0.682353 0.842510 0.679412 0.842510 0.682353 0.841229 0.685294 0.839949 0.685294 0.837388 0.679412 0.838668 0.682353 0.838668 0.685294 0.837388 0.688235 0.836108 0.688235 0.834827 0.685294 0.834827 0.682353 0.833547 0.682353 0.832266 0.679412 0.830986 0.679412 0.829706 0.676471 0.830986 0.673529 0.832266 0.673529 0.832266 0.667647 0.833547 0.664706 0.834827 0.667647 0.834827 0.670588 0.834827 0.667647 0.837388 0.661765 0.839949 0.661765 0.841229 0.658824 0.843790 0.658824 0.845070 0.655882 0.843790 0.652941 0.842510 0.655882 0.839949 0.655882 0.838668 0.652941 0.839949 0.650000 0.838668 0.650000 0.837388 0.647059 0.838668 0.644118 0.838668 0.641176 0.839949 0.638235 0.841229 0.638235 0.839949 0.635294 0.843790 0.626471 0.843790 0.623529 0.845070 0.620588 0.845070 0.617647 0.846351 0.614706 0.847631 0.614706 0.848912 0.617647 0.848912 0.620588 0.848912 0.617647 0.852753 0.608824 0.857875 0.608824 0.860435 0.614706 0.861716 0.614706 0.862996 0.617647 0.862996 0.620588 0.861716 0.623529 0.862996 0.626471 0.861716 0.629412 0.861716 0.632353 0.859155 0.638235 0.860435 0.635294 0.861716 0.635294 0.862996 0.632353 0.864277 0.632353 0.865557 0.629412 0.866837 0.632353 0.866837 0.638235 0.868118 0.641176 0.869398 0.641176 0.869398 0.635294 0.870679 0.632353 0.874520 0.641176 0.874520 0.647059 0.875800 0.650000 0.877081 0.650000 0.877081 0.647059 0.878361 0.644118 0.878361 0.641176 0.879641 0.638235 0.880922 0.641176 0.880922 0.655882 0.882202 0.655882 0.883483 0.652941 0.886044 0.652941 0.887324 0.655882 0.888604 0.652941 0.889885 0.652941 0.892446 0.647059 0.893726 0.647059 0.896287 0.652941 0.897567 0.652941 0.900128 0.658824 0.900128 0.655882 0.895006 0.644118 0.897567 0.638235 0.898848 0.641176 0.903969 0.641176 0.905250 0.644118 0.910371 0.644118 0.909091 0.644118 0.907810 0.641176 0.905250 0.641176 0.903969 0.638235 0.902689 0.638235 0.900128 0.632353 0.900128 0.626471 0.903969 0.617647 0.905250 0.617647 0.905250 0.602941 0.903969 0.600000 0.902689 0.602941 0.901408 0.602941 0.900128 0.600000 0.901408 0.602941 0.901408 0.605882 0.902689 0.605882 0.903969 0.608824 0.903969 0.614706 0.902689 0.617647 0.895006 0.617647 0.892446 0.611765 0.892446 0.608824 0.893726 0.605882 0.893726 0.602941 0.891165 0.602941 0.889885 0.605882 0.886044 0.605882 0.884763 0.608824 0.879641 0.608824 0.874520 0.597059 0.873239 0.597059 0.871959 0.594118 0.871959 0.591176 0.873239 0.588235 0.874520 0.591176 0.880922 0.591176 0.880922 0.588235 0.878361 0.582353 0.879641 0.579412 0.880922 0.579412 0.882202 0.576471 0.880922 0.576471 0.879641 0.573529 0.877081 0.573529 0.875800 0.570588 0.875800 0.567647 0.874520 0.570588 0.873239 0.567647 0.873239 0.564706 0.871959 0.561765 0.871959 0.558824 0.873239 0.555882 0.874520 0.555882 0.875800 0.552941 0.878361 0.552941 0.879641 0.555882 0.882202 0.555882 0.883483 0.558824 0.887324 0.558824 0.888604 0.555882 0.891165 0.555882 0.892446 0.558824 0.891165 0.561765 0.889885 0.561765 0.891165 0.564706 0.893726 0.564706 0.895006 0.567647 0.893726 0.570588 0.891165 0.570588 0.892446 0.570588 0.893726 0.573529 0.891165 0.579412 0.888604 0.579412 0.887324 0.582353 0.886044 0.579412 0.884763 0.582353 0.883483 0.582353 0.883483 0.588235 0.886044 0.588235 0.887324 0.585294 0.888604 0.588235 0.888604 0.591176 0.889885 0.591176 0.889885 0.588235 0.891165 0.585294 0.893726 0.591176 0.893726 0.585294 0.895006 0.582353 0.896287 0.582353 0.897567 0.585294 0.896287 0.588235 0.896287 0.591176 0.897567 0.591176 0.898848 0.588235 0.900128 0.588235 0.902689 0.594118 0.901408 0.591176 0.901408 0.588235 0.903969 0.582353 0.906530 0.582353 0.907810 0.579412 0.909091 0.579412 0.910371 0.576471 0.911652 0.576471 0.912932 0.573529 0.915493 0.573529 0.916773 0.570588 0.918054 0.570588 0.915493 0.570588 0.914213 0.573529 0.912932 0.573529 0.910371 0.567647 0.911652 0.564706 0.914213 0.564706 0.912932 0.561765 0.912932 0.555882 0.914213 0.552941 0.925736 0.552941 0.919334 0.552941 0.915493 0.544118 0.919334 0.535294 0.918054 0.538235 0.915493 0.538235 0.914213 0.535294 0.912932 0.538235 0.910371 0.538235 0.909091 0.535294 0.909091 0.532353 0.907810 0.532353 0.905250 0.538235 0.902689 0.538235 0.901408 0.535294 0.902689 0.532353 0.902689 0.529412 0.901408 0.529412 0.900128 0.532353 0.893726 0.532353 0.891165 0.526471 0.891165 0.520588 0.889885 0.517647 0.891165 0.514706 0.892446 0.514706 0.891165 0.511765 0.892446 0.508824 0.892446 0.505882 0.889885 0.505882 0.887324 0.500000 0.889885 0.494118 0.891165 0.494118 0.892446 0.497059 0.896287 0.497059 0.897567 0.500000 0.896287 0.497059 0.895006 0.497059 0.892446 0.491176 0.893726 0.488235 0.898848 0.488235 0.897567 0.485294 0.896287 0.485294 0.895006 0.482353 0.893726 0.482353 0.892446 0.479412 0.893726 0.476471 0.896287 0.476471 0.897567 0.473529 0.905250 0.473529 0.903969 0.470588 0.905250 0.467647 0.905250 0.464706 0.906530 0.461765 0.903969 0.461765 0.902689 0.458824 0.902689 0.455882 0.905250 0.450000 0.909091 0.450000 0.906530 0.444118 0.906530 0.441176 0.909091 0.435294 0.907810 0.435294 0.906530 0.438235 0.905250 0.438235 0.903969 0.441176 0.900128 0.441176 0.897567 0.435294 0.896287 0.435294 0.895006 0.438235 0.893726 0.438235 0.892446 0.435294 0.892446 0.452941 0.891165 0.455882 0.889885 0.455882 0.888604 0.452941 0.886044 0.452941 0.884763 0.450000 0.883483 0.450000 0.884763 0.452941 0.882202 0.458824 0.879641 0.458824 0.883483 0.467647 0.882202 0.470588 0.879641 0.470588 0.878361 0.467647 0.875800 0.467647 0.874520 0.464706 0.873239 0.464706 0.873239 0.470588 0.874520 0.473529 0.874520 0.479412 0.875800 0.482353 0.875800 0.488235 0.874520 0.491176 0.871959 0.491176 0.870679 0.488235 0.871959 0.485294 0.870679 0.488235 0.869398 0.488235 0.868118 0.491176 0.866837 0.491176 0.865557 0.488235 0.868118 0.482353 0.869398 0.482353 0.870679 0.479412 0.869398 0.482353 0.868118 0.482353 0.866837 0.485294 0.865557 0.485294 0.864277 0.482353 0.864277 0.479412 0.865557 0.476471 0.865557 0.470588 0.864277 0.467647 0.862996 0.470588 0.861716 0.467647 0.861716 0.452941 0.862996 0.450000 0.861716 0.447059 0.861716 0.435294 0.862996 0.432353 0.861716 0.429412 0.861716 0.405882 0.860435 0.402941 0.861716 0.400000 0.860435 0.400000 0.859155 0.397059 0.860435 0.394118 0.859155 0.391176 0.860435 0.388235 0.859155 0.385294 0.859155 0.382353 0.860435 0.379412 0.860435 0.367647 0.859155 0.364706 0.859155 0.361765 0.857875 0.361765 0.857875 0.405882 0.856594 0.408824 0.857875 0.411765 0.857875 0.417647 0.859155 0.420588 0.857875 0.423529 0.857875 0.429412 0.859155 0.432353 0.859155 0.438235 0.857875 0.441176 0.857875 0.447059 0.859155 0.450000 0.859155 0.467647 0.856594 0.473529 0.855314 0.473529 0.854033 0.470588 0.852753 0.470588 0.851472 0.467647 0.850192 0.467647 0.847631 0.473529 0.848912 0.476471 0.848912 0.479412 0.846351 0.485294 0.846351 0.488235 0.842510 0.497059 0.841229 0.497059 0.842510 0.500000 0.841229 0.502941 0.841229 0.505882 0.836108 0.517647 0.836108 0.520588 0.833547 0.526471 0.833547 0.529412 0.832266 0.532353 0.830986 0.532353 0.832266 0.535294 0.829706 0.541176 0.829706 0.544118 0.825864 0.552941 0.820743 0.541176 0.820743 0.544118 0.819462 0.547059 0.818182 0.544118 0.815621 0.544118 0.814341 0.541176 0.814341 0.535294 0.815621 0.532353 0.815621 0.529412 0.816901 0.526471 0.816901 0.520588 0.818182 0.517647 0.818182 0.514706 0.819462 0.511765 0.819462 0.508824 0.820743 0.505882 0.823303 0.511765 0.822023 0.514706 0.823303 0.517647 0.824584 0.514706 0.827145 0.514706 0.828425 0.511765 0.829706 0.511765 0.829706 0.508824 0.830986 0.505882 0.829706 0.508824 0.828425 0.505882 0.827145 0.505882 0.825864 0.502941 0.827145 0.500000 0.828425 0.500000 0.832266 0.491176 0.830986 0.488235 0.830986 0.485294 0.827145 0.485294 0.825864 0.482353 0.828425 0.476471 0.829706 0.476471 0.830986 0.473529 0.829706 0.470588 0.830986 0.467647 0.829706 0.464706 0.827145 0.464706 0.825864 0.461765 0.827145 0.458824 0.827145 0.450000 0.828425 0.447059 0.828425 0.441176 0.829706 0.438235 0.829706 0.432353 0.830986 0.429412 0.830986 0.423529 0.830986 0.426471 0.829706 0.429412 0.829706 0.432353 0.828425 0.435294 0.828425 0.438235 0.827145 0.441176 0.827145 0.444118 0.825864 0.447059 0.825864 0.450000 0.824584 0.452941 0.824584 0.458824 0.823303 0.461765 0.823303 0.479412 0.822023 0.482353 0.818182 0.473529 0.815621 0.473529 0.822023 0.488235 0.820743 0.491176 0.820743 0.497059 0.819462 0.500000 0.819462 0.505882 0.818182 0.508824 0.818182 0.514706 0.816901 0.517647 0.816901 0.523529 0.815621 0.526471 0.815621 0.529412 0.814341 0.532353 0.814341 0.538235 0.813060 0.541176 0.813060 0.544118 0.811780 0.547059 0.811780 0.552941 0.807939 0.561765 0.806658 0.561765 0.804097 0.555882 0.804097 0.552941 0.805378 0.550000 0.806658 0.550000 0.807939 0.547059 0.809219 0.547059 0.806658 0.547059 0.805378 0.544118 0.801536 0.544118 0.800256 0.541176 0.800256 0.535294 0.801536 0.532353 0.801536 0.529412 0.800256 0.526471 0.797695 0.526471 0.793854 0.517647 0.791293 0.517647 0.790013 0.514706 0.790013 0.505882 0.791293 0.502941 0.791293 0.494118 0.792574 0.491176 0.792574 0.485294 0.792574 0.491176 0.791293 0.494118 0.791293 0.500000 0.790013 0.502941 0.787452 0.497059 0.787452 0.491176 0.787452 0.497059 0.788732 0.500000 0.788732 0.508824 0.787452 0.511765 0.786172 0.508824 0.784891 0.508824 0.783611 0.505882 0.782330 0.505882 0.781050 0.502941 0.781050 0.500000 0.779770 0.497059 0.779770 0.494118 0.778489 0.491176 0.778489 0.488235 0.779770 0.485294 0.779770 0.482353 0.777209 0.476471 0.777209 0.461765 0.778489 0.458824 0.778489 0.452941 0.777209 0.450000 0.777209 0.444118 0.775928 0.441176 0.775928 0.432353 0.777209 0.429412 0.775928 0.426471 0.775928 0.400000 0.777209 0.397059 0.777209 0.388235 0.778489 0.385294 0.777209 0.382353 0.777209 0.370588 0.779770 0.364706 0.778489 0.361765 0.779770 0.358824 0.781050 0.358824 0.778489 0.358824 0.777209 0.355882 0.777209 0.352941 0.779770 0.347059 0.779770 0.344118 0.781050 0.341176 0.779770 0.338235 0.779770 0.320588 0.781050 0.317647 0.779770 0.314706 0.779770 0.311765 0.781050 0.308824 0.781050 0.300000 0.779770 0.300000 0.779770 0.302941 0.778489 0.305882 0.778489 0.308824 0.777209 0.311765 0.777209 0.317647 0.775928 0.320588 0.775928 0.326471 0.773367 0.332353 0.774648 0.335294 0.774648 0.341176 0.773367 0.344118 0.773367 0.358824 0.774648 0.358824 0.775928 0.361765 0.774648 0.364706 0.773367 0.364706 0.773367 0.376471 0.772087 0.379412 0.772087 0.382353 0.773367 0.385294 0.773367 0.388235 0.772087 0.391176 0.772087 0.402941 0.770807 0.405882 0.770807 0.411765 0.773367 0.417647 0.772087 0.420588 0.770807 0.420588 0.770807 0.426471 0.773367 0.432353 0.772087 0.435294 0.770807 0.435294 0.770807 0.441176 0.772087 0.441176 0.773367 0.444118 0.773367 0.447059 0.770807 0.452941 0.769526 0.450000 0.769526 0.452941 0.770807 0.455882 0.770807 0.458824 0.772087 0.461765 0.772087 0.464706 0.770807 0.467647 0.770807 0.470588 0.772087 0.473529 0.772087 0.476471 0.770807 0.479412 0.772087 0.482353 0.772087 0.488235 0.770807 0.491176 0.769526 0.491176 0.768246 0.488235 0.765685 0.488235 0.764405 0.485294 0.761844 0.485294 0.763124 0.485294 0.764405 0.488235 0.766965 0.488235 0.768246 0.491176 0.769526 0.491176 0.773367 0.500000 0.772087 0.502941 0.769526 0.502941 0.769526 0.508824 0.770807 0.511765 0.770807 0.517647 0.772087 0.520588 0.772087 0.523529 0.770807 0.526471 0.772087 0.529412 0.772087 0.532353 0.770807 0.535294 0.772087 0.538235 0.772087 0.541176 0.770807 0.544118 0.769526 0.541176 0.768246 0.544118 0.765685 0.538235 0.765685 0.535294 0.766965 0.532353 0.764405 0.532353 0.761844 0.526471 0.761844 0.517647 0.760563 0.514706 0.760563 0.508824 0.759283 0.505882 0.759283 0.502941 0.758003 0.500000 0.758003 0.494118 0.758003 0.514706 0.759283 0.517647 0.759283 0.532353 0.758003 0.535294 0.752881 0.535294 0.754161 0.538235 0.754161 0.541176 0.752881 0.544118 0.751601 0.544118 0.749040 0.550000 0.747759 0.547059 0.747759 0.544118 0.749040 0.541176 0.747759 0.541176 0.746479 0.538235 0.747759 0.535294 0.747759 0.532353 0.746479 0.535294 0.745198 0.535294 0.743918 0.532353 0.743918 0.529412 0.745198 0.526471 0.743918 0.529412 0.742638 0.529412 0.741357 0.526471 0.743918 0.520588 0.743918 0.514706 0.741357 0.514706 0.740077 0.511765 0.741357 0.508824 0.742638 0.508824 0.741357 0.508824 0.740077 0.505882 0.738796 0.508824 0.737516 0.505882 0.736236 0.508824 0.734955 0.508824 0.733675 0.505882 0.736236 0.500000 0.736236 0.497059 0.734955 0.500000 0.733675 0.500000 0.732394 0.497059 0.732394 0.494118 0.733675 0.491176 0.732394 0.488235 0.733675 0.485294 0.733675 0.482353 0.738796 0.470588 0.738796 0.467647 0.733675 0.479412 0.732394 0.479412 0.728553 0.488235 0.728553 0.491176 0.727273 0.494118 0.724712 0.494118 0.723431 0.491176 0.722151 0.491176 0.723431 0.494118 0.723431 0.497059 0.724712 0.500000 0.720871 0.508824 0.720871 0.511765 0.719590 0.514706 0.717029 0.514706 0.711908 0.502941 0.713188 0.500000 0.714469 0.500000 0.714469 0.494118 0.715749 0.491176 0.714469 0.491176 0.711908 0.485294 0.709347 0.491176 0.706786 0.491176 0.705506 0.488235 0.705506 0.485294 0.708067 0.479412 0.708067 0.476471 0.706786 0.476471 0.705506 0.473529 0.705506 0.470588 0.706786 0.467647 0.708067 0.470588 0.709347 0.470588 0.709347 0.464706 0.710627 0.461765 0.710627 0.458824 0.709347 0.461765 0.708067 0.461765 0.706786 0.458824 0.706786 0.461765 0.705506 0.464706 0.704225 0.461765 0.702945 0.461765 0.700384 0.455882 0.701665 0.452941 0.702945 0.452941 0.700384 0.452941 0.699104 0.450000 0.700384 0.447059 0.700384 0.444118 0.697823 0.444118 0.696543 0.441176 0.696543 0.420588 0.697823 0.417647 0.697823 0.397059 0.699104 0.394118 0.699104 0.391176 0.697823 0.394118 0.696543 0.391176 0.696543 0.388235 0.699104 0.382353 0.699104 0.376471 0.697823 0.373529 0.697823 0.370588 0.699104 0.367647 0.699104 0.352941 0.697823 0.350000 0.697823 0.338235 0.696543 0.335294 0.695262 0.338235 0.695262 0.391176 0.693982 0.394118 0.693982 0.405882 0.695262 0.408824 0.693982 0.411765 0.693982 0.417647 0.692702 0.420588 0.692702 0.435294 0.691421 0.438235 0.691421 0.444118 0.690141 0.447059 0.687580 0.441176 0.687580 0.444118 0.688860 0.447059 0.688860 0.450000 0.691421 0.455882 0.691421 0.458824 0.688860 0.464706 0.690141 0.467647 0.690141 0.470588 0.688860 0.473529 0.687580 0.473529 0.685019 0.467647 0.686300 0.470588 0.685019 0.473529 0.682458 0.473529 0.681178 0.470588 0.681178 0.473529 0.682458 0.476471 0.683739 0.476471 0.685019 0.479412 0.686300 0.479412 0.687580 0.482353 0.686300 0.485294 0.682458 0.485294 0.681178 0.482353 0.679898 0.482353 0.678617 0.479412 0.676056 0.479412 0.674776 0.482353 0.673496 0.479412 0.673496 0.470588 0.674776 0.467647 0.674776 0.450000 0.676056 0.447059 0.676056 0.423529 0.677337 0.420588 0.677337 0.414706 0.676056 0.414706 0.676056 0.420588 0.674776 0.423529 0.674776 0.452941 0.673496 0.455882 0.673496 0.476471 0.672215 0.479412 0.673496 0.482353 0.673496 0.491176 0.673496 0.485294 0.674776 0.482353 0.676056 0.482353 0.678617 0.488235 0.677337 0.491176 0.678617 0.494118 0.678617 0.497059 0.679898 0.500000 0.679898 0.502941 0.681178 0.502941 0.682458 0.505882 0.681178 0.508824 0.679898 0.508824 0.678617 0.511765 0.678617 0.514706 0.677337 0.517647 0.676056 0.517647 0.673496 0.511765 0.672215 0.514706 0.670935 0.514706 0.673496 0.520588 0.673496 0.523529 0.672215 0.526471 0.672215 0.538235 0.670935 0.541176 0.667093 0.541176 0.665813 0.538235 0.667093 0.535294 0.665813 0.538235 0.663252 0.532353 0.663252 0.526471 0.664533 0.523529 0.665813 0.526471 0.665813 0.529412 0.665813 0.523529 0.663252 0.523529 0.661972 0.520588 0.663252 0.517647 0.660691 0.511765 0.660691 0.505882 0.659411 0.502941 0.659411 0.497059 0.660691 0.494118 0.660691 0.476471 0.661972 0.473529 0.663252 0.473529 0.661972 0.473529 0.660691 0.470588 0.661972 0.467647 0.660691 0.464706 0.660691 0.461765 0.659411 0.458824 0.659411 0.455882 0.660691 0.452941 0.660691 0.417647 0.659411 0.414706 0.659411 0.411765 0.660691 0.408824 0.660691 0.391176 0.659411 0.388235 0.661972 0.382353 0.661972 0.373529 0.663252 0.370588 0.663252 0.361765 0.661972 0.358824 0.664533 0.352941 0.664533 0.344118 0.663252 0.347059 0.661972 0.344118 0.661972 0.341176 0.664533 0.335294 0.664533 0.329412 0.663252 0.326471 0.663252 0.323529 0.664533 0.320588 0.663252 0.317647 0.664533 0.314706 0.664533 0.308824 0.665813 0.305882 0.664533 0.302941 0.664533 0.297059 0.665813 0.294118 0.665813 0.291176 0.664533 0.288235 0.663252 0.291176 0.664533 0.294118 0.661972 0.300000 0.661972 0.314706 0.660691 0.317647 0.660691 0.320588 0.661972 0.323529 0.660691 0.326471 0.660691 0.329412 0.659411 0.332353 0.659411 0.344118 0.660691 0.344118 0.661972 0.347059 0.660691 0.350000 0.658131 0.350000 0.658131 0.352941 0.659411 0.355882 0.659411 0.358824 0.658131 0.361765 0.658131 0.373529 0.656850 0.376471 0.656850 0.397059 0.658131 0.400000 0.656850 0.402941 0.656850 0.414706 0.655570 0.417647 0.655570 0.423529 0.656850 0.426471 0.656850 0.429412 0.655570 0.432353 0.655570 0.438235 0.656850 0.441176 0.656850 0.447059 0.655570 0.450000 0.655570 0.461765 0.654289 0.464706 0.653009 0.464706 0.651729 0.461765 0.653009 0.464706 0.654289 0.464706 0.655570 0.467647 0.655570 0.470588 0.656850 0.473529 0.656850 0.482353 0.655570 0.485294 0.654289 0.482353 0.653009 0.482353 0.653009 0.485294 0.654289 0.488235 0.654289 0.497059 0.655570 0.500000 0.655570 0.517647 0.653009 0.523529 0.651729 0.520588 0.651729 0.514706 0.650448 0.511765 0.650448 0.494118 0.649168 0.491176 0.649168 0.482353 0.647887 0.479412 0.647887 0.467647 0.647887 0.514706 0.649168 0.517647 0.649168 0.526471 0.650448 0.529412 0.650448 0.538235 0.651729 0.541176 0.651729 0.550000 0.653009 0.552941 0.653009 0.558824 0.654289 0.561765 0.654289 0.567647 0.653009 0.570588 0.653009 0.576471 0.651729 0.579412 0.649168 0.579412 0.647887 0.576471 0.647887 0.573529 0.647887 0.576471 0.645327 0.582353 0.644046 0.582353 0.644046 0.588235 0.642766 0.591176 0.640205 0.591176 0.637644 0.585294 0.637644 0.582353 0.636364 0.579412 0.636364 0.582353 0.635083 0.585294 0.633803 0.585294 0.632522 0.588235 0.631242 0.585294 0.631242 0.582353 0.629962 0.582353 0.627401 0.576471 0.631242 0.567647 0.632522 0.567647 0.633803 0.564706 0.635083 0.564706 0.633803 0.564706 0.632522 0.567647 0.629962 0.567647 0.628681 0.570588 0.627401 0.570588 0.626120 0.567647 0.628681 0.561765 0.629962 0.561765 0.631242 0.558824 0.632522 0.558824 0.627401 0.558824 0.626120 0.555882 0.626120 0.547059 0.631242 0.535294 0.629962 0.538235 0.628681 0.535294 0.628681 0.532353 0.628681 0.535294 0.626120 0.541176 0.624840 0.538235 0.623560 0.538235 0.622279 0.535294 0.622279 0.532353 0.623560 0.529412 0.623560 0.523529 0.624840 0.520588 0.626120 0.520588 0.626120 0.517647 0.624840 0.514706 0.624840 0.511765 0.626120 0.508824 0.626120 0.502941 0.627401 0.500000 0.627401 0.494118 0.628681 0.491176 0.628681 0.476471 0.629962 0.473529 0.629962 0.464706 0.631242 0.461765 0.631242 0.452941 0.632522 0.450000 0.632522 0.444118 0.633803 0.441176 0.633803 0.432353 0.635083 0.429412 0.635083 0.423529 0.636364 0.420588 0.636364 0.411765 0.636364 0.417647 0.635083 0.420588 0.635083 0.426471 0.633803 0.429412 0.633803 0.435294 0.632522 0.438235 0.632522 0.444118 0.631242 0.447059 0.631242 0.450000 0.629962 0.452941 0.628681 0.450000 0.628681 0.435294 0.629962 0.432353 0.629962 0.417647 0.631242 0.414706 0.631242 0.397059 0.632522 0.394118 0.632522 0.373529 0.633803 0.370588 0.633803 0.358824 0.636364 0.352941 0.636364 0.347059 0.637644 0.344118 0.637644 0.338235 0.638924 0.335294 0.637644 0.332353 0.637644 0.329412 0.638924 0.326471 0.638924 0.314706 0.640205 0.311765 0.638924 0.308824 0.640205 0.305882 0.640205 0.294118 0.641485 0.291176 0.641485 0.282353 0.642766 0.279412 0.642766 0.258824 0.644046 0.255882 0.644046 0.232353 0.645327 0.229412 0.645327 0.226471 0.646607 0.223529 0.646607 0.220588 0.645327 0.217647 0.645327 0.208824 0.646607 0.205882 0.646607 0.194118 0.647887 0.191176 0.646607 0.188235 0.646607 0.179412 0.647887 0.176471 0.647887 0.173529 0.646607 0.170588
1 0.000000 0.167647 0.000000 0.261765 0.001280 0.264706 0.001280 0.267647 0.002561 0.270588 0.002561 0.273529 0.005122 0.279412 0.005122 0.282353 0.006402 0.282353 0.007682 0.285294 0.007682 0.291176 0.008963 0.294118 0.008963 0.308824 0.010243 0.311765 0.010243 0.320588 0.011524 0.323529 0.011524 0.335294 0.012804 0.338235 0.012804 0.347059 0.014085 0.350000 0.014085 0.358824 0.015365 0.361765 0.015365 0.370588 0.016645 0.373529 0.016645 0.382353 0.017926 0.385294 0.017926 0.394118 0.019206 0.397059 0.019206 0.405882 0.020487 0.408824 0.020487 0.411765 0.019206 0.414706 0.015365 0.405882 0.015365 0.400000 0.012804 0.394118 0.012804 0.391176 0.011524 0.388235 0.011524 0.385294 0.008963 0.379412 0.008963 0.376471 0.007682 0.373529 0.007682 0.367647 0.006402 0.364706 0.006402 0.361765 0.005122 0.358824 0.005122 0.352941 0.003841 0.350000 0.003841 0.347059 0.002561 0.344118 0.002561 0.341176 0.001280 0.341176 0.002561 0.344118 0.002561 0.352941 0.003841 0.355882 0.003841 0.358824 0.005122 0.361765 0.005122 0.367647 0.006402 0.370588 0.006402 0.373529 0.007682 0.376471 0.007682 0.379412 0.008963 0.382353 0.008963 0.385294 0.010243 0.388235 0.010243 0.394118 0.011524 0.397059 0.011524 0.400000 0.012804 0.402941 0.012804 0.405882 0.014085 0.408824 0.014085 0.411765 0.015365 0.414706 0.015365 0.420588 0.016645 0.423529 0.016645 0.426471 0.017926 0.429412 0.017926 0.432353 0.019206 0.435294 0.019206 0.438235 0.020487 0.441176 0.020487 0.447059 0.021767 0.450000 0.021767 0.455882 0.023047 0.458824 0.023047 0.464706 0.024328 0.467647 0.024328 0.470588 0.028169 0.479412 0.028169 0.485294 0.029449 0.488235 0.029449 0.494118 0.030730 0.497059 0.030730 0.502941 0.032010 0.505882 0.032010 0.520588 0.033291 0.523529 0.033291 0.532353 0.034571 0.535294 0.034571 0.547059 0.035851 0.550000 0.035851 0.555882 0.037132 0.558824 0.037132 0.567647 0.038412 0.570588 0.038412 0.579412 0.039693 0.582353 0.039693 0.588235 0.040973 0.591176 0.040973 0.597059 0.042254 0.600000 0.042254 0.608824 0.043534 0.611765 0.043534 0.617647 0.044814 0.620588 0.044814 0.629412 0.046095 0.632353 0.046095 0.638235 0.047375 0.641176 0.047375 0.647059 0.048656 0.650000 0.048656 0.655882 0.049936 0.658824 0.049936 0.664706 0.051216 0.667647 0.051216 0.670588 0.052497 0.673529 0.052497 0.679412 0.053777 0.682353 0.053777 0.688235 0.055058 0.691176 0.055058 0.700000 0.056338 0.702941 0.056338 0.708824 0.057618 0.711765 0.057618 0.720588 0.058899 0.723529 0.058899 0.729412 0.060179 0.732353 0.060179 0.738235 0.061460 0.741176 0.061460 0.747059 0.062740 0.750000 0.062740 0.752941 0.064020 0.755882 0.062740 0.758824 0.062740 0.770588 0.064020 0.773529 0.064020 0.805882 0.065301 0.808824 0.064020 0.811765 0.065301 0.814706 0.065301 0.847059 0.066581 0.850000 0.066581 0.879412 0.067862 0.882353 0.067862 0.902941 0.069142 0.905882 0.069142 0.923529 0.070423 0.926471 0.070423 0.935294 0.071703 0.938235 0.071703 0.947059 0.072983 0.950000 0.072983 0.955882 0.072983 0.950000 0.071703 0.947059 0.071703 0.923529 0.070423 0.920588 0.070423 0.897059 0.069142 0.894118 0.069142 0.861765 0.067862 0.858824 0.067862 0.829412 0.066581 0.826471 0.066581 0.773529 0.065301 0.770588 0.065301 0.744118 0.064020 0.741176 0.064020 0.735294 0.062740 0.732353 0.062740 0.726471 0.061460 0.723529 0.061460 0.714706 0.060179 0.711765 0.060179 0.705882 0.058899 0.702941 0.058899 0.694118 0.057618 0.691176 0.057618 0.682353 0.056338 0.679412 0.056338 0.673529 0.055058 0.670588 0.055058 0.661765 0.053777 0.658824 0.053777 0.647059 0.052497 0.644118 0.052497 0.635294 0.051216 0.632353 0.051216 0.623529 0.049936 0.620588 0.049936 0.611765 0.048656 0.608824 0.048656 0.600000 0.047375 0.597059 0.047375 0.588235 0.046095 0.585294 0.046095 0.576471 0.044814 0.573529 0.044814 0.564706 0.043534 0.561765 0.043534 0.555882 0.042254 0.552941 0.042254 0.547059 0.040973 0.544118 0.040973 0.535294 0.039693 0.532353 0.039693 0.529412 0.038412 0.526471 0.038412 0.520588 0.037132 0.517647 0.037132 0.511765 0.035851 0.508824 0.035851 0.502941 0.034571 0.500000 0.034571 0.494118 0.033291 0.491176 0.033291 0.488235 0.032010 0.485294 0.032010 0.482353 0.030730 0.479412 0.030730 0.473529 0.029449 0.470588 0.030730 0.467647 0.029449 0.464706 0.029449 0.455882 0.028169 0.452941 0.028169 0.450000 0.026889 0.447059 0.026889 0.441176 0.024328 0.435294 0.024328 0.429412 0.023047 0.426471 0.023047 0.417647 0.021767 0.414706 0.021767 0.408824 0.020487 0.405882 0.020487 0.394118 0.019206 0.391176 0.019206 0.385294 0.017926 0.382353 0.017926 0.373529 0.016645 0.370588 0.016645 0.361765 0.015365 0.358824 0.015365 0.350000 0.014085 0.347059 0.014085 0.338235 0.012804 0.335294 0.012804 0.326471 0.011524 0.323529 0.011524 0.314706 0.010243 0.311765 0.010243 0.294118 0.008963 0.291176 0.008963 0.282353 0.007682 0.279412 0.007682 0.270588 0.006402 0.267647 0.006402 0.247059 0.005122 0.244118 0.005122 0.241176 0.006402 0.238235 0.006402 0.235294 0.005122 0.232353 0.005122 0.217647 0.003841 0.214706 0.003841 0.197059 0.002561 0.194118 0.002561 0.188235 0.001280 0.185294 0.001280 0.179412 0.000000 0.176471
1 0.482714 0.050000 0.481434 0.052941 0.481434 0.058824 0.480154 0.061765 0.480154 0.076471 0.477593 0.082353 0.477593 0.097059 0.475032 0.102941 0.475032 0.105882 0.476312 0.108824 0.476312 0.111765 0.477593 0.114706 0.477593 0.120588 0.476312 0.123529 0.476312 0.150000 0.477593 0.150000 0.478873 0.152941 0.478873 0.155882 0.477593 0.158824 0.475032 0.158824 0.473752 0.155882 0.473752 0.150000 0.472471 0.152941 0.472471 0.155882 0.471191 0.158824 0.471191 0.170588 0.469910 0.173529 0.469910 0.179412 0.468630 0.182353 0.468630 0.194118 0.466069 0.200000 0.466069 0.202941 0.467350 0.205882 0.467350 0.208824 0.468630 0.211765 0.468630 0.223529 0.467350 0.226471 0.467350 0.241176 0.469910 0.247059 0.469910 0.250000 0.468630 0.252941 0.467350 0.252941 0.467350 0.261765 0.469910 0.267647 0.469910 0.273529 0.468630 0.276471 0.468630 0.288235 0.467350 0.291176 0.467350 0.297059 0.469910 0.302941 0.469910 0.311765 0.468630 0.314706 0.468630 0.317647 0.467350 0.320588 0.469910 0.326471 0.469910 0.332353 0.468630 0.335294 0.467350 0.332353 0.468630 0.335294 0.468630 0.344118 0.471191 0.350000 0.471191 0.355882 0.469910 0.358824 0.469910 0.367647 0.471191 0.370588 0.471191 0.376471 0.469910 0.379412 0.469910 0.388235 0.471191 0.391176 0.471191 0.402941 0.469910 0.405882 0.468630 0.402941 0.468630 0.397059 0.467350 0.394118 0.467350 0.388235 0.466069 0.385294 0.466069 0.379412 0.464789 0.376471 0.464789 0.370588 0.463508 0.367647 0.463508 0.364706 0.463508 0.370588 0.464789 0.373529 0.464789 0.391176 0.466069 0.394118 0.466069 0.408824 0.467350 0.411765 0.467350 0.432353 0.468630 0.435294 0.468630 0.452941 0.469910 0.455882 0.469910 0.467647 0.471191 0.470588 0.471191 0.479412 0.472471 0.482353 0.472471 0.488235 0.473752 0.491176 0.473752 0.497059 0.475032 0.500000 0.475032 0.505882 0.473752 0.508824 0.475032 0.511765 0.475032 0.517647 0.476312 0.520588 0.475032 0.523529 0.472471 0.523529 0.472471 0.535294 0.471191 0.538235 0.469910 0.535294 0.469910 0.529412 0.468630 0.526471 0.468630 0.520588 0.467350 0.517647 0.467350 0.511765 0.466069 0.508824 0.466069 0.502941 0.464789 0.500000 0.464789 0.494118 0.463508 0.491176 0.463508 0.482353 0.462228 0.479412 0.462228 0.470588 0.460948 0.467647 0.460948 0.461765 0.459667 0.458824 0.459667 0.455882 0.458387 0.452941 0.458387 0.447059 0.458387 0.455882 0.459667 0.458824 0.459667 0.476471 0.460948 0.479412 0.460948 0.494118 0.462228 0.497059 0.462228 0.523529 0.463508 0.526471 0.463508 0.544118 0.464789 0.547059 0.464789 0.555882 0.466069 0.558824 0.466069 0.564706 0.467350 0.567647 0.467350 0.573529 0.468630 0.576471 0.468630 0.582353 0.469910 0.585294 0.469910 0.591176 0.471191 0.594118 0.471191 0.600000 0.472471 0.602941 0.472471 0.608824 0.473752 0.611765 0.473752 0.620588 0.475032 0.623529 0.475032 0.632353 0.473752 0.635294 0.471191 0.635294 0.468630 0.629412 0.468630 0.620588 0.468630 0.635294 0.469910 0.638235 0.469910 0.650000 0.471191 0.652941 0.471191 0.667647 0.469910 0.670588 0.469910 0.676471 0.471191 0.679412 0.471191 0.682353 0.472471 0.679412 0.473752 0.682353 0.473752 0.694118 0.475032 0.697059 0.475032 0.700000 0.473752 0.702941 0.472471 0.700000 0.472471 0.702941 0.473752 0.705882 0.473752 0.726471 0.472471 0.729412 0.472471 0.732353 0.473752 0.732353 0.475032 0.735294 0.473752 0.738235 0.473752 0.741176 0.473752 0.738235 0.475032 0.735294 0.475032 0.729412 0.476312 0.726471 0.477593 0.726471 0.478873 0.729412 0.478873 0.782353 0.477593 0.785294 0.477593 0.791176 0.478873 0.788235 0.478873 0.773529 0.480154 0.770588 0.480154 0.764706 0.481434 0.761765 0.481434 0.747059 0.480154 0.744118 0.480154 0.738235 0.482714 0.732353 0.482714 0.723529 0.481434 0.726471 0.480154 0.723529 0.480154 0.720588 0.481434 0.717647 0.481434 0.714706 0.480154 0.711765 0.480154 0.700000 0.478873 0.697059 0.478873 0.691176 0.477593 0.688235 0.477593 0.679412 0.477593 0.691176 0.476312 0.694118 0.475032 0.691176 0.475032 0.667647 0.472471 0.661765 0.472471 0.652941 0.471191 0.650000 0.471191 0.641176 0.469910 0.638235 0.471191 0.635294 0.473752 0.635294 0.476312 0.641176 0.476312 0.650000 0.477593 0.652941 0.477593 0.664706 0.478873 0.667647 0.478873 0.670588 0.480154 0.673529 0.480154 0.676471 0.481434 0.679412 0.481434 0.682353 0.482714 0.685294 0.481434 0.682353 0.482714 0.679412 0.480154 0.673529 0.480154 0.664706 0.478873 0.661765 0.483995 0.650000 0.485275 0.652941 0.485275 0.661765 0.483995 0.664706 0.485275 0.667647 0.485275 0.700000 0.489117 0.700000 0.489117 0.652941 0.490397 0.650000 0.491677 0.652941 0.491677 0.650000 0.490397 0.650000 0.489117 0.647059 0.489117 0.617647 0.490397 0.614706 0.491677 0.617647 0.491677 0.626471 0.491677 0.623529 0.492958 0.620588 0.494238 0.620588 0.495519 0.617647 0.496799 0.617647 0.496799 0.614706 0.495519 0.611765 0.496799 0.608824 0.498079 0.608824 0.496799 0.605882 0.494238 0.605882 0.494238 0.611765 0.492958 0.614706 0.491677 0.611765 0.489117 0.617647 0.487836 0.614706 0.487836 0.532353 0.489117 0.529412 0.489117 0.511765 0.487836 0.508824 0.487836 0.502941 0.489117 0.500000 0.489117 0.494118 0.487836 0.491176 0.487836 0.473529 0.486556 0.470588 0.486556 0.452941 0.487836 0.450000 0.489117 0.450000 0.489117 0.441176 0.490397 0.438235 0.489117 0.435294 0.489117 0.420588 0.487836 0.417647 0.487836 0.400000 0.489117 0.397059 0.489117 0.361765 0.490397 0.358824 0.490397 0.344118 0.489117 0.341176 0.489117 0.338235 0.487836 0.338235 0.486556 0.335294 0.486556 0.329412 0.487836 0.326471 0.487836 0.323529 0.486556 0.320588 0.486556 0.317647 0.487836 0.314706 0.487836 0.297059 0.486556 0.294118 0.486556 0.291176 0.485275 0.288235 0.485275 0.285294 0.483995 0.282353 0.485275 0.279412 0.485275 0.273529 0.483995 0.270588 0.485275 0.267647 0.485275 0.258824 0.483995 0.255882 0.483995 0.223529 0.482714 0.220588 0.482714 0.214706 0.483995 0.211765 0.483995 0.205882 0.482714 0.202941 0.482714 0.191176 0.483995 0.188235 0.483995 0.185294 0.482714 0.182353 0.482714 0.164706 0.483995 0.161765 0.483995 0.152941 0.486556 0.147059 0.485275 0.144118 0.483995 0.144118 0.482714 0.147059 0.481434 0.144118 0.481434 0.141176 0.482714 0.138235 0.482714 0.132353 0.483995 0.129412 0.483995 0.123529 0.485275 0.120588 0.485275 0.117647 0.483995 0.114706 0.483995 0.070588 0.485275 0.067647 0.485275 0.061765 0.482714 0.055882 0.483995 0.052941 0.483995 0.050000
1 0.277849 0.029412 0.276569 0.032353 0.276569 0.035294 0.275288 0.038235 0.275288 0.055882 0.274008 0.058824 0.274008 0.064706 0.272727 0.067647 0.272727 0.085294 0.270166 0.091176 0.270166 0.100000 0.271447 0.102941 0.271447 0.105882 0.272727 0.108824 0.272727 0.114706 0.274008 0.117647 0.274008 0.123529 0.272727 0.126471 0.272727 0.150000 0.274008 0.152941 0.275288 0.152941 0.276569 0.155882 0.276569 0.158824 0.277849 0.161765 0.277849 0.164706 0.276569 0.167647 0.275288 0.167647 0.272727 0.161765 0.272727 0.173529 0.275288 0.179412 0.275288 0.182353 0.276569 0.185294 0.275288 0.188235 0.275288 0.211765 0.274008 0.214706 0.274008 0.220588 0.275288 0.223529 0.275288 0.226471 0.277849 0.232353 0.277849 0.244118 0.276569 0.247059 0.276569 0.255882 0.277849 0.258824 0.277849 0.261765 0.279129 0.264706 0.279129 0.270588 0.277849 0.273529 0.276569 0.270588 0.276569 0.282353 0.277849 0.285294 0.277849 0.288235 0.279129 0.291176 0.280410 0.291176 0.281690 0.294118 0.281690 0.300000 0.280410 0.302941 0.280410 0.320588 0.281690 0.323529 0.281690 0.329412 0.280410 0.332353 0.280410 0.341176 0.281690 0.344118 0.281690 0.358824 0.282971 0.361765 0.281690 0.364706 0.281690 0.373529 0.282971 0.376471 0.282971 0.388235 0.284251 0.391176 0.284251 0.408824 0.282971 0.411765 0.282971 0.414706 0.284251 0.417647 0.284251 0.420588 0.286812 0.426471 0.289373 0.426471 0.290653 0.429412 0.290653 0.432353 0.289373 0.435294 0.288092 0.435294 0.286812 0.438235 0.285531 0.438235 0.285531 0.450000 0.286812 0.452941 0.286812 0.458824 0.290653 0.467647 0.290653 0.476471 0.289373 0.479412 0.289373 0.488235 0.290653 0.491176 0.290653 0.497059 0.289373 0.500000 0.289373 0.508824 0.290653 0.511765 0.289373 0.514706 0.290653 0.514706 0.293214 0.520588 0.293214 0.523529 0.291933 0.526471 0.290653 0.526471 0.288092 0.520588 0.285531 0.520588 0.284251 0.523529 0.282971 0.520588 0.282971 0.514706 0.281690 0.511765 0.281690 0.508824 0.280410 0.505882 0.280410 0.500000 0.279129 0.497059 0.279129 0.491176 0.277849 0.488235 0.277849 0.482353 0.276569 0.479412 0.276569 0.473529 0.275288 0.470588 0.275288 0.464706 0.274008 0.461765 0.274008 0.455882 0.272727 0.452941 0.272727 0.447059 0.271447 0.444118 0.271447 0.441176 0.270166 0.438235 0.270166 0.432353 0.268886 0.429412 0.268886 0.426471 0.267606 0.423529 0.267606 0.420588 0.266325 0.417647 0.266325 0.414706 0.265045 0.411765 0.265045 0.408824 0.263764 0.405882 0.265045 0.408824 0.265045 0.411765 0.266325 0.414706 0.266325 0.417647 0.267606 0.420588 0.267606 0.429412 0.268886 0.432353 0.268886 0.438235 0.270166 0.441176 0.270166 0.452941 0.271447 0.455882 0.271447 0.464706 0.272727 0.467647 0.272727 0.476471 0.274008 0.479412 0.274008 0.505882 0.275288 0.508824 0.275288 0.529412 0.276569 0.532353 0.276569 0.550000 0.277849 0.552941 0.277849 0.564706 0.279129 0.567647 0.279129 0.573529 0.280410 0.576471 0.280410 0.582353 0.281690 0.585294 0.281690 0.591176 0.282971 0.594118 0.282971 0.600000 0.284251 0.602941 0.284251 0.608824 0.285531 0.611765 0.285531 0.614706 0.286812 0.617647 0.286812 0.623529 0.288092 0.626471 0.288092 0.632353 0.289373 0.635294 0.289373 0.641176 0.290653 0.644118 0.290653 0.650000 0.291933 0.652941 0.291933 0.655882 0.293214 0.658824 0.293214 0.661765 0.294494 0.664706 0.294494 0.667647 0.295775 0.667647 0.295775 0.661765 0.297055 0.658824 0.297055 0.652941 0.298335 0.650000 0.298335 0.620588 0.299616 0.617647 0.299616 0.602941 0.298335 0.600000 0.298335 0.597059 0.297055 0.594118 0.298335 0.591176 0.298335 0.588235 0.297055 0.585294 0.298335 0.582353 0.298335 0.579412 0.297055 0.576471 0.297055 0.550000 0.295775 0.547059 0.295775 0.526471 0.297055 0.523529 0.298335 0.523529 0.299616 0.520588 0.299616 0.508824 0.300896 0.505882 0.302177 0.508824 0.302177 0.502941 0.300896 0.502941 0.299616 0.505882 0.298335 0.502941 0.298335 0.497059 0.299616 0.494118 0.299616 0.488235 0.300896 0.485294 0.302177 0.485294 0.303457 0.482353 0.302177 0.482353 0.300896 0.479412 0.300896 0.476471 0.298335 0.470588 0.298335 0.464706 0.297055 0.461765 0.297055 0.458824 0.298335 0.455882 0.298335 0.441176 0.297055 0.438235 0.297055 0.435294 0.298335 0.432353 0.298335 0.385294 0.295775 0.385294 0.294494 0.382353 0.294494 0.347059 0.295775 0.344118 0.295775 0.332353 0.294494 0.329412 0.293214 0.329412 0.289373 0.320588 0.290653 0.317647 0.290653 0.314706 0.289373 0.311765 0.290653 0.308824 0.289373 0.305882 0.289373 0.297059 0.290653 0.294118 0.290653 0.285294 0.289373 0.282353 0.289373 0.279412 0.288092 0.276471 0.288092 0.267647 0.286812 0.264706 0.286812 0.258824 0.288092 0.255882 0.288092 0.247059 0.286812 0.244118 0.286812 0.235294 0.285531 0.232353 0.286812 0.229412 0.286812 0.220588 0.285531 0.220588 0.284251 0.217647 0.284251 0.208824 0.285531 0.205882 0.285531 0.197059 0.284251 0.194118 0.284251 0.170588 0.282971 0.167647 0.282971 0.155882 0.284251 0.152941 0.284251 0.147059 0.281690 0.141176 0.281690 0.129412 0.282971 0.126471 0.282971 0.100000 0.284251 0.097059 0.284251 0.091176 0.282971 0.088235 0.282971 0.044118 0.281690 0.041176 0.281690 0.038235 0.280410 0.035294 0.280410 0.029412
2 0.375160 0.967647 0.375160 0.970588 0.373880 0.973529 0.373880 0.976471 0.372599 0.979412 0.372599 0.982353 0.371319 0.985294 0.371319 0.988235 0.370038 0.991176 0.370038 0.997059 0.373880 0.997059 0.375160 0.994118 0.375160 0.982353 0.373880 0.979412 0.373880 0.973529 0.375160 0.970588
2 0.048656 0.967647 0.048656 0.997059 0.051216 0.991176 0.053777 0.991176 0.055058 0.994118 0.053777 0.997059 0.057618 0.997059 0.056338 0.994118 0.056338 0.991176 0.052497 0.982353 0.052497 0.979412 0.048656 0.970588
2 0.386684 0.941176 0.386684 0.944118 0.387964 0.947059 0.387964 0.967647 0.386684 0.970588 0.385403 0.967647 0.385403 0.964706 0.384123 0.961765 0.384123 0.955882 0.384123 0.961765 0.382843 0.964706 0.382843 0.967647 0.384123 0.970588 0.381562 0.976471 0.381562 0.991176 0.382843 0.991176 0.382843 0.988235 0.381562 0.985294 0.384123 0.979412 0.385403 0.982353 0.385403 0.988235 0.386684 0.991176 0.386684 0.997059 0.398207 0.997059 0.396927 0.994118 0.396927 0.979412 0.395647 0.976471 0.395647 0.967647 0.395647 0.976471 0.394366 0.979412 0.393086 0.976471 0.393086 0.970588 0.393086 0.976471 0.391805 0.979412 0.390525 0.976471 0.390525 0.967647 0.391805 0.964706 0.390525 0.961765 0.390525 0.958824 0.389245 0.958824 0.387964 0.955882 0.387964 0.947059 0.386684 0.944118
2 0.230474 0.888235 0.230474 0.961765 0.231754 0.961765 0.231754 0.955882 0.230474 0.952941 0.231754 0.950000 0.231754 0.926471 0.233035 0.923529 0.234315 0.926471 0.234315 0.944118 0.235595 0.944118 0.235595 0.941176 0.234315 0.938235 0.234315 0.900000 0.235595 0.897059 0.236876 0.900000 0.236876 0.905882 0.238156 0.902941 0.239437 0.905882 0.239437 0.908824 0.238156 0.911765 0.238156 0.914706 0.239437 0.914706 0.240717 0.917647 0.239437 0.920588 0.240717 0.923529 0.240717 0.926471 0.241997 0.929412 0.241997 0.938235 0.243278 0.938235 0.243278 0.932353 0.241997 0.929412 0.241997 0.923529 0.240717 0.920588 0.240717 0.914706 0.239437 0.911765 0.239437 0.905882 0.238156 0.902941 0.238156 0.900000 0.236876 0.897059 0.235595 0.897059 0.234315 0.894118 0.235595 0.891176 0.236876 0.891176 0.233035 0.891176 0.233035 0.920588 0.231754 0.923529 0.230474 0.920588
2 0.677337 0.885294 0.676056 0.888235 0.676056 0.902941 0.677337 0.905882 0.677337 0.911765 0.678617 0.914706 0.678617 0.920588 0.677337 0.923529 0.676056 0.920588 0.676056 0.944118 0.677337 0.947059 0.677337 0.952941 0.676056 0.955882 0.676056 0.961765 0.674776 0.964706 0.673496 0.961765 0.673496 0.900000 0.672215 0.900000 0.672215 0.902941 0.670935 0.905882 0.670935 0.908824 0.669654 0.911765 0.669654 0.914706 0.668374 0.917647 0.668374 0.920588 0.667093 0.923529 0.667093 0.926471 0.665813 0.929412 0.665813 0.935294 0.664533 0.938235 0.665813 0.935294 0.667093 0.938235 0.667093 0.941176 0.665813 0.944118 0.667093 0.944118 0.668374 0.947059 0.668374 0.950000 0.667093 0.952941 0.664533 0.952941 0.664533 0.955882 0.663252 0.958824 0.663252 0.967647 0.664533 0.967647 0.665813 0.964706 0.667093 0.967647 0.669654 0.967647 0.670935 0.970588 0.670935 0.988235 0.669654 0.991176 0.669654 0.994118 0.668374 0.997059 0.673496 0.997059 0.674776 0.994118 0.676056 0.997059 0.676056 0.979412 0.677337 0.976471 0.678617 0.979412 0.678617 0.994118 0.679898 0.997059 0.682458 0.997059 0.682458 0.988235 0.683739 0.985294 0.685019 0.988235 0.685019 0.997059 0.692702 0.997059 0.691421 0.994118 0.691421 0.991176 0.690141 0.988235 0.690141 0.976471 0.691421 0.973529 0.691421 0.964706 0.692702 0.961765 0.693982 0.964706 0.693982 0.976471 0.695262 0.979412 0.695262 0.991176 0.696543 0.994118 0.696543 0.997059 0.700384 0.997059 0.699104 0.994118 0.699104 0.988235 0.697823 0.988235 0.696543 0.991176 0.695262 0.988235 0.695262 0.985294 0.696543 0.982353 0.696543 0.976471 0.697823 0.973529 0.700384 0.979412 0.701665 0.979412 0.701665 0.970588 0.702945 0.967647 0.704225 0.970588 0.704225 0.985294 0.702945 0.988235 0.702945 0.997059 0.733675 0.997059 0.733675 0.994118 0.732394 0.991176 0.732394 0.985294 0.734955 0.979412 0.736236 0.979412 0.737516 0.982353 0.736236 0.985294 0.737516 0.985294 0.738796 0.988235 0.738796 0.997059 0.740077 0.997059 0.741357 0.994118 0.742638 0.997059 0.745198 0.997059 0.746479 0.994118 0.747759 0.994118 0.749040 0.997059 0.765685 0.997059 0.765685 0.979412 0.766965 0.976471 0.768246 0.979412 0.768246 0.997059 0.770807 0.997059 0.770807 0.985294 0.772087 0.982353 0.773367 0.985294 0.773367 0.997059 0.783611 0.997059 0.783611 0.985294 0.783611 0.991176 0.782330 0.994118 0.779770 0.988235 0.778489 0.988235 0.777209 0.985294 0.777209 0.976471 0.775928 0.973529 0.775928 0.967647 0.777209 0.964706 0.777209 0.958824 0.778489 0.955882 0.778489 0.952941 0.779770 0.950000 0.779770 0.947059 0.781050 0.944118 0.779770 0.941176 0.775928 0.941176 0.775928 0.955882 0.774648 0.958824 0.773367 0.955882 0.773367 0.950000 0.772087 0.947059 0.772087 0.938235 0.773367 0.935294 0.772087 0.935294 0.770807 0.932353 0.768246 0.932353 0.766965 0.929412 0.766965 0.941176 0.768246 0.938235 0.769526 0.941176 0.769526 0.967647 0.768246 0.970588 0.768246 0.973529 0.766965 0.976471 0.763124 0.967647 0.763124 0.964706 0.761844 0.961765 0.761844 0.932353 0.760563 0.929412 0.760563 0.923529 0.756722 0.923529 0.755442 0.920588 0.751601 0.920588 0.750320 0.917647 0.746479 0.917647 0.745198 0.914706 0.742638 0.914706 0.741357 0.911765 0.738796 0.911765 0.737516 0.908824 0.733675 0.908824 0.732394 0.905882 0.729834 0.905882 0.728553 0.902941 0.719590 0.902941 0.718310 0.900000 0.714469 0.900000 0.713188 0.897059 0.710627 0.897059 0.710627 0.900000 0.709347 0.902941 0.708067 0.900000 0.708067 0.897059 0.705506 0.897059 0.705506 0.900000 0.706786 0.900000 0.709347 0.905882 0.709347 0.923529 0.708067 0.926471 0.706786 0.926471 0.706786 0.929412 0.705506 0.932353 0.705506 0.935294 0.704225 0.938235 0.704225 0.944118 0.705506 0.947059 0.704225 0.950000 0.704225 0.952941 0.705506 0.955882 0.704225 0.958824 0.702945 0.958824 0.702945 0.964706 0.701665 0.967647 0.699104 0.961765 0.700384 0.958824 0.700384 0.947059 0.699104 0.944118 0.699104 0.941176 0.693982 0.929412 0.693982 0.926471 0.692702 0.923529 0.691421 0.923529 0.690141 0.920588 0.691421 0.917647 0.691421 0.911765 0.688860 0.911765 0.687580 0.908824 0.688860 0.905882 0.688860 0.900000 0.690141 0.897059 0.690141 0.894118 0.691421 0.891176 0.690141 0.888235 0.685019 0.888235 0.685019 0.897059 0.683739 0.900000 0.683739 0.902941 0.682458 0.905882 0.682458 0.914706 0.685019 0.920588 0.683739 0.923529 0.682458 0.923529 0.682458 0.926471 0.681178 0.929412 0.679898 0.926471 0.679898 0.923529 0.678617 0.920588 0.678617 0.885294
2 0.194622 0.879412 0.194622 0.882353 0.193342 0.885294 0.193342 0.888235 0.194622 0.891176 0.194622 0.944118 0.195903 0.947059 0.195903 0.950000 0.197183 0.952941 0.197183 0.955882 0.198464 0.958824 0.198464 0.905882 0.199744 0.902941 0.202305 0.908824 0.201024 0.911765 0.201024 0.920588 0.202305 0.923529 0.202305 0.952941 0.203585 0.955882 0.203585 0.958824 0.204866 0.961765 0.202305 0.967647 0.202305 0.976471 0.201024 0.979412 0.201024 0.985294 0.199744 0.988235 0.199744 0.991176 0.198464 0.994118 0.197183 0.991176 0.197183 0.988235 0.195903 0.985294 0.195903 0.979412 0.194622 0.976471 0.194622 0.973529 0.193342 0.970588 0.193342 0.964706 0.192061 0.961765 0.192061 0.958824 0.190781 0.955882 0.190781 0.950000 0.189501 0.947059 0.189501 0.944118 0.188220 0.941176 0.188220 0.935294 0.188220 0.944118 0.189501 0.947059 0.189501 0.961765 0.190781 0.964706 0.190781 0.982353 0.192061 0.985294 0.192061 0.997059 0.202305 0.997059 0.203585 0.994118 0.204866 0.997059 0.224072 0.997059 0.226633 0.991176 0.226633 0.988235 0.225352 0.985294 0.226633 0.982353 0.226633 0.900000 0.227913 0.897059 0.227913 0.885294 0.218950 0.885294 0.217670 0.882353 0.212548 0.882353 0.211268 0.885294 0.209987 0.882353 0.209987 0.885294 0.211268 0.888235 0.211268 0.897059 0.207426 0.905882 0.206146 0.902941 0.206146 0.900000 0.204866 0.897059 0.204866 0.891176 0.203585 0.891176 0.202305 0.888235 0.203585 0.885294 0.204866 0.885294 0.206146 0.882353 0.207426 0.885294 0.207426 0.888235 0.208707 0.891176 0.208707 0.894118 0.208707 0.891176 0.207426 0.888235 0.207426 0.879412 0.203585 0.879412 0.202305 0.882353 0.202305 0.885294 0.201024 0.888235 0.199744 0.885294 0.199744 0.879412
2 0.786172 0.855882 0.784891 0.858824 0.786172 0.861765 0.786172 0.867647 0.784891 0.870588 0.782330 0.870588 0.782330 0.894118 0.781050 0.897059 0.781050 0.908824 0.782330 0.911765 0.783611 0.911765 0.784891 0.908824 0.784891 0.905882 0.783611 0.902941 0.783611 0.900000 0.784891 0.897059 0.786172 0.900000 0.786172 0.888235 0.784891 0.885294 0.784891 0.870588 0.786172 0.867647
2 0.807939 0.844118 0.807939 0.855882 0.809219 0.858824 0.809219 0.861765 0.807939 0.864706 0.807939 0.867647 0.809219 0.870588 0.809219 0.876471 0.810499 0.879412 0.810499 0.885294 0.809219 0.888235 0.807939 0.885294 0.807939 0.891176 0.810499 0.885294 0.811780 0.888235 0.811780 0.891176 0.813060 0.894118 0.813060 0.900000 0.814341 0.902941 0.814341 0.905882 0.815621 0.908824 0.815621 0.914706 0.814341 0.917647 0.813060 0.914706 0.813060 0.911765 0.811780 0.908824 0.811780 0.905882 0.809219 0.900000 0.809219 0.902941 0.806658 0.908824 0.807939 0.911765 0.807939 0.923529 0.806658 0.926471 0.806658 0.938235 0.807939 0.935294 0.809219 0.938235 0.810499 0.935294 0.811780 0.938235 0.811780 0.944118 0.813060 0.947059 0.813060 0.961765 0.811780 0.964706 0.810499 0.961765 0.810499 0.950000 0.809219 0.952941 0.807939 0.952941 0.806658 0.955882 0.806658 0.961765 0.807939 0.964706 0.807939 0.970588 0.810499 0.970588 0.811780 0.973529 0.810499 0.976471 0.809219 0.976471 0.809219 0.979412 0.807939 0.982353 0.806658 0.982353 0.806658 0.985294 0.809219 0.991176 0.809219 0.994118 0.810499 0.997059 0.810499 0.994118 0.811780 0.991176 0.814341 0.997059 0.815621 0.997059 0.815621 0.973529 0.816901 0.970588 0.818182 0.973529 0.818182 0.997059 0.819462 0.997059 0.819462 0.970588 0.820743 0.967647 0.822023 0.970588 0.822023 0.973529 0.823303 0.976471 0.823303 0.994118 0.823303 0.982353 0.824584 0.979412 0.827145 0.985294 0.825864 0.988235 0.825864 0.997059 0.832266 0.997059 0.833547 0.994118 0.834827 0.997059 0.850192 0.997059 0.850192 0.988235 0.848912 0.985294 0.850192 0.982353 0.850192 0.979412 0.851472 0.976471 0.852753 0.979412 0.852753 0.982353 0.854033 0.985294 0.855314 0.985294 0.856594 0.988235 0.856594 0.994118 0.855314 0.997059 0.854033 0.994118 0.854033 0.997059 0.857875 0.997059 0.857875 0.985294 0.862996 0.973529 0.864277 0.973529 0.865557 0.976471 0.864277 0.979412 0.866837 0.985294 0.866837 0.997059 0.896287 0.997059 0.897567 0.994118 0.898848 0.994118 0.900128 0.997059 0.948784 0.997059 0.947503 0.994118 0.950064 0.988235 0.950064 0.979412 0.951344 0.976471 0.948784 0.970588 0.950064 0.967647 0.948784 0.964706 0.948784 0.967647 0.947503 0.970588 0.946223 0.967647 0.946223 0.961765 0.944942 0.964706 0.943662 0.961765 0.942382 0.961765 0.941101 0.958824 0.941101 0.955882 0.943662 0.950000 0.942382 0.947059 0.942382 0.941176 0.939821 0.935294 0.939821 0.932353 0.938540 0.929412 0.938540 0.926471 0.935980 0.920588 0.935980 0.917647 0.930858 0.905882 0.930858 0.902941 0.929577 0.900000 0.929577 0.905882 0.928297 0.908824 0.928297 0.914706 0.927017 0.917647 0.927017 0.920588 0.925736 0.923529 0.924456 0.920588 0.924456 0.914706 0.923175 0.911765 0.924456 0.908824 0.924456 0.897059 0.924456 0.905882 0.923175 0.908824 0.921895 0.905882 0.921895 0.902941 0.920615 0.900000 0.920615 0.894118 0.919334 0.891176 0.920615 0.894118 0.920615 0.902941 0.921895 0.905882 0.921895 0.911765 0.923175 0.914706 0.923175 0.920588 0.924456 0.923529 0.924456 0.932353 0.923175 0.935294 0.923175 0.938235 0.924456 0.941176 0.924456 0.950000 0.923175 0.952941 0.921895 0.952941 0.921895 0.955882 0.920615 0.958824 0.920615 0.964706 0.919334 0.967647 0.919334 0.973529 0.918054 0.976471 0.914213 0.967647 0.914213 0.964706 0.912932 0.967647 0.911652 0.964706 0.911652 0.935294 0.911652 0.938235 0.910371 0.941176 0.910371 0.944118 0.909091 0.947059 0.909091 0.958824 0.907810 0.961765 0.905250 0.955882 0.903969 0.955882 0.906530 0.961765 0.903969 0.967647 0.902689 0.967647 0.905250 0.973529 0.905250 0.979412 0.906530 0.982353 0.906530 0.991176 0.903969 0.997059 0.901408 0.997059 0.900128 0.994118 0.900128 0.988235 0.901408 0.985294 0.900128 0.988235 0.898848 0.985294 0.898848 0.979412 0.900128 0.976471 0.900128 0.973529 0.898848 0.970588 0.900128 0.967647 0.898848 0.964706 0.900128 0.961765 0.898848 0.958824 0.900128 0.955882 0.900128 0.947059 0.901408 0.944118 0.900128 0.941176 0.900128 0.935294 0.901408 0.932353 0.901408 0.920588 0.902689 0.917647 0.903969 0.920588 0.903969 0.941176 0.905250 0.938235 0.906530 0.941176 0.906530 0.944118 0.906530 0.941176 0.907810 0.938235 0.907810 0.935294 0.909091 0.932353 0.907810 0.929412 0.909091 0.926471 0.910371 0.926471 0.911652 0.923529 0.911652 0.920588 0.910371 0.917647 0.910371 0.908824 0.909091 0.905882 0.907810 0.908824 0.905250 0.902941 0.905250 0.900000 0.906530 0.897059 0.907810 0.900000 0.909091 0.897059 0.907810 0.900000 0.906530 0.897059 0.906530 0.888235 0.907810 0.885294 0.906530 0.882353 0.907810 0.879412 0.907810 0.870588 0.906530 0.867647 0.906530 0.864706 0.905250 0.867647 0.905250 0.876471 0.903969 0.879412 0.902689 0.876471 0.902689 0.864706 0.903969 0.861765 0.903969 0.858824 0.903969 0.861765 0.902689 0.864706 0.901408 0.861765 0.901408 0.855882 0.900128 0.855882 0.900128 0.858824 0.901408 0.861765 0.901408 0.864706 0.902689 0.867647 0.902689 0.876471 0.903969 0.879412 0.903969 0.888235 0.902689 0.891176 0.901408 0.888235 0.901408 0.882353 0.901408 0.885294 0.900128 0.888235 0.900128 0.891176 0.898848 0.894118 0.897567 0.891176 0.897567 0.882353 0.898848 0.879412 0.897567 0.882353 0.897567 0.894118 0.896287 0.897059 0.896287 0.902941 0.901408 0.891176 0.902689 0.894118 0.902689 0.900000 0.901408 0.902941 0.900128 0.902941 0.897567 0.908824 0.897567 0.935294 0.896287 0.938235 0.895006 0.935294 0.895006 0.929412 0.893726 0.926471 0.895006 0.923529 0.895006 0.914706 0.893726 0.917647 0.893726 0.923529 0.892446 0.926471 0.891165 0.923529 0.886044 0.935294 0.884763 0.932353 0.884763 0.923529 0.887324 0.917647 0.888604 0.917647 0.891165 0.911765 0.891165 0.905882 0.893726 0.900000 0.893726 0.897059 0.893726 0.900000 0.892446 0.902941 0.891165 0.900000 0.891165 0.879412 0.892446 0.876471 0.893726 0.879412 0.892446 0.876471 0.892446 0.861765 0.893726 0.858824 0.895006 0.861765 0.895006 0.864706 0.895006 0.861765 0.893726 0.858824 0.893726 0.852941 0.886044 0.852941 0.886044 0.855882 0.884763 0.858824 0.883483 0.855882 0.883483 0.850000 0.882202 0.850000 0.882202 0.858824 0.883483 0.861765 0.883483 0.882353 0.884763 0.885294 0.886044 0.882353 0.887324 0.885294 0.887324 0.902941 0.886044 0.905882 0.883483 0.900000 0.883483 0.908824 0.882202 0.911765 0.880922 0.911765 0.879641 0.908824 0.879641 0.905882 0.880922 0.902941 0.880922 0.879412 0.879641 0.876471 0.879641 0.850000 0.871959 0.850000 0.870679 0.847059 0.856594 0.847059 0.855314 0.844118 0.839949 0.844118 0.839949 0.852941 0.841229 0.850000 0.842510 0.852941 0.842510 0.855882 0.841229 0.858824 0.842510 0.861765 0.841229 0.864706 0.841229 0.870588 0.842510 0.873529 0.842510 0.882353 0.841229 0.885294 0.839949 0.885294 0.839949 0.897059 0.838668 0.900000 0.838668 0.902941 0.837388 0.905882 0.836108 0.905882 0.834827 0.902941 0.834827 0.891176 0.832266 0.885294 0.834827 0.879412 0.837388 0.879412 0.834827 0.873529 0.836108 0.870588 0.836108 0.861765 0.836108 0.864706 0.834827 0.867647 0.834827 0.870588 0.833547 0.873529 0.833547 0.876471 0.832266 0.879412 0.829706 0.873529 0.829706 0.870588 0.830986 0.867647 0.829706 0.870588 0.828425 0.867647 0.828425 0.864706 0.830986 0.858824 0.832266 0.861765 0.833547 0.858824 0.833547 0.855882 0.834827 0.852941 0.827145 0.852941 0.828425 0.855882 0.827145 0.858824 0.827145 0.864706 0.825864 0.867647 0.825864 0.870588 0.824584 0.873529 0.823303 0.870588 0.823303 0.864706 0.822023 0.861765 0.822023 0.858824 0.822023 0.902941 0.820743 0.905882 0.820743 0.938235 0.822023 0.941176 0.822023 0.944118 0.823303 0.947059 0.823303 0.961765 0.822023 0.964706 0.820743 0.961765 0.820743 0.958824 0.818182 0.952941 0.818182 0.914706 0.815621 0.908824 0.815621 0.905882 0.814341 0.902941 0.814341 0.900000 0.813060 0.897059 0.813060 0.885294 0.814341 0.882353 0.811780 0.876471 0.811780 0.873529 0.813060 0.870588 0.814341 0.873529 0.813060 0.870588 0.813060 0.867647 0.814341 0.864706 0.813060 0.867647 0.811780 0.864706 0.811780 0.858824 0.810499 0.855882 0.810499 0.850000 0.809219 0.847059 0.809219 0.844118
2 0.626120 0.823529 0.624840 0.826471 0.624840 0.838235 0.628681 0.838235 0.629962 0.841176 0.628681 0.844118 0.626120 0.844118 0.626120 0.847059 0.627401 0.850000 0.626120 0.852941 0.624840 0.852941 0.623560 0.850000 0.619718 0.850000 0.618438 0.847059 0.615877 0.847059 0.615877 0.850000 0.614597 0.852941 0.615877 0.855882 0.615877 0.858824 0.617157 0.861765 0.617157 0.864706 0.618438 0.867647 0.618438 0.873529 0.617157 0.876471 0.615877 0.876471 0.615877 0.894118 0.614597 0.897059 0.613316 0.894118 0.613316 0.885294 0.610755 0.891176 0.609475 0.888235 0.609475 0.882353 0.610755 0.879412 0.610755 0.858824 0.612036 0.855882 0.612036 0.841176 0.609475 0.841176 0.608195 0.838235 0.606914 0.838235 0.606914 0.841176 0.605634 0.844118 0.605634 0.914706 0.605634 0.911765 0.608195 0.905882 0.609475 0.908824 0.609475 0.911765 0.610755 0.914706 0.610755 0.920588 0.609475 0.923529 0.608195 0.920588 0.608195 0.917647 0.608195 0.920588 0.609475 0.923529 0.609475 0.935294 0.608195 0.938235 0.608195 0.961765 0.608195 0.958824 0.609475 0.955882 0.610755 0.958824 0.610755 0.964706 0.612036 0.967647 0.612036 0.970588 0.613316 0.967647 0.613316 0.964706 0.614597 0.961765 0.614597 0.955882 0.615877 0.952941 0.615877 0.947059 0.617157 0.944118 0.618438 0.947059 0.618438 0.961765 0.617157 0.964706 0.617157 0.970588 0.615877 0.973529 0.615877 0.979412 0.614597 0.982353 0.614597 0.994118 0.613316 0.997059 0.638924 0.997059 0.638924 0.994118 0.640205 0.991176 0.642766 0.997059 0.646607 0.997059 0.646607 0.991176 0.645327 0.988235 0.644046 0.988235 0.641485 0.982353 0.641485 0.979412 0.640205 0.976471 0.640205 0.961765 0.641485 0.958824 0.640205 0.955882 0.640205 0.938235 0.641485 0.935294 0.645327 0.944118 0.645327 0.947059 0.646607 0.950000 0.646607 0.970588 0.646607 0.955882 0.647887 0.952941 0.649168 0.955882 0.649168 0.964706 0.650448 0.967647 0.650448 0.979412 0.651729 0.982353 0.651729 0.997059 0.651729 0.973529 0.653009 0.970588 0.653009 0.914706 0.654289 0.911765 0.653009 0.908824 0.654289 0.905882 0.654289 0.891176 0.650448 0.882353 0.651729 0.879412 0.650448 0.879412 0.650448 0.882353 0.651729 0.885294 0.651729 0.894118 0.650448 0.897059 0.651729 0.900000 0.651729 0.905882 0.650448 0.908824 0.650448 0.911765 0.649168 0.914706 0.649168 0.917647 0.647887 0.920588 0.646607 0.917647 0.646607 0.911765 0.645327 0.908824 0.645327 0.905882 0.644046 0.902941 0.644046 0.900000 0.646607 0.894118 0.646607 0.891176 0.647887 0.888235 0.647887 0.873529 0.646607 0.870588 0.647887 0.867647 0.646607 0.864706 0.646607 0.852941 0.645327 0.850000 0.645327 0.844118 0.644046 0.841176 0.644046 0.838235 0.645327 0.835294 0.644046 0.832353 0.642766 0.835294 0.641485 0.835294 0.641485 0.838235 0.638924 0.844118 0.637644 0.844118 0.635083 0.838235 0.633803 0.838235 0.632522 0.835294 0.631242 0.835294 0.631242 0.838235 0.629962 0.841176 0.627401 0.835294 0.631242 0.826471 0.631242 0.823529 0.629962 0.826471 0.628681 0.826471 0.627401 0.823529
2 0.231754 0.811765 0.231754 0.835294 0.233035 0.838235 0.231754 0.841176 0.231754 0.844118 0.233035 0.847059 0.233035 0.850000 0.234315 0.852941 0.234315 0.855882 0.235595 0.858824 0.235595 0.861765 0.236876 0.864706 0.236876 0.867647 0.239437 0.873529 0.239437 0.876471 0.240717 0.873529 0.241997 0.876471 0.241997 0.882353 0.243278 0.885294 0.243278 0.891176 0.244558 0.891176 0.245839 0.894118 0.247119 0.894118 0.247119 0.888235 0.245839 0.885294 0.245839 0.879412 0.247119 0.876471 0.248399 0.879412 0.248399 0.882353 0.249680 0.885294 0.249680 0.888235 0.254802 0.900000 0.254802 0.902941 0.257362 0.902941 0.257362 0.900000 0.256082 0.897059 0.256082 0.894118 0.254802 0.891176 0.254802 0.888235 0.253521 0.885294 0.253521 0.882353 0.250960 0.876471 0.250960 0.873529 0.248399 0.867647 0.248399 0.864706 0.245839 0.858824 0.245839 0.855882 0.243278 0.850000 0.243278 0.847059 0.241997 0.844118 0.241997 0.841176 0.238156 0.832353 0.238156 0.829412 0.234315 0.820588 0.234315 0.817647
2 0.819462 0.805882 0.819462 0.808824 0.818182 0.811765 0.820743 0.817647 0.822023 0.814706 0.823303 0.817647 0.823303 0.805882
2 0.380282 0.773529 0.380282 0.779412 0.381562 0.782353 0.381562 0.785294 0.380282 0.788235 0.380282 0.808824 0.381562 0.811765 0.381562 0.814706 0.382843 0.817647 0.381562 0.820588 0.381562 0.844118 0.382843 0.847059 0.382843 0.850000 0.384123 0.847059 0.385403 0.847059 0.385403 0.838235 0.386684 0.835294 0.390525 0.844118 0.390525 0.852941 0.391805 0.855882 0.391805 0.861765 0.393086 0.861765 0.394366 0.864706 0.393086 0.867647 0.393086 0.873529 0.394366 0.876471 0.393086 0.879412 0.394366 0.882353 0.393086 0.885294 0.393086 0.894118 0.391805 0.897059 0.393086 0.897059 0.393086 0.894118 0.394366 0.891176 0.396927 0.897059 0.396927 0.902941 0.398207 0.905882 0.398207 0.920588 0.399488 0.923529 0.399488 0.932353 0.398207 0.935294 0.396927 0.932353 0.394366 0.938235 0.389245 0.938235 0.390525 0.941176 0.390525 0.944118 0.393086 0.950000 0.393086 0.952941 0.394366 0.955882 0.394366 0.958824 0.394366 0.952941 0.395647 0.950000 0.396927 0.952941 0.396927 0.958824 0.398207 0.961765 0.398207 0.964706 0.399488 0.967647 0.399488 0.973529 0.400768 0.976471 0.400768 0.982353 0.402049 0.985294 0.402049 0.991176 0.403329 0.994118 0.403329 0.997059 0.409731 0.997059 0.409731 0.964706 0.408451 0.961765 0.409731 0.958824 0.408451 0.955882 0.409731 0.952941 0.408451 0.952941 0.407170 0.950000 0.407170 0.926471 0.405890 0.923529 0.405890 0.917647 0.404609 0.914706 0.405890 0.911765 0.405890 0.908824 0.404609 0.905882 0.407170 0.900000 0.408451 0.900000 0.409731 0.902941 0.408451 0.905882 0.408451 0.908824 0.409731 0.908824 0.411012 0.911765 0.411012 0.923529 0.409731 0.926471 0.411012 0.929412 0.411012 0.935294 0.412292 0.938235 0.412292 0.997059 0.413572 0.997059 0.413572 0.952941 0.414853 0.950000 0.414853 0.947059 0.416133 0.944118 0.416133 0.941176 0.417414 0.938235 0.417414 0.935294 0.418694 0.932353 0.417414 0.929412 0.418694 0.926471 0.419974 0.926471 0.417414 0.926471 0.416133 0.923529 0.417414 0.920588 0.416133 0.917647 0.416133 0.914706 0.414853 0.914706 0.414853 0.920588 0.416133 0.923529 0.413572 0.929412 0.412292 0.926471 0.412292 0.797059 0.411012 0.800000 0.408451 0.800000 0.408451 0.802941 0.412292 0.811765 0.412292 0.852941 0.411012 0.855882 0.409731 0.852941 0.409731 0.855882 0.408451 0.858824 0.405890 0.858824 0.404609 0.855882 0.404609 0.847059 0.404609 0.850000 0.402049 0.855882 0.402049 0.864706 0.403329 0.867647 0.403329 0.873529 0.402049 0.876471 0.399488 0.870588 0.399488 0.852941 0.399488 0.864706 0.398207 0.867647 0.395647 0.861765 0.395647 0.858824 0.394366 0.855882 0.395647 0.852941 0.396927 0.852941 0.396927 0.847059 0.398207 0.844118 0.398207 0.841176 0.396927 0.841176 0.395647 0.844118 0.395647 0.852941 0.394366 0.855882 0.393086 0.852941 0.393086 0.838235 0.391805 0.838235 0.390525 0.835294 0.390525 0.832353 0.389245 0.829412 0.389245 0.823529 0.390525 0.820588 0.390525 0.817647 0.391805 0.814706 0.390525 0.817647 0.387964 0.817647 0.385403 0.811765 0.386684 0.808824 0.386684 0.805882 0.385403 0.808824 0.384123 0.805882 0.384123 0.802941 0.382843 0.800000 0.382843 0.785294 0.381562 0.782353 0.381562 0.779412 0.380282 0.776471
2 0.376440 0.755882 0.376440 0.758824 0.373880 0.764706 0.372599 0.761765 0.371319 0.761765 0.371319 0.764706 0.368758 0.770588 0.367478 0.767647 0.366197 0.767647 0.366197 0.770588 0.364917 0.773529 0.362356 0.773529 0.362356 0.779412 0.363636 0.782353 0.363636 0.785294 0.364917 0.788235 0.364917 0.791176 0.363636 0.794118 0.362356 0.794118 0.362356 0.805882 0.363636 0.808824 0.363636 0.832353 0.362356 0.835294 0.362356 0.847059 0.361076 0.850000 0.359795 0.847059 0.359795 0.841176 0.359795 0.850000 0.361076 0.852941 0.361076 0.861765 0.362356 0.864706 0.362356 0.867647 0.363636 0.864706 0.363636 0.855882 0.364917 0.852941 0.367478 0.858824 0.367478 0.864706 0.366197 0.867647 0.366197 0.873529 0.364917 0.876471 0.366197 0.873529 0.367478 0.876471 0.368758 0.876471 0.368758 0.873529 0.370038 0.870588 0.372599 0.876471 0.372599 0.879412 0.373880 0.879412 0.373880 0.847059 0.371319 0.841176 0.372599 0.838235 0.373880 0.838235 0.375160 0.835294 0.375160 0.805882 0.373880 0.802941 0.375160 0.800000 0.373880 0.800000 0.372599 0.797059 0.373880 0.794118 0.376440 0.794118
2 0.209987 0.744118 0.211268 0.747059 0.211268 0.752941 0.212548 0.755882 0.212548 0.758824 0.211268 0.761765 0.211268 0.767647 0.212548 0.770588 0.213828 0.770588 0.215109 0.773529 0.215109 0.785294 0.213828 0.788235 0.209987 0.788235 0.209987 0.791176 0.208707 0.794118 0.208707 0.797059 0.209987 0.800000 0.209987 0.802941 0.211268 0.805882 0.211268 0.808824 0.212548 0.811765 0.212548 0.814706 0.215109 0.820588 0.215109 0.823529 0.217670 0.829412 0.217670 0.832353 0.220230 0.838235 0.218950 0.841176 0.217670 0.841176 0.216389 0.844118 0.216389 0.847059 0.215109 0.850000 0.216389 0.852941 0.216389 0.855882 0.218950 0.861765 0.217670 0.864706 0.216389 0.864706 0.215109 0.867647 0.213828 0.864706 0.213828 0.858824 0.212548 0.855882 0.212548 0.852941 0.212548 0.855882 0.211268 0.858824 0.209987 0.855882 0.209987 0.850000 0.211268 0.847059 0.211268 0.844118 0.209987 0.841176 0.209987 0.838235 0.208707 0.835294 0.208707 0.829412 0.208707 0.838235 0.206146 0.844118 0.207426 0.847059 0.207426 0.850000 0.206146 0.852941 0.204866 0.852941 0.203585 0.850000 0.203585 0.838235 0.203585 0.844118 0.202305 0.847059 0.202305 0.861765 0.203585 0.864706 0.202305 0.867647 0.206146 0.867647 0.207426 0.870588 0.211268 0.870588 0.211268 0.864706 0.212548 0.861765 0.213828 0.864706 0.213828 0.867647 0.215109 0.870588 0.215109 0.873529 0.218950 0.873529 0.220230 0.876471 0.224072 0.876471 0.225352 0.879412 0.227913 0.879412 0.227913 0.876471 0.229193 0.873529 0.230474 0.876471 0.230474 0.882353 0.230474 0.858824 0.231754 0.855882 0.230474 0.855882 0.229193 0.852941 0.229193 0.841176 0.227913 0.838235 0.229193 0.835294 0.227913 0.832353 0.229193 0.829412 0.229193 0.802941 0.225352 0.794118 0.225352 0.791176 0.222791 0.785294 0.222791 0.782353 0.221511 0.779412 0.221511 0.782353 0.220230 0.785294 0.218950 0.782353 0.218950 0.770588 0.216389 0.764706 0.216389 0.761765 0.211268 0.750000 0.211268 0.747059
2 0.606914 0.729412 0.605634 0.732353 0.606914 0.735294 0.606914 0.761765 0.608195 0.764706 0.608195 0.767647 0.609475 0.770588 0.609475 0.776471 0.608195 0.779412 0.606914 0.779412 0.606914 0.811765 0.605634 0.814706 0.606914 0.817647 0.605634 0.820588 0.605634 0.826471 0.606914 0.829412 0.608195 0.829412 0.609475 0.832353 0.612036 0.832353 0.613316 0.835294 0.613316 0.829412 0.614597 0.826471 0.615877 0.826471 0.617157 0.829412 0.615877 0.832353 0.615877 0.835294 0.618438 0.841176 0.619718 0.841176 0.620999 0.844118 0.622279 0.844118 0.619718 0.838235 0.618438 0.838235 0.617157 0.835294 0.617157 0.829412 0.615877 0.826471 0.615877 0.820588 0.614597 0.817647 0.614597 0.814706 0.615877 0.811765 0.615877 0.800000 0.617157 0.797059 0.617157 0.794118 0.618438 0.791176 0.619718 0.791176 0.620999 0.794118 0.620999 0.800000 0.622279 0.802941 0.623560 0.802941 0.622279 0.800000 0.626120 0.791176 0.624840 0.794118 0.623560 0.791176 0.623560 0.788235 0.624840 0.785294 0.618438 0.785294 0.617157 0.782353 0.618438 0.779412 0.620999 0.779412 0.622279 0.776471 0.620999 0.776471 0.619718 0.779412 0.617157 0.779412 0.615877 0.776471 0.619718 0.767647 0.618438 0.764706 0.617157 0.767647 0.615877 0.764706 0.615877 0.773529 0.614597 0.776471 0.613316 0.773529 0.613316 0.761765 0.612036 0.761765 0.610755 0.758824 0.610755 0.755882 0.612036 0.752941 0.609475 0.752941 0.608195 0.750000 0.609475 0.747059 0.610755 0.747059 0.608195 0.747059 0.606914 0.744118 0.608195 0.741176 0.610755 0.741176 0.610755 0.735294 0.608195 0.729412
2 0.816901 0.720588 0.815621 0.723529 0.813060 0.723529 0.813060 0.726471 0.811780 0.729412 0.811780 0.747059 0.811780 0.744118 0.813060 0.741176 0.811780 0.738235 0.813060 0.735294 0.814341 0.735294 0.814341 0.732353 0.815621 0.729412 0.815621 0.726471 0.816901 0.723529
2 0.782330 0.720588 0.781050 0.723529 0.779770 0.723529 0.778489 0.726471 0.778489 0.735294 0.781050 0.741176 0.781050 0.744118 0.781050 0.738235 0.779770 0.738235 0.778489 0.735294 0.779770 0.732353 0.781050 0.732353 0.781050 0.729412 0.782330 0.726471 0.783611 0.729412 0.783611 0.732353 0.783611 0.729412 0.786172 0.723529 0.787452 0.726471 0.787452 0.732353 0.787452 0.726471 0.786172 0.723529 0.784891 0.723529 0.783611 0.726471 0.782330 0.723529
2 0.600512 0.711765 0.599232 0.714706 0.599232 0.717647 0.600512 0.720588 0.600512 0.752941 0.601793 0.755882 0.600512 0.758824 0.600512 0.764706 0.601793 0.764706 0.601793 0.755882 0.600512 0.752941 0.600512 0.738235 0.601793 0.735294 0.603073 0.738235 0.603073 0.741176 0.603073 0.720588 0.601793 0.717647 0.601793 0.714706
2 0.862996 0.705882 0.861716 0.708824 0.861716 0.714706 0.864277 0.714706 0.866837 0.720588 0.866837 0.723529 0.866837 0.720588 0.868118 0.717647 0.869398 0.720588 0.869398 0.723529 0.870679 0.726471 0.870679 0.735294 0.869398 0.738235 0.868118 0.735294 0.868118 0.729412 0.868118 0.735294 0.865557 0.741176 0.864277 0.738235 0.864277 0.735294 0.862996 0.732353 0.862996 0.720588 0.861716 0.723529 0.860435 0.720588 0.856594 0.720588 0.855314 0.723529 0.855314 0.726471 0.856594 0.729412 0.855314 0.732353 0.854033 0.732353 0.851472 0.726471 0.850192 0.726471 0.851472 0.729412 0.850192 0.732353 0.850192 0.738235 0.851472 0.741176 0.850192 0.744118 0.847631 0.744118 0.846351 0.741176 0.846351 0.747059 0.843790 0.752941 0.842510 0.750000 0.841229 0.750000 0.842510 0.752941 0.842510 0.755882 0.841229 0.758824 0.841229 0.764706 0.839949 0.767647 0.838668 0.764706 0.836108 0.764706 0.834827 0.767647 0.836108 0.764706 0.837388 0.767647 0.837388 0.776471 0.838668 0.779412 0.842510 0.779412 0.843790 0.782353 0.845070 0.782353 0.847631 0.788235 0.846351 0.791176 0.845070 0.791176 0.842510 0.797059 0.841229 0.794118 0.837388 0.794118 0.836108 0.797059 0.832266 0.797059 0.830986 0.800000 0.828425 0.800000 0.827145 0.802941 0.825864 0.802941 0.825864 0.817647 0.827145 0.814706 0.827145 0.811765 0.832266 0.800000 0.836108 0.808824 0.836108 0.811765 0.837388 0.814706 0.837388 0.817647 0.839949 0.817647 0.841229 0.820588 0.851472 0.820588 0.852753 0.823529 0.864277 0.823529 0.865557 0.826471 0.875800 0.826471 0.877081 0.829412 0.878361 0.829412 0.878361 0.823529 0.879641 0.820588 0.880922 0.823529 0.880922 0.829412 0.880922 0.814706 0.882202 0.811765 0.883483 0.811765 0.886044 0.805882 0.887324 0.808824 0.887324 0.811765 0.888604 0.814706 0.888604 0.832353 0.892446 0.832353 0.893726 0.829412 0.896287 0.835294 0.896287 0.829412 0.897567 0.826471 0.898848 0.829412 0.898848 0.835294 0.901408 0.835294 0.901408 0.826471 0.900128 0.823529 0.900128 0.817647 0.898848 0.814706 0.898848 0.811765 0.897567 0.808824 0.897567 0.800000 0.896287 0.797059 0.896287 0.794118 0.895006 0.791176 0.895006 0.785294 0.893726 0.782353 0.893726 0.779412 0.892446 0.776471 0.892446 0.773529 0.891165 0.770588 0.891165 0.764706 0.889885 0.761765 0.889885 0.758824 0.888604 0.755882 0.888604 0.752941 0.887324 0.750000 0.887324 0.747059 0.884763 0.741176 0.884763 0.738235 0.883483 0.735294 0.883483 0.732353 0.882202 0.729412 0.882202 0.726471 0.880922 0.723529 0.880922 0.720588 0.878361 0.714706 0.878361 0.711765 0.875800 0.705882 0.870679 0.705882 0.869398 0.708824 0.868118 0.705882 0.866837 0.705882 0.866837 0.711765 0.865557 0.714706 0.864277 0.711765 0.864277 0.705882
2 0.731114 0.697059 0.731114 0.700000 0.727273 0.708824 0.725992 0.705882 0.725992 0.702941 0.724712 0.705882 0.724712 0.708824 0.723431 0.711765 0.727273 0.711765 0.728553 0.708824 0.729834 0.711765 0.729834 0.717647 0.728553 0.720588 0.727273 0.720588 0.725992 0.723529 0.724712 0.723529 0.723431 0.726471 0.724712 0.729412 0.725992 0.729412 0.727273 0.732353 0.725992 0.735294 0.720871 0.735294 0.719590 0.738235 0.717029 0.738235 0.718310 0.741176 0.717029 0.744118 0.718310 0.747059 0.719590 0.747059 0.720871 0.750000 0.723431 0.750000 0.724712 0.752941 0.724712 0.755882 0.723431 0.758824 0.722151 0.758824 0.720871 0.761765 0.719590 0.758824 0.719590 0.755882 0.710627 0.755882 0.709347 0.758824 0.710627 0.758824 0.714469 0.767647 0.715749 0.764706 0.717029 0.764706 0.718310 0.767647 0.717029 0.770588 0.717029 0.785294 0.715749 0.788235 0.714469 0.788235 0.713188 0.785294 0.710627 0.785294 0.709347 0.788235 0.710627 0.791176 0.710627 0.794118 0.709347 0.797059 0.708067 0.794118 0.706786 0.794118 0.705506 0.791176 0.704225 0.794118 0.704225 0.805882 0.706786 0.805882 0.708067 0.802941 0.709347 0.802941 0.709347 0.800000 0.711908 0.794118 0.713188 0.797059 0.713188 0.800000 0.711908 0.802941 0.711908 0.808824 0.714469 0.808824 0.718310 0.800000 0.719590 0.802941 0.719590 0.820588 0.719590 0.817647 0.720871 0.814706 0.722151 0.817647 0.722151 0.823529 0.723431 0.820588 0.724712 0.823529 0.725992 0.820588 0.731114 0.820588 0.732394 0.817647 0.737516 0.817647 0.738796 0.814706 0.741357 0.814706 0.742638 0.811765 0.749040 0.811765 0.749040 0.808824 0.747759 0.805882 0.747759 0.800000 0.749040 0.797059 0.749040 0.791176 0.750320 0.788235 0.750320 0.779412 0.751601 0.776471 0.752881 0.779412 0.752881 0.788235 0.754161 0.791176 0.754161 0.797059 0.751601 0.802941 0.751601 0.805882 0.754161 0.811765 0.754161 0.814706 0.751601 0.820588 0.750320 0.820588 0.749040 0.823529 0.746479 0.823529 0.745198 0.826471 0.741357 0.826471 0.740077 0.829412 0.736236 0.829412 0.734955 0.832353 0.732394 0.832353 0.731114 0.835294 0.725992 0.835294 0.724712 0.838235 0.722151 0.838235 0.722151 0.841176 0.720871 0.844118 0.720871 0.858824 0.719590 0.861765 0.719590 0.864706 0.718310 0.867647 0.717029 0.864706 0.717029 0.841176 0.715749 0.841176 0.713188 0.847059 0.711908 0.844118 0.708067 0.844118 0.708067 0.855882 0.706786 0.858824 0.705506 0.855882 0.705506 0.844118 0.704225 0.841176 0.701665 0.841176 0.700384 0.844118 0.699104 0.844118 0.696543 0.850000 0.695262 0.850000 0.693982 0.847059 0.691421 0.847059 0.691421 0.852941 0.690141 0.855882 0.688860 0.852941 0.688860 0.850000 0.687580 0.850000 0.687580 0.852941 0.688860 0.855882 0.687580 0.858824 0.690141 0.858824 0.691421 0.861765 0.695262 0.861765 0.696543 0.864706 0.702945 0.864706 0.704225 0.867647 0.706786 0.867647 0.706786 0.858824 0.708067 0.855882 0.709347 0.858824 0.709347 0.864706 0.710627 0.867647 0.710627 0.870588 0.711908 0.867647 0.713188 0.870588 0.715749 0.870588 0.713188 0.864706 0.714469 0.861765 0.715749 0.861765 0.718310 0.867647 0.718310 0.873529 0.720871 0.873529 0.722151 0.876471 0.722151 0.873529 0.723431 0.870588 0.723431 0.864706 0.724712 0.861765 0.725992 0.864706 0.725992 0.876471 0.725992 0.864706 0.727273 0.861765 0.728553 0.864706 0.728553 0.873529 0.729834 0.876471 0.731114 0.873529 0.732394 0.873529 0.733675 0.876471 0.733675 0.882353 0.738796 0.882353 0.740077 0.885294 0.743918 0.885294 0.745198 0.888235 0.749040 0.888235 0.750320 0.891176 0.752881 0.891176 0.754161 0.894118 0.758003 0.894118 0.759283 0.897059 0.759283 0.885294 0.760563 0.882353 0.760563 0.879412 0.761844 0.876471 0.761844 0.873529 0.763124 0.870588 0.764405 0.873529 0.764405 0.882353 0.766965 0.882353 0.769526 0.888235 0.769526 0.894118 0.768246 0.897059 0.768246 0.902941 0.772087 0.902941 0.773367 0.905882 0.777209 0.905882 0.777209 0.891176 0.778489 0.888235 0.778489 0.885294 0.779770 0.882353 0.779770 0.873529 0.778489 0.870588 0.778489 0.852941 0.778489 0.858824 0.777209 0.861765 0.777209 0.864706 0.775928 0.867647 0.774648 0.864706 0.774648 0.858824 0.773367 0.861765 0.772087 0.858824 0.772087 0.844118 0.770807 0.841176 0.770807 0.823529 0.772087 0.820588 0.770807 0.817647 0.772087 0.814706 0.772087 0.811765 0.770807 0.808824 0.769526 0.808824 0.768246 0.811765 0.768246 0.820588 0.765685 0.826471 0.765685 0.829412 0.764405 0.832353 0.763124 0.829412 0.763124 0.820588 0.761844 0.817647 0.761844 0.814706 0.760563 0.814706 0.759283 0.811765 0.758003 0.814706 0.758003 0.817647 0.756722 0.820588 0.755442 0.817647 0.755442 0.811765 0.754161 0.808824 0.755442 0.805882 0.755442 0.802941 0.756722 0.800000 0.756722 0.794118 0.758003 0.791176 0.759283 0.794118 0.761844 0.794118 0.761844 0.791176 0.760563 0.788235 0.760563 0.785294 0.758003 0.785294 0.756722 0.782353 0.758003 0.779412 0.759283 0.779412 0.760563 0.776471 0.756722 0.776471 0.755442 0.779412 0.754161 0.776471 0.754161 0.773529 0.756722 0.767647 0.754161 0.767647 0.752881 0.764706 0.752881 0.758824 0.754161 0.755882 0.754161 0.752941 0.752881 0.750000 0.752881 0.738235 0.752881 0.752941 0.751601 0.755882 0.750320 0.755882 0.749040 0.752941 0.749040 0.747059 0.747759 0.744118 0.747759 0.738235 0.745198 0.744118 0.741357 0.735294 0.741357 0.726471 0.738796 0.720588 0.738796 0.717647 0.740077 0.714706 0.742638 0.714706 0.742638 0.711765 0.743918 0.708824 0.743918 0.702941 0.742638 0.700000 0.740077 0.700000 0.740077 0.711765 0.737516 0.717647 0.736236 0.714706 0.736236 0.711765 0.737516 0.708824 0.736236 0.705882 0.736236 0.700000 0.734955 0.697059
2 0.750320 0.694118 0.747759 0.700000 0.747759 0.705882 0.749040 0.708824 0.749040 0.717647 0.750320 0.717647 0.751601 0.720588 0.751601 0.714706 0.752881 0.711765 0.754161 0.711765 0.755442 0.714706 0.756722 0.714706 0.758003 0.717647 0.758003 0.720588 0.756722 0.723529 0.756722 0.726471 0.755442 0.729412 0.755442 0.732353 0.756722 0.735294 0.755442 0.738235 0.755442 0.741176 0.758003 0.741176 0.761844 0.732353 0.763124 0.732353 0.765685 0.738235 0.765685 0.744118 0.764405 0.747059 0.764405 0.750000 0.763124 0.752941 0.764405 0.752941 0.766965 0.747059 0.766965 0.732353 0.765685 0.729412 0.765685 0.726471 0.764405 0.723529 0.764405 0.720588 0.760563 0.711765 0.760563 0.708824 0.758003 0.702941 0.756722 0.702941 0.752881 0.694118
2 0.632522 0.664706 0.632522 0.667647 0.631242 0.670588 0.632522 0.667647 0.633803 0.670588 0.633803 0.676471 0.632522 0.679412 0.626120 0.679412 0.627401 0.682353 0.626120 0.685294 0.624840 0.685294 0.624840 0.688235 0.626120 0.691176 0.626120 0.694118 0.627401 0.697059 0.626120 0.700000 0.624840 0.700000 0.622279 0.694118 0.620999 0.697059 0.618438 0.697059 0.622279 0.705882 0.620999 0.708824 0.620999 0.711765 0.623560 0.717647 0.623560 0.720588 0.622279 0.723529 0.620999 0.723529 0.619718 0.720588 0.618438 0.723529 0.622279 0.732353 0.622279 0.729412 0.623560 0.726471 0.624840 0.729412 0.627401 0.729412 0.628681 0.732353 0.628681 0.741176 0.627401 0.744118 0.627401 0.747059 0.626120 0.750000 0.627401 0.750000 0.628681 0.747059 0.629962 0.747059 0.631242 0.750000 0.631242 0.752941 0.629962 0.755882 0.631242 0.752941 0.632522 0.752941 0.633803 0.755882 0.633803 0.758824 0.632522 0.761765 0.632522 0.764706 0.633803 0.764706 0.636364 0.758824 0.637644 0.758824 0.638924 0.761765 0.638924 0.764706 0.637644 0.767647 0.637644 0.770588 0.636364 0.773529 0.635083 0.773529 0.635083 0.776471 0.636364 0.776471 0.637644 0.779412 0.638924 0.776471 0.640205 0.776471 0.641485 0.773529 0.644046 0.773529 0.644046 0.764706 0.642766 0.764706 0.641485 0.761765 0.641485 0.755882 0.642766 0.752941 0.644046 0.755882 0.644046 0.747059 0.644046 0.750000 0.642766 0.752941 0.641485 0.750000 0.641485 0.729412 0.640205 0.726471 0.640205 0.717647 0.638924 0.714706 0.638924 0.708824 0.637644 0.708824 0.636364 0.705882 0.637644 0.702941 0.635083 0.697059 0.635083 0.691176 0.633803 0.688235 0.633803 0.685294 0.635083 0.682353 0.635083 0.676471 0.633803 0.673529 0.633803 0.670588 0.632522 0.667647 0.633803 0.664706
2 0.668374 0.658824 0.668374 0.708824 0.667093 0.711765 0.667093 0.738235 0.667093 0.720588 0.668374 0.717647 0.668374 0.705882 0.669654 0.702941 0.669654 0.685294 0.670935 0.682353 0.670935 0.673529 0.672215 0.670588 0.672215 0.661765 0.669654 0.661765
2 0.741357 0.647059 0.741357 0.650000 0.740077 0.652941 0.740077 0.655882 0.737516 0.661765 0.737516 0.664706 0.736236 0.667647 0.736236 0.670588 0.734955 0.673529 0.734955 0.676471 0.736236 0.679412 0.736236 0.673529 0.738796 0.667647 0.740077 0.670588 0.740077 0.673529 0.741357 0.676471 0.741357 0.673529 0.740077 0.670588 0.740077 0.667647 0.742638 0.661765 0.743918 0.661765 0.746479 0.655882 0.745198 0.655882 0.743918 0.658824 0.742638 0.655882 0.742638 0.652941 0.743918 0.650000 0.743918 0.647059
2 0.614597 0.644118 0.614597 0.652941 0.617157 0.658824 0.617157 0.661765 0.618438 0.664706 0.618438 0.667647 0.619718 0.670588 0.620999 0.670588 0.620999 0.664706 0.619718 0.661765 0.618438 0.664706 0.617157 0.661765 0.617157 0.647059 0.615877 0.647059
2 0.686300 0.638235 0.686300 0.641176 0.685019 0.644118 0.685019 0.652941 0.686300 0.655882 0.685019 0.658824 0.685019 0.673529 0.686300 0.676471 0.686300 0.655882 0.687580 0.652941 0.688860 0.655882 0.688860 0.658824 0.690141 0.661765 0.691421 0.658824 0.690141 0.655882 0.690141 0.647059 0.688860 0.644118 0.688860 0.641176 0.687580 0.644118 0.686300 0.641176
2 0.710627 0.632353 0.710627 0.638235 0.709347 0.641176 0.708067 0.641176 0.706786 0.638235 0.708067 0.641176 0.706786 0.644118 0.706786 0.647059 0.709347 0.652941 0.709347 0.655882 0.710627 0.652941 0.711908 0.655882 0.711908 0.641176 0.710627 0.638235
2 0.998720 0.629412 0.992318 0.644118 0.992318 0.647059 0.991037 0.650000 0.991037 0.652941 0.992318 0.655882 0.993598 0.652941 0.993598 0.650000 0.996159 0.644118 0.996159 0.641176 0.997439 0.638235 0.997439 0.635294 0.998720 0.632353
2 0.804097 0.629412 0.801536 0.635294 0.800256 0.635294 0.800256 0.644118 0.801536 0.641176 0.801536 0.638235 0.802817 0.635294 0.805378 0.641176 0.805378 0.644118 0.804097 0.647059 0.802817 0.647059 0.804097 0.650000 0.804097 0.652941 0.806658 0.652941 0.805378 0.652941 0.804097 0.650000 0.805378 0.647059 0.806658 0.647059 0.806658 0.644118 0.807939 0.641176 0.806658 0.644118 0.805378 0.641176 0.805378 0.629412
2 0.786172 0.629412 0.788732 0.635294 0.787452 0.638235 0.787452 0.641176 0.784891 0.647059 0.784891 0.650000 0.783611 0.652941 0.783611 0.655882 0.784891 0.655882 0.783611 0.652941 0.784891 0.650000 0.786172 0.650000 0.787452 0.652941 0.787452 0.655882 0.788732 0.652941 0.790013 0.655882 0.790013 0.658824 0.790013 0.655882 0.788732 0.652941 0.790013 0.650000 0.790013 0.632353 0.788732 0.629412
2 0.719590 0.620588 0.718310 0.623529 0.718310 0.626471 0.717029 0.629412 0.717029 0.635294 0.715749 0.638235 0.715749 0.652941 0.714469 0.655882 0.714469 0.661765 0.713188 0.664706 0.713188 0.667647 0.711908 0.670588 0.711908 0.673529 0.709347 0.679412 0.706786 0.673529 0.705506 0.673529 0.704225 0.670588 0.702945 0.673529 0.700384 0.667647 0.701665 0.664706 0.700384 0.664706 0.699104 0.661765 0.700384 0.658824 0.700384 0.655882 0.693982 0.670588 0.692702 0.670588 0.691421 0.673529 0.690141 0.673529 0.691421 0.673529 0.692702 0.676471 0.693982 0.676471 0.695262 0.679412 0.695262 0.685294 0.696543 0.688235 0.696543 0.691176 0.697823 0.694118 0.696543 0.697059 0.695262 0.697059 0.697823 0.702941 0.697823 0.708824 0.696543 0.711765 0.695262 0.711765 0.693982 0.714706 0.695262 0.717647 0.693982 0.720588 0.693982 0.723529 0.691421 0.729412 0.688860 0.723529 0.690141 0.720588 0.690141 0.705882 0.688860 0.708824 0.687580 0.708824 0.686300 0.705882 0.686300 0.702941 0.686300 0.705882 0.688860 0.711765 0.688860 0.714706 0.690141 0.717647 0.690141 0.720588 0.688860 0.723529 0.683739 0.711765 0.683739 0.702941 0.682458 0.702941 0.681178 0.700000 0.681178 0.697059 0.679898 0.694118 0.679898 0.691176 0.677337 0.685294 0.677337 0.676471 0.678617 0.673529 0.679898 0.676471 0.677337 0.670588 0.676056 0.670588 0.674776 0.667647 0.674776 0.679412 0.673496 0.682353 0.673496 0.700000 0.672215 0.702941 0.673496 0.705882 0.673496 0.714706 0.672215 0.717647 0.672215 0.720588 0.670935 0.723529 0.672215 0.726471 0.670935 0.729412 0.672215 0.732353 0.672215 0.735294 0.670935 0.738235 0.669654 0.735294 0.672215 0.741176 0.673496 0.738235 0.673496 0.735294 0.674776 0.732353 0.674776 0.729412 0.677337 0.723529 0.678617 0.726471 0.678617 0.729412 0.677337 0.732353 0.678617 0.735294 0.678617 0.744118 0.678617 0.726471 0.679898 0.723529 0.679898 0.720588 0.681178 0.717647 0.681178 0.711765 0.682458 0.708824 0.685019 0.714706 0.685019 0.717647 0.683739 0.720588 0.683739 0.723529 0.686300 0.717647 0.688860 0.723529 0.687580 0.726471 0.687580 0.729412 0.686300 0.732353 0.686300 0.738235 0.686300 0.735294 0.687580 0.732353 0.687580 0.726471 0.688860 0.723529 0.693982 0.735294 0.693982 0.738235 0.692702 0.741176 0.691421 0.741176 0.690141 0.744118 0.691421 0.747059 0.691421 0.752941 0.690141 0.755882 0.690141 0.758824 0.691421 0.761765 0.692702 0.761765 0.692702 0.755882 0.691421 0.752941 0.691421 0.750000 0.692702 0.747059 0.693982 0.747059 0.695262 0.750000 0.699104 0.750000 0.699104 0.747059 0.697823 0.744118 0.696543 0.744118 0.695262 0.741176 0.695262 0.738235 0.692702 0.732353 0.693982 0.729412 0.695262 0.729412 0.695262 0.726471 0.696543 0.723529 0.697823 0.726471 0.697823 0.729412 0.699104 0.732353 0.697823 0.735294 0.699104 0.735294 0.704225 0.747059 0.705506 0.744118 0.705506 0.741176 0.704225 0.738235 0.704225 0.735294 0.702945 0.738235 0.701665 0.735294 0.701665 0.723529 0.700384 0.720588 0.700384 0.717647 0.701665 0.714706 0.706786 0.726471 0.708067 0.726471 0.708067 0.720588 0.706786 0.717647 0.706786 0.714706 0.705506 0.711765 0.705506 0.708824 0.706786 0.705882 0.708067 0.705882 0.709347 0.708824 0.710627 0.708824 0.710627 0.705882 0.709347 0.702941 0.711908 0.697059 0.713188 0.700000 0.713188 0.697059 0.714469 0.694118 0.717029 0.700000 0.715749 0.702941 0.718310 0.702941 0.719590 0.700000 0.719590 0.691176 0.718310 0.688235 0.715749 0.688235 0.714469 0.685294 0.715749 0.682353 0.718310 0.682353 0.719590 0.679412 0.719590 0.673529 0.720871 0.670588 0.722151 0.673529 0.727273 0.673529 0.727273 0.667647 0.725992 0.664706 0.725992 0.661765 0.724712 0.658824 0.724712 0.655882 0.723431 0.652941 0.723431 0.647059 0.722151 0.647059 0.720871 0.644118 0.722151 0.641176 0.724712 0.641176 0.728553 0.650000 0.728553 0.652941 0.729834 0.655882 0.729834 0.658824 0.731114 0.661765 0.731114 0.667647 0.733675 0.661765 0.733675 0.658824 0.736236 0.652941 0.736236 0.650000 0.734955 0.650000 0.733675 0.647059 0.736236 0.641176 0.737516 0.641176 0.738796 0.638235 0.740077 0.638235 0.738796 0.635294 0.740077 0.632353 0.734955 0.632353 0.733675 0.629412 0.731114 0.629412 0.729834 0.626471 0.731114 0.623529 0.733675 0.623529 0.732394 0.620588 0.729834 0.620588 0.729834 0.626471 0.728553 0.629412 0.728553 0.635294 0.727273 0.638235 0.725992 0.635294 0.725992 0.632353 0.720871 0.620588
2 0.679898 0.617647 0.679898 0.623529 0.678617 0.626471 0.678617 0.638235 0.677337 0.641176 0.677337 0.644118 0.678617 0.647059 0.676056 0.652941 0.676056 0.661765 0.677337 0.664706 0.678617 0.664706 0.678617 0.661765 0.679898 0.658824 0.681178 0.661765 0.681178 0.667647 0.682458 0.670588 0.681178 0.667647 0.681178 0.658824 0.679898 0.655882 0.678617 0.655882 0.677337 0.652941 0.677337 0.650000 0.678617 0.647059 0.679898 0.650000 0.677337 0.644118 0.681178 0.635294 0.681178 0.632353 0.682458 0.629412 0.682458 0.623529 0.681178 0.620588 0.681178 0.617647
2 0.852753 0.611765 0.850192 0.617647 0.850192 0.623529 0.851472 0.626471 0.851472 0.629412 0.848912 0.635294 0.848912 0.641176 0.847631 0.644118 0.845070 0.638235 0.845070 0.626471 0.846351 0.623529 0.847631 0.623529 0.847631 0.617647 0.846351 0.617647 0.846351 0.620588 0.845070 0.623529 0.845070 0.626471 0.841229 0.635294 0.842510 0.638235 0.841229 0.641176 0.839949 0.641176 0.839949 0.644118 0.838668 0.647059 0.841229 0.647059 0.842510 0.650000 0.841229 0.652941 0.839949 0.652941 0.842510 0.652941 0.843790 0.650000 0.846351 0.655882 0.843790 0.661765 0.841229 0.661765 0.837388 0.670588 0.836108 0.670588 0.834827 0.673529 0.833547 0.670588 0.833547 0.667647 0.833547 0.670588 0.834827 0.673529 0.833547 0.676471 0.830986 0.676471 0.832266 0.676471 0.833547 0.679412 0.834827 0.679412 0.836108 0.682353 0.836108 0.685294 0.837388 0.685294 0.837388 0.682353 0.838668 0.679412 0.839949 0.682353 0.841229 0.682353 0.842510 0.685294 0.841229 0.682353 0.841229 0.679412 0.842510 0.676471 0.843790 0.679412 0.846351 0.679412 0.846351 0.676471 0.847631 0.673529 0.847631 0.670588 0.848912 0.667647 0.850192 0.670588 0.850192 0.685294 0.854033 0.676471 0.855314 0.679412 0.855314 0.673529 0.857875 0.667647 0.856594 0.664706 0.857875 0.661765 0.857875 0.652941 0.859155 0.650000 0.859155 0.644118 0.860435 0.641176 0.861716 0.644118 0.862996 0.644118 0.862996 0.635294 0.861716 0.638235 0.860435 0.638235 0.857875 0.632353 0.860435 0.626471 0.859155 0.623529 0.859155 0.614706 0.857875 0.614706 0.856594 0.611765
2 0.635083 0.608824 0.636364 0.608824 0.637644 0.611765 0.636364 0.614706 0.635083 0.614706 0.635083 0.620588 0.636364 0.623529 0.636364 0.629412 0.635083 0.632353 0.633803 0.632353 0.629962 0.623529 0.628681 0.626471 0.627401 0.626471 0.627401 0.629412 0.626120 0.632353 0.624840 0.632353 0.623560 0.635294 0.623560 0.638235 0.626120 0.644118 0.626120 0.650000 0.628681 0.650000 0.629962 0.647059 0.629962 0.638235 0.628681 0.635294 0.628681 0.626471 0.629962 0.623529 0.631242 0.626471 0.631242 0.632353 0.632522 0.635294 0.632522 0.638235 0.633803 0.641176 0.635083 0.641176 0.636364 0.644118 0.635083 0.647059 0.635083 0.655882 0.636364 0.658824 0.636364 0.664706 0.636364 0.661765 0.637644 0.658824 0.638924 0.661765 0.638924 0.691176 0.640205 0.694118 0.640205 0.697059 0.641485 0.700000 0.641485 0.708824 0.642766 0.711765 0.642766 0.717647 0.642766 0.711765 0.644046 0.708824 0.644046 0.697059 0.645327 0.694118 0.646607 0.697059 0.646607 0.726471 0.645327 0.729412 0.645327 0.735294 0.645327 0.732353 0.646607 0.729412 0.646607 0.723529 0.647887 0.720588 0.649168 0.720588 0.649168 0.705882 0.650448 0.702941 0.650448 0.691176 0.649168 0.688235 0.650448 0.685294 0.649168 0.688235 0.649168 0.691176 0.646607 0.697059 0.644046 0.691176 0.644046 0.688235 0.649168 0.676471 0.649168 0.673529 0.650448 0.670588 0.651729 0.673529 0.651729 0.679412 0.653009 0.679412 0.653009 0.673529 0.651729 0.670588 0.651729 0.667647 0.653009 0.664706 0.650448 0.658824 0.651729 0.655882 0.653009 0.655882 0.653009 0.647059 0.654289 0.644118 0.655570 0.647059 0.655570 0.655882 0.655570 0.652941 0.656850 0.650000 0.656850 0.647059 0.654289 0.641176 0.654289 0.638235 0.655570 0.635294 0.656850 0.638235 0.656850 0.611765 0.655570 0.608824 0.653009 0.608824 0.653009 0.614706 0.651729 0.617647 0.647887 0.608824 0.646607 0.611765 0.646607 0.614706 0.645327 0.617647 0.642766 0.611765 0.642766 0.617647 0.644046 0.620588 0.644046 0.626471 0.642766 0.629412 0.640205 0.623529 0.640205 0.620588 0.637644 0.614706 0.637644 0.611765 0.636364 0.608824
2 0.220230 0.602941 0.220230 0.608824 0.218950 0.611765 0.218950 0.614706 0.220230 0.617647 0.218950 0.620588 0.218950 0.623529 0.220230 0.623529 0.221511 0.626471 0.221511 0.629412 0.220230 0.632353 0.220230 0.641176 0.218950 0.644118 0.220230 0.644118 0.221511 0.647059 0.220230 0.650000 0.221511 0.652941 0.221511 0.661765 0.221511 0.647059 0.222791 0.644118 0.225352 0.644118 0.226633 0.647059 0.226633 0.638235 0.226633 0.641176 0.225352 0.644118 0.224072 0.641176 0.224072 0.626471 0.224072 0.629412 0.222791 0.632353 0.221511 0.629412 0.221511 0.620588 0.222791 0.617647 0.221511 0.614706 0.221511 0.611765 0.224072 0.605882 0.224072 0.602941 0.221511 0.608824 0.220230 0.605882
2 0.672215 0.597059 0.672215 0.602941 0.673496 0.605882 0.673496 0.617647 0.672215 0.620588 0.670935 0.617647 0.668374 0.617647 0.668374 0.623529 0.670935 0.623529 0.672215 0.626471 0.670935 0.629412 0.669654 0.629412 0.668374 0.632353 0.668374 0.652941 0.669654 0.652941 0.670935 0.655882 0.673496 0.655882 0.673496 0.650000 0.672215 0.647059 0.672215 0.632353 0.670935 0.629412 0.672215 0.626471 0.670935 0.623529 0.674776 0.614706 0.676056 0.614706 0.677337 0.611765 0.677337 0.608824 0.676056 0.611765 0.674776 0.608824 0.674776 0.602941 0.676056 0.600000 0.677337 0.602941 0.678617 0.602941 0.676056 0.597059
2 0.693982 0.591176 0.695262 0.594118 0.695262 0.597059 0.696543 0.600000 0.696543 0.597059 0.697823 0.594118 0.699104 0.597059 0.699104 0.602941 0.697823 0.605882 0.699104 0.605882 0.700384 0.608824 0.701665 0.608824 0.700384 0.608824 0.699104 0.605882 0.699104 0.600000 0.700384 0.597059 0.701665 0.600000 0.701665 0.602941 0.702945 0.602941 0.705506 0.608824 0.706786 0.608824 0.706786 0.602941 0.705506 0.600000 0.705506 0.597059 0.704225 0.597059 0.702945 0.594118 0.701665 0.594118 0.700384 0.591176
2 0.798976 0.585294 0.798976 0.597059 0.800256 0.594118 0.801536 0.597059 0.801536 0.600000 0.801536 0.597059 0.802817 0.594118 0.802817 0.585294
2 0.026889 0.585294 0.025608 0.588235 0.024328 0.588235 0.024328 0.591176 0.025608 0.594118 0.025608 0.597059 0.026889 0.600000 0.026889 0.602941 0.030730 0.611765 0.032010 0.611765 0.033291 0.614706 0.033291 0.620588 0.034571 0.617647 0.035851 0.620588 0.035851 0.626471 0.034571 0.629412 0.034571 0.632353 0.035851 0.635294 0.034571 0.638235 0.037132 0.644118 0.037132 0.647059 0.038412 0.650000 0.038412 0.652941 0.040973 0.658824 0.040973 0.664706 0.043534 0.670588 0.043534 0.676471 0.042254 0.679412 0.042254 0.697059 0.043534 0.700000 0.043534 0.705882 0.042254 0.708824 0.040973 0.705882 0.040973 0.702941 0.040973 0.723529 0.042254 0.726471 0.042254 0.732353 0.040973 0.735294 0.039693 0.732353 0.039693 0.729412 0.039693 0.744118 0.037132 0.750000 0.035851 0.747059 0.035851 0.723529 0.037132 0.720588 0.037132 0.694118 0.038412 0.691176 0.038412 0.673529 0.037132 0.670588 0.037132 0.667647 0.035851 0.664706 0.035851 0.661765 0.034571 0.658824 0.034571 0.655882 0.032010 0.650000 0.032010 0.647059 0.030730 0.644118 0.030730 0.641176 0.030730 0.644118 0.032010 0.647059 0.032010 0.652941 0.030730 0.655882 0.030730 0.658824 0.029449 0.661765 0.028169 0.661765 0.025608 0.655882 0.029449 0.664706 0.028169 0.667647 0.026889 0.667647 0.028169 0.670588 0.026889 0.673529 0.025608 0.673529 0.024328 0.670588 0.024328 0.661765 0.023047 0.658824 0.023047 0.652941 0.021767 0.650000 0.021767 0.635294 0.023047 0.632353 0.023047 0.623529 0.020487 0.617647 0.020487 0.614706 0.019206 0.611765 0.019206 0.608824 0.019206 0.620588 0.017926 0.623529 0.016645 0.623529 0.016645 0.626471 0.015365 0.629412 0.014085 0.629412 0.012804 0.626471 0.012804 0.620588 0.014085 0.617647 0.012804 0.614706 0.011524 0.614706 0.010243 0.611765 0.010243 0.605882 0.010243 0.617647 0.007682 0.623529 0.006402 0.623529 0.005122 0.620588 0.005122 0.614706 0.003841 0.611765 0.003841 0.608824 0.001280 0.602941 0.001280 0.600000 0.000000 0.597059 0.000000 0.635294 0.001280 0.638235 0.000000 0.641176 0.000000 0.997059 0.038412 0.997059 0.038412 0.985294 0.037132 0.982353 0.037132 0.973529 0.035851 0.970588 0.035851 0.964706 0.034571 0.967647 0.034571 0.973529 0.033291 0.976471 0.033291 0.985294 0.032010 0.988235 0.030730 0.988235 0.029449 0.985294 0.029449 0.970588 0.028169 0.967647 0.028169 0.961765 0.029449 0.958824 0.029449 0.955882 0.030730 0.952941 0.033291 0.958824 0.033291 0.961765 0.033291 0.958824 0.032010 0.955882 0.032010 0.952941 0.030730 0.950000 0.032010 0.947059 0.030730 0.950000 0.029449 0.947059 0.029449 0.944118 0.025608 0.935294 0.025608 0.932353 0.026889 0.929412 0.026889 0.923529 0.028169 0.920588 0.028169 0.917647 0.029449 0.914706 0.029449 0.902941 0.030730 0.900000 0.032010 0.900000 0.032010 0.897059 0.033291 0.894118 0.033291 0.891176 0.034571 0.888235 0.034571 0.885294 0.035851 0.882353 0.037132 0.882353 0.034571 0.876471 0.035851 0.873529 0.037132 0.873529 0.037132 0.870588 0.038412 0.867647 0.038412 0.864706 0.040973 0.858824 0.040973 0.852941 0.042254 0.850000 0.042254 0.841176 0.043534 0.838235 0.046095 0.844118 0.046095 0.847059 0.047375 0.850000 0.047375 0.852941 0.046095 0.855882 0.044814 0.852941 0.046095 0.855882 0.046095 0.861765 0.047375 0.864706 0.047375 0.867647 0.046095 0.870588 0.044814 0.867647 0.049936 0.879412 0.051216 0.876471 0.052497 0.879412 0.052497 0.882353 0.049936 0.888235 0.048656 0.888235 0.047375 0.891176 0.044814 0.891176 0.043534 0.894118 0.042254 0.894118 0.040973 0.897059 0.039693 0.894118 0.039693 0.914706 0.038412 0.917647 0.037132 0.914706 0.037132 0.911765 0.035851 0.908824 0.034571 0.911765 0.035851 0.908824 0.037132 0.911765 0.037132 0.914706 0.038412 0.917647 0.038412 0.920588 0.039693 0.923529 0.039693 0.926471 0.040973 0.929412 0.040973 0.932353 0.042254 0.935294 0.042254 0.938235 0.043534 0.941176 0.043534 0.944118 0.044814 0.947059 0.043534 0.944118 0.043534 0.941176 0.042254 0.938235 0.042254 0.935294 0.040973 0.932353 0.040973 0.929412 0.039693 0.926471 0.039693 0.923529 0.038412 0.920588 0.039693 0.917647 0.040973 0.917647 0.042254 0.920588 0.044814 0.920588 0.046095 0.923529 0.046095 0.929412 0.047375 0.932353 0.047375 0.938235 0.048656 0.941176 0.048656 0.944118 0.049936 0.941176 0.051216 0.944118 0.051216 0.950000 0.052497 0.952941 0.052497 0.955882 0.055058 0.961765 0.055058 0.964706 0.056338 0.967647 0.057618 0.967647 0.062740 0.979412 0.064020 0.979412 0.064020 0.970588 0.062740 0.967647 0.062740 0.961765 0.064020 0.958824 0.062740 0.961765 0.061460 0.958824 0.061460 0.955882 0.060179 0.952941 0.060179 0.950000 0.058899 0.947059 0.058899 0.941176 0.057618 0.938235 0.057618 0.932353 0.056338 0.929412 0.056338 0.879412 0.057618 0.876471 0.057618 0.864706 0.058899 0.861765 0.060179 0.864706 0.060179 0.885294 0.061460 0.885294 0.062740 0.888235 0.061460 0.891176 0.061460 0.897059 0.061460 0.891176 0.062740 0.888235 0.064020 0.891176 0.064020 0.914706 0.064020 0.900000 0.065301 0.897059 0.065301 0.894118 0.066581 0.891176 0.066581 0.882353 0.065301 0.879412 0.065301 0.850000 0.064020 0.847059 0.064020 0.814706 0.064020 0.820588 0.062740 0.823529 0.061460 0.820588 0.061460 0.808824 0.060179 0.805882 0.060179 0.802941 0.061460 0.800000 0.062740 0.802941 0.062740 0.797059 0.061460 0.794118 0.061460 0.791176 0.060179 0.788235 0.060179 0.782353 0.058899 0.779412 0.058899 0.776471 0.060179 0.773529 0.060179 0.767647 0.061460 0.764706 0.061460 0.758824 0.062740 0.755882 0.061460 0.752941 0.061460 0.750000 0.060179 0.747059 0.060179 0.741176 0.058899 0.738235 0.058899 0.735294 0.057618 0.732353 0.057618 0.729412 0.056338 0.726471 0.057618 0.723529 0.056338 0.720588 0.056338 0.711765 0.055058 0.708824 0.055058 0.702941 0.053777 0.700000 0.053777 0.691176 0.052497 0.688235 0.052497 0.682353 0.051216 0.679412 0.051216 0.673529 0.049936 0.670588 0.049936 0.667647 0.048656 0.664706 0.048656 0.658824 0.047375 0.655882 0.047375 0.650000 0.046095 0.647059 0.046095 0.641176 0.044814 0.638235 0.044814 0.632353 0.043534 0.629412 0.043534 0.620588 0.042254 0.617647 0.042254 0.611765 0.040973 0.608824 0.040973 0.600000 0.039693 0.597059 0.038412 0.597059 0.037132 0.600000 0.035851 0.597059 0.035851 0.591176 0.034571 0.588235 0.032010 0.588235 0.030730 0.591176 0.029449 0.588235 0.028169 0.588235
2 0.822023 0.573529 0.819462 0.579412 0.819462 0.582353 0.820743 0.579412 0.822023 0.582353 0.822023 0.585294 0.823303 0.588235 0.824584 0.588235 0.825864 0.591176 0.825864 0.588235 0.827145 0.585294 0.828425 0.588235 0.828425 0.597059 0.828425 0.591176 0.829706 0.588235 0.829706 0.582353 0.830986 0.579412 0.832266 0.579412 0.833547 0.582353 0.833547 0.588235 0.832266 0.591176 0.833547 0.594118 0.833547 0.585294 0.834827 0.582353 0.833547 0.579412 0.832266 0.579412 0.830986 0.576471 0.829706 0.576471 0.828425 0.579412 0.827145 0.576471 0.825864 0.576471 0.823303 0.582353 0.822023 0.582353 0.820743 0.579412 0.820743 0.576471
2 0.786172 0.573529 0.786172 0.591176 0.787452 0.588235 0.788732 0.588235 0.791293 0.594118 0.790013 0.591176 0.792574 0.585294 0.793854 0.588235 0.793854 0.597059 0.793854 0.585294 0.792574 0.582353 0.792574 0.579412 0.791293 0.582353 0.787452 0.582353 0.786172 0.579412
2 0.779770 0.561765 0.778489 0.564706 0.778489 0.570588 0.777209 0.573529 0.778489 0.576471 0.778489 0.582353 0.777209 0.585294 0.777209 0.588235 0.778489 0.591176 0.778489 0.597059 0.779770 0.600000 0.778489 0.602941 0.775928 0.602941 0.775928 0.608824 0.777209 0.611765 0.778489 0.611765 0.779770 0.614706 0.781050 0.614706 0.781050 0.611765 0.779770 0.611765 0.778489 0.608824 0.778489 0.605882 0.779770 0.602941 0.781050 0.605882 0.781050 0.597059 0.782330 0.594118 0.782330 0.588235 0.781050 0.585294 0.782330 0.582353 0.782330 0.573529 0.783611 0.570588 0.782330 0.567647 0.782330 0.564706 0.781050 0.561765
2 0.875800 0.555882 0.874520 0.558824 0.875800 0.561765 0.875800 0.564706 0.877081 0.567647 0.877081 0.570588 0.879641 0.570588 0.880922 0.573529 0.882202 0.573529 0.883483 0.576471 0.880922 0.582353 0.880922 0.585294 0.882202 0.588235 0.882202 0.591176 0.880922 0.594118 0.879641 0.594118 0.879641 0.597059 0.878361 0.600000 0.877081 0.600000 0.879641 0.605882 0.882202 0.605882 0.882202 0.600000 0.883483 0.597059 0.884763 0.600000 0.884763 0.605882 0.886044 0.602941 0.889885 0.602941 0.891165 0.600000 0.893726 0.600000 0.895006 0.602941 0.895006 0.605882 0.893726 0.608824 0.893726 0.611765 0.895006 0.614706 0.898848 0.614706 0.897567 0.611765 0.897567 0.608824 0.896287 0.605882 0.896287 0.600000 0.895006 0.597059 0.895006 0.588235 0.895006 0.591176 0.893726 0.594118 0.891165 0.588235 0.891165 0.591176 0.889885 0.594118 0.888604 0.594118 0.887324 0.591176 0.887324 0.588235 0.886044 0.591176 0.883483 0.591176 0.882202 0.588235 0.882202 0.582353 0.883483 0.579412 0.884763 0.579412 0.886044 0.576471 0.887324 0.579412 0.888604 0.576471 0.891165 0.576471 0.892446 0.573529 0.891165 0.573529 0.889885 0.570588 0.891165 0.567647 0.893726 0.567647 0.891165 0.567647 0.888604 0.561765 0.889885 0.558824 0.891165 0.558824 0.888604 0.558824 0.887324 0.561765 0.883483 0.561765 0.882202 0.558824 0.879641 0.558824 0.878361 0.555882
2 0.759283 0.555882 0.759283 0.558824 0.756722 0.564706 0.754161 0.558824 0.752881 0.558824 0.754161 0.558824 0.755442 0.561765 0.754161 0.564706 0.752881 0.564706 0.752881 0.567647 0.751601 0.570588 0.752881 0.573529 0.752881 0.576471 0.751601 0.579412 0.752881 0.579412 0.752881 0.573529 0.751601 0.570588 0.752881 0.567647 0.754161 0.567647 0.755442 0.570588 0.755442 0.573529 0.756722 0.573529 0.758003 0.576471 0.759283 0.573529 0.759283 0.570588 0.761844 0.564706 0.760563 0.561765 0.760563 0.555882
2 0.705506 0.552941 0.705506 0.555882 0.704225 0.558824 0.702945 0.558824 0.702945 0.570588 0.704225 0.570588 0.705506 0.573529 0.705506 0.564706 0.706786 0.561765 0.706786 0.555882
2 0.938540 0.547059 0.937260 0.550000 0.937260 0.555882 0.938540 0.558824 0.938540 0.573529 0.939821 0.576471 0.939821 0.588235 0.941101 0.591176 0.941101 0.597059 0.942382 0.600000 0.941101 0.602941 0.941101 0.608824 0.942382 0.611765 0.941101 0.614706 0.939821 0.614706 0.941101 0.617647 0.941101 0.620588 0.939821 0.623529 0.937260 0.617647 0.939821 0.623529 0.939821 0.629412 0.938540 0.632353 0.937260 0.632353 0.935980 0.629412 0.937260 0.626471 0.935980 0.623529 0.937260 0.626471 0.935980 0.629412 0.935980 0.632353 0.934699 0.635294 0.934699 0.638235 0.933419 0.641176 0.933419 0.644118 0.934699 0.647059 0.934699 0.655882 0.932138 0.661765 0.932138 0.667647 0.929577 0.673529 0.928297 0.670588 0.928297 0.667647 0.928297 0.670588 0.929577 0.673529 0.929577 0.679412 0.930858 0.682353 0.928297 0.688235 0.927017 0.685294 0.927017 0.679412 0.925736 0.679412 0.924456 0.676471 0.924456 0.664706 0.925736 0.661765 0.927017 0.661765 0.927017 0.655882 0.925736 0.652941 0.925736 0.647059 0.927017 0.644118 0.927017 0.626471 0.928297 0.623529 0.928297 0.602941 0.929577 0.600000 0.929577 0.585294 0.929577 0.594118 0.928297 0.597059 0.928297 0.608824 0.927017 0.611765 0.927017 0.620588 0.925736 0.623529 0.925736 0.629412 0.924456 0.632353 0.924456 0.647059 0.923175 0.650000 0.923175 0.673529 0.921895 0.676471 0.920615 0.673529 0.920615 0.670588 0.919334 0.673529 0.919334 0.676471 0.921895 0.682353 0.920615 0.685294 0.920615 0.705882 0.919334 0.708824 0.919334 0.744118 0.918054 0.747059 0.916773 0.747059 0.915493 0.744118 0.912932 0.744118 0.911652 0.741176 0.911652 0.729412 0.912932 0.726471 0.912932 0.711765 0.914213 0.708824 0.914213 0.705882 0.911652 0.700000 0.912932 0.697059 0.914213 0.697059 0.912932 0.694118 0.911652 0.694118 0.910371 0.691176 0.910371 0.685294 0.909091 0.682353 0.909091 0.679412 0.911652 0.673529 0.912932 0.673529 0.914213 0.676471 0.912932 0.679412 0.914213 0.679412 0.915493 0.682353 0.915493 0.685294 0.914213 0.688235 0.912932 0.685294 0.912932 0.688235 0.914213 0.688235 0.915493 0.685294 0.915493 0.682353 0.916773 0.679412 0.916773 0.670588 0.916773 0.673529 0.915493 0.676471 0.914213 0.676471 0.912932 0.673529 0.911652 0.673529 0.910371 0.670588 0.910371 0.667647 0.909091 0.664706 0.909091 0.661765 0.911652 0.655882 0.911652 0.652941 0.912932 0.650000 0.912932 0.647059 0.915493 0.641176 0.915493 0.638235 0.916773 0.635294 0.918054 0.638235 0.918054 0.655882 0.918054 0.647059 0.919334 0.644118 0.919334 0.626471 0.918054 0.623529 0.918054 0.617647 0.919334 0.614706 0.919334 0.611765 0.920615 0.608824 0.923175 0.608824 0.923175 0.579412 0.923175 0.597059 0.921895 0.600000 0.920615 0.597059 0.919334 0.597059 0.918054 0.600000 0.915493 0.594118 0.912932 0.594118 0.912932 0.600000 0.910371 0.605882 0.909091 0.602941 0.907810 0.602941 0.906530 0.605882 0.906530 0.617647 0.905250 0.620588 0.903969 0.620588 0.902689 0.623529 0.902689 0.626471 0.901408 0.629412 0.901408 0.632353 0.902689 0.635294 0.903969 0.635294 0.905250 0.638235 0.907810 0.638235 0.909091 0.641176 0.910371 0.641176 0.911652 0.644118 0.910371 0.647059 0.905250 0.647059 0.903969 0.644118 0.898848 0.644118 0.897567 0.641176 0.896287 0.644118 0.901408 0.655882 0.901408 0.658824 0.900128 0.661765 0.897567 0.655882 0.896287 0.655882 0.893726 0.650000 0.892446 0.650000 0.889885 0.655882 0.888604 0.655882 0.888604 0.664706 0.887324 0.667647 0.886044 0.667647 0.887324 0.670588 0.887324 0.676471 0.886044 0.679412 0.884763 0.679412 0.882202 0.673529 0.882202 0.670588 0.883483 0.667647 0.883483 0.655882 0.882202 0.658824 0.880922 0.658824 0.879641 0.655882 0.879641 0.647059 0.878361 0.647059 0.878361 0.650000 0.877081 0.652941 0.875800 0.652941 0.875800 0.661765 0.874520 0.664706 0.873239 0.664706 0.871959 0.661765 0.871959 0.658824 0.870679 0.655882 0.871959 0.652941 0.870679 0.650000 0.870679 0.655882 0.871959 0.658824 0.871959 0.661765 0.870679 0.664706 0.870679 0.673529 0.869398 0.676471 0.869398 0.679412 0.868118 0.682353 0.866837 0.682353 0.865557 0.679412 0.865557 0.676471 0.865557 0.682353 0.868118 0.682353 0.869398 0.685294 0.868118 0.688235 0.868118 0.691176 0.869398 0.688235 0.870679 0.691176 0.873239 0.691176 0.874520 0.694118 0.875800 0.694118 0.875800 0.661765 0.877081 0.658824 0.878361 0.661765 0.878361 0.667647 0.879641 0.664706 0.880922 0.667647 0.880922 0.691176 0.882202 0.688235 0.883483 0.691176 0.883483 0.700000 0.889885 0.714706 0.889885 0.717647 0.891165 0.720588 0.891165 0.723529 0.893726 0.729412 0.893726 0.732353 0.896287 0.726471 0.897567 0.729412 0.897567 0.738235 0.896287 0.741176 0.896287 0.744118 0.897567 0.744118 0.898848 0.747059 0.898848 0.750000 0.900128 0.752941 0.900128 0.755882 0.901408 0.758824 0.901408 0.764706 0.902689 0.767647 0.902689 0.773529 0.903969 0.776471 0.903969 0.779412 0.905250 0.782353 0.905250 0.788235 0.906530 0.791176 0.906530 0.794118 0.907810 0.797059 0.907810 0.802941 0.909091 0.805882 0.909091 0.808824 0.909091 0.797059 0.910371 0.794118 0.910371 0.782353 0.911652 0.779412 0.911652 0.767647 0.912932 0.764706 0.912932 0.755882 0.914213 0.752941 0.915493 0.755882 0.915493 0.770588 0.914213 0.773529 0.914213 0.788235 0.915493 0.791176 0.915493 0.802941 0.914213 0.805882 0.912932 0.802941 0.914213 0.805882 0.914213 0.811765 0.912932 0.814706 0.912932 0.817647 0.914213 0.817647 0.915493 0.820588 0.914213 0.823529 0.914213 0.826471 0.912932 0.829412 0.912932 0.835294 0.914213 0.838235 0.914213 0.841176 0.914213 0.838235 0.915493 0.835294 0.915493 0.832353 0.916773 0.829412 0.919334 0.835294 0.916773 0.841176 0.916773 0.844118 0.918054 0.847059 0.918054 0.850000 0.920615 0.850000 0.921895 0.852941 0.921895 0.858824 0.923175 0.861765 0.923175 0.858824 0.921895 0.855882 0.921895 0.847059 0.920615 0.844118 0.921895 0.841176 0.920615 0.844118 0.919334 0.841176 0.919334 0.835294 0.918054 0.832353 0.919334 0.829412 0.920615 0.829412 0.921895 0.832353 0.923175 0.829412 0.924456 0.832353 0.924456 0.838235 0.925736 0.838235 0.925736 0.829412 0.927017 0.826471 0.927017 0.820588 0.928297 0.817647 0.929577 0.820588 0.929577 0.852941 0.928297 0.855882 0.928297 0.861765 0.929577 0.864706 0.929577 0.876471 0.932138 0.882353 0.932138 0.885294 0.933419 0.888235 0.933419 0.885294 0.937260 0.876471 0.935980 0.873529 0.937260 0.870588 0.935980 0.867647 0.938540 0.861765 0.942382 0.870588 0.941101 0.873529 0.942382 0.870588 0.947503 0.882353 0.947503 0.902941 0.946223 0.905882 0.946223 0.926471 0.946223 0.923529 0.947503 0.920588 0.947503 0.905882 0.948784 0.902941 0.948784 0.894118 0.947503 0.891176 0.948784 0.888235 0.950064 0.888235 0.950064 0.879412 0.947503 0.873529 0.948784 0.870588 0.950064 0.870588 0.952625 0.876471 0.952625 0.900000 0.951344 0.902941 0.951344 0.914706 0.952625 0.917647 0.952625 0.920588 0.951344 0.923529 0.952625 0.920588 0.953905 0.923529 0.953905 0.926471 0.952625 0.929412 0.948784 0.929412 0.952625 0.929412 0.953905 0.926471 0.955186 0.929412 0.955186 0.935294 0.955186 0.929412 0.953905 0.926471 0.955186 0.923529 0.956466 0.923529 0.957746 0.926471 0.957746 0.964706 0.960307 0.964706 0.964149 0.955882 0.965429 0.958824 0.965429 0.964706 0.966709 0.967647 0.966709 0.973529 0.965429 0.976471 0.964149 0.973529 0.962868 0.976471 0.962868 0.982353 0.965429 0.988235 0.965429 0.991176 0.967990 0.997059 0.969270 0.994118 0.970551 0.997059 0.976953 0.997059 0.978233 0.994118 0.978233 0.991176 0.979513 0.988235 0.980794 0.991176 0.980794 0.997059 0.982074 0.997059 0.982074 0.976471 0.983355 0.973529 0.983355 0.967647 0.984635 0.964706 0.984635 0.961765 0.985915 0.958824 0.985915 0.955882 0.987196 0.952941 0.987196 0.947059 0.988476 0.944118 0.988476 0.941176 0.989757 0.938235 0.991037 0.941176 0.991037 0.997059 0.998720 0.997059 0.998720 0.894118 0.997439 0.897059 0.997439 0.900000 0.996159 0.902941 0.993598 0.897059 0.993598 0.885294 0.994878 0.882353 0.994878 0.879412 0.996159 0.876471 0.996159 0.873529 0.994878 0.876471 0.994878 0.879412 0.993598 0.882353 0.992318 0.879412 0.992318 0.864706 0.993598 0.861765 0.993598 0.858824 0.994878 0.855882 0.997439 0.861765 0.997439 0.867647 0.998720 0.870588 0.998720 0.873529 0.998720 0.679412 0.998720 0.682353 0.997439 0.685294 0.996159 0.682353 0.996159 0.679412 0.994878 0.679412 0.991037 0.688235 0.988476 0.682353 0.989757 0.679412 0.991037 0.679412 0.989757 0.679412 0.988476 0.682353 0.987196 0.679412 0.987196 0.676471 0.988476 0.673529 0.988476 0.670588 0.989757 0.667647 0.989757 0.661765 0.988476 0.658824 0.988476 0.655882 0.985915 0.661765 0.984635 0.658824 0.984635 0.655882 0.985915 0.652941 0.984635 0.655882 0.984635 0.658824 0.983355 0.661765 0.982074 0.658824 0.982074 0.632353 0.983355 0.629412 0.982074 0.626471 0.982074 0.600000 0.982074 0.608824 0.980794 0.611765 0.980794 0.629412 0.979513 0.632353 0.979513 0.652941 0.978233 0.655882 0.976953 0.652941 0.976953 0.650000 0.975672 0.647059 0.974392 0.647059 0.973111 0.644118 0.975672 0.638235 0.975672 0.635294 0.974392 0.632353 0.974392 0.641176 0.970551 0.650000 0.969270 0.647059 0.969270 0.644118 0.970551 0.641176 0.970551 0.623529 0.971831 0.620588 0.971831 0.617647 0.970551 0.617647 0.969270 0.614706 0.969270 0.611765 0.971831 0.605882 0.969270 0.600000 0.969270 0.591176 0.970551 0.588235 0.969270 0.588235 0.967990 0.585294 0.970551 0.579412 0.970551 0.576471 0.971831 0.573529 0.971831 0.570588 0.973111 0.567647 0.973111 0.561765 0.971831 0.561765 0.970551 0.558824 0.969270 0.558824 0.966709 0.564706 0.965429 0.564706 0.962868 0.558824 0.961588 0.558824 0.959027 0.552941 0.956466 0.552941 0.956466 0.555882 0.955186 0.558824 0.952625 0.552941 0.952625 0.550000 0.951344 0.550000 0.950064 0.547059 0.948784 0.547059 0.947503 0.550000 0.944942 0.550000 0.943662 0.547059 0.942382 0.550000 0.941101 0.550000 0.939821 0.547059
2 0.814341 0.547059 0.813060 0.550000 0.813060 0.564706 0.814341 0.567647 0.814341 0.570588 0.815621 0.570588 0.816901 0.573529 0.818182 0.570588 0.818182 0.567647 0.819462 0.564706 0.820743 0.564706 0.822023 0.561765 0.820743 0.561765 0.819462 0.564706 0.818182 0.561765 0.818182 0.552941 0.816901 0.550000 0.815621 0.550000
2 0.478873 0.532353 0.478873 0.538235 0.480154 0.541176 0.480154 0.558824 0.481434 0.561765 0.481434 0.570588 0.480154 0.573529 0.480154 0.579412 0.481434 0.579412 0.483995 0.585294 0.482714 0.588235 0.483995 0.591176 0.482714 0.588235 0.483995 0.585294 0.483995 0.579412 0.482714 0.576471 0.482714 0.561765 0.481434 0.558824 0.481434 0.550000 0.480154 0.547059 0.480154 0.541176 0.478873 0.538235
2 0.838668 0.529412 0.838668 0.535294 0.839949 0.538235 0.839949 0.541176 0.838668 0.544118 0.837388 0.544118 0.836108 0.547059 0.834827 0.544118 0.832266 0.544118 0.833547 0.547059 0.833547 0.550000 0.834827 0.552941 0.834827 0.555882 0.837388 0.555882 0.836108 0.552941 0.837388 0.550000 0.838668 0.550000 0.839949 0.547059 0.841229 0.547059 0.842510 0.544118 0.843790 0.544118 0.838668 0.532353
2 0.818182 0.520588 0.818182 0.523529 0.819462 0.526471 0.818182 0.529412 0.816901 0.529412 0.816901 0.532353 0.815621 0.535294 0.815621 0.541176 0.818182 0.541176 0.819462 0.544118 0.819462 0.541176 0.820743 0.538235 0.822023 0.541176 0.823303 0.538235 0.824584 0.541176 0.824584 0.547059 0.827145 0.547059 0.828425 0.544118 0.827145 0.547059 0.825864 0.547059 0.824584 0.544118 0.824584 0.532353 0.823303 0.535294 0.822023 0.532353 0.820743 0.532353 0.819462 0.529412 0.819462 0.526471 0.818182 0.523529
2 0.207426 0.514706 0.206146 0.517647 0.204866 0.517647 0.204866 0.523529 0.206146 0.526471 0.206146 0.529412 0.207426 0.532353 0.207426 0.535294 0.208707 0.538235 0.208707 0.544118 0.209987 0.547059 0.209987 0.552941 0.211268 0.555882 0.211268 0.561765 0.212548 0.564706 0.212548 0.570588 0.213828 0.570588 0.213828 0.558824 0.212548 0.555882 0.212548 0.552941 0.213828 0.550000 0.212548 0.547059 0.212548 0.538235 0.209987 0.532353 0.209987 0.526471 0.208707 0.523529 0.208707 0.514706
2 0.841229 0.511765 0.841229 0.514706 0.838668 0.520588 0.838668 0.523529 0.839949 0.523529 0.841229 0.526471 0.843790 0.526471 0.843790 0.523529 0.842510 0.520588 0.842510 0.517647 0.841229 0.514706 0.842510 0.511765
2 0.801536 0.505882 0.800256 0.508824 0.800256 0.511765 0.801536 0.514706 0.801536 0.526471 0.802817 0.529412 0.802817 0.532353 0.801536 0.535294 0.801536 0.541176 0.805378 0.541176 0.806658 0.544118 0.809219 0.544118 0.810499 0.547059 0.809219 0.550000 0.807939 0.550000 0.806658 0.552941 0.805378 0.552941 0.805378 0.555882 0.806658 0.558824 0.807939 0.558824 0.810499 0.552941 0.810499 0.547059 0.811780 0.544118 0.811780 0.541176 0.813060 0.538235 0.813060 0.535294 0.811780 0.532353 0.813060 0.529412 0.814341 0.529412 0.814341 0.526471 0.815621 0.523529 0.815621 0.517647 0.816901 0.514706 0.815621 0.514706 0.814341 0.511765 0.811780 0.511765 0.810499 0.514706 0.809219 0.511765 0.807939 0.514706 0.806658 0.511765 0.806658 0.505882 0.805378 0.505882 0.804097 0.508824 0.802817 0.508824
2 0.752881 0.500000 0.752881 0.502941 0.751601 0.505882 0.749040 0.505882 0.749040 0.508824 0.747759 0.511765 0.746479 0.511765 0.745198 0.508824 0.743918 0.511765 0.742638 0.511765 0.743918 0.511765 0.745198 0.514706 0.745198 0.520588 0.741357 0.529412 0.742638 0.526471 0.743918 0.526471 0.745198 0.529412 0.745198 0.532353 0.746479 0.532353 0.747759 0.529412 0.749040 0.532353 0.749040 0.535294 0.747759 0.538235 0.749040 0.538235 0.750320 0.541176 0.749040 0.544118 0.749040 0.547059 0.751601 0.541176 0.751601 0.538235 0.750320 0.535294 0.750320 0.532353 0.751601 0.529412 0.752881 0.532353 0.756722 0.532353 0.758003 0.529412 0.758003 0.520588 0.756722 0.523529 0.754161 0.517647 0.754161 0.514706 0.755442 0.511765 0.755442 0.508824 0.756722 0.505882 0.756722 0.500000 0.755442 0.500000 0.754161 0.502941
2 0.576184 0.500000 0.576184 0.517647 0.577465 0.520588 0.577465 0.523529 0.578745 0.526471 0.578745 0.517647 0.580026 0.514706 0.577465 0.508824 0.577465 0.500000
2 0.761844 0.494118 0.761844 0.508824 0.763124 0.511765 0.761844 0.514706 0.763124 0.517647 0.763124 0.526471 0.764405 0.529412 0.766965 0.529412 0.768246 0.532353 0.766965 0.535294 0.766965 0.538235 0.768246 0.541176 0.766965 0.544118 0.766965 0.550000 0.769526 0.555882 0.768246 0.558824 0.769526 0.561765 0.769526 0.570588 0.770807 0.573529 0.770807 0.576471 0.772087 0.576471 0.770807 0.573529 0.770807 0.564706 0.772087 0.561765 0.772087 0.552941 0.770807 0.552941 0.766965 0.544118 0.769526 0.538235 0.770807 0.541176 0.770807 0.538235 0.769526 0.535294 0.770807 0.532353 0.770807 0.529412 0.769526 0.526471 0.770807 0.523529 0.770807 0.520588 0.769526 0.517647 0.769526 0.511765 0.768246 0.508824 0.768246 0.500000 0.769526 0.497059 0.768246 0.500000 0.766965 0.500000 0.765685 0.497059 0.765685 0.494118 0.764405 0.497059 0.763124 0.494118
2 0.722151 0.494118 0.719590 0.500000 0.715749 0.500000 0.714469 0.502941 0.713188 0.502941 0.711908 0.505882 0.711908 0.514706 0.714469 0.514706 0.715749 0.517647 0.715749 0.520588 0.717029 0.517647 0.715749 0.514706 0.717029 0.511765 0.719590 0.511765 0.719590 0.508824 0.723431 0.500000 0.722151 0.497059
2 0.471191 0.494118 0.469910 0.497059 0.469910 0.502941 0.467350 0.508824 0.468630 0.511765 0.468630 0.517647 0.469910 0.520588 0.469910 0.526471 0.471191 0.529412 0.471191 0.535294 0.471191 0.523529 0.472471 0.520588 0.473752 0.520588 0.473752 0.511765 0.472471 0.511765 0.471191 0.508824 0.471191 0.502941 0.472471 0.500000 0.472471 0.494118
2 0.285531 0.494118 0.284251 0.497059 0.284251 0.508824 0.282971 0.511765 0.284251 0.514706 0.284251 0.520588 0.285531 0.517647 0.288092 0.517647 0.288092 0.514706 0.289373 0.511765 0.288092 0.508824 0.288092 0.500000 0.289373 0.497059 0.289373 0.494118
2 0.668374 0.482353 0.668374 0.488235 0.667093 0.491176 0.665813 0.491176 0.665813 0.494118 0.668374 0.500000 0.665813 0.505882 0.664533 0.505882 0.665813 0.508824 0.665813 0.517647 0.664533 0.520588 0.663252 0.520588 0.665813 0.520588 0.667093 0.523529 0.667093 0.529412 0.665813 0.532353 0.664533 0.529412 0.664533 0.532353 0.665813 0.535294 0.667093 0.532353 0.668374 0.535294 0.668374 0.538235 0.669654 0.538235 0.669654 0.532353 0.670935 0.529412 0.670935 0.526471 0.672215 0.523529 0.673496 0.526471 0.673496 0.538235 0.674776 0.541176 0.676056 0.538235 0.677337 0.541176 0.676056 0.538235 0.676056 0.535294 0.674776 0.532353 0.676056 0.529412 0.677337 0.529412 0.678617 0.532353 0.681178 0.532353 0.681178 0.529412 0.678617 0.529412 0.676056 0.523529 0.674776 0.523529 0.673496 0.526471 0.672215 0.523529 0.672215 0.520588 0.669654 0.514706 0.670935 0.511765 0.672215 0.511765 0.673496 0.508824 0.674776 0.511765 0.676056 0.511765 0.677337 0.514706 0.677337 0.511765 0.676056 0.508824 0.678617 0.502941 0.679898 0.505882 0.678617 0.502941 0.678617 0.500000 0.677337 0.500000 0.676056 0.502941 0.676056 0.505882 0.674776 0.508824 0.673496 0.505882 0.673496 0.497059 0.672215 0.494118 0.672215 0.491176
2 0.650448 0.482353 0.650448 0.491176 0.651729 0.494118 0.651729 0.502941 0.653009 0.505882 0.651729 0.508824 0.651729 0.511765 0.653009 0.514706 0.653009 0.520588 0.654289 0.523529 0.653009 0.520588 0.654289 0.517647 0.654289 0.500000 0.653009 0.497059 0.653009 0.488235 0.651729 0.485294 0.651729 0.482353
2 0.604353 0.482353 0.605634 0.485294 0.605634 0.494118 0.606914 0.497059 0.606914 0.511765 0.605634 0.514706 0.604353 0.514706 0.603073 0.511765 0.601793 0.511765 0.600512 0.508824 0.600512 0.497059 0.599232 0.497059 0.599232 0.502941 0.597951 0.505882 0.599232 0.505882 0.600512 0.508824 0.599232 0.511765 0.596671 0.511765 0.595391 0.514706 0.594110 0.514706 0.591549 0.520588 0.590269 0.517647 0.590269 0.500000 0.590269 0.502941 0.588988 0.505882 0.588988 0.514706 0.587708 0.517647 0.585147 0.511765 0.585147 0.514706 0.586428 0.517647 0.587708 0.517647 0.588988 0.520588 0.586428 0.526471 0.587708 0.523529 0.588988 0.526471 0.588988 0.529412 0.590269 0.529412 0.592830 0.535294 0.591549 0.538235 0.590269 0.538235 0.591549 0.541176 0.590269 0.544118 0.591549 0.544118 0.592830 0.547059 0.591549 0.550000 0.591549 0.552941 0.594110 0.558824 0.594110 0.547059 0.592830 0.544118 0.592830 0.541176 0.594110 0.538235 0.595391 0.538235 0.596671 0.541176 0.596671 0.564706 0.597951 0.564706 0.599232 0.567647 0.599232 0.570588 0.597951 0.573529 0.595391 0.573529 0.594110 0.570588 0.594110 0.567647 0.592830 0.567647 0.592830 0.570588 0.591549 0.573529 0.590269 0.573529 0.587708 0.579412 0.590269 0.573529 0.591549 0.576471 0.591549 0.588235 0.590269 0.591176 0.588988 0.588235 0.588988 0.585294 0.588988 0.597059 0.590269 0.594118 0.591549 0.597059 0.591549 0.600000 0.592830 0.600000 0.594110 0.597059 0.595391 0.597059 0.597951 0.591176 0.596671 0.588235 0.597951 0.585294 0.599232 0.585294 0.600512 0.588235 0.600512 0.582353 0.601793 0.579412 0.603073 0.582353 0.604353 0.582353 0.605634 0.579412 0.606914 0.582353 0.606914 0.588235 0.606914 0.579412 0.608195 0.576471 0.609475 0.579412 0.609475 0.594118 0.610755 0.597059 0.609475 0.594118 0.612036 0.588235 0.610755 0.585294 0.610755 0.582353 0.612036 0.579412 0.614597 0.579412 0.614597 0.576471 0.612036 0.576471 0.610755 0.573529 0.614597 0.564706 0.614597 0.561765 0.613316 0.558824 0.612036 0.561765 0.610755 0.558824 0.609475 0.558824 0.608195 0.555882 0.612036 0.547059 0.612036 0.544118 0.610755 0.541176 0.612036 0.538235 0.610755 0.535294 0.612036 0.532353 0.615877 0.532353 0.617157 0.529412 0.615877 0.529412 0.612036 0.520588 0.613316 0.517647 0.614597 0.517647 0.615877 0.520588 0.619718 0.511765 0.620999 0.514706 0.620999 0.502941 0.620999 0.508824 0.619718 0.511765 0.617157 0.511765 0.615877 0.508824 0.615877 0.502941 0.617157 0.500000 0.618438 0.502941 0.618438 0.505882 0.618438 0.491176 0.617157 0.488235 0.615877 0.491176 0.615877 0.494118 0.614597 0.497059 0.613316 0.494118 0.613316 0.491176 0.610755 0.485294 0.608195 0.485294 0.606914 0.482353
2 0.577465 0.479412 0.577465 0.482353 0.578745 0.485294 0.578745 0.488235 0.580026 0.491176 0.580026 0.494118 0.581306 0.497059 0.581306 0.482353 0.580026 0.479412
2 0.645327 0.476471 0.645327 0.494118 0.644046 0.497059 0.644046 0.502941 0.642766 0.505882 0.641485 0.505882 0.642766 0.508824 0.641485 0.511765 0.641485 0.514706 0.640205 0.517647 0.638924 0.514706 0.638924 0.500000 0.640205 0.497059 0.640205 0.494118 0.642766 0.488235 0.642766 0.482353 0.641485 0.482353 0.641485 0.485294 0.640205 0.488235 0.636364 0.488235 0.635083 0.485294 0.635083 0.482353 0.633803 0.485294 0.632522 0.482353 0.632522 0.485294 0.633803 0.488235 0.631242 0.494118 0.629962 0.491176 0.628681 0.494118 0.628681 0.500000 0.627401 0.502941 0.627401 0.508824 0.626120 0.511765 0.626120 0.514706 0.627401 0.517647 0.627401 0.520588 0.626120 0.523529 0.624840 0.523529 0.624840 0.529412 0.623560 0.532353 0.623560 0.535294 0.624840 0.535294 0.626120 0.538235 0.626120 0.532353 0.627401 0.529412 0.628681 0.529412 0.629962 0.532353 0.629962 0.535294 0.631242 0.538235 0.628681 0.544118 0.628681 0.550000 0.627401 0.552941 0.627401 0.555882 0.632522 0.555882 0.633803 0.558824 0.632522 0.561765 0.631242 0.561765 0.631242 0.564706 0.632522 0.564706 0.633803 0.567647 0.632522 0.570588 0.631242 0.570588 0.628681 0.576471 0.629962 0.579412 0.631242 0.579412 0.632522 0.582353 0.632522 0.585294 0.633803 0.582353 0.635083 0.582353 0.635083 0.579412 0.636364 0.576471 0.638924 0.582353 0.638924 0.585294 0.640205 0.588235 0.642766 0.588235 0.642766 0.582353 0.644046 0.579412 0.645327 0.579412 0.646607 0.576471 0.646607 0.573529 0.647887 0.570588 0.649168 0.573529 0.649168 0.576471 0.651729 0.576471 0.650448 0.573529 0.653009 0.567647 0.653009 0.561765 0.651729 0.561765 0.650448 0.558824 0.651729 0.555882 0.651729 0.552941 0.650448 0.550000 0.650448 0.547059 0.649168 0.544118 0.650448 0.541176 0.649168 0.538235 0.649168 0.529412 0.647887 0.526471 0.647887 0.517647 0.646607 0.514706 0.646607 0.497059 0.645327 0.494118 0.646607 0.491176 0.646607 0.476471
2 0.339309 0.473529 0.339309 0.476471 0.340589 0.479412 0.340589 0.485294 0.341869 0.488235 0.341869 0.494118 0.343150 0.497059 0.343150 0.500000 0.341869 0.502941 0.341869 0.511765 0.343150 0.514706 0.344430 0.511765 0.345711 0.514706 0.345711 0.511765 0.346991 0.508824 0.346991 0.502941 0.349552 0.497059 0.350832 0.497059 0.352113 0.500000 0.352113 0.511765 0.350832 0.514706 0.350832 0.523529 0.352113 0.520588 0.354673 0.526471 0.352113 0.532353 0.352113 0.541176 0.350832 0.544118 0.350832 0.547059 0.348271 0.552941 0.346991 0.552941 0.346991 0.555882 0.345711 0.558824 0.344430 0.555882 0.343150 0.558824 0.343150 0.561765 0.341869 0.564706 0.340589 0.564706 0.340589 0.567647 0.341869 0.570588 0.341869 0.579412 0.341869 0.564706 0.343150 0.561765 0.343150 0.558824 0.344430 0.555882 0.345711 0.558824 0.345711 0.576471 0.346991 0.579412 0.345711 0.582353 0.344430 0.582353 0.344430 0.597059 0.341869 0.602941 0.340589 0.602941 0.339309 0.600000 0.338028 0.600000 0.335467 0.594118 0.335467 0.585294 0.336748 0.582353 0.336748 0.579412 0.336748 0.582353 0.335467 0.585294 0.335467 0.591176 0.334187 0.594118 0.331626 0.594118 0.329065 0.588235 0.327785 0.588235 0.326504 0.585294 0.326504 0.579412 0.329065 0.573529 0.329065 0.570588 0.330346 0.567647 0.330346 0.561765 0.332907 0.555882 0.334187 0.558824 0.335467 0.555882 0.336748 0.555882 0.338028 0.552941 0.339309 0.552941 0.339309 0.550000 0.338028 0.552941 0.336748 0.550000 0.336748 0.535294 0.338028 0.532353 0.339309 0.535294 0.340589 0.535294 0.341869 0.532353 0.341869 0.529412 0.343150 0.526471 0.344430 0.529412 0.344430 0.532353 0.344430 0.526471 0.343150 0.526471 0.338028 0.514706 0.338028 0.508824 0.336748 0.505882 0.338028 0.502941 0.336748 0.505882 0.335467 0.502941 0.335467 0.497059 0.332907 0.497059 0.330346 0.491176 0.330346 0.488235 0.327785 0.488235 0.326504 0.485294 0.327785 0.482353 0.330346 0.482353 0.330346 0.479412 0.329065 0.476471 0.327785 0.479412 0.326504 0.476471 0.325224 0.476471 0.326504 0.479412 0.326504 0.482353 0.325224 0.485294 0.326504 0.488235 0.325224 0.491176 0.325224 0.500000 0.326504 0.502941 0.326504 0.505882 0.327785 0.508824 0.326504 0.511765 0.326504 0.532353 0.326504 0.526471 0.327785 0.523529 0.329065 0.523529 0.330346 0.526471 0.329065 0.529412 0.329065 0.532353 0.330346 0.535294 0.330346 0.541176 0.329065 0.544118 0.326504 0.538235 0.325224 0.541176 0.322663 0.535294 0.321383 0.538235 0.320102 0.538235 0.318822 0.535294 0.318822 0.532353 0.318822 0.535294 0.320102 0.538235 0.318822 0.541176 0.320102 0.544118 0.318822 0.547059 0.318822 0.561765 0.317542 0.564706 0.316261 0.561765 0.314981 0.561765 0.313700 0.558824 0.312420 0.558824 0.312420 0.561765 0.313700 0.564706 0.312420 0.567647 0.312420 0.585294 0.313700 0.588235 0.312420 0.591176 0.309859 0.591176 0.307298 0.585294 0.309859 0.579412 0.309859 0.576471 0.308579 0.576471 0.307298 0.573529 0.307298 0.570588 0.309859 0.564706 0.308579 0.564706 0.307298 0.561765 0.306018 0.561765 0.304738 0.558824 0.306018 0.555882 0.308579 0.555882 0.309859 0.558824 0.309859 0.550000 0.308579 0.547059 0.309859 0.544118 0.312420 0.544118 0.312420 0.538235 0.311140 0.538235 0.309859 0.535294 0.311140 0.532353 0.309859 0.529412 0.309859 0.526471 0.311140 0.523529 0.312420 0.526471 0.313700 0.523529 0.314981 0.523529 0.313700 0.520588 0.313700 0.517647 0.314981 0.514706 0.314981 0.511765 0.316261 0.508824 0.316261 0.505882 0.318822 0.500000 0.318822 0.497059 0.317542 0.494118 0.316261 0.497059 0.316261 0.500000 0.314981 0.502941 0.313700 0.500000 0.311140 0.500000 0.309859 0.497059 0.311140 0.494118 0.311140 0.491176 0.312420 0.488235 0.312420 0.485294 0.309859 0.485294 0.308579 0.482353 0.308579 0.479412 0.307298 0.476471 0.306018 0.476471 0.306018 0.482353 0.307298 0.485294 0.306018 0.488235 0.303457 0.488235 0.303457 0.508824 0.302177 0.511765 0.300896 0.508824 0.300896 0.520588 0.298335 0.526471 0.297055 0.526471 0.297055 0.547059 0.298335 0.550000 0.298335 0.576471 0.299616 0.579412 0.299616 0.582353 0.298335 0.585294 0.299616 0.588235 0.299616 0.591176 0.298335 0.594118 0.299616 0.597059 0.299616 0.600000 0.299616 0.597059 0.300896 0.594118 0.303457 0.600000 0.303457 0.602941 0.302177 0.605882 0.306018 0.605882 0.307298 0.608824 0.307298 0.626471 0.308579 0.626471 0.309859 0.629412 0.309859 0.635294 0.308579 0.638235 0.308579 0.641176 0.309859 0.644118 0.309859 0.647059 0.308579 0.650000 0.306018 0.644118 0.304738 0.644118 0.304738 0.647059 0.303457 0.650000 0.303457 0.652941 0.302177 0.655882 0.300896 0.652941 0.300896 0.641176 0.299616 0.638235 0.300896 0.635294 0.300896 0.632353 0.302177 0.629412 0.300896 0.626471 0.300896 0.611765 0.300896 0.617647 0.299616 0.620588 0.299616 0.650000 0.298335 0.652941 0.298335 0.658824 0.297055 0.661765 0.297055 0.667647 0.295775 0.670588 0.294494 0.670588 0.293214 0.667647 0.293214 0.664706 0.291933 0.661765 0.291933 0.658824 0.288092 0.650000 0.288092 0.635294 0.286812 0.632353 0.286812 0.626471 0.285531 0.623529 0.285531 0.617647 0.284251 0.614706 0.284251 0.611765 0.282971 0.608824 0.282971 0.602941 0.281690 0.600000 0.281690 0.594118 0.281690 0.600000 0.280410 0.602941 0.280410 0.608824 0.279129 0.611765 0.277849 0.611765 0.277849 0.614706 0.276569 0.617647 0.276569 0.620588 0.275288 0.623529 0.274008 0.620588 0.274008 0.614706 0.275288 0.611765 0.275288 0.608824 0.276569 0.605882 0.277849 0.605882 0.277849 0.600000 0.279129 0.597059 0.279129 0.594118 0.277849 0.591176 0.277849 0.585294 0.279129 0.582353 0.280410 0.585294 0.277849 0.579412 0.279129 0.576471 0.277849 0.576471 0.276569 0.573529 0.276569 0.570588 0.277849 0.567647 0.276569 0.564706 0.276569 0.552941 0.275288 0.550000 0.275288 0.532353 0.274008 0.529412 0.274008 0.508824 0.274008 0.511765 0.271447 0.517647 0.270166 0.517647 0.268886 0.514706 0.268886 0.491176 0.267606 0.494118 0.263764 0.494118 0.258643 0.505882 0.259923 0.508824 0.258643 0.511765 0.258643 0.514706 0.256082 0.520588 0.256082 0.523529 0.254802 0.526471 0.253521 0.526471 0.252241 0.529412 0.250960 0.526471 0.250960 0.529412 0.252241 0.532353 0.250960 0.535294 0.250960 0.541176 0.249680 0.544118 0.248399 0.541176 0.245839 0.541176 0.244558 0.538235 0.244558 0.532353 0.245839 0.529412 0.245839 0.517647 0.247119 0.514706 0.247119 0.511765 0.249680 0.505882 0.249680 0.500000 0.250960 0.497059 0.250960 0.491176 0.249680 0.494118 0.248399 0.491176 0.248399 0.494118 0.247119 0.497059 0.244558 0.497059 0.244558 0.500000 0.245839 0.502941 0.241997 0.511765 0.240717 0.511765 0.240717 0.514706 0.239437 0.517647 0.236876 0.511765 0.236876 0.502941 0.236876 0.514706 0.235595 0.517647 0.234315 0.517647 0.233035 0.520588 0.235595 0.526471 0.233035 0.532353 0.231754 0.532353 0.230474 0.535294 0.231754 0.538235 0.231754 0.561765 0.230474 0.564706 0.229193 0.564706 0.227913 0.561765 0.229193 0.558824 0.229193 0.547059 0.229193 0.552941 0.227913 0.555882 0.225352 0.550000 0.225352 0.544118 0.226633 0.541176 0.226633 0.538235 0.227913 0.535294 0.227913 0.532353 0.230474 0.526471 0.230474 0.520588 0.227913 0.520588 0.226633 0.523529 0.226633 0.526471 0.225352 0.529412 0.224072 0.529412 0.222791 0.526471 0.224072 0.529412 0.224072 0.532353 0.221511 0.538235 0.221511 0.541176 0.220230 0.544118 0.218950 0.544118 0.218950 0.555882 0.220230 0.558824 0.220230 0.570588 0.218950 0.573529 0.218950 0.576471 0.217670 0.579412 0.217670 0.594118 0.217670 0.591176 0.218950 0.588235 0.220230 0.588235 0.221511 0.591176 0.221511 0.594118 0.220230 0.597059 0.221511 0.594118 0.222791 0.597059 0.222791 0.573529 0.221511 0.570588 0.222791 0.567647 0.222791 0.561765 0.224072 0.558824 0.225352 0.561765 0.225352 0.579412 0.226633 0.582353 0.226633 0.620588 0.229193 0.626471 0.229193 0.641176 0.231754 0.635294 0.231754 0.617647 0.233035 0.614706 0.234315 0.617647 0.234315 0.638235 0.229193 0.650000 0.229193 0.664706 0.230474 0.667647 0.229193 0.670588 0.229193 0.679412 0.227913 0.682353 0.227913 0.688235 0.226633 0.691176 0.225352 0.688235 0.225352 0.676471 0.226633 0.673529 0.226633 0.655882 0.226633 0.658824 0.225352 0.661765 0.225352 0.664706 0.224072 0.667647 0.224072 0.670588 0.222791 0.673529 0.222791 0.688235 0.224072 0.685294 0.225352 0.688235 0.225352 0.691176 0.224072 0.694118 0.224072 0.700000 0.222791 0.702941 0.222791 0.705882 0.224072 0.708824 0.224072 0.711765 0.225352 0.714706 0.225352 0.720588 0.226633 0.723529 0.225352 0.726471 0.225352 0.729412 0.224072 0.732353 0.222791 0.729412 0.221511 0.729412 0.220230 0.726471 0.220230 0.717647 0.221511 0.714706 0.222791 0.717647 0.221511 0.714706 0.221511 0.711765 0.220230 0.708824 0.220230 0.697059 0.221511 0.694118 0.220230 0.691176 0.220230 0.685294 0.218950 0.682353 0.218950 0.667647 0.217670 0.664706 0.217670 0.652941 0.216389 0.650000 0.216389 0.638235 0.215109 0.635294 0.215109 0.611765 0.213828 0.608824 0.213828 0.602941 0.212548 0.600000 0.212548 0.597059 0.209987 0.591176 0.208707 0.594118 0.206146 0.588235 0.207426 0.585294 0.206146 0.585294 0.204866 0.582353 0.206146 0.579412 0.209987 0.579412 0.208707 0.576471 0.208707 0.570588 0.207426 0.567647 0.207426 0.564706 0.206146 0.561765 0.206146 0.558824 0.204866 0.555882 0.204866 0.552941 0.203585 0.550000 0.203585 0.547059 0.202305 0.544118 0.202305 0.541176 0.201024 0.541176 0.199744 0.538235 0.201024 0.535294 0.201024 0.532353 0.199744 0.529412 0.199744 0.523529 0.198464 0.523529 0.198464 0.526471 0.197183 0.529412 0.195903 0.526471 0.194622 0.526471 0.194622 0.538235 0.193342 0.541176 0.192061 0.541176 0.190781 0.544118 0.189501 0.541176 0.185659 0.541176 0.184379 0.538235 0.185659 0.535294 0.185659 0.532353 0.184379 0.529412 0.183099 0.529412 0.181818 0.532353 0.179257 0.526471 0.177977 0.529412 0.176697 0.529412 0.175416 0.526471 0.176697 0.523529 0.176697 0.520588 0.175416 0.517647 0.174136 0.520588 0.172855 0.517647 0.172855 0.514706 0.171575 0.514706 0.170294 0.517647 0.169014 0.514706 0.167734 0.514706 0.166453 0.511765 0.163892 0.511765 0.162612 0.508824 0.161332 0.511765 0.158771 0.505882 0.158771 0.511765 0.157490 0.514706 0.156210 0.514706 0.156210 0.520588 0.154930 0.523529 0.154930 0.526471 0.153649 0.529412 0.152369 0.529412 0.151088 0.532353 0.152369 0.535294 0.152369 0.538235 0.149808 0.544118 0.151088 0.547059 0.149808 0.550000 0.148528 0.550000 0.148528 0.552941 0.149808 0.555882 0.149808 0.558824 0.148528 0.561765 0.149808 0.564706 0.148528 0.567647 0.147247 0.567647 0.145967 0.564706 0.144686 0.564706 0.143406 0.561765 0.143406 0.535294 0.143406 0.561765 0.140845 0.567647 0.139565 0.567647 0.138284 0.564706 0.138284 0.561765 0.135723 0.555882 0.134443 0.558824 0.133163 0.555882 0.133163 0.552941 0.134443 0.550000 0.134443 0.544118 0.131882 0.550000 0.129321 0.544118 0.129321 0.535294 0.128041 0.532353 0.126761 0.535294 0.124200 0.535294 0.122919 0.532353 0.121639 0.535294 0.121639 0.538235 0.120359 0.541176 0.120359 0.547059 0.117798 0.552941 0.115237 0.547059 0.115237 0.544118 0.111396 0.544118 0.110115 0.541176 0.110115 0.532353 0.110115 0.535294 0.107554 0.541176 0.106274 0.538235 0.106274 0.535294 0.102433 0.526471 0.101152 0.529412 0.099872 0.529412 0.099872 0.535294 0.108835 0.555882 0.108835 0.558824 0.111396 0.564706 0.110115 0.567647 0.111396 0.570588 0.111396 0.576471 0.110115 0.579412 0.107554 0.573529 0.107554 0.582353 0.108835 0.585294 0.107554 0.588235 0.107554 0.600000 0.106274 0.602941 0.106274 0.605882 0.104994 0.608824 0.104994 0.617647 0.103713 0.620588 0.102433 0.617647 0.102433 0.614706 0.102433 0.617647 0.101152 0.620588 0.099872 0.617647 0.099872 0.626471 0.098592 0.629412 0.097311 0.629412 0.096031 0.626471 0.096031 0.597059 0.097311 0.594118 0.096031 0.591176 0.096031 0.588235 0.097311 0.585294 0.098592 0.588235 0.099872 0.585294 0.099872 0.582353 0.102433 0.576471 0.102433 0.567647 0.099872 0.567647 0.097311 0.573529 0.096031 0.573529 0.094750 0.570588 0.094750 0.547059 0.094750 0.570588 0.093470 0.573529 0.092190 0.573529 0.090909 0.570588 0.088348 0.576471 0.088348 0.579412 0.085787 0.585294 0.085787 0.588235 0.084507 0.591176 0.084507 0.600000 0.085787 0.602941 0.085787 0.605882 0.087068 0.608824 0.085787 0.611765 0.084507 0.611765 0.083227 0.608824 0.083227 0.605882 0.081946 0.602941 0.081946 0.600000 0.080666 0.597059 0.080666 0.594118 0.078105 0.588235 0.079385 0.585294 0.078105 0.582353 0.081946 0.573529 0.081946 0.570588 0.083227 0.567647 0.083227 0.561765 0.079385 0.561765 0.078105 0.558824 0.076825 0.558824 0.075544 0.555882 0.076825 0.552941 0.076825 0.550000 0.078105 0.547059 0.078105 0.541176 0.079385 0.538235 0.080666 0.538235 0.081946 0.535294 0.081946 0.532353 0.083227 0.529412 0.083227 0.526471 0.085787 0.520588 0.085787 0.517647 0.087068 0.514706 0.087068 0.511765 0.083227 0.511765 0.081946 0.508824 0.080666 0.511765 0.080666 0.514706 0.079385 0.517647 0.079385 0.520588 0.078105 0.523529 0.076825 0.523529 0.074264 0.517647 0.072983 0.520588 0.074264 0.523529 0.074264 0.529412 0.071703 0.535294 0.071703 0.541176 0.070423 0.544118 0.069142 0.541176 0.067862 0.544118 0.069142 0.547059 0.069142 0.550000 0.067862 0.552941 0.065301 0.547059 0.062740 0.552941 0.061460 0.550000 0.061460 0.547059 0.058899 0.547059 0.057618 0.544118 0.057618 0.520588 0.057618 0.547059 0.056338 0.550000 0.057618 0.552941 0.057618 0.558824 0.056338 0.561765 0.056338 0.582353 0.055058 0.585294 0.053777 0.582353 0.053777 0.579412 0.052497 0.576471 0.052497 0.564706 0.051216 0.561765 0.051216 0.552941 0.051216 0.561765 0.052497 0.564706 0.052497 0.588235 0.051216 0.591176 0.048656 0.585294 0.047375 0.585294 0.048656 0.588235 0.048656 0.597059 0.049936 0.600000 0.049936 0.608824 0.051216 0.608824 0.052497 0.611765 0.051216 0.614706 0.051216 0.620588 0.052497 0.623529 0.052497 0.632353 0.053777 0.635294 0.053777 0.644118 0.055058 0.647059 0.055058 0.658824 0.056338 0.661765 0.056338 0.670588 0.057618 0.673529 0.057618 0.679412 0.058899 0.682353 0.058899 0.691176 0.060179 0.694118 0.060179 0.702941 0.061460 0.705882 0.061460 0.711765 0.062740 0.714706 0.062740 0.723529 0.064020 0.726471 0.064020 0.732353 0.065301 0.735294 0.065301 0.741176 0.067862 0.747059 0.067862 0.750000 0.066581 0.752941 0.066581 0.761765 0.067862 0.764706 0.066581 0.767647 0.066581 0.770588 0.067862 0.773529 0.067862 0.814706 0.069142 0.817647 0.067862 0.820588 0.067862 0.826471 0.069142 0.829412 0.069142 0.858824 0.070423 0.858824 0.071703 0.861765 0.070423 0.864706 0.071703 0.867647 0.070423 0.870588 0.070423 0.879412 0.071703 0.879412 0.072983 0.882353 0.072983 0.897059 0.071703 0.900000 0.071703 0.905882 0.072983 0.908824 0.071703 0.911765 0.071703 0.914706 0.074264 0.920588 0.072983 0.923529 0.072983 0.938235 0.072983 0.935294 0.074264 0.932353 0.074264 0.929412 0.075544 0.926471 0.076825 0.929412 0.076825 0.935294 0.075544 0.938235 0.075544 0.941176 0.074264 0.944118 0.075544 0.941176 0.079385 0.950000 0.078105 0.952941 0.078105 0.955882 0.079385 0.952941 0.080666 0.955882 0.080666 0.967647 0.079385 0.970588 0.076825 0.964706 0.076825 0.961765 0.076825 0.964706 0.075544 0.967647 0.074264 0.964706 0.075544 0.967647 0.075544 0.979412 0.076825 0.982353 0.075544 0.985294 0.075544 0.991176 0.074264 0.994118 0.072983 0.991176 0.072983 0.970588 0.071703 0.967647 0.071703 0.950000 0.070423 0.947059 0.070423 0.938235 0.069142 0.935294 0.069142 0.926471 0.067862 0.923529 0.067862 0.905882 0.067862 0.932353 0.069142 0.935294 0.069142 0.970588 0.067862 0.973529 0.069142 0.976471 0.069142 0.991176 0.070423 0.991176 0.072983 0.997059 0.074264 0.997059 0.075544 0.994118 0.075544 0.985294 0.076825 0.982353 0.080666 0.991176 0.080666 0.994118 0.081946 0.997059 0.081946 0.994118 0.083227 0.991176 0.083227 0.985294 0.084507 0.982353 0.084507 0.976471 0.083227 0.973529 0.083227 0.964706 0.081946 0.961765 0.081946 0.955882 0.080666 0.952941 0.080666 0.944118 0.079385 0.941176 0.080666 0.938235 0.078105 0.932353 0.079385 0.929412 0.080666 0.929412 0.083227 0.935294 0.084507 0.935294 0.085787 0.938235 0.084507 0.941176 0.084507 0.944118 0.085787 0.944118 0.087068 0.947059 0.087068 0.952941 0.088348 0.955882 0.088348 0.958824 0.089629 0.961765 0.089629 0.976471 0.090909 0.979412 0.089629 0.982353 0.089629 0.985294 0.088348 0.988235 0.088348 0.991176 0.089629 0.994118 0.089629 0.997059 0.090909 0.997059 0.092190 0.994118 0.093470 0.997059 0.104994 0.997059 0.106274 0.994118 0.107554 0.997059 0.110115 0.997059 0.110115 0.994118 0.108835 0.991176 0.108835 0.982353 0.107554 0.979412 0.107554 0.967647 0.108835 0.964706 0.110115 0.967647 0.110115 0.973529 0.111396 0.976471 0.111396 0.982353 0.112676 0.982353 0.113956 0.985294 0.113956 0.988235 0.115237 0.991176 0.113956 0.994118 0.113956 0.997059 0.115237 0.997059 0.115237 0.982353 0.117798 0.976471 0.119078 0.979412 0.119078 0.982353 0.117798 0.985294 0.117798 0.988235 0.119078 0.991176 0.119078 0.997059 0.145967 0.997059 0.145967 0.964706 0.147247 0.961765 0.147247 0.926471 0.148528 0.923529 0.149808 0.926471 0.149808 0.938235 0.151088 0.941176 0.151088 0.952941 0.152369 0.955882 0.152369 0.973529 0.151088 0.976471 0.149808 0.973529 0.149808 0.964706 0.149808 0.988235 0.151088 0.988235 0.152369 0.991176 0.152369 0.997059 0.153649 0.997059 0.153649 0.988235 0.154930 0.985294 0.156210 0.988235 0.156210 0.997059 0.160051 0.997059 0.160051 0.994118 0.158771 0.991176 0.158771 0.985294 0.157490 0.982353 0.157490 0.973529 0.156210 0.970588 0.156210 0.964706 0.154930 0.961765 0.154930 0.955882 0.153649 0.952941 0.153649 0.944118 0.152369 0.941176 0.152369 0.923529 0.151088 0.920588 0.151088 0.911765 0.149808 0.908824 0.149808 0.902941 0.147247 0.897059 0.147247 0.891176 0.145967 0.888235 0.145967 0.879412 0.145967 0.888235 0.147247 0.891176 0.147247 0.902941 0.148528 0.905882 0.147247 0.908824 0.143406 0.908824 0.142125 0.911765 0.139565 0.911765 0.138284 0.908824 0.138284 0.885294 0.135723 0.885294 0.134443 0.888235 0.133163 0.888235 0.131882 0.885294 0.131882 0.882353 0.129321 0.876471 0.130602 0.873529 0.129321 0.870588 0.129321 0.864706 0.130602 0.861765 0.130602 0.850000 0.131882 0.847059 0.133163 0.850000 0.133163 0.855882 0.134443 0.858824 0.134443 0.861765 0.135723 0.864706 0.135723 0.867647 0.137004 0.870588 0.137004 0.873529 0.138284 0.876471 0.138284 0.879412 0.138284 0.867647 0.137004 0.864706 0.135723 0.864706 0.134443 0.861765 0.134443 0.858824 0.135723 0.855882 0.137004 0.858824 0.137004 0.852941 0.135723 0.852941 0.134443 0.850000 0.134443 0.847059 0.133163 0.850000 0.131882 0.847059 0.131882 0.844118 0.133163 0.841176 0.133163 0.832353 0.131882 0.832353 0.131882 0.838235 0.130602 0.841176 0.129321 0.838235 0.126761 0.838235 0.125480 0.835294 0.125480 0.829412 0.124200 0.826471 0.125480 0.823529 0.125480 0.820588 0.124200 0.817647 0.124200 0.805882 0.125480 0.802941 0.126761 0.805882 0.126761 0.814706 0.126761 0.808824 0.128041 0.805882 0.128041 0.791176 0.126761 0.788235 0.126761 0.785294 0.125480 0.782353 0.125480 0.779412 0.125480 0.785294 0.124200 0.788235 0.122919 0.788235 0.124200 0.791176 0.122919 0.794118 0.122919 0.800000 0.121639 0.802941 0.120359 0.800000 0.120359 0.788235 0.119078 0.785294 0.119078 0.776471 0.120359 0.773529 0.121639 0.773529 0.122919 0.770588 0.124200 0.770588 0.125480 0.773529 0.128041 0.773529 0.129321 0.770588 0.130602 0.770588 0.131882 0.767647 0.134443 0.773529 0.134443 0.770588 0.135723 0.767647 0.137004 0.770588 0.137004 0.776471 0.138284 0.779412 0.138284 0.797059 0.138284 0.747059 0.139565 0.744118 0.140845 0.747059 0.140845 0.761765 0.142125 0.764706 0.142125 0.782353 0.143406 0.785294 0.143406 0.805882 0.144686 0.808824 0.144686 0.826471 0.145967 0.829412 0.145967 0.847059 0.147247 0.844118 0.148528 0.844118 0.149808 0.847059 0.149808 0.850000 0.151088 0.850000 0.152369 0.847059 0.153649 0.847059 0.154930 0.850000 0.154930 0.858824 0.156210 0.861765 0.156210 0.867647 0.154930 0.870588 0.154930 0.873529 0.153649 0.876471 0.153649 0.888235 0.152369 0.891176 0.151088 0.888235 0.151088 0.891176 0.152369 0.894118 0.152369 0.905882 0.152369 0.902941 0.153649 0.900000 0.154930 0.900000 0.156210 0.902941 0.154930 0.905882 0.154930 0.911765 0.156210 0.914706 0.156210 0.926471 0.157490 0.929412 0.157490 0.944118 0.158771 0.947059 0.158771 0.952941 0.160051 0.955882 0.160051 0.961765 0.161332 0.964706 0.161332 0.967647 0.162612 0.970588 0.161332 0.973529 0.161332 0.979412 0.162612 0.979412 0.163892 0.982353 0.166453 0.976471 0.167734 0.976471 0.169014 0.979412 0.169014 0.982353 0.167734 0.985294 0.167734 0.991176 0.166453 0.994118 0.166453 0.997059 0.171575 0.997059 0.171575 0.994118 0.172855 0.991176 0.174136 0.994118 0.174136 0.997059 0.175416 0.997059 0.175416 0.994118 0.176697 0.991176 0.177977 0.991176 0.179257 0.994118 0.179257 0.997059 0.186940 0.997059 0.186940 0.991176 0.185659 0.988235 0.185659 0.982353 0.184379 0.979412 0.184379 0.967647 0.183099 0.964706 0.184379 0.961765 0.184379 0.958824 0.183099 0.955882 0.181818 0.955882 0.181818 0.958824 0.180538 0.961765 0.179257 0.958824 0.179257 0.952941 0.181818 0.947059 0.183099 0.950000 0.181818 0.947059 0.183099 0.944118 0.181818 0.941176 0.181818 0.938235 0.183099 0.935294 0.183099 0.908824 0.184379 0.905882 0.186940 0.911765 0.186940 0.917647 0.189501 0.923529 0.189501 0.926471 0.190781 0.926471 0.192061 0.929412 0.190781 0.932353 0.192061 0.935294 0.192061 0.929412 0.190781 0.926471 0.192061 0.923529 0.192061 0.905882 0.190781 0.902941 0.190781 0.876471 0.185659 0.876471 0.184379 0.873529 0.175416 0.873529 0.174136 0.876471 0.171575 0.870588 0.170294 0.870588 0.170294 0.873529 0.171575 0.876471 0.171575 0.882353 0.172855 0.885294 0.172855 0.891176 0.174136 0.894118 0.174136 0.902941 0.175416 0.905882 0.175416 0.908824 0.176697 0.911765 0.176697 0.914706 0.174136 0.920588 0.172855 0.917647 0.172855 0.908824 0.171575 0.905882 0.171575 0.897059 0.169014 0.891176 0.170294 0.888235 0.169014 0.885294 0.169014 0.879412 0.167734 0.876471 0.167734 0.873529 0.166453 0.870588 0.166453 0.867647 0.166453 0.873529 0.167734 0.876471 0.167734 0.882353 0.169014 0.885294 0.169014 0.888235 0.167734 0.891176 0.166453 0.888235 0.169014 0.894118 0.170294 0.894118 0.171575 0.897059 0.171575 0.914706 0.170294 0.917647 0.166453 0.917647 0.163892 0.911765 0.163892 0.900000 0.162612 0.897059 0.162612 0.888235 0.163892 0.885294 0.161332 0.879412 0.161332 0.870588 0.160051 0.867647 0.160051 0.852941 0.157490 0.847059 0.157490 0.844118 0.158771 0.841176 0.158771 0.826471 0.161332 0.820588 0.163892 0.820588 0.165173 0.823529 0.163892 0.826471 0.162612 0.826471 0.163892 0.829412 0.162612 0.832353 0.162612 0.838235 0.163892 0.841176 0.163892 0.850000 0.165173 0.852941 0.165173 0.861765 0.166453 0.861765 0.166453 0.858824 0.167734 0.855882 0.169014 0.858824 0.169014 0.861765 0.170294 0.861765 0.171575 0.858824 0.177977 0.858824 0.179257 0.861765 0.188220 0.861765 0.189501 0.864706 0.189501 0.847059 0.188220 0.844118 0.189501 0.841176 0.189501 0.832353 0.188220 0.829412 0.188220 0.826471 0.186940 0.826471 0.185659 0.823529 0.185659 0.820588 0.186940 0.817647 0.188220 0.820588 0.188220 0.797059 0.186940 0.794118 0.186940 0.791176 0.185659 0.788235 0.185659 0.785294 0.186940 0.782353 0.186940 0.776471 0.188220 0.773529 0.189501 0.776471 0.189501 0.788235 0.190781 0.791176 0.190781 0.802941 0.192061 0.805882 0.192061 0.814706 0.193342 0.817647 0.193342 0.829412 0.194622 0.832353 0.194622 0.864706 0.199744 0.864706 0.199744 0.823529 0.201024 0.820588 0.201024 0.805882 0.202305 0.802941 0.202305 0.788235 0.201024 0.788235 0.199744 0.785294 0.201024 0.782353 0.201024 0.779412 0.202305 0.776471 0.202305 0.770588 0.201024 0.767647 0.201024 0.758824 0.199744 0.755882 0.199744 0.711765 0.197183 0.705882 0.197183 0.702941 0.193342 0.694118 0.193342 0.691176 0.192061 0.688235 0.192061 0.685294 0.189501 0.679412 0.189501 0.676471 0.188220 0.673529 0.188220 0.670588 0.184379 0.661765 0.184379 0.658824 0.181818 0.652941 0.181818 0.650000 0.180538 0.647059 0.179257 0.647059 0.175416 0.638235 0.176697 0.635294 0.179257 0.635294 0.180538 0.632353 0.184379 0.641176 0.184379 0.644118 0.185659 0.647059 0.185659 0.650000 0.189501 0.658824 0.189501 0.661765 0.193342 0.670588 0.193342 0.673529 0.194622 0.676471 0.194622 0.679412 0.195903 0.679412 0.197183 0.682353 0.197183 0.685294 0.199744 0.691176 0.199744 0.694118 0.201024 0.694118 0.202305 0.697059 0.202305 0.700000 0.204866 0.705882 0.204866 0.708824 0.206146 0.711765 0.206146 0.700000 0.207426 0.697059 0.208707 0.700000 0.208707 0.720588 0.211268 0.726471 0.211268 0.729412 0.213828 0.735294 0.215109 0.735294 0.216389 0.738235 0.216389 0.744118 0.217670 0.741176 0.217670 0.720588 0.216389 0.717647 0.216389 0.673529 0.217670 0.670588 0.218950 0.673529 0.218950 0.708824 0.220230 0.711765 0.220230 0.744118 0.218950 0.747059 0.218950 0.750000 0.222791 0.758824 0.222791 0.761765 0.225352 0.767647 0.225352 0.770588 0.229193 0.779412 0.229193 0.770588 0.230474 0.767647 0.231754 0.770588 0.231754 0.788235 0.235595 0.797059 0.235595 0.800000 0.241997 0.814706 0.241997 0.817647 0.244558 0.823529 0.244558 0.826471 0.249680 0.838235 0.249680 0.841176 0.252241 0.847059 0.252241 0.850000 0.253521 0.852941 0.253521 0.855882 0.254802 0.858824 0.254802 0.861765 0.256082 0.864706 0.256082 0.867647 0.257362 0.870588 0.257362 0.873529 0.258643 0.876471 0.258643 0.879412 0.259923 0.879412 0.261204 0.876471 0.262484 0.876471 0.266325 0.867647 0.268886 0.873529 0.267606 0.876471 0.267606 0.879412 0.266325 0.882353 0.265045 0.882353 0.265045 0.885294 0.263764 0.888235 0.263764 0.897059 0.262484 0.900000 0.263764 0.902941 0.263764 0.905882 0.265045 0.908824 0.265045 0.911765 0.266325 0.914706 0.266325 0.917647 0.267606 0.920588 0.267606 0.926471 0.268886 0.929412 0.268886 0.932353 0.270166 0.935294 0.271447 0.935294 0.272727 0.932353 0.274008 0.935294 0.274008 0.944118 0.275288 0.947059 0.274008 0.950000 0.274008 0.952941 0.275288 0.952941 0.275288 0.950000 0.276569 0.947059 0.277849 0.950000 0.277849 0.952941 0.279129 0.955882 0.277849 0.958824 0.275288 0.958824 0.276569 0.958824 0.277849 0.961765 0.276569 0.964706 0.277849 0.967647 0.277849 0.970588 0.279129 0.973529 0.277849 0.976471 0.275288 0.976471 0.274008 0.973529 0.274008 0.970588 0.271447 0.964706 0.271447 0.961765 0.270166 0.958824 0.270166 0.955882 0.268886 0.952941 0.268886 0.950000 0.267606 0.947059 0.267606 0.944118 0.266325 0.941176 0.266325 0.938235 0.265045 0.935294 0.265045 0.932353 0.258643 0.917647 0.257362 0.917647 0.254802 0.911765 0.253521 0.911765 0.249680 0.920588 0.250960 0.923529 0.250960 0.926471 0.253521 0.932353 0.253521 0.935294 0.254802 0.938235 0.254802 0.941176 0.256082 0.944118 0.256082 0.947059 0.257362 0.950000 0.257362 0.979412 0.258643 0.982353 0.258643 0.997059 0.297055 0.997059 0.297055 0.991176 0.298335 0.988235 0.298335 0.976471 0.299616 0.973529 0.298335 0.970588 0.299616 0.967647 0.300896 0.967647 0.302177 0.964706 0.303457 0.964706 0.304738 0.961765 0.306018 0.961765 0.304738 0.958824 0.304738 0.955882 0.306018 0.952941 0.306018 0.950000 0.307298 0.947059 0.308579 0.950000 0.308579 0.952941 0.309859 0.952941 0.309859 0.908824 0.311140 0.905882 0.312420 0.908824 0.312420 0.935294 0.312420 0.908824 0.313700 0.905882 0.314981 0.908824 0.314981 0.914706 0.316261 0.917647 0.316261 0.908824 0.317542 0.905882 0.317542 0.900000 0.318822 0.897059 0.320102 0.900000 0.320102 0.908824 0.318822 0.911765 0.318822 0.947059 0.317542 0.950000 0.317542 0.982353 0.316261 0.985294 0.314981 0.982353 0.314981 0.938235 0.314981 0.988235 0.313700 0.991176 0.313700 0.994118 0.312420 0.997059 0.313700 0.994118 0.314981 0.997059 0.321383 0.997059 0.322663 0.994118 0.321383 0.991176 0.322663 0.988235 0.323944 0.988235 0.323944 0.979412 0.326504 0.973529 0.327785 0.976471 0.327785 0.982353 0.326504 0.985294 0.327785 0.985294 0.329065 0.988235 0.327785 0.991176 0.327785 0.997059 0.341869 0.997059 0.343150 0.994118 0.344430 0.997059 0.361076 0.997059 0.362356 0.994118 0.364917 0.994118 0.366197 0.997059 0.367478 0.997059 0.364917 0.991176 0.364917 0.982353 0.366197 0.979412 0.367478 0.979412 0.367478 0.973529 0.368758 0.970588 0.370038 0.970588 0.370038 0.967647 0.375160 0.955882 0.375160 0.952941 0.377721 0.947059 0.377721 0.941176 0.380282 0.935294 0.379001 0.932353 0.379001 0.929412 0.377721 0.926471 0.377721 0.920588 0.379001 0.917647 0.379001 0.888235 0.381562 0.882353 0.381562 0.879412 0.380282 0.876471 0.380282 0.864706 0.379001 0.861765 0.379001 0.852941 0.377721 0.850000 0.377721 0.841176 0.377721 0.855882 0.376440 0.858824 0.376440 0.888235 0.375160 0.891176 0.375160 0.914706 0.373880 0.917647 0.372599 0.914706 0.372599 0.891176 0.372599 0.920588 0.373880 0.923529 0.373880 0.944118 0.372599 0.947059 0.371319 0.944118 0.371319 0.947059 0.370038 0.950000 0.368758 0.947059 0.368758 0.944118 0.367478 0.944118 0.367478 0.947059 0.366197 0.950000 0.363636 0.950000 0.361076 0.944118 0.361076 0.941176 0.358515 0.935294 0.358515 0.932353 0.357234 0.929412 0.357234 0.923529 0.358515 0.920588 0.359795 0.923529 0.359795 0.926471 0.361076 0.926471 0.361076 0.920588 0.359795 0.917647 0.361076 0.914706 0.362356 0.914706 0.363636 0.917647 0.363636 0.923529 0.364917 0.926471 0.363636 0.923529 0.363636 0.911765 0.364917 0.908824 0.366197 0.908824 0.367478 0.911765 0.368758 0.908824 0.370038 0.908824 0.370038 0.905882 0.366197 0.905882 0.363636 0.911765 0.362356 0.908824 0.362356 0.902941 0.362356 0.911765 0.361076 0.914706 0.359795 0.911765 0.359795 0.902941 0.358515 0.900000 0.358515 0.891176 0.355954 0.891176 0.354673 0.888235 0.355954 0.885294 0.357234 0.885294 0.357234 0.882353 0.355954 0.882353 0.354673 0.879412 0.355954 0.876471 0.354673 0.873529 0.354673 0.870588 0.355954 0.867647 0.355954 0.864706 0.354673 0.861765 0.354673 0.858824 0.355954 0.855882 0.354673 0.858824 0.353393 0.855882 0.353393 0.841176 0.352113 0.838235 0.353393 0.835294 0.353393 0.826471 0.354673 0.823529 0.354673 0.820588 0.355954 0.817647 0.357234 0.820588 0.357234 0.829412 0.358515 0.832353 0.358515 0.835294 0.361076 0.829412 0.361076 0.820588 0.359795 0.817647 0.359795 0.808824 0.358515 0.805882 0.358515 0.800000 0.357234 0.797059 0.358515 0.794118 0.358515 0.791176 0.355954 0.785294 0.355954 0.779412 0.352113 0.779412 0.350832 0.782353 0.348271 0.776471 0.348271 0.767647 0.346991 0.764706 0.348271 0.761765 0.350832 0.761765 0.352113 0.758824 0.353393 0.758824 0.353393 0.755882 0.352113 0.752941 0.352113 0.744118 0.350832 0.744118 0.349552 0.741176 0.349552 0.738235 0.350832 0.735294 0.349552 0.732353 0.349552 0.726471 0.350832 0.723529 0.352113 0.726471 0.352113 0.729412 0.354673 0.729412 0.354673 0.726471 0.352113 0.720588 0.352113 0.717647 0.353393 0.714706 0.354673 0.714706 0.352113 0.708824 0.353393 0.705882 0.353393 0.702941 0.354673 0.700000 0.357234 0.700000 0.358515 0.697059 0.359795 0.700000 0.359795 0.702941 0.358515 0.705882 0.358515 0.708824 0.359795 0.705882 0.361076 0.708824 0.361076 0.711765 0.361076 0.705882 0.362356 0.702941 0.363636 0.702941 0.364917 0.705882 0.363636 0.708824 0.363636 0.711765 0.364917 0.714706 0.363636 0.717647 0.363636 0.723529 0.364917 0.723529 0.366197 0.726471 0.366197 0.735294 0.367478 0.735294 0.368758 0.738235 0.368758 0.741176 0.367478 0.744118 0.366197 0.741176 0.366197 0.744118 0.367478 0.744118 0.368758 0.747059 0.367478 0.750000 0.368758 0.752941 0.370038 0.750000 0.367478 0.744118 0.368758 0.741176 0.370038 0.741176 0.372599 0.747059 0.373880 0.747059 0.376440 0.741176 0.377721 0.744118 0.377721 0.750000 0.377721 0.711765 0.379001 0.708824 0.380282 0.711765 0.380282 0.755882 0.382843 0.761765 0.382843 0.764706 0.385403 0.770588 0.385403 0.773529 0.387964 0.779412 0.387964 0.782353 0.390525 0.788235 0.390525 0.794118 0.391805 0.794118 0.391805 0.779412 0.393086 0.776471 0.394366 0.779412 0.394366 0.791176 0.394366 0.788235 0.395647 0.785294 0.395647 0.764706 0.396927 0.761765 0.396927 0.752941 0.398207 0.750000 0.399488 0.752941 0.399488 0.770588 0.400768 0.773529 0.400768 0.776471 0.398207 0.782353 0.398207 0.791176 0.399488 0.794118 0.399488 0.797059 0.398207 0.800000 0.396927 0.800000 0.398207 0.800000 0.399488 0.797059 0.402049 0.797059 0.400768 0.794118 0.400768 0.785294 0.399488 0.785294 0.398207 0.782353 0.400768 0.776471 0.402049 0.779412 0.405890 0.779412 0.405890 0.773529 0.407170 0.770588 0.408451 0.773529 0.407170 0.770588 0.409731 0.764706 0.411012 0.764706 0.409731 0.764706 0.408451 0.761765 0.409731 0.758824 0.411012 0.758824 0.412292 0.755882 0.413572 0.758824 0.413572 0.761765 0.414853 0.764706 0.416133 0.764706 0.417414 0.767647 0.416133 0.770588 0.413572 0.770588 0.413572 0.773529 0.414853 0.773529 0.416133 0.776471 0.414853 0.779412 0.416133 0.782353 0.414853 0.785294 0.414853 0.811765 0.416133 0.814706 0.417414 0.814706 0.418694 0.811765 0.419974 0.814706 0.419974 0.817647 0.421255 0.817647 0.422535 0.820588 0.421255 0.823529 0.422535 0.820588 0.423816 0.823529 0.423816 0.826471 0.422535 0.829412 0.423816 0.826471 0.425096 0.829412 0.425096 0.832353 0.423816 0.835294 0.423816 0.838235 0.422535 0.841176 0.422535 0.844118 0.423816 0.847059 0.423816 0.852941 0.422535 0.855882 0.421255 0.855882 0.418694 0.861765 0.418694 0.870588 0.419974 0.873529 0.419974 0.885294 0.421255 0.888235 0.421255 0.897059 0.422535 0.897059 0.423816 0.894118 0.425096 0.894118 0.426376 0.891176 0.428937 0.897059 0.427657 0.900000 0.427657 0.902941 0.426376 0.905882 0.426376 0.911765 0.427657 0.914706 0.427657 0.917647 0.425096 0.923529 0.423816 0.920588 0.423816 0.917647 0.423816 0.923529 0.422535 0.926471 0.422535 0.929412 0.423816 0.932353 0.423816 0.938235 0.425096 0.941176 0.425096 0.944118 0.423816 0.947059 0.422535 0.947059 0.423816 0.950000 0.423816 0.952941 0.425096 0.955882 0.425096 0.958824 0.423816 0.961765 0.423816 0.973529 0.422535 0.976471 0.422535 0.979412 0.421255 0.982353 0.421255 0.997059 0.445583 0.997059 0.445583 0.991176 0.446863 0.988235 0.448143 0.991176 0.448143 0.997059 0.450704 0.997059 0.451985 0.994118 0.450704 0.994118 0.449424 0.991176 0.450704 0.988235 0.450704 0.985294 0.449424 0.982353 0.449424 0.976471 0.448143 0.973529 0.448143 0.970588 0.446863 0.967647 0.446863 0.961765 0.445583 0.958824 0.445583 0.952941 0.444302 0.950000 0.444302 0.947059 0.443022 0.944118 0.443022 0.935294 0.444302 0.932353 0.448143 0.941176 0.448143 0.944118 0.449424 0.947059 0.449424 0.950000 0.450704 0.952941 0.450704 0.955882 0.451985 0.958824 0.451985 0.970588 0.453265 0.973529 0.453265 0.985294 0.454545 0.988235 0.454545 0.997059 0.457106 0.997059 0.457106 0.985294 0.458387 0.982353 0.459667 0.985294 0.459667 0.991176 0.460948 0.991176 0.462228 0.994118 0.462228 0.997059 0.476312 0.997059 0.477593 0.994118 0.477593 0.991176 0.478873 0.988235 0.478873 0.985294 0.480154 0.982353 0.480154 0.976471 0.481434 0.973529 0.482714 0.976471 0.482714 0.988235 0.482714 0.976471 0.481434 0.973529 0.481434 0.970588 0.482714 0.967647 0.482714 0.964706 0.485275 0.958824 0.485275 0.955882 0.486556 0.952941 0.486556 0.950000 0.487836 0.947059 0.489117 0.950000 0.489117 0.952941 0.490397 0.955882 0.490397 0.958824 0.491677 0.961765 0.491677 0.967647 0.490397 0.970588 0.489117 0.967647 0.489117 0.976471 0.490397 0.979412 0.490397 0.982353 0.491677 0.985294 0.491677 0.994118 0.490397 0.997059 0.489117 0.994118 0.489117 0.991176 0.489117 0.997059 0.517286 0.997059 0.517286 0.973529 0.516005 0.970588 0.516005 0.947059 0.517286 0.944118 0.518566 0.947059 0.518566 0.952941 0.519846 0.955882 0.518566 0.958824 0.518566 0.967647 0.521127 0.973529 0.519846 0.976471 0.519846 0.982353 0.519846 0.979412 0.521127 0.976471 0.523688 0.982353 0.523688 0.991176 0.521127 0.997059 0.522407 0.997059 0.522407 0.994118 0.523688 0.991176 0.524968 0.994118 0.524968 0.997059 0.540333 0.997059 0.541613 0.994118 0.542894 0.997059 0.545455 0.997059 0.545455 0.988235 0.544174 0.985294 0.545455 0.982353 0.545455 0.979412 0.546735 0.976471 0.544174 0.982353 0.542894 0.979412 0.542894 0.967647 0.544174 0.964706 0.544174 0.961765 0.541613 0.967647 0.540333 0.964706 0.540333 0.961765 0.541613 0.958824 0.541613 0.955882 0.540333 0.952941 0.540333 0.941176 0.541613 0.938235 0.542894 0.941176 0.541613 0.938235 0.541613 0.929412 0.539052 0.935294 0.537772 0.932353 0.537772 0.929412 0.539052 0.926471 0.537772 0.923529 0.537772 0.920588 0.540333 0.914706 0.540333 0.911765 0.539052 0.908824 0.539052 0.891176 0.537772 0.888235 0.537772 0.885294 0.535211 0.879412 0.535211 0.876471 0.536492 0.873529 0.537772 0.876471 0.539052 0.876471 0.537772 0.873529 0.537772 0.870588 0.539052 0.867647 0.540333 0.870588 0.542894 0.870588 0.544174 0.873529 0.545455 0.873529 0.546735 0.876471 0.545455 0.879412 0.544174 0.879412 0.546735 0.885294 0.545455 0.888235 0.545455 0.894118 0.546735 0.891176 0.546735 0.888235 0.548015 0.885294 0.548015 0.882353 0.549296 0.879412 0.550576 0.882353 0.550576 0.900000 0.549296 0.902941 0.549296 0.905882 0.545455 0.914706 0.545455 0.923529 0.546735 0.926471 0.546735 0.970588 0.549296 0.964706 0.550576 0.967647 0.550576 0.970588 0.551857 0.973529 0.548015 0.982353 0.548015 0.997059 0.548015 0.991176 0.549296 0.988235 0.550576 0.991176 0.550576 0.997059 0.553137 0.997059 0.553137 0.985294 0.554417 0.982353 0.554417 0.938235 0.555698 0.935294 0.555698 0.923529 0.556978 0.920588 0.558259 0.923529 0.558259 0.941176 0.558259 0.938235 0.559539 0.935294 0.560819 0.938235 0.560819 0.944118 0.559539 0.947059 0.558259 0.947059 0.558259 0.952941 0.559539 0.952941 0.560819 0.955882 0.558259 0.961765 0.556978 0.961765 0.556978 0.964706 0.558259 0.961765 0.559539 0.961765 0.560819 0.964706 0.560819 0.967647 0.559539 0.970588 0.560819 0.973529 0.560819 0.976471 0.559539 0.979412 0.560819 0.982353 0.559539 0.985294 0.558259 0.985294 0.559539 0.988235 0.558259 0.991176 0.558259 0.997059 0.558259 0.991176 0.559539 0.988235 0.560819 0.988235 0.562100 0.991176 0.562100 0.994118 0.560819 0.997059 0.564661 0.997059 0.564661 0.991176 0.565941 0.988235 0.567222 0.991176 0.567222 0.997059 0.569782 0.997059 0.568502 0.994118 0.568502 0.991176 0.567222 0.988235 0.567222 0.982353 0.565941 0.979412 0.565941 0.958824 0.567222 0.955882 0.568502 0.958824 0.568502 0.961765 0.569782 0.964706 0.569782 0.973529 0.571063 0.976471 0.571063 0.988235 0.572343 0.991176 0.572343 0.997059 0.583867 0.997059 0.583867 0.988235 0.582586 0.985294 0.582586 0.973529 0.583867 0.970588 0.585147 0.973529 0.585147 0.979412 0.586428 0.982353 0.586428 0.991176 0.587708 0.994118 0.587708 0.997059 0.596671 0.997059 0.596671 0.994118 0.597951 0.991176 0.597951 0.979412 0.597951 0.982353 0.596671 0.985294 0.595391 0.982353 0.595391 0.970588 0.594110 0.967647 0.594110 0.944118 0.592830 0.941176 0.592830 0.917647 0.591549 0.917647 0.590269 0.914706 0.591549 0.911765 0.591549 0.870588 0.592830 0.867647 0.592830 0.841176 0.594110 0.838235 0.595391 0.838235 0.596671 0.841176 0.595391 0.844118 0.595391 0.867647 0.596671 0.870588 0.596671 0.891176 0.596671 0.888235 0.597951 0.885294 0.597951 0.855882 0.599232 0.852941 0.600512 0.852941 0.601793 0.855882 0.601793 0.864706 0.600512 0.867647 0.601793 0.870588 0.600512 0.873529 0.601793 0.876471 0.601793 0.885294 0.600512 0.888235 0.601793 0.891176 0.601793 0.911765 0.599232 0.917647 0.599232 0.932353 0.600512 0.935294 0.600512 0.955882 0.599232 0.958824 0.599232 0.973529 0.599232 0.961765 0.600512 0.958824 0.601793 0.961765 0.601793 0.997059 0.601793 0.914706 0.603073 0.911765 0.603073 0.835294 0.601793 0.832353 0.601793 0.841176 0.600512 0.844118 0.599232 0.841176 0.599232 0.832353 0.597951 0.829412 0.596671 0.829412 0.595391 0.826471 0.595391 0.835294 0.594110 0.838235 0.592830 0.835294 0.592830 0.823529 0.592830 0.826471 0.591549 0.829412 0.590269 0.826471 0.590269 0.820588 0.588988 0.820588 0.587708 0.817647 0.588988 0.820588 0.588988 0.823529 0.590269 0.826471 0.590269 0.829412 0.591549 0.832353 0.591549 0.852941 0.590269 0.855882 0.590269 0.858824 0.588988 0.861765 0.587708 0.858824 0.587708 0.850000 0.586428 0.847059 0.586428 0.838235 0.585147 0.835294 0.585147 0.826471 0.583867 0.826471 0.582586 0.823529 0.583867 0.820588 0.583867 0.814706 0.582586 0.811765 0.581306 0.811765 0.580026 0.808824 0.580026 0.811765 0.581306 0.814706 0.581306 0.817647 0.580026 0.820588 0.580026 0.823529 0.581306 0.826471 0.581306 0.832353 0.580026 0.835294 0.580026 0.838235 0.578745 0.841176 0.577465 0.838235 0.577465 0.835294 0.576184 0.832353 0.577465 0.829412 0.576184 0.826471 0.576184 0.817647 0.577465 0.814706 0.574904 0.808824 0.574904 0.805882 0.574904 0.829412 0.573624 0.832353 0.571063 0.826471 0.571063 0.823529 0.571063 0.832353 0.569782 0.835294 0.569782 0.841176 0.571063 0.838235 0.571063 0.835294 0.572343 0.832353 0.574904 0.838235 0.574904 0.864706 0.574904 0.844118 0.576184 0.841176 0.577465 0.844118 0.577465 0.867647 0.576184 0.870588 0.576184 0.876471 0.577465 0.879412 0.576184 0.882353 0.574904 0.882353 0.573624 0.879412 0.573624 0.876471 0.573624 0.891176 0.572343 0.894118 0.571063 0.891176 0.571063 0.882353 0.569782 0.885294 0.569782 0.894118 0.571063 0.897059 0.569782 0.900000 0.569782 0.911765 0.568502 0.914706 0.565941 0.908824 0.565941 0.891176 0.564661 0.888235 0.564661 0.876471 0.565941 0.873529 0.565941 0.847059 0.567222 0.844118 0.567222 0.817647 0.568502 0.814706 0.568502 0.797059 0.567222 0.794118 0.564661 0.794118 0.562100 0.788235 0.560819 0.788235 0.559539 0.785294 0.559539 0.788235 0.560819 0.791176 0.560819 0.800000 0.559539 0.802941 0.562100 0.808824 0.562100 0.811765 0.559539 0.817647 0.558259 0.814706 0.558259 0.811765 0.556978 0.808824 0.556978 0.802941 0.555698 0.800000 0.555698 0.797059 0.553137 0.791176 0.553137 0.779412 0.553137 0.797059 0.554417 0.800000 0.554417 0.808824 0.553137 0.811765 0.550576 0.805882 0.550576 0.776471 0.548015 0.770588 0.546735 0.770588 0.545455 0.767647 0.545455 0.770588 0.544174 0.773529 0.544174 0.782353 0.542894 0.785294 0.541613 0.782353 0.541613 0.761765 0.540333 0.761765 0.539052 0.758824 0.540333 0.755882 0.540333 0.747059 0.541613 0.744118 0.541613 0.732353 0.542894 0.729412 0.542894 0.720588 0.544174 0.717647 0.545455 0.720588 0.545455 0.732353 0.546735 0.735294 0.546735 0.747059 0.548015 0.750000 0.546735 0.752941 0.546735 0.755882 0.548015 0.758824 0.548015 0.764706 0.548015 0.761765 0.549296 0.758824 0.550576 0.761765 0.550576 0.758824 0.551857 0.755882 0.553137 0.758824 0.553137 0.773529 0.553137 0.764706 0.554417 0.761765 0.555698 0.764706 0.555698 0.773529 0.558259 0.779412 0.560819 0.779412 0.562100 0.782353 0.563380 0.782353 0.564661 0.785294 0.567222 0.785294 0.568502 0.788235 0.569782 0.785294 0.569782 0.773529 0.571063 0.770588 0.572343 0.773529 0.572343 0.779412 0.573624 0.782353 0.573624 0.785294 0.573624 0.782353 0.574904 0.779412 0.576184 0.782353 0.576184 0.791176 0.574904 0.794118 0.574904 0.797059 0.576184 0.794118 0.576184 0.791176 0.577465 0.788235 0.578745 0.791176 0.578745 0.800000 0.580026 0.800000 0.582586 0.805882 0.582586 0.802941 0.583867 0.800000 0.585147 0.802941 0.585147 0.805882 0.586428 0.808824 0.587708 0.808824 0.588988 0.811765 0.591549 0.811765 0.592830 0.814706 0.592830 0.817647 0.594110 0.814706 0.596671 0.820588 0.600512 0.820588 0.601793 0.823529 0.601793 0.800000 0.600512 0.797059 0.596671 0.797059 0.595391 0.794118 0.595391 0.785294 0.594110 0.782353 0.594110 0.776471 0.595391 0.773529 0.595391 0.747059 0.596671 0.744118 0.596671 0.726471 0.595391 0.723529 0.595391 0.708824 0.594110 0.708824 0.594110 0.711765 0.592830 0.714706 0.592830 0.717647 0.591549 0.720588 0.590269 0.717647 0.590269 0.705882 0.587708 0.705882 0.587708 0.708824 0.586428 0.711765 0.586428 0.714706 0.585147 0.717647 0.583867 0.714706 0.583867 0.708824 0.582586 0.705882 0.582586 0.708824 0.581306 0.711765 0.577465 0.711765 0.576184 0.708824 0.578745 0.702941 0.578745 0.697059 0.577465 0.694118 0.574904 0.694118 0.573624 0.691176 0.574904 0.688235 0.577465 0.688235 0.577465 0.685294 0.576184 0.682353 0.576184 0.679412 0.577465 0.676471 0.577465 0.667647 0.578745 0.664706 0.581306 0.664706 0.582586 0.661765 0.581306 0.661765 0.580026 0.658824 0.580026 0.655882 0.581306 0.652941 0.581306 0.650000 0.583867 0.644118 0.585147 0.644118 0.586428 0.641176 0.587708 0.641176 0.587708 0.632353 0.578745 0.632353 0.577465 0.629412 0.578745 0.626471 0.580026 0.626471 0.581306 0.623529 0.576184 0.623529 0.574904 0.620588 0.574904 0.617647 0.573624 0.614706 0.573624 0.611765 0.574904 0.608824 0.576184 0.608824 0.577465 0.605882 0.576184 0.605882 0.573624 0.611765 0.572343 0.608824 0.572343 0.605882 0.574904 0.600000 0.574904 0.597059 0.573624 0.594118 0.574904 0.591176 0.574904 0.585294 0.576184 0.582353 0.574904 0.579412 0.574904 0.573529 0.573624 0.570588 0.573624 0.567647 0.574904 0.564706 0.576184 0.564706 0.577465 0.567647 0.577465 0.570588 0.578745 0.573529 0.577465 0.576471 0.578745 0.579412 0.578745 0.585294 0.577465 0.588235 0.578745 0.585294 0.578745 0.582353 0.580026 0.579412 0.580026 0.573529 0.578745 0.570588 0.578745 0.564706 0.581306 0.558824 0.582586 0.561765 0.583867 0.561765 0.583867 0.558824 0.582586 0.561765 0.581306 0.558824 0.581306 0.552941 0.578745 0.547059 0.581306 0.541176 0.582586 0.544118 0.582586 0.547059 0.583867 0.547059 0.583867 0.544118 0.585147 0.541176 0.585147 0.538235 0.583867 0.538235 0.582586 0.535294 0.583867 0.532353 0.583867 0.529412 0.583867 0.532353 0.581306 0.538235 0.581306 0.541176 0.580026 0.544118 0.578745 0.541176 0.578745 0.538235 0.577465 0.538235 0.577465 0.541176 0.576184 0.544118 0.574904 0.541176 0.574904 0.526471 0.573624 0.523529 0.573624 0.502941 0.572343 0.500000 0.572343 0.491176 0.571063 0.488235 0.571063 0.482353 0.569782 0.482353 0.567222 0.488235 0.564661 0.488235 0.564661 0.491176 0.567222 0.497059 0.567222 0.502941 0.567222 0.494118 0.569782 0.488235 0.571063 0.491176 0.571063 0.497059 0.569782 0.500000 0.569782 0.505882 0.568502 0.508824 0.569782 0.508824 0.571063 0.511765 0.569782 0.514706 0.568502 0.514706 0.568502 0.517647 0.567222 0.520588 0.565941 0.520588 0.564661 0.523529 0.562100 0.517647 0.562100 0.514706 0.560819 0.511765 0.562100 0.508824 0.563380 0.508824 0.563380 0.497059 0.562100 0.500000 0.562100 0.505882 0.560819 0.508824 0.559539 0.508824 0.558259 0.505882 0.558259 0.500000 0.556978 0.500000 0.554417 0.494118 0.554417 0.497059 0.555698 0.500000 0.555698 0.502941 0.556978 0.502941 0.558259 0.505882 0.556978 0.508824 0.558259 0.505882 0.559539 0.508824 0.559539 0.511765 0.558259 0.514706 0.555698 0.514706 0.553137 0.508824 0.553137 0.523529 0.551857 0.526471 0.550576 0.523529 0.550576 0.517647 0.549296 0.517647 0.549296 0.520588 0.548015 0.523529 0.546735 0.520588 0.546735 0.514706 0.549296 0.508824 0.550576 0.511765 0.550576 0.497059 0.549296 0.494118 0.549296 0.491176 0.548015 0.488235 0.548015 0.485294 0.546735 0.482353 0.545455 0.482353 0.545455 0.488235 0.546735 0.488235 0.548015 0.491176 0.546735 0.494118 0.545455 0.494118 0.542894 0.500000 0.541613 0.497059 0.541613 0.494118 0.540333 0.491176 0.539052 0.491176 0.539052 0.497059 0.540333 0.500000 0.540333 0.511765 0.539052 0.514706 0.537772 0.514706 0.536492 0.511765 0.536492 0.505882 0.535211 0.502941 0.535211 0.500000 0.533931 0.497059 0.535211 0.494118 0.536492 0.494118 0.536492 0.488235 0.537772 0.485294 0.536492 0.482353 0.535211 0.485294 0.533931 0.482353 0.533931 0.485294 0.532650 0.488235 0.532650 0.500000 0.531370 0.502941 0.530090 0.500000 0.530090 0.491176 0.528809 0.494118 0.527529 0.491176 0.527529 0.497059 0.526248 0.500000 0.524968 0.497059 0.524968 0.485294 0.523688 0.482353 0.523688 0.479412 0.522407 0.479412 0.521127 0.482353 0.518566 0.482353 0.517286 0.479412 0.518566 0.476471 0.517286 0.473529 0.514725 0.473529 0.514725 0.476471 0.517286 0.482353 0.517286 0.485294 0.518566 0.488235 0.518566 0.494118 0.519846 0.497059 0.519846 0.505882 0.517286 0.511765 0.516005 0.508824 0.516005 0.505882 0.514725 0.502941 0.513444 0.502941 0.512164 0.500000 0.513444 0.497059 0.512164 0.500000 0.509603 0.494118 0.509603 0.491176 0.508323 0.491176 0.507042 0.488235 0.505762 0.488235 0.504481 0.485294 0.503201 0.485294 0.503201 0.505882 0.504481 0.508824 0.501921 0.514706 0.499360 0.508824 0.499360 0.505882 0.500640 0.502941 0.499360 0.505882 0.498079 0.502941 0.498079 0.500000 0.496799 0.497059 0.496799 0.482353 0.495519 0.482353 0.495519 0.485294 0.494238 0.488235 0.491677 0.482353 0.491677 0.485294 0.492958 0.488235 0.491677 0.491176 0.490397 0.491176 0.490397 0.500000 0.489117 0.502941 0.489117 0.508824 0.490397 0.511765 0.490397 0.529412 0.489117 0.532353 0.489117 0.550000 0.490397 0.552941 0.489117 0.555882 0.489117 0.594118 0.490397 0.597059 0.490397 0.600000 0.489117 0.602941 0.489117 0.611765 0.490397 0.611765 0.491677 0.608824 0.492958 0.611765 0.491677 0.608824 0.491677 0.594118 0.490397 0.591176 0.490397 0.588235 0.491677 0.585294 0.494238 0.591176 0.494238 0.594118 0.495519 0.597059 0.495519 0.600000 0.499360 0.608824 0.499360 0.614706 0.501921 0.614706 0.503201 0.611765 0.504481 0.614706 0.504481 0.617647 0.498079 0.632353 0.495519 0.626471 0.495519 0.623529 0.492958 0.623529 0.492958 0.626471 0.491677 0.629412 0.490397 0.626471 0.490397 0.617647 0.490397 0.647059 0.491677 0.647059 0.492958 0.650000 0.492958 0.652941 0.491677 0.655882 0.491677 0.658824 0.490397 0.661765 0.490397 0.673529 0.491677 0.676471 0.490397 0.679412 0.490397 0.700000 0.489117 0.702941 0.485275 0.702941 0.483995 0.705882 0.483995 0.708824 0.485275 0.711765 0.485275 0.714706 0.486556 0.717647 0.486556 0.720588 0.485275 0.723529 0.483995 0.720588 0.482714 0.720588 0.481434 0.723529 0.482714 0.720588 0.483995 0.723529 0.483995 0.735294 0.482714 0.738235 0.481434 0.738235 0.481434 0.744118 0.482714 0.747059 0.482714 0.750000 0.483995 0.752941 0.482714 0.755882 0.482714 0.761765 0.481434 0.764706 0.481434 0.770588 0.480154 0.773529 0.480154 0.788235 0.477593 0.794118 0.476312 0.791176 0.476312 0.785294 0.477593 0.782353 0.477593 0.729412 0.477593 0.747059 0.475032 0.752941 0.473752 0.752941 0.472471 0.750000 0.475032 0.744118 0.475032 0.738235 0.475032 0.741176 0.473752 0.744118 0.472471 0.741176 0.472471 0.735294 0.471191 0.732353 0.471191 0.729412 0.472471 0.726471 0.472471 0.711765 0.471191 0.711765 0.471191 0.726471 0.469910 0.729412 0.466069 0.729412 0.466069 0.755882 0.467350 0.758824 0.467350 0.764706 0.468630 0.767647 0.468630 0.770588 0.468630 0.764706 0.469910 0.761765 0.471191 0.764706 0.471191 0.811765 0.472471 0.814706 0.472471 0.841176 0.473752 0.844118 0.473752 0.852941 0.475032 0.855882 0.475032 0.861765 0.475032 0.855882 0.476312 0.852941 0.476312 0.850000 0.477593 0.847059 0.477593 0.844118 0.478873 0.841176 0.478873 0.838235 0.480154 0.835294 0.481434 0.835294 0.480154 0.832353 0.482714 0.826471 0.483995 0.829412 0.482714 0.826471 0.482714 0.805882 0.483995 0.802941 0.483995 0.782353 0.486556 0.776471 0.485275 0.773529 0.485275 0.767647 0.486556 0.764706 0.487836 0.764706 0.489117 0.767647 0.489117 0.773529 0.490397 0.776471 0.490397 0.782353 0.491677 0.785294 0.491677 0.788235 0.490397 0.791176 0.489117 0.791176 0.487836 0.788235 0.489117 0.791176 0.489117 0.805882 0.490397 0.808824 0.489117 0.811765 0.490397 0.814706 0.489117 0.817647 0.489117 0.820588 0.490397 0.823529 0.490397 0.826471 0.489117 0.829412 0.490397 0.832353 0.490397 0.847059 0.489117 0.850000 0.489117 0.852941 0.487836 0.855882 0.487836 0.858824 0.486556 0.861765 0.487836 0.858824 0.489117 0.861765 0.489117 0.864706 0.487836 0.867647 0.489117 0.864706 0.490397 0.867647 0.490397 0.870588 0.489117 0.873529 0.487836 0.873529 0.486556 0.876471 0.486556 0.888235 0.487836 0.891176 0.487836 0.894118 0.487836 0.891176 0.489117 0.888235 0.489117 0.885294 0.490397 0.882353 0.491677 0.885294 0.491677 0.891176 0.490397 0.894118 0.490397 0.900000 0.489117 0.902941 0.489117 0.908824 0.490397 0.908824 0.491677 0.911765 0.490397 0.914706 0.487836 0.914706 0.485275 0.908824 0.487836 0.914706 0.487836 0.917647 0.489117 0.920588 0.489117 0.923529 0.487836 0.926471 0.486556 0.926471 0.485275 0.923529 0.485275 0.920588 0.485275 0.923529 0.483995 0.926471 0.482714 0.923529 0.482714 0.920588 0.481434 0.917647 0.481434 0.911765 0.482714 0.908824 0.481434 0.905882 0.482714 0.902941 0.482714 0.891176 0.481434 0.888235 0.481434 0.879412 0.482714 0.876471 0.482714 0.870588 0.481434 0.867647 0.481434 0.855882 0.481434 0.861765 0.480154 0.864706 0.480154 0.870588 0.478873 0.873529 0.478873 0.879412 0.477593 0.882353 0.477593 0.888235 0.476312 0.891176 0.475032 0.891176 0.471191 0.882353 0.469910 0.882353 0.467350 0.876471 0.467350 0.841176 0.466069 0.838235 0.466069 0.817647 0.464789 0.814706 0.464789 0.794118 0.463508 0.791176 0.463508 0.776471 0.462228 0.773529 0.462228 0.758824 0.460948 0.755882 0.460948 0.750000 0.459667 0.747059 0.460948 0.744118 0.460948 0.738235 0.459667 0.735294 0.459667 0.723529 0.458387 0.720588 0.458387 0.711765 0.457106 0.708824 0.457106 0.697059 0.455826 0.694118 0.457106 0.691176 0.457106 0.688235 0.455826 0.688235 0.454545 0.685294 0.455826 0.682353 0.458387 0.682353 0.459667 0.685294 0.459667 0.688235 0.459667 0.679412 0.460948 0.676471 0.462228 0.679412 0.462228 0.691176 0.464789 0.691176 0.464789 0.673529 0.462228 0.667647 0.462228 0.664706 0.463508 0.661765 0.463508 0.641176 0.464789 0.638235 0.466069 0.638235 0.466069 0.635294 0.464789 0.635294 0.463508 0.632353 0.464789 0.629412 0.466069 0.629412 0.466069 0.608824 0.467350 0.605882 0.468630 0.608824 0.468630 0.617647 0.469910 0.620588 0.469910 0.629412 0.471191 0.632353 0.473752 0.632353 0.475032 0.635294 0.473752 0.638235 0.471191 0.638235 0.472471 0.641176 0.472471 0.650000 0.473752 0.647059 0.473752 0.638235 0.475032 0.635294 0.473752 0.632353 0.473752 0.623529 0.472471 0.620588 0.472471 0.611765 0.471191 0.608824 0.471191 0.602941 0.469910 0.600000 0.469910 0.594118 0.467350 0.588235 0.468630 0.585294 0.467350 0.582353 0.467350 0.576471 0.466069 0.573529 0.466069 0.567647 0.464789 0.564706 0.464789 0.558824 0.463508 0.555882 0.463508 0.547059 0.462228 0.544118 0.462228 0.526471 0.460948 0.523529 0.460948 0.508824 0.460948 0.511765 0.459667 0.514706 0.458387 0.514706 0.457106 0.511765 0.458387 0.508824 0.457106 0.505882 0.457106 0.500000 0.459667 0.494118 0.459667 0.485294 0.458387 0.482353 0.458387 0.479412 0.457106 0.479412 0.455826 0.482353 0.455826 0.488235 0.454545 0.491176 0.451985 0.485294 0.453265 0.482353 0.451985 0.479412 0.448143 0.479412 0.448143 0.482353 0.446863 0.485294 0.445583 0.482353 0.445583 0.491176 0.444302 0.494118 0.444302 0.502941 0.445583 0.505882 0.445583 0.508824 0.444302 0.511765 0.444302 0.526471 0.444302 0.523529 0.445583 0.520588 0.446863 0.523529 0.446863 0.529412 0.445583 0.532353 0.445583 0.535294 0.444302 0.538235 0.444302 0.541176 0.443022 0.544118 0.441741 0.544118 0.441741 0.558824 0.443022 0.561765 0.443022 0.567647 0.444302 0.570588 0.444302 0.573529 0.443022 0.576471 0.444302 0.576471 0.445583 0.579412 0.445583 0.582353 0.443022 0.588235 0.441741 0.588235 0.440461 0.585294 0.441741 0.588235 0.437900 0.597059 0.435339 0.591176 0.436620 0.588235 0.436620 0.576471 0.435339 0.573529 0.436620 0.570588 0.437900 0.570588 0.439181 0.567647 0.437900 0.564706 0.439181 0.561765 0.439181 0.555882 0.437900 0.552941 0.437900 0.555882 0.436620 0.558824 0.435339 0.555882 0.435339 0.547059 0.435339 0.558824 0.437900 0.564706 0.437900 0.567647 0.434059 0.576471 0.432778 0.576471 0.431498 0.573529 0.432778 0.570588 0.432778 0.558824 0.431498 0.555882 0.432778 0.552941 0.431498 0.550000 0.431498 0.523529 0.432778 0.520588 0.435339 0.526471 0.434059 0.529412 0.434059 0.535294 0.435339 0.535294 0.436620 0.538235 0.435339 0.541176 0.437900 0.541176 0.437900 0.538235 0.439181 0.535294 0.440461 0.535294 0.441741 0.538235 0.440461 0.535294 0.441741 0.532353 0.441741 0.520588 0.440461 0.517647 0.440461 0.511765 0.441741 0.508824 0.440461 0.505882 0.441741 0.502941 0.441741 0.500000 0.440461 0.497059 0.440461 0.485294 0.439181 0.488235 0.437900 0.485294 0.436620 0.485294 0.435339 0.482353 0.432778 0.488235 0.432778 0.497059 0.430218 0.502941 0.428937 0.500000 0.428937 0.497059 0.430218 0.494118 0.430218 0.485294 0.431498 0.482353 0.430218 0.482353 0.428937 0.479412 0.428937 0.485294 0.427657 0.488235 0.426376 0.488235 0.426376 0.491176 0.423816 0.497059 0.423816 0.511765 0.422535 0.514706 0.421255 0.514706 0.418694 0.508824 0.419974 0.505882 0.418694 0.508824 0.417414 0.508824 0.417414 0.517647 0.416133 0.520588 0.414853 0.517647 0.414853 0.508824 0.414853 0.514706 0.413572 0.517647 0.412292 0.514706 0.412292 0.508824 0.409731 0.502941 0.409731 0.494118 0.408451 0.491176 0.408451 0.482353 0.407170 0.482353 0.407170 0.485294 0.408451 0.488235 0.408451 0.494118 0.407170 0.497059 0.403329 0.488235 0.403329 0.485294 0.404609 0.482353 0.403329 0.482353 0.400768 0.476471 0.398207 0.482353 0.396927 0.482353 0.396927 0.485294 0.395647 0.488235 0.395647 0.491176 0.393086 0.497059 0.391805 0.494118 0.391805 0.482353 0.390525 0.479412 0.390525 0.476471 0.389245 0.479412 0.386684 0.479412 0.385403 0.476471 0.385403 0.485294 0.384123 0.488235 0.386684 0.494118 0.386684 0.517647 0.387964 0.520588 0.387964 0.538235 0.389245 0.541176 0.389245 0.550000 0.390525 0.552941 0.389245 0.555882 0.389245 0.570588 0.390525 0.573529 0.390525 0.582353 0.391805 0.585294 0.390525 0.588235 0.390525 0.594118 0.389245 0.597059 0.389245 0.608824 0.387964 0.611765 0.387964 0.617647 0.386684 0.620588 0.386684 0.623529 0.385403 0.626471 0.384123 0.623529 0.385403 0.626471 0.385403 0.635294 0.384123 0.638235 0.381562 0.632353 0.381562 0.626471 0.381562 0.650000 0.382843 0.652941 0.381562 0.655882 0.380282 0.655882 0.380282 0.664706 0.379001 0.667647 0.377721 0.664706 0.376440 0.664706 0.375160 0.661765 0.375160 0.626471 0.376440 0.623529 0.379001 0.629412 0.379001 0.632353 0.379001 0.617647 0.377721 0.614706 0.377721 0.605882 0.379001 0.602941 0.379001 0.585294 0.380282 0.582353 0.380282 0.573529 0.381562 0.570588 0.382843 0.573529 0.382843 0.585294 0.384123 0.588235 0.384123 0.594118 0.384123 0.591176 0.385403 0.588235 0.382843 0.582353 0.384123 0.579412 0.384123 0.570588 0.382843 0.567647 0.384123 0.564706 0.384123 0.561765 0.382843 0.558824 0.382843 0.555882 0.384123 0.552941 0.384123 0.541176 0.382843 0.538235 0.382843 0.511765 0.381562 0.508824 0.381562 0.494118 0.380282 0.491176 0.380282 0.482353 0.376440 0.482353 0.376440 0.491176 0.373880 0.497059 0.372599 0.497059 0.371319 0.494118 0.371319 0.491176 0.370038 0.488235 0.368758 0.488235 0.367478 0.485294 0.367478 0.482353 0.368758 0.479412 0.367478 0.476471 0.366197 0.476471 0.366197 0.479412 0.364917 0.482353 0.366197 0.485294 0.364917 0.488235 0.364917 0.500000 0.363636 0.502941 0.364917 0.505882 0.364917 0.508824 0.363636 0.511765 0.366197 0.511765 0.366197 0.508824 0.364917 0.505882 0.367478 0.500000 0.368758 0.500000 0.370038 0.502941 0.370038 0.505882 0.371319 0.508824 0.368758 0.514706 0.368758 0.517647 0.370038 0.514706 0.371319 0.517647 0.371319 0.532353 0.370038 0.535294 0.368758 0.535294 0.367478 0.538235 0.364917 0.532353 0.367478 0.526471 0.366197 0.526471 0.364917 0.523529 0.364917 0.520588 0.363636 0.520588 0.359795 0.511765 0.358515 0.514706 0.357234 0.511765 0.357234 0.508824 0.358515 0.505882 0.358515 0.500000 0.357234 0.497059 0.355954 0.500000 0.354673 0.497059 0.354673 0.488235 0.352113 0.488235 0.350832 0.491176 0.350832 0.494118 0.349552 0.497059 0.348271 0.494118 0.348271 0.488235 0.346991 0.491176 0.344430 0.491176 0.343150 0.488235 0.343150 0.485294 0.340589 0.479412 0.340589 0.476471